,ret_1d,ret_5d,ma_gap,vol_20,dxy_chg_5d_dir,us10y_chg_5d_dir,cpi_surprise_dir,nfp_surprise_dir,fed_exp_level,fed_exp_chg,demand_chg_5d,gpr_level_z,gpr_chg_5d,ev_supply_5d,ev_geo_5d,ev_demand_5d,ev_cpi_5d,ev_jobs_5d,ev_fed_5d,ev_view_5d,inst_bias
2016-09-12,,,,,,,,,,,,,,0.0,0.0,0.0,,0.0,,,
2016-09-13,-0.0304881602949707,,,,,,,,,,,,,0.0,0.0,0.0,,0.0,,,
2016-09-14,-0.029839465231734863,,,,,,,,,,,,,0.0,0.0,0.0,,0.0,,,
2016-09-15,0.007543755057152435,,,,,,,,,,,,,0.0,0.0,0.0,,0.0,,,
2016-09-16,-0.02024453772311796,,-0.029702795295890816,,,,,,,,,,,0.0,0.0,0.0,,0.0,,,
2016-09-19,0.006255088157935962,-0.06677332003473513,-0.019539755948295934,0.01893450570812531,-0.669985983258381,-0.020000000000000018,,,,,0.0,,,0.0,0.0,0.0,,0.0,,,
2016-09-20,0.0032280406172358056,-0.03305711912252862,-0.013981470283765507,0.018238514757813285,-0.5902025138485589,0.040000000000000036,,,,,0.0,,,0.0,0.0,0.0,,0.0,,,
2016-09-21,0.04280896945370305,0.03959131556290929,0.025224061773695183,0.026164217289595955,-0.4591536421980402,0.040000000000000036,,,,,0.0,,,0.0,0.0,0.0,,0.0,,,
2016-09-22,0.021384188185356923,0.05343174869111378,0.04142955551915728,0.025707298650449916,0.19213107233321258,0.08000000000000007,,,,,0.0,,,0.0,0.0,0.0,,0.0,,,
2016-09-23,-0.04053418332241332,0.03314210309181842,0.0008058349770694306,0.027596105523423908,0.406356443254563,0.07999999999999985,,,,,0.0,,,0.0,0.0,0.0,,0.0,,,
2016-09-26,0.03207884839537556,0.05896586332925802,0.02989516670222292,0.0284645701600456,0.16988033976067518,0.10999999999999988,,,,,0.0,,,0.0,0.0,0.0,,0.0,,,
2016-09-27,-0.027816362973674735,0.027921459738347476,0.0019055700845025392,0.02820737971054433,0.5595274277111373,0.1299999999999999,,,,,0.0,,,0.0,0.0,0.0,,0.0,,,
2016-09-28,0.0519087306673609,0.03702122095200533,0.04967473915556608,0.03125314229390658,0.31499979643171416,0.08999999999999986,,,,,0.0,,,0.0,0.0,0.0,,0.0,,,
2016-09-29,0.016442191660817063,0.03207922442746547,0.06139429290092746,0.03021368892596133,-0.025565833357066303,0.06999999999999984,,,,,0.0,,,0.0,0.0,0.0,,0.0,,,
2016-09-30,0.008535494726724657,0.08114890247660345,0.06526780178580838,0.029072897382223215,0.3877867146453995,0.020000000000000018,,,,,0.0,,,0.0,0.0,0.0,,0.0,,,
2016-10-03,0.011746657480125933,0.06081671156135382,0.07220105556181355,0.0281073198671552,0.18054993647481643,-0.039999999999999813,,,,,0.49157051644471705,,,0.0,0.0,0.0,,0.0,,,
2016-10-04,-0.0024615397044467358,0.08617153483058182,0.06563719139516833,0.02719558702374293,-0.09453450198353419,-0.1299999999999999,,,,,0.49157051644471705,,,0.0,0.0,0.0,,0.0,,,
2016-10-05,0.02314354209870384,0.05740634626192476,0.08384847052199085,0.026774380755410117,-0.14765383123069853,-0.1499999999999999,,,,,0.49157051644471705,,,0.0,0.0,0.0,,0.0,,,
2016-10-06,0.01216729880340539,0.053131453404513085,0.0909623077819548,0.026040488326561362,-0.6400511542205445,-0.18999999999999995,,,,,0.49157051644471705,,,0.0,0.0,0.0,,0.0,,,
2016-10-07,-0.012568744011526523,0.032027214666261905,0.0744738855819067,0.025617513777164376,-0.9013221469636123,-0.1299999999999999,-1.688194301613412,1.6881943016134129,,,0.49157051644471705,,,0.0,0.0,0.0,,0.0,,,
2016-10-10,0.030449169289375355,0.05072972647551133,0.0997361058047126,0.025633442791730462,-0.9013221469636123,-0.1299999999999999,-1.5430334996209167,1.543033499620919,,,0.0,,,0.0,0.0,0.0,,0.0,,,
2016-10-11,-0.010965451561413708,0.042225814618544355,0.08260756974005101,0.0245523331596384,-0.6996402382789091,-0.08000000000000007,-1.430193883868389,1.4301938838683883,-0.9128709291752757,,0.0,,,0.0,0.0,0.0,,0.0,,,
2016-10-12,-0.012082943874877294,0.006999328644963221,0.06347371529408408,0.023479547056597272,-0.8418842746018118,-0.07000000000000006,-1.3392080722836024,1.339208072283603,-1.0,,0.0,,,0.0,0.0,0.0,,0.0,,,
2016-10-13,0.00516797015844217,0.0,0.06170956412637185,0.02348293201106782,-0.5461627904918887,-0.0,-1.2638125740085924,1.2638125740085917,-1.0,,0.0,,,0.0,0.0,0.0,,0.0,,,
2016-10-14,-0.0017858919321471767,0.010782852079379346,0.05206861857852063,0.022708577904861284,-0.37107814796344396,-0.07000000000000006,-1.1999999999999988,1.2,-0.8351484444023852,,0.0,,,0.0,0.0,0.0,,0.0,,,
2016-10-17,-0.008176334312944178,-0.027842651522940187,0.03675880177341817,0.022989634861787525,-0.37107814796344396,-0.07000000000000006,-1.1450715310358588,1.145071531035861,-0.24332412774463616,,0.0,,,0.0,0.0,0.0,,0.0,,,
2016-10-18,0.0069839653322461,-0.009893234629280379,0.036421488377754496,0.022971386596449747,0.27043679773918194,0.020000000000000018,-1.0971343143406367,1.097134314340639,-0.3704681114773858,0.5424028176978899,0.0,,,0.0,0.0,0.0,,0.0,,,
2016-10-19,0.025715422303643987,0.027905131549240902,0.055670309310991595,0.021873278937690248,0.6061847549149846,0.030000000000000027,-1.054816269611612,1.0548162696116146,-0.25152741762454245,0.7484725823754576,0.0,,,0.0,0.0,0.0,,0.0,,,
2016-10-20,-0.02293543639888318,-0.00019827500808444753,0.02848425277091371,0.022517946375788505,0.19406145543451325,-0.010000000000000009,-1.017095255431217,1.0170952554312154,-0.6288853452209424,0.3711146547790576,0.0,,,0.0,0.0,0.0,,0.0,,,
2016-10-21,0.00829388640593498,0.00988150332999771,0.03008611554923668,0.019901812443010543,-0.16673716647070957,0.06000000000000005,-0.9831920802501743,0.9831920802501749,-0.8816069517166952,-0.046458507314310005,0.0,,,0.0,0.0,0.0,,0.0,,,
2016-10-24,-0.006510825012278509,0.011547012630663378,0.018812750579728643,0.019168129837052413,-0.2715132172246726,-0.0,-0.9525009525014304,0.9525009525014287,-1.0,-0.7566758722553638,0.0,,,0.0,0.0,0.0,,0.0,,,
2016-10-25,-0.011146612224913532,-0.006583564926496255,0.0020701108601470786,0.018004018564613342,-0.4779948258474276,-0.020000000000000018,-0.9245428122941122,0.9245428122941121,-1.0,-0.6295318885226142,0.0,,,0.0,0.0,0.0,,0.0,,,
2016-10-26,-0.01573564846933051,-0.04803463569947075,-0.015879346147015472,0.014938707806894203,-0.6708257153395625,-0.030000000000000027,-0.8989331499509902,0.8989331499509893,-1.0,-0.7484725823754576,0.0,,,0.0,0.0,0.0,,0.0,,,
2016-10-27,0.010920229854463948,-0.014178969446123624,-0.006896826740066864,0.014711193573162688,-0.7023605133184008,-0.09000000000000008,-0.8753592805066029,0.8753592805066044,-1.0,-0.3711146547790576,0.0,,,0.0,0.0,0.0,,0.0,,,
2016-10-28,-0.020728236553966273,-0.04320109240602488,-0.028099587177514262,0.015456834986588267,-0.16821551954979697,-0.1200000000000001,-0.8535639569308352,0.8535639569308375,-1.0,-0.11839304828330477,0.0,,,0.0,0.0,0.0,,0.0,,,
2016-10-31,-0.03851459700889448,-0.07520486440264085,-0.06457564534543847,0.01748103043338977,-0.14202012874031666,-0.07000000000000006,-0.8333333333333317,0.8333333333333333,-0.7131925525559525,0.2868074474440475,0.0,,,0.0,0.0,0.0,,0.0,,,
2016-11-01,-0.004062873117925303,-0.06812112529565262,-0.06651991295171955,0.01748673611829712,-0.27392657114131413,-0.06000000000000005,-0.7922380421492201,0.4957536432093397,-0.1202862783349962,0.8797137216650038,0.31610325189087574,,,0.0,0.0,0.0,,0.0,,,
2016-11-02,-0.02891191488234135,-0.08129739170866346,-0.09071044947336437,0.017402585495173716,-0.09445309898419296,-0.020000000000000018,-0.7754756216791672,0.48774741891187967,0.4879456754749179,1.4879456754749179,0.31610325189087574,,,0.0,0.0,0.0,,0.0,,,
2016-11-03,-0.015111398667371212,-0.10732902023049862,-0.09973653490650047,0.017075171872841587,0.3795102968656594,0.030000000000000027,-0.7597421347861083,0.4801188588440642,0.6183159006279285,1.6183159006279286,0.31610325189087574,,,0.0,0.0,0.0,,0.0,,,
2016-11-04,-0.013298967558116104,-0.09989975123464845,-0.10691367805305152,0.017090538576702927,0.447266311459682,0.07000000000000006,-0.7449360235631016,0.4728390655260929,0.37550709962314616,1.3755070996231462,0.31610325189087574,,,0.0,0.0,0.0,,0.0,,,
2016-11-07,0.01843577393994522,-0.04294938028580875,-0.0817554099340696,0.015907736682974908,0.41615944037298735,0.010000000000000009,-0.730969260991215,0.4658821539199964,0.37550709962314616,1.3755070996231462,0.31610325189087574,,,0.0,0.0,0.0,,0.0,,,
2016-11-08,0.002002893737328648,-0.036883613430554796,-0.07367843928264195,0.015989777077994902,0.6051328388520294,-0.04999999999999982,-0.717765115492004,0.45922485848083056,-0.0,0.1202862783349962,0.0,,,0.0,0.0,0.0,,0.0,,,
2016-11-09,0.006426614916697826,-0.0015450836315156202,-0.062103225391423766,0.01615845399528768,-0.6802983832599141,-0.2599999999999998,-0.7052563511427966,0.4528462011923908,-0.3598786397927244,-0.8478243152676423,0.0,,,0.0,0.0,0.0,,0.0,,,
2016-11-10,-0.013566315035855592,0.0,-0.06958422719304336,0.016071705683175563,-1.9083841977947769,-0.32999999999999985,-0.6933837666180317,0.4467272096951965,-0.7928303426757225,-1.411146243303651,0.0,,,0.0,0.0,0.0,,0.0,,,
2016-11-11,-0.028388417100509766,-0.015089449542393663,-0.09055720480090024,0.01678227989190736,-1.9083841977947769,-0.32999999999999985,-0.6820949999862486,0.4408506768012773,-0.7928303426757225,-1.411146243303651,0.0,,,0.0,0.0,0.0,,0.0,,,
2016-11-14,-0.0020754071787121298,-0.035600630661051014,-0.08552221884367084,0.0168231190668762,-3.241201892124934,-0.3999999999999999,-0.671343544003754,0.4352009543921336,-1.0,-1.411146243303651,0.0,,,0.0,0.0,0.0,,0.0,,,
2016-11-15,0.05588798576586074,0.018284461367481075,-0.024969040963548572,0.021797988814186157,-3.0632373565445237,-0.3500000000000001,-0.661087929436361,0.4297637760303368,-1.0,-1.0,0.0,,,0.0,0.0,0.0,,0.0,,,
2016-11-16,-0.0052528026228593205,0.006605043827923929,-0.024008240225822153,0.02059292931345455,-1.8401752116035786,-0.15000000000000036,-0.6512910435307975,0.4245261036682517,-1.0,-0.6401213602072756,0.0,,,0.0,0.0,0.0,,0.0,,,
2016-11-17,-0.0032970685983788606,0.01687429026540066,-0.0220736238536392,0.02021842465729929,-0.826048517520217,-0.14000000000000012,-0.6419195579653542,0.41947599467390834,-1.0,-0.2071696573242775,0.0,,,0.0,0.0,0.0,,0.0,,,
2016-11-18,0.005926918897767752,0.05118962626367818,-0.010796671609902386,0.020141868477202077,-0.826048517520217,-0.14000000000000012,-0.6329434460766657,0.4146024860627373,-1.0,-0.2071696573242775,0.0,,,0.0,0.0,0.0,,0.0,,,
2016-11-21,0.038639706985850175,0.09190474042824048,0.030935542122010773,0.022407733321436703,-0.2147162069362718,-0.10000000000000009,-0.6243355733435386,0.4098954933614842,-1.0,0.0,0.0,,,0.0,0.0,0.0,,0.0,,,
2016-11-22,0.01130665311570267,0.047323407778082416,0.04421203871674617,0.022545023342688826,-0.5809591992628427,-0.08000000000000007,-0.6160713483372137,0.4053457219652441,-1.0,0.0,0.0,,,0.0,0.0,0.0,,0.0,,,
2016-11-23,-0.001458485517419561,0.051117724883522175,0.04400953853076306,0.022311025954566556,-1.0525126234737447,-0.13999999999999968,-0.6081284238573977,0.4009445892017644,-1.0,0.0,0.0,,,0.0,0.0,0.0,,0.0,,,
2016-11-24,0.0,0.054414793481901036,0.045811535354923105,0.022130248905367918,-1.0525126234737447,-0.13999999999999968,-0.6004864399394209,0.396684155605653,-1.0,0.0,0.0,,,0.0,0.0,0.0,,0.0,,,
2016-11-25,-0.04042243576677418,0.008065438817359105,0.008175806372948902,0.02341743962737761,-0.36260476760641147,-0.020000000000000018,-0.59312680196843,0.39255706414187225,-1.0,0.0,0.0,,,0.0,0.0,0.0,,0.0,,,
2016-11-28,0.021903387999536506,-0.008670880168954564,0.029845001906864344,0.022442622853455343,-0.21417104060226233,0.010000000000000231,-0.5860324883670409,0.3885564863130675,-1.0,0.0,0.0,,,0.0,0.0,0.0,,0.0,,,
2016-11-29,-0.04008769890232422,-0.060065232186981454,-0.00867564817186084,0.02418378734599034,-0.16449440957404526,0.010000000000000231,-0.5791878833058596,0.3846760742468719,-1.0,0.0,0.0,,,0.0,0.0,0.0,,0.0,,,
2016-11-30,0.08899922965968354,0.03039248299012165,0.07599507308431974,0.030669385588980642,0.23043895231608102,-0.010000000000000231,-0.572578630675802,0.3809099179936717,-1.0,0.0,0.0,,,0.0,0.0,0.0,,0.0,,,
2016-12-01,0.032241598663902415,0.06263408165402407,0.10154051347815507,0.030916464987254155,0.23043895231608102,-0.010000000000000231,-4.9677006546724165,-0.9577173210454643,-1.0,0.0,1.1657814614193907,,,0.0,0.0,0.0,,0.0,,,
2016-12-02,0.012069447661008592,0.11512596508180684,0.10564538210814156,0.03057141569670287,0.6002372479240736,-0.040000000000000036,-4.136852321691732,-0.942538993864655,-1.0,0.0,1.1657814614193907,,,0.0,0.0,0.0,,0.0,,,
2016-12-05,0.002126220961453651,0.09534879804372398,0.10062250168749687,0.030494829693366865,0.5325844872663854,-0.07000000000000028,-3.6194113806803543,-0.9280639375654176,-1.0,0.0,1.1657814614193907,,,0.0,0.0,0.0,,0.0,,,
2016-12-06,-0.016744939539286463,0.11869155740676174,0.07766585242994406,0.03094615510368297,0.613290945564593,-0.0900000000000003,-3.257695387275888,-0.9142393487879308,-0.9786110968864442,0.02138890311355579,1.1657814614193907,,,0.0,0.0,0.0,,0.0,,,
2016-12-07,-0.023039748026050688,0.006652579721027507,0.049887712832763054,0.031629278630468556,0.9269417714811712,0.03000000000000025,-2.9865802929375405,-0.9010178178637398,-0.7721505622869693,0.22784943771303068,1.1657814614193907,,,0.0,0.0,0.0,,0.0,,,
2016-12-08,0.0212710534507905,-0.004317965492084408,0.06467850628809124,0.03152726353967153,0.5366968032757491,0.050000000000000266,-2.7736321957559293,-0.8883566403009274,-0.7636872556703042,0.23631274432969585,0.0,,,0.0,0.0,0.0,,0.0,,,
2016-12-09,0.012898361348437248,-0.0034890518046557517,0.06903226871861978,0.030457507983312565,0.024038543502946652,-0.07000000000000028,-2.6006446332846918,-0.8762172327382654,-0.7636872556703042,0.23631274432969585,0.0,,,0.0,0.0,0.0,,0.0,,,
2016-12-12,0.025497403506534067,0.019882130740424664,0.08460643277298185,0.03057530489411264,0.15772735967645168,-0.10000000000000009,-2.456504692740784,-0.8645646351378977,-0.5508757617372747,0.4491242382627253,0.0,,,0.0,0.0,0.0,,0.0,,,
2016-12-13,0.002835272667699229,0.039462342947410356,0.08017110164341767,0.02861623386259259,0.10228997840450171,-0.08999999999999986,-2.33399431319445,-0.8533670845608249,-0.5395588617546581,0.43905223513178615,0.0,,,0.0,0.0,0.0,,0.0,,,
2016-12-14,-0.03730484480738916,0.025197246166071885,0.037198255147991244,0.03020775101702572,-0.05245474492594493,-0.20000000000000018,-2.228194461145814,-0.8425956486700086,-0.930658755059777,-0.1585081927728077,0.0,,,0.0,0.0,0.0,,0.0,,,
2016-12-15,-0.00274671548005756,0.0011794772352238247,0.02875602032398028,0.03019940400594953,-1.516242896216169,-0.20000000000000018,-2.1356219647447263,-0.8322239093150565,-0.8267632902054933,-0.06307603453518917,0.0,,,0.0,0.0,0.0,,0.0,,,
2016-12-16,0.019455866615365913,0.00773698250215249,0.04183992020951299,0.030355974036107434,-0.9165832504855809,-0.1299999999999999,-2.053732019026827,-0.8222276883063488,-0.6738829362749873,-0.06307603453518917,0.0,,,0.0,0.0,0.0,,0.0,,,
2016-12-19,0.004229962084801198,-0.01353045891958038,0.04141840280953346,0.02939065160127007,-1.2585093071014297,-0.04999999999999982,-1.9806163428022792,-0.812584808887519,-0.5056034092230535,0.04527235251422124,0.0,,,0.0,0.0,0.0,,0.0,,,
2016-12-20,0.0,-0.01636573158727961,0.03733225598053824,0.02936463190777498,-1.5642591065804012,-0.08999999999999986,-1.914812106273559,-0.8032748875408808,-0.5617141586748933,-0.022155296920235212,0.0,,,0.0,0.0,0.0,,0.0,,,
2016-12-21,0.0070739230075642645,0.028013036227673815,0.039893411732856876,0.029341809843883418,-1.5829258514287403,-0.009999999999999787,-1.8551765858715215,-0.7942791516698459,-0.28021288972419944,0.6504458653355776,0.0,,,0.0,0.0,0.0,,0.0,,,
2016-12-22,0.008725396783207273,0.03948514849093865,0.0436697714216594,0.029336046486017932,-0.011531287666066703,0.050000000000000266,-1.8008023954587185,-0.7855802794409742,-0.28021288972419944,0.6504458653355776,0.0,,,0.0,0.0,0.0,,0.0,,,
2016-12-23,0.001321128813463801,0.021350410689036536,0.03795468491170606,0.027356259511620355,-0.3609376267337261,0.050000000000000266,-1.7509586316435664,-0.7771622586711564,-0.3114517153604551,0.3624312209145322,0.0,,,0.0,0.0,0.0,,0.0,,,
2016-12-27,0.016461277054071743,0.03358172565830708,0.047651852189634525,0.027227358427201996,-0.4756414317389934,-0.029999999999999805,-1.7050490629170039,-0.7690102621398283,-0.5850069888938132,-0.07940357967075973,0.0,,,0.0,0.0,0.0,,0.0,,,
2016-12-28,0.0029640629333504975,0.03654578859165758,0.041699217255056986,0.02493351956624814,-0.5061957346371271,0.06000000000000005,-1.662581820753252,-0.7611105371134099,-0.4559141149123552,0.1058000437625381,0.0,,,0.0,0.0,0.0,,0.0,,,
2016-12-29,-0.005378850026715121,0.024093015557378195,0.03212257334473412,0.01647600688787198,-0.069741358227704,0.05999999999999961,-1.623147031107003,-0.7534503072061687,-0.24172804953059265,0.03848484019360679,0.0,,,0.0,0.0,0.0,,0.0,,,
2016-12-30,-0.0009303191665499533,0.014437299607620968,0.02865305618610048,0.015118028635561139,0.3991721995036168,0.09999999999999964,-1.586400039467819,-0.7460176849816866,-0.2724165455786599,0.03848484019360679,0.0,,,0.0,0.0,0.0,,0.0,,,
2017-01-02,0.0,0.013116170794157167,0.026717330577064935,0.01495762311549072,0.3991721995036168,0.09999999999999964,-3.6723266166197357,-0.5867867815364349,-0.2724165455786599,0.03848484019360679,-0.7826317247617842,,,0.0,0.0,0.0,,0.0,,,
2017-01-03,-0.026215551270920123,-0.0295606575308347,-1.6857691270466546e-05,0.016227291168803077,-0.11744371192747849,0.11999999999999966,-3.376327496568722,-0.5819477585077807,-0.30152576262423186,0.28348122626958133,-0.7826317247617842,,,0.0,0.0,0.0,,0.0,,,
2017-01-04,0.017615760001669756,-0.014908960462515441,0.015362230335935312,0.016121940348484874,0.2937167922637207,0.04999999999999982,-3.142075799957498,-0.577226868944754,-0.42007649361960586,0.03583762129274931,-0.7826317247617842,,,0.0,0.0,0.0,,0.0,,,
2017-01-05,0.009344115829107658,-0.0001859946066926632,0.020850480997821386,0.015039605379756186,0.5593960073721038,0.1200000000000001,-2.950714501436962,-0.5726193732892491,-0.15101370361307181,0.09071434591752084,-0.7826317247617842,,,0.0,0.0,0.0,,0.0,,,
2017-01-06,0.004269148015301649,0.005013472575158939,0.02211385911767616,0.014473266917312228,-0.002450429501155149,0.03000000000000025,-2.7905743593995713,-0.5681207943698512,-0.2123484891215056,0.060068056457154295,-0.7826317247617842,,,0.0,0.0,0.0,,0.0,,,
2017-01-09,-0.038324652427796924,-0.033311179852637984,-0.01665541251675684,0.016950678043698694,-0.002450429501155149,0.03000000000000025,-2.6539960888052296,-0.5637268989983517,-0.18421001088515893,0.060068056457154295,0.0,,,0.0,0.0,0.0,,0.0,,,
2017-01-10,-0.022184213910380723,-0.029279842492098584,-0.03690016476292701,0.01659094472702269,0.46326191133954087,0.07000000000000028,-2.535716592665466,-0.5594336811207207,-0.06229715812439277,0.2392286044998391,0.0,,,0.0,0.0,0.0,,0.0,,,
2017-01-11,0.027749912952902633,-0.019145689540865707,-0.008456522160074531,0.017855492158105567,-0.11911140870271009,0.08000000000000007,-2.4319839944158947,-0.5552373463696456,0.22191810494434808,0.6419945985639539,0.0,,,0.0,0.0,0.0,,0.0,,,
2017-01-12,0.014440684154794159,-0.014049121215179206,0.004090615196561398,0.015914822855171658,0.1693221773916731,0.010000000000000231,-2.3400419250752442,-0.5511342978828443,0.3544533158337384,0.5054670194468103,0.0,,,0.0,0.0,0.0,,0.0,,,
2017-01-13,-0.012146666708318321,-0.030464935938799176,-0.00947960074850318,0.0161953985519288,0.3051132450918703,0.020000000000000018,-2.2578137858251415,-0.5471211232663196,0.22916253449866017,0.4415110236201658,0.0,,,0.0,0.0,0.0,,0.0,,,
2017-01-16,0.0,0.007859716488997748,-0.009930356654480832,0.015629700532469634,0.3051132450918703,0.020000000000000018,-2.1837013645082495,-0.5431945825948455,0.22916253449866017,0.4415110236201658,0.0,,,0.0,0.0,0.0,,0.0,,,
2017-01-17,0.0020982363444370655,0.03214216674381554,-0.008176289929002767,0.015609827902352838,1.0739117890712357,0.04999999999999982,-2.1164518761413995,-0.5393515973535055,0.27117482128841947,0.33347197941281226,0.0,,,0.0,0.0,0.0,,0.0,,,
2017-01-18,-0.027039113471495124,-0.02264685968058222,-0.03420761734588318,0.016769078487218723,1.0903035491787727,-0.040000000000000036,-2.05506754720554,-0.5355892402342441,-0.068944128797655,-0.2908622337420031,0.0,,,0.0,0.0,0.0,,0.0,,,
2017-01-19,0.00566131331483799,-0.03142623052053839,-0.02746788749179263,0.016736189852227513,-0.4398128694288017,-0.11000000000000032,-1.9987425383903648,-0.5319047257103594,-0.10498583670459861,-0.459439152538337,0.0,,,0.0,0.0,0.0,,0.0,,,
2017-01-20,0.020233853416083747,0.0009542896038636783,-0.006731040368101571,0.017280011011982038,-0.4398128694288017,-0.08000000000000007,-1.9468179448067073,-0.5282954013197597,0.07180541249174516,-0.157357122006915,0.0,,,0.0,0.0,0.0,,0.0,,,
2017-01-23,0.006275574460915756,0.007229864064779434,-0.00020019448195052192,0.01734293587082277,-0.4398128694288017,-0.08000000000000007,-1.8987490535371012,-0.524758739594822,0.07180541249174516,-0.157357122006915,0.0,,,0.0,0.0,0.0,,0.0,,,
2017-01-24,0.008118613458697688,0.013250241179040056,0.008590823581751117,0.017016972983597122,0.1824917111241553,-0.14000000000000012,-1.8540810986342755,-0.5212923305828936,0.2703480149314291,-0.0008268063569903394,0.0,,,0.0,0.0,0.0,,0.0,,,
2017-01-25,-0.008118613458697688,0.03217074119183749,0.001698748547659612,0.017072678797762468,0.6699557100409148,-0.10999999999999988,-1.8124310245724673,-0.5178938749069957,0.12228441465792858,0.1912285434555836,0.0,,,0.0,0.0,0.0,,0.0,,,
2017-01-26,0.019337878484542603,0.045847306361542106,0.02102732903124549,0.017641396565818694,0.8803379361755015,-0.03999999999999959,-1.7734735741557508,-0.5145611773211964,0.043592529820989524,0.14857836652558815,0.0,,,0.0,0.0,0.0,,0.0,,,
2017-01-27,-0.011407323324471363,0.014206129620986996,0.010134557913712872,0.01782536124136442,0.8803379361755015,-0.010000000000000231,-1.7369305389965357,-0.5112921407194926,-0.09511160786092024,-0.1669170203526654,0.0,,,0.0,0.0,0.0,,0.0,,,
2017-01-30,-0.010208028150559656,-0.002277472990488416,0.0009514833776216314,0.01795552265764865,0.43958143386789716,-0.08000000000000007,-1.7025623565996852,-0.5080847605609418,-0.09511160786092024,-0.1669170203526654,0.0,,,0.0,0.0,0.0,,0.0,,,
2017-01-31,0.003414267353154532,-0.006981819096031572,0.003909213414039492,0.016962589253075762,0.7069531727887379,0.020000000000000018,-1.670161471738691,-0.5049371196772791,0.1725079387424427,-0.09784007618898644,0.0,,,0.0,0.0,0.0,,0.0,,,
2017-02-01,0.02005878482332113,0.021195579185987246,0.023389309679541004,0.01710089258188617,0.465299246165618,0.04999999999999982,-2.4321237182968556,-0.4466781547297561,0.12581479510887011,0.0035303804509415337,0.11666902506587418,,,0.0,0.0,0.0,,0.0,,,
2017-02-02,-0.006330313449956826,-0.004472612748512184,0.017264029135720005,0.01703709145809898,1.1712481432783695,0.029999999999999805,-2.353128202647243,-0.44409171761842337,-0.27775865561215674,-0.3213511854331463,0.11666902506587418,,,0.0,0.0,0.0,,0.0,,,
2017-02-03,0.005401894480659752,0.012336605056618932,0.022814319199245592,0.017054621855050037,1.2364881890436275,-0.0,-2.2813726848266316,-0.44154977215282565,0.06991282221816536,0.1650244300790856,0.11666902506587418,,,0.0,0.0,0.0,,0.0,,,
2017-02-06,-0.015350357573151285,0.007194275634027303,0.0064636424662287695,0.014997586746604851,0.5843274152442568,0.07000000000000028,-2.215814803329756,-0.439051055487402,0.3701771976796136,0.1650244300790856,0.11666902506587418,,,0.0,0.0,0.0,,0.0,,,
2017-02-07,-0.015972957965413315,-0.012192949684540544,-0.010820197456299141,0.014549851028143655,-0.15840088243315176,0.050000000000000266,-2.155610867088842,-0.43659435445002526,0.2338692744535815,0.061361335711138804,0.11666902506587418,,,0.0,0.0,0.0,,0.0,,,
2017-02-08,0.0032532800676983165,-0.028998454440163357,-0.007652967701454294,0.013172961608358395,0.2175418458752132,0.14000000000000012,-2.1000696814555644,-0.4341785030556174,0.42026771174541777,0.29445291663654766,0.0,,,0.0,0.0,0.0,,0.0,,,
2017-02-09,0.012531016450122223,-0.010137124540084308,0.004887481821047146,0.01306995502157699,-0.3477045460428041,0.08000000000000007,-2.0486188474083638,-0.4318023801703078,-0.1775893829631288,0.10016927264902795,0.0,,,0.0,0.0,0.0,,0.0,,,
2017-02-10,0.016096173831330773,0.000557154810586713,0.019580946697775214,0.013214517519859791,-0.451542431237284,0.08000000000000007,-2.000779738010008,-0.4294649073154727,0.09236139435542258,0.02244857213725722,0.0,,,0.0,0.0,0.0,,0.0,,,
2017-02-13,-0.01741780151355643,-0.0015102891298184318,0.0016313263052936122,0.01386954449174888,-0.25187332400404827,-0.010000000000000231,-1.9561486295785717,-0.42716504660185867,0.09236139435542258,0.02244857213725722,0.0,,,0.0,0.0,0.0,,0.0,,,
2017-02-14,0.005088110477702301,0.019550779313297184,0.006038124197407235,0.013903388806621404,0.011425311962542928,-0.07000000000000028,-1.9143822750072228,-0.42490179878477424,-0.7968242060243421,-1.0306934804779235,0.0,,,0.0,0.0,0.0,,0.0,,,
2017-02-15,-0.0016931619132907194,0.014604337332308148,0.0023963521206185057,0.012307198217204517,-0.06716136465005906,-0.16999999999999993,-1.8751867339681547,-0.4226742014320486,-0.3978358723078713,-0.8181035840532891,0.0,,,0.0,0.0,0.0,,0.0,,,
2017-02-16,0.004696167173060317,0.006769488055246242,0.005192166437269385,0.01229375913703833,0.2573384004264656,-0.050000000000000266,-1.8383086252777296,-0.4204813271971079,0.3004143908549028,0.4780037738180316,0.0,,,0.0,0.0,0.0,,0.0,,,
2017-02-17,0.0007493443587809345,-0.008577341417303597,0.0050153833925059566,0.011511593775523118,-0.2199779591555595,-0.009999999999999787,-1.8035282041970766,-0.41832228219010803,-0.1022169671293433,-0.19457836148476587,0.0,,,0.0,0.0,0.0,,0.0,,,
2017-02-20,0.0,0.008840460096252833,0.004403034712006981,0.011443433005803264,-0.2199779591555595,-0.009999999999999787,-1.770653831151829,-0.41619620444061095,-0.1022169671293433,-0.19457836148476587,0.0,,,0.0,0.0,0.0,,0.0,,,
2017-02-21,0.012283794882152588,0.01603614450070312,0.01586622184248787,0.011623710407047084,-0.16942323074291554,0.040000000000000036,-1.739517512996261,-0.41410226244578024,-0.10951009944796591,0.6873141065763761,0.0,,,0.0,0.0,0.0,,0.0,,,
2017-02-22,-0.00873205734154281,0.00899724907245103,0.00634422894341613,0.011649321524802542,0.0022372096144973597,0.08999999999999986,-1.709971279398689,-0.41203965379852797,0.11360283763957703,0.5114387099474483,0.0,,,0.0,0.0,0.0,,0.0,,,
2017-02-23,0.015920365872210684,0.020221447771601397,0.021645534888715012,0.011385001474324946,0.30515478847342736,0.07000000000000028,-1.6818842155727016,-0.41000760389045815,0.3464761632599246,0.046061772405021795,0.0,,,0.0,0.0,0.0,,0.0,,,
2017-02-24,-0.00848400514877401,0.010988098264046453,0.0123963039042434,0.011240321036439918,0.5061703471115453,0.10999999999999988,-1.655140015330746,-0.4080053646848321,1.0,1.1022169671293434,0.0,,,0.0,0.0,0.0,,0.0,,,
2017-02-27,0.0011106998550216574,0.01209879811906811,0.012175841523287545,0.010939674035628651,0.5061703471115453,0.10999999999999988,-1.6296349499595013,-0.40603221355512925,0.23960649717073723,1.1022169671293434,0.0,,,0.0,0.0,0.0,,0.0,,,
2017-02-28,-0.0007403294804175786,-0.0009253262435020559,0.010312079648572059,0.010937481691701357,0.5050942559573057,0.07000000000000028,-1.5977352752368776,-0.41853161433923125,-0.37368290503656215,-0.26417280558859624,0.0,,,0.0,0.0,0.0,,0.0,,,
2017-03-01,-0.003338282031933648,0.004468449066107105,0.007020218565104042,0.010018219708711272,-0.19309271892447022,-0.040000000000000036,-0.7850060642840568,0.8529616534639547,-0.8982780659802971,-1.0118809036198742,1.4026658759166755,,,0.0,0.0,0.0,,0.0,,,
2017-03-02,-0.02292471683015007,-0.03437663363625365,-0.015028357147571558,0.011185258632425202,-1.0291156194364826,-0.11000000000000032,-0.7712731353123892,0.8389731464943592,-1.0,-1.3464761632599247,1.4026658759166755,,,0.0,0.0,0.0,,0.0,,,
2017-03-03,0.013592808869794748,-0.012299819617684893,-0.0009689528797589553,0.01157054434339461,-0.7162327968135207,-0.18000000000000016,-0.7576629833683464,0.8251650211705789,-1.0,-2.0,1.4026658759166755,,,0.0,0.0,0.0,,0.0,,,
2017-03-06,-0.0024406282649120925,-0.015851147737618643,-0.0035884722120655965,0.011044669601166752,-0.6525963809385527,-0.13000000000000034,-0.7441676828525371,0.8115307885548397,-1.0,-1.2396064971707372,1.4026658759166755,,,0.0,0.0,0.0,,0.0,,,
2017-03-07,-0.0011284560159312562,-0.01623927427313232,-0.0056380443928647495,0.010380951109176308,-0.36817949849659026,-0.16000000000000014,-0.730779436014299,0.7980644817786214,-1.0,-0.6263170949634378,1.4026658759166755,,,0.0,0.0,0.0,,0.0,,,
2017-03-08,-0.05532255660962049,-0.06822354885081916,-0.05895292533348773,0.01627700036904314,-0.3753070303509132,-0.10999999999999988,-0.7174905480414033,0.7847606765732711,-1.0,-0.10172193401970286,0.0,,,0.0,0.0,0.0,,0.0,,,
2017-03-09,-0.020089064496782605,-0.0653878965174517,-0.07540331011392709,0.01637750968894882,-0.13094505528363776,-0.10999999999999988,-0.7042934020241571,0.771614521942684,-1.0,0.0,0.0,,,0.0,0.0,0.0,,0.0,,,
2017-03-10,-0.016160728108003397,-0.09514143349524984,-0.08631251340862134,0.015913492312234535,0.023833242744153438,-0.08999999999999986,-0.6911804335672523,0.7586217830275228,-1.0,0.0,0.0,,,0.0,0.0,0.0,,0.0,,,
2017-03-13,-0.0018577773946750753,-0.09455858262501282,-0.083696767195931,0.015665817681760296,0.02653925533768753,-0.1299999999999999,-0.678144104806549,0.7457788988431358,-1.0,0.0,0.0,,,0.0,0.0,0.0,,0.0,,,
2017-03-14,-0.014149216492870487,-0.10757934310195205,-0.09241059373290694,0.015638396535979475,-0.11534798072323493,-0.08000000000000007,-0.6651768775667165,0.7330830584096781,-1.0,0.0,0.0,,,0.0,0.0,0.0,,0.0,,,
2017-03-15,0.023608468599879195,-0.02864831789245237,-0.06463181670279194,0.016927340546968504,0.4420106951871672,0.06000000000000005,-0.6522711853684032,0.720532299910404,-0.4752238693292882,0.5247761306707118,0.0,,,0.0,0.0,0.0,,0.0,,,
2017-03-16,-0.002253868385738489,-0.010813121781408253,-0.06236787488035578,0.016806648911375767,1.3250891697914269,0.07000000000000028,-0.6394194039593197,0.708125639023525,-1.0,0.0,0.0,,,0.0,0.0,0.0,,0.0,,,
2017-03-17,0.0006151953439181845,0.005962801670513329,-0.057228161877518335,0.016804462806275476,1.1470981683473935,0.08000000000000007,-0.6266138200007949,0.695863234634683,-0.9078932632457689,0.09210673675423109,0.0,,,0.0,0.0,0.0,,0.0,,,
2017-03-20,-0.011546520034749097,-0.0037259409695606927,-0.06367283825161119,0.01683914703586959,1.1664908368012594,0.1499999999999999,-0.61384659748834,0.6837466029859319,-0.9078932632457689,0.09210673675423109,0.0,,,0.0,0.0,0.0,,0.0,,,
2017-03-21,-0.01841826866718721,-0.007994993143877416,-0.07545416008067507,0.016568067728903374,1.5036297469386062,0.16999999999999993,-0.6016449149137725,0.6944170758207838,-0.37936608501660757,0.6206339149833924,0.0,,,0.0,0.0,0.0,,0.0,,,
2017-03-22,0.0146783931259451,-0.01692506861781151,-0.05530934263998111,0.01722615555260569,1.3447245751058823,0.10999999999999988,-0.5894837974214436,0.7052873585581312,-0.378972608317898,0.0962512610113902,0.0,,,0.0,0.0,0.0,,0.0,,,
2017-03-23,-0.007102599317487357,-0.02177379954956038,-0.05579436938323479,0.01647461794966498,0.5679731405960897,0.11999999999999966,-0.5773569192512802,0.7163654301049676,-0.6063736347180746,0.3936263652819254,0.0,,,0.0,0.0,0.0,,0.0,,,
2017-03-24,0.0056444176196768225,-0.016744577273801742,-0.04423880032774674,0.01669185100836727,0.5561324204121587,0.10000000000000009,-0.5652578738535831,0.7276597192820248,-1.0,-0.09210673675423109,0.0,,,0.0,0.0,0.0,,0.0,,,
2017-03-27,-0.005015684496167516,-0.010213741735220161,-0.04303701417054384,0.016612231935746364,0.7022615970084023,0.0900000000000003,-0.5531801510955044,0.7391791383105275,-0.5358790706006843,-0.09210673675423109,0.0,,,0.0,0.0,0.0,,0.0,,,
2017-03-28,0.01331965581708694,0.02152418274905399,-0.024202886964961312,0.017145161698704097,0.3422119135734203,0.010000000000000231,-0.5411171129030439,0.750933119404626,-0.6089883992821353,-0.22962231426552776,0.0,,,0.0,0.0,0.0,,0.0,,,
2017-03-29,0.023294882538439587,0.030140672161548476,0.0032748087334546483,0.01831730792769168,0.06707685177844702,0.009999999999999787,-0.5290619670605062,0.7629316548163838,0.22825225581452077,0.6072248641324187,0.0,,,0.0,0.0,0.0,,0.0,,,
2017-03-30,0.01682394979123991,0.054067221270275745,0.0222941383536015,0.01833314360765235,0.23120501019688877,-0.009999999999999787,-0.5170077388498439,0.7751853407257371,0.30705710259408964,0.9134307373121642,0.0,,,0.0,0.0,0.0,,0.0,,,
2017-03-31,0.0049529571288484675,0.05337576077944739,0.029874467898404422,0.018041003594455252,-0.13660487171702762,-0.0,-0.5049472401649472,0.7877054254202736,0.3839103472937229,1.3839103472937229,0.0,,,0.0,0.0,0.0,,0.0,,,
2017-04-03,-0.007140054133476514,0.05125139114213839,0.02559675747431056,0.018069024958313258,-0.5591120736518684,0.029999999999999805,0.14809408885693884,-0.7222636406788802,0.538935365213589,1.0748144358142733,0.6830943507144971,,,0.0,0.0,0.0,,0.0,,,
2017-04-04,0.015602172915936574,0.053533908240988026,0.043224742653036774,0.018534803544724636,-0.511103925047407,0.06000000000000005,0.1592763609636657,-0.7091524576699196,0.5426847161885198,1.151673115470655,0.6830943507144971,,,0.0,0.0,0.0,,0.0,,,
2017-04-05,0.0023487973217557467,0.032587823024304186,0.04471578454101355,0.013648857488759806,-0.20284753658359467,0.050000000000000266,0.170658713824825,-0.6961350685786434,0.9348141591033418,0.706561903288821,0.6830943507144971,,,0.0,0.0,0.0,,0.0,,,
2017-04-06,0.010695289116747997,0.02645916234981227,0.053014100543305354,0.012876250857195282,-0.4309994804605033,0.08000000000000007,0.1822522251844522,-0.6832048721934235,1.0,0.6929428974059104,0.6830943507144971,,,0.0,0.0,0.0,,0.0,,,
2017-04-07,0.010390703453792227,0.03189690867475603,0.05968025930455223,0.012213929517235513,-0.22727708290866122,0.020000000000000018,0.19406876811726395,-0.6703554131155948,0.5509686706382265,0.1670583233445036,0.6830943507144971,,,0.0,0.0,0.0,,0.0,,,
2017-04-10,0.01595172449583071,0.054988687304063255,0.07101696401331203,0.01243277523103843,-0.20596587199472882,-0.020000000000000018,0.20612108925119485,-0.6575803805974536,0.8705745321955687,0.3316391669819797,0.0,,,0.0,0.0,0.0,,0.0,,,
2017-04-11,0.0060105365021425605,0.04539705089026924,0.07140449307863239,0.01162219795467754,-0.0045215897213957135,0.040000000000000036,0.21842289660118103,-0.6448736120642449,1.0,0.45731528381148023,0.0,,,0.0,0.0,0.0,,0.0,,,
2017-04-12,-0.005445511531841252,0.03760274203667224,0.06178867311655534,0.01105789270752983,0.028882273417685234,0.06000000000000005,0.23098895844928852,-0.6322291026258563,0.7233189014176948,-0.21149525768564692,0.0,,,0.0,0.0,0.0,,0.0,,,
2017-04-13,0.001317151380565651,0.028224604300489897,0.058756965078570644,0.010977238843151292,0.4453212146609986,0.09999999999999964,0.24383521495973448,-0.6196410223667399,1.0,0.0,0.0,,,0.0,0.0,0.0,,0.0,,,
2017-04-17,-0.010016147234888972,0.007817753611808698,0.04492352555407075,0.011416187897828452,0.6313518700235665,0.1200000000000001,0.25697890452310984,-0.6071037438717526,0.7299586279637298,0.17898995732550327,0.0,,,0.0,0.0,0.0,,0.0,,,
2017-04-18,-0.004568825765909779,-0.012702796649931791,0.036188522785108646,0.011021756981652437,0.7405959516983862,0.18999999999999995,0.27043870719401913,-0.5946118833832081,0.7240612265665543,-0.14651330562901443,0.0,,,0.0,0.0,0.0,,0.0,,,
2017-04-19,-0.03831290171735624,-0.05702623486943059,-0.005295824282791184,0.013731884782241025,0.1884200366927824,0.10999999999999988,0.28423490803634227,-0.5821603603131602,0.6385888599743835,-0.3614111400256165,0.0,,,0.0,0.0,0.0,,0.0,,,
2017-04-20,-0.0033760333922345787,-0.05495675672982392,-0.0109405816996615,0.013527535366445851,0.25731794124761453,0.03999999999999959,0.298443402572445,-0.5696514386644198,0.3991180374839897,-0.3242008639337051,0.0,,,0.0,0.0,0.0,,0.0,,,
2017-04-21,-0.01301449944082922,-0.06928840755121879,-0.02592821015895863,0.013804838470771406,-0.2680211238023533,-0.0,0.31303807600002986,-0.557152225849807,0.4771133785541413,-0.5228866214458587,0.0,,,0.0,0.0,0.0,,0.0,,,
2017-04-24,-0.00789078449354541,-0.06716304480987523,-0.035115363565310975,0.013946431507066297,-0.03288774520393556,-0.020000000000000018,0.3280456415681768,-0.5446545579444282,0.15942061903039467,-0.5705380089333352,0.0,,,0.0,0.0,0.0,,0.0,,,
2017-04-25,0.00668086299083237,-0.05591335605313308,-0.03031569686163449,0.013913012426704993,-0.22195479509004024,-0.16999999999999993,0.34349539881292235,-0.5321499702327257,0.08021758624185878,-0.6438436403246954,0.0,,,0.0,0.0,0.0,,0.0,,,
2017-04-26,0.0012099215027130406,-0.016390532833063798,-0.03038148493036008,0.013650036342900237,-0.13554916139846274,-0.10999999999999988,0.3594195714184583,-0.5196296468331979,-0.16067553806540194,-0.7992643980397854,0.0,,,0.0,0.0,0.0,,0.0,,,
2017-04-27,-0.013186112549428586,-0.026200611990257805,-0.04301925729683376,0.012973461823158882,-0.3263814064674353,-0.05999999999999961,0.37585370085727204,-0.5070843641589105,0.2421734624897197,-0.15694457499427003,0.0,,,0.0,0.0,0.0,,0.0,,,
2017-04-28,0.007324549531420477,-0.005861563018008109,-0.03467139756946658,0.012468017031176941,0.021861673959688854,-0.04999999999999982,0.39283710706705655,-0.4945044270511766,-0.08104493517928632,-0.5581583137334276,0.0,,,0.0,0.0,0.0,,0.0,,,
2017-05-01,-0.009982766003142629,-0.007953544527605327,-0.04288406722006366,0.012538319813265019,-0.1977862282376286,-0.050000000000000266,1.34167200622221,-0.1679763157701632,-0.3314009499011355,-0.49082156893153017,0.35077814370336746,,,0.0,0.0,0.0,,0.0,,,
2017-05-02,-0.02445717757190824,-0.03909158509034594,-0.06470529226750488,0.013490450580689414,-0.14679799600212373,0.06000000000000005,1.355136465854916,-0.15487400876065677,-0.16988825531427157,-0.25010584155613036,0.35077814370336746,,,0.0,0.0,0.0,,0.0,,,
2017-05-03,0.0033514903595830425,-0.036950016233475935,-0.05810531525563656,0.01288321873006136,0.24724244636048498,-0.010000000000000231,1.3688778948412776,-0.1415299127213069,-0.5251241081957089,-0.36444857013030696,0.35077814370336746,,,0.0,0.0,0.0,,0.0,,,
2017-05-04,-0.049292172212103136,-0.07305607589615049,-0.10156695233876167,0.016397883492134897,0.07565572644281371,-0.06000000000000005,1.3829068360592542,-0.12792281109596362,-0.7026706432827062,-0.944844105772426,0.35077814370336746,,,0.0,0.0,0.0,,0.0,,,
2017-05-05,0.015260815028158792,-0.06511981039941217,-0.08070387847719562,0.01666957685902345,0.013241836886712655,-0.06999999999999984,1.3972344059869133,-0.11402930997549485,-0.2648098384451565,-0.18376490326587017,0.35077814370336746,,,0.0,0.0,0.0,,0.0,,,
2017-05-08,0.00453319718559575,-0.05060384721067379,-0.07027554714478246,0.016423439872277817,-0.4340613358163381,-0.06000000000000005,1.4118723356032534,-0.09982351523606343,-0.3542757925854658,-0.02287484268433032,0.0,,,0.0,0.0,0.0,,0.0,,,
2017-05-09,-0.011916509770660166,-0.03806317940942572,-0.07490351105530069,0.015635650854652204,-0.6226935660520905,-0.1299999999999999,1.4268330149165083,-0.08527664929464515,-1.0,-0.8301117446857285,0.0,,,0.0,0.0,0.0,,0.0,,,
2017-05-10,0.03111505165698647,-0.01029961811202229,-0.037755139295914564,0.017638857899302453,-0.3931497064894929,-0.08000000000000007,1.4421295415067001,-0.07035659351798824,-0.9364478689368139,-0.411323760741105,0.0,,,0.0,0.0,0.0,,0.0,,,
2017-05-11,0.010508713774048939,0.049501267874129784,-0.022010816684760126,0.01802341072991093,-0.13863312783488624,-0.03000000000000025,1.4577757735176415,-0.055027338441788545,-1.0,-0.29732935671729377,0.0,,,0.0,0.0,0.0,,0.0,,,
2017-05-12,0.00020905195017073552,0.03444950479614173,-0.016510750925964768,0.018003899610980673,0.02143370580931503,0.029999999999999805,1.4737863875889452,-0.03924831880459066,-1.0,-0.29732935671729377,0.0,,,0.0,0.0,0.0,,0.0,,,
2017-05-15,0.020892268846415707,0.050808576456961685,0.008127110925010506,0.01888209750601727,0.6421958562683905,0.050000000000000266,1.4901769422821316,-0.022973603489186516,-0.8606350217674342,-0.5063592291819684,0.0,,,0.0,0.0,0.0,,0.0,,,
2017-05-16,-0.003897041133415602,0.05882804509420625,0.007942073564529917,0.018881153479949647,1.2141086180913363,0.08999999999999986,1.506963947627935,-0.006150901091778296,-0.9549525752781468,0.04504742472185319,0.0,,,0.0,0.0,0.0,,0.0,,,
2017-05-17,0.008390512746435874,0.036103506183655654,0.01770941936071102,0.01718881138437906,1.1848203310616867,0.18999999999999995,1.5241649415060095,0.011279671018432006,-0.6128148155328793,0.32363305340393456,0.0,,,0.0,0.0,0.0,,0.0,,,
2017-05-18,0.0056899157776784115,0.031284708187285126,0.02432287072963879,0.017252737486235774,0.6940310375963987,0.16000000000000014,1.5417985736653703,0.029387124147357932,-0.539875505368518,0.460124494631482,0.0,,,0.0,0.0,0.0,,0.0,,,
2017-05-19,0.019663554908778025,0.050739211145892416,0.043276058512185855,0.017591454551109147,0.9131321793252822,0.10000000000000009,1.5598846983063324,0.04825153737938407,-0.7801709119444699,0.460124494631482,0.0,,,0.0,0.0,0.0,,0.0,,,
2017-05-22,0.007916130790329934,0.03776307308980664,0.04969147641209215,0.0175396940552864,0.7050259553092908,0.08999999999999986,1.5443562961962458,0.04055283541220112,-0.3997197570884349,0.46091526467899935,0.0,,,0.0,0.0,0.0,,0.0,,,
2017-05-23,0.014481662086064606,0.05614177630928685,0.06228238565296973,0.017746467323977107,0.26852690927369194,0.040000000000000036,1.5291381998937763,0.03280432964288467,-0.20262471223366085,0.752327863044486,0.0,,,0.0,0.0,0.0,,0.0,,,
2017-05-24,-0.002139454282957587,0.04561180927989339,0.058419647314109646,0.01776901956453233,0.06646118789703781,-0.03999999999999959,1.5142192064105713,0.025003787024356103,-0.10131235611683043,0.5115024594160489,0.0,,,0.0,0.0,0.0,,0.0,,,
2017-05-25,-0.04908226290087914,-0.009160369398664159,0.009408907874901118,0.02089259486460002,0.7844695335451735,-0.020000000000000018,1.4995886716722564,0.017148895573004058,-0.5081862218612777,0.03168928350724032,0.0,,,0.0,0.0,0.0,,0.0,,,
2017-05-26,0.018237587549780887,-0.010586336757661297,0.027172366985434238,0.021235616573306013,0.19014934903311964,-0.020000000000000018,1.4852364750457823,0.009237259666805497,-0.20394047094350087,0.576230441000969,0.0,,,0.0,0.0,0.0,,0.0,,,
2017-05-29,0.0,-0.01850246754799123,0.026199100246028895,0.021093740889139352,0.19014934903311964,-0.020000000000000018,1.4711529865834378,0.0012663950281583075,-0.20394047094350087,0.576230441000969,0.0,,,0.0,0.0,0.0,,0.0,,,
2017-05-30,-0.0028152039505866533,-0.03579933358464249,0.021328530874971108,0.020259108997983905,0.11522946496584918,0.08000000000000007,1.4573290367408585,-0.006766276635054642,-0.10168852688897882,0.10093618534468203,0.0,,,0.0,0.0,0.0,,0.0,,,
2017-05-31,-0.027354226453461195,-0.0610141057551461,-0.006545775158310008,0.02129282131628181,0.3337585221024897,0.04999999999999982,1.4437558883510409,-0.014863433359214804,0.20761803073968016,0.3089303868565106,0.0,,,0.0,0.0,0.0,,0.0,,,
2017-06-01,0.0008274721200325352,-0.011104370734234426,-0.008744364834703422,0.0177816222052106,0.06192010542295234,0.040000000000000036,2.073771635833656,-0.08023544198727392,0.4274222546791186,0.9356084765403962,-0.26974839881901413,,,0.0,0.0,0.0,,0.0,,,
2017-06-02,-0.014580554075996233,-0.043922512360011545,-0.02485891225191672,0.017952149918258636,0.2582745217603599,0.10000000000000009,2.0325413135243964,-0.08822558941600879,0.438158961455915,0.6420994323994158,-0.26974839881901413,,,0.0,0.0,0.0,,0.0,,,
2017-06-05,-0.005470242969564776,-0.04939275532957632,-0.03136297655494191,0.01800347146190847,0.2582745217603599,0.10000000000000009,1.9931592342101743,-0.09629037335029045,0.11589194961221119,0.6420994323994158,-0.26974839881901413,,,0.0,0.0,0.0,,0.0,,,
2017-06-06,0.016529301951210496,-0.030048249427779172,-0.01728978652328461,0.018050098910004888,0.7447479287606362,0.06999999999999984,1.955483329954959,-0.10443273910338605,0.8713751623102273,0.973063689199206,-0.26974839881901413,,,0.0,0.0,0.0,,0.0,,,
2017-06-07,-0.05261569172563174,-0.05530971469994972,-0.06817505299933968,0.02058530672086279,0.4205812052718638,0.029999999999999805,1.919386403088782,-0.1126557568062036,0.37535497253361155,0.1677369417939314,-0.26974839881901413,,,0.0,0.0,0.0,,0.0,,,
2017-06-08,-0.001751313932734977,-0.05788850075271723,-0.06758294029715817,0.020383211230629635,0.41182082881369153,0.020000000000000018,1.8847541789581266,-0.12096262912741149,0.25371077801012454,-0.17371147666899406,0.0,,,0.0,0.0,0.0,,0.0,,,
2017-06-09,0.004154373527157862,-0.03915357314956314,-0.061282406213932994,0.020428255307524287,0.20726066076041105,-0.06000000000000005,1.851483661780723,-0.1293566995694003,-0.7507099450672231,-1.1888689065231381,0.0,,,0.0,0.0,0.0,,0.0,,,
2017-06-12,0.005440117866603256,-0.028243212313395105,-0.05292352024227176,0.01979341015505231,-0.007258210851035507,-0.029999999999999805,1.8194817393535072,-0.13784146139232112,-0.48821293326490967,-0.6041048828771208,0.0,,,0.0,0.0,0.0,,0.0,,,
2017-06-13,0.008212710954627056,-0.036559803309978545,-0.0423975287869891,0.019946537925312844,0.07310830054254591,-0.06999999999999984,1.7886639932696802,-0.14642056722397304,-1.0,-1.8713751623102273,0.0,,,0.0,0.0,0.0,,0.0,,,
2017-06-14,-0.037947309897506276,-0.02189142148185308,-0.07571466705164243,0.021284138274562197,0.6609696407789079,0.03000000000000025,1.7589536797871006,-0.15509783941952884,-1.0,-1.3753549725336116,0.0,,,0.0,0.0,0.0,,0.0,,,
2017-06-15,-0.006054508908706069,-0.02619461645782417,-0.07655178309317678,0.02114598911412188,-0.03163909102752438,0.029999999999999805,1.7302808531409068,-0.16387728124207288,-0.89447454042149,-1.1481853184316146,0.0,,,0.0,0.0,0.0,,0.0,,,
2017-06-16,0.006278047525932973,-0.02407094245904906,-0.06438706733092925,0.020519604558983058,0.3016213364118059,0.04999999999999982,1.7025816083412926,-0.1727630889427933,-0.44594407077658205,0.30476587429064106,0.0,,,0.0,0.0,0.0,,0.0,,,
2017-06-19,-0.012143166978331177,-0.04165422730398349,-0.06964060118451387,0.020298479328672132,0.20011736206195785,0.020000000000000018,1.6757974246653415,-0.18175966482853978,-0.7630924316487807,-0.27487949838387105,0.0,,,0.0,0.0,0.0,,0.0,,,
2017-06-20,-0.022190090404111906,-0.07205702866272246,-0.08310747083936887,0.019919136343184395,-0.5706441877665336,0.04999999999999982,1.6403449983878262,-0.18716161710015564,-0.53372141890163,0.46627858109836995,0.0,,,0.0,0.0,0.0,,0.0,,,
2017-06-21,-0.016324989413998292,-0.05043470817921447,-0.08999996274755828,0.019924921311488042,-1.1236386154074074,-0.010000000000000231,1.606307316709517,-0.19259562628373814,-0.7346570179013417,0.26534298209865825,0.0,,,0.0,0.0,0.0,,0.0,,,
2017-06-22,0.004925540625459579,-0.039454658645048823,-0.07834231479260811,0.01781669016033563,-0.2610063896065329,0.010000000000000231,1.5735801908331266,-0.19806247706489408,-0.4159307997026475,0.4785437407188425,0.0,,,0.0,0.0,0.0,,0.0,,,
2017-06-23,0.006297396904642927,-0.03943530926633887,-0.06471580102621743,0.017122482031881308,-0.2228822852982093,0.010000000000000231,1.5420697118988256,-0.2035629740762514,-0.4128608797538374,0.03308319102274465,0.0,,,0.0,0.0,0.0,,0.0,,,
2017-06-26,0.008565858603083676,-0.018726283684924017,-0.049249118491539345,0.017420003658957725,-0.00505509163020168,0.04999999999999982,1.5116909711639548,-0.2090979426478541,-0.4128608797538374,0.03308319102274465,0.0,,,0.0,0.0,0.0,,0.0,,,
2017-06-27,0.019630851815350958,0.023094658534538848,-0.02383974553289203,0.01839296243908086,0.6354738862432985,-0.04999999999999982,1.4823669695290658,-0.21466822959095605,-1.0,-0.46627858109836995,0.0,,,0.0,0.0,0.0,,0.0,,,
2017-06-28,0.011238598847904235,0.050658246796441375,-0.008752266806758335,0.018031144522960913,1.1100062029758329,-0.06000000000000005,1.4540276841241706,-0.220274704017023,-0.6064997562301107,0.1281572616712311,0.0,,,0.0,0.0,0.0,,0.0,,,
2017-06-29,0.004237767020085048,0.049970473191066844,-0.000836134653446674,0.018093711277142474,1.031587393319866,-0.1200000000000001,1.4266092658597653,-0.2259182581938623,-0.9996493073712845,-0.5837185076686371,0.0,,,0.0,0.0,0.0,,0.0,,,
2017-06-30,0.02440486077161319,0.06807793705803711,0.025297820509011526,0.018937684642515017,0.7769355831889979,-0.16000000000000014,1.400053346725694,-0.23159980844092473,-0.9787321262287173,-0.5658712464748799,0.0,,,0.0,0.0,0.0,,0.0,,,
2017-07-03,0.022125271559369164,0.0816373500143226,0.047772410732779935,0.01964291897841711,0.2984126927821351,-0.20999999999999996,1.1717302096238915,-0.3056561712340596,-0.8489859382910707,-0.5658712464748799,-0.36153393508284726,,,0.0,0.0,0.0,,0.0,,,
2017-07-04,0.0,0.06200649819897164,0.048948194494739194,0.01923896040570639,0.2984126927821351,-0.20999999999999996,1.1519442590582225,-0.3109799188450487,-0.8489859382910707,-0.5658712464748799,-0.36153393508284726,,,0.0,0.0,0.0,,0.0,,,
2017-07-05,-0.04208864157414105,0.008679257776926352,0.007508984174982913,0.017851538657196946,-0.5163520402017507,-0.10999999999999988,1.1325880479278922,-0.31634058259491776,-0.8356199947519447,-0.22912023852183405,-0.36153393508284726,,,0.0,0.0,0.0,,0.0,,,
2017-07-06,0.008604575979165752,0.013046066736007056,0.016245196912939353,0.0179677071404388,-0.37670315541349364,-0.10000000000000009,1.1136396950894691,-0.32173897746240326,-0.6532874902056462,0.3463618171656383,-0.36153393508284726,,,0.0,0.0,0.0,,0.0,,,
2017-07-07,-0.02874849793784051,-0.040107291973446646,-0.01072652069286173,0.019029556525856552,-0.2894018730310588,-0.08000000000000007,1.0950786459739352,-0.3271759399625072,-0.4597925510151222,0.5189395752135951,-0.36153393508284726,,,0.0,0.0,0.0,,0.0,,,
2017-07-10,0.003836177557944076,-0.058396385974871734,-0.005033365787444399,0.01900089950126197,0.2384662731661935,-0.029999999999999805,1.0768855612125992,-0.3326523289360802,-0.46465047817994687,0.38433546011112385,0.0,,,0.0,0.0,0.0,,0.0,,,
2017-07-11,0.014311514393255731,-0.044084871581616,0.01083018578135242,0.01921870140169602,0.2384662731661935,-0.029999999999999805,1.0590422158870247,-0.33816902637458846,0.0978414661587116,0.38433546011112385,0.0,,,0.0,0.0,0.0,,0.0,,,
2017-07-12,0.009941537750477902,0.00794530774300295,0.01992931832497291,0.017336651909822556,0.9436022348193629,-0.0,1.0415314081774347,-0.34372693828195017,-0.0,0.8356199947519447,0.0,,,0.0,0.0,0.0,,0.0,,,
2017-07-13,0.012886494805723014,0.012227226569560212,0.031026357738116683,0.017456992383188395,0.7858039368474734,0.020000000000000018,1.0243368763398448,-0.3493269955754428,-0.2161129573652936,0.4371745328403527,0.0,,,0.0,0.0,0.0,,0.0,,,
2017-07-14,0.009933141486509811,0.050908865993910535,0.03898728913401772,0.017525454054529547,1.252028915439518,0.06000000000000005,1.0074432230754184,-0.3549701550278072,-0.3465989237627349,0.1131936272523873,0.0,,,0.0,0.0,0.0,,0.0,,,
2017-07-17,-0.011236073266925661,0.0358366151690408,0.025733651090913856,0.017488135820480064,1.095144647717916,0.06999999999999984,0.9908358464697599,-0.3606574002528139,-0.0,0.46465047817994687,0.0,,,0.0,0.0,0.0,,0.0,,,
2017-07-18,0.008223374624989344,0.02974847540077441,0.03041878768827022,0.016570607394187212,1.5228716090291639,0.10000000000000009,0.9745008767778485,-0.3663897427366948,-0.0,-0.0978414661587116,0.0,,,0.0,0.0,0.0,,0.0,,,
2017-07-19,0.015398080111121981,0.03520501776141849,0.040692476295501656,0.016080236237587888,1.0363794735031018,0.06000000000000005,0.9584251184147307,-0.372168222918005,-0.11943824881232512,-0.11943824881232512,0.0,,,0.0,0.0,0.0,,0.0,,,
2017-07-20,-0.007028034465206279,0.015290488490489196,0.029137729080940034,0.016308543884573527,1.1523581966441543,0.08000000000000007,0.944083232238675,-0.37653354970555564,-0.36861283538830136,-0.15249987802300777,0.0,,,0.0,0.0,0.0,,0.0,,,
2017-07-21,-0.02204065021257451,-0.016683303208595124,0.003987268474869854,0.017344710517404147,0.6460338570430268,0.08999999999999986,0.9300287654361432,-0.3809241002797536,-0.24885238139685997,0.0977465423658749,0.0,,,0.0,0.0,0.0,,0.0,,,
2017-07-24,0.012376664338679788,0.006929434397010326,0.013063582133274743,0.017428531785366016,0.6580702855123577,0.050000000000000266,0.9162586988869608,-0.3853403113673423,-0.125801657323319,-0.125801657323319,0.0,,,0.0,0.0,0.0,,0.0,,,
2017-07-25,0.03290119535028779,0.031607255122308775,0.042000909626541016,0.018313124888789317,0.13772732705756852,-0.06000000000000005,0.90277146267966,-0.38978262893049453,-0.25270657206116165,-0.25270657206116165,0.0,,,0.0,0.0,0.0,,0.0,,,
2017-07-26,0.017798483089337847,0.03400765810052464,0.05550753064678471,0.01850798346123977,0.04781140573681952,-0.020000000000000018,0.8895670838926624,-0.3942515084350019,-0.2543628739654329,-0.13492462515310777,0.0,,,0.0,0.0,0.0,,0.0,,,
2017-07-27,0.005931094184099983,0.0469667867498309,0.05706209640359061,0.018511595757136852,0.031927090135985825,-0.04999999999999982,0.8766473759799271,-0.3987474151279352,0.25442263148867245,0.6230354668769738,0.0,,,0.0,0.0,0.0,,0.0,,,
2017-07-28,0.013569828478625201,0.08257726544103061,0.0667971480695706,0.018047331257932064,0.24593660099282433,-0.05999999999999961,0.8640161798806554,-0.4032708243251776,0.5101253537102561,0.7589777351071161,0.0,,,0.0,0.0,0.0,,0.0,,,
2017-07-31,0.009211118389580442,0.07941171949193127,0.07281919730499586,0.01758354677742565,0.34727641641953966,-0.040000000000000036,0.8516796702188916,-0.4078222217092512,0.8933612684591554,1.0191629257824744,0.0,,,0.0,0.0,0.0,,0.0,,,
2017-08-01,-0.020336953798327784,0.02617357034331569,0.05031002204242929,0.018349050222954213,0.3935312172718475,0.07000000000000028,0.30856141941877224,1.876331678739644,0.8933612684591554,1.0191629257824744,-0.26649545270207575,,,0.0,0.0,0.0,,0.0,,,
2017-08-02,0.008708915803208761,0.017084003057186603,0.05430683851253093,0.01513405017938207,0.5714746455688591,0.020000000000000018,0.2941543725699079,1.8326932219484544,0.6401367877976147,0.8944996617630476,-0.26649545270207575,,,0.0,0.0,0.0,,0.0,,,
2017-08-03,-0.01135684483790067,-0.0002039359648140504,0.03923596538237728,0.015517200469984518,0.3473179937577009,0.07999999999999963,0.27943691173234825,1.7911440345144476,0.7685223971176455,0.514099765628973,-0.26649545270207575,,,0.0,0.0,0.0,,0.0,,,
2017-08-04,0.011155170943902615,-0.0026185934995366367,0.044681924589939026,0.013566263406157169,-0.32823871906841884,0.029999999999999805,0.26436973368060596,1.7515079644570006,0.5192854922990109,0.009160138588754752,-0.26649545270207575,,,0.0,0.0,0.0,,0.0,,,
2017-08-07,-0.0038395520545111417,-0.01566926394362822,0.03551694727971011,0.013729628631741923,-0.5056561920346203,0.040000000000000036,0.24890750211166587,1.7136289712841526,0.5216040400645461,-0.37175722839460934,-0.26649545270207575,,,0.0,0.0,0.0,,0.0,,,
2017-08-08,-0.004464293128685348,0.00020339672601421555,0.026666019271404107,0.01372476360758652,-0.4974988507002731,-0.03000000000000025,0.23299747314388658,1.6773682619069619,0.13246799877946583,-0.37175722839460934,0.0,,,0.0,0.0,0.0,,0.0,,,
2017-08-09,0.007900375337093646,-0.0006051437401008997,0.030281817849545867,0.013688825051452948,-0.5620030195817138,0.029999999999999805,0.2165777118835626,1.642601910818637,0.2770826732777601,-0.36305411451985464,0.0,,,0.0,0.0,0.0,,0.0,,,
2017-08-10,-0.019766308343129868,-0.009014607245330097,0.007863572904907468,0.014530252464450423,-0.3235815764267791,0.040000000000000036,0.1995747454993647,1.6092188706732338,0.575922106315228,-0.19260029080241747,0.0,,,0.0,0.0,0.0,,0.0,,,
2017-08-11,0.004722316547002059,-0.015447461642230653,0.010194494097376161,0.014439254592669308,0.216356791027994,0.08000000000000007,0.18190042597318443,1.577119299801507,0.7320484333951237,0.21276294109611282,0.0,,,0.0,0.0,0.0,,0.0,,,
2017-08-14,-0.025517409831794957,-0.03712531941951447,-0.017000244260708897,0.015465317850022278,0.2518731936252627,0.03999999999999959,0.16344766228080163,1.54621314871994,0.4493663590022905,-0.07223768106225559,0.0,,,0.0,0.0,0.0,,0.0,,,
2017-08-15,-0.0008408661416194896,-0.03350189243244861,-0.01906522689028778,0.01539604807404463,-0.08025653103373998,0.020000000000000018,0.14408449898739872,1.5164189595946358,0.15149272529328853,0.0190247265138227,0.0,,,0.0,0.0,0.0,,0.0,,,
2017-08-16,-0.016326027835366297,-0.05772829560490855,-0.0350291658162889,0.015492804780549927,-0.06550865248793336,0.010000000000000231,0.12364571477092515,1.4876628418299553,0.6215617983839644,0.3444791251062043,0.0,,,0.0,0.0,0.0,,0.0,,,
2017-08-17,0.006604903099430182,-0.0313570841623485,-0.028743820685726007,0.015483988840023534,0.019330493354119405,0.010000000000000231,0.11008668153954501,1.4897666960317526,0.7874198419533625,0.21149773563813445,0.0,,,0.0,0.0,0.0,,0.0,,,
2017-08-18,0.029709298001662,-0.006370102707688563,-0.0019415780636422575,0.015869864440489195,0.001090490739008576,-0.0,0.09624011126208637,1.4918767614549997,0.4811725438262914,-0.25087588956883233,0.0,,,0.0,0.0,0.0,,0.0,,,
2017-08-21,-0.023780845321465183,-0.004633538197358789,-0.02682160328167882,0.0167683938668146,0.3270811571824406,0.040000000000000036,0.08208061174683567,1.4939930714093816,0.8027185521673926,0.35335219316510214,0.0,,,0.0,0.0,0.0,,0.0,,,
2017-08-22,0.005683627551439141,0.001890955495699842,-0.020876277236869356,0.015070030905073343,0.5846968717812318,0.04999999999999982,0.06758000936128984,1.4961156594562852,1.0,0.8485072747067115,0.0,,,0.0,0.0,0.0,,0.0,,,
2017-08-23,0.016033659464503636,0.034250642795569775,-0.004492678097752556,0.014963505781472331,0.5703580425101995,0.06000000000000005,0.05270691644023755,1.4982445594112603,0.6968724161622747,0.07531061777831027,0.0,,,0.0,0.0,0.0,,0.0,,,
2017-08-24,-0.020451464062112734,0.007194275634026859,-0.023275074572942867,0.015532718485688247,0.37660903008425173,-0.0,0.03742621334832973,1.5003798053465054,0.5498584383337711,-0.23756140361959133,0.0,,,0.0,0.0,0.0,,0.0,,,
2017-08-25,0.009234063514927282,-0.013280958852707858,-0.012155155222906444,0.015337871771659843,0.6356721585590863,0.020000000000000018,0.021698424375875023,1.5025214315933866,-0.195427644630213,-0.6766001884565044,0.0,,,0.0,0.0,0.0,,0.0,,,
2017-08-28,-0.027532446410131417,-0.017032559941374092,-0.03596456755794408,0.01611938387333653,0.5043062872431614,0.020000000000000018,0.005478960532313187,1.5046694727449854,0.1968743617558669,-0.6058441904115257,0.0,,,0.0,0.0,0.0,,0.0,,,
2017-08-29,-0.002795400164595563,-0.025511587657408796,-0.03591401132913319,0.015637857343422185,0.677357504556686,0.0900000000000003,-0.011282805936872923,1.5068239636586784,0.20318618318230142,-0.7968138168176986,0.0,,,0.0,0.0,0.0,,0.0,,,
2017-08-30,-0.010389703849135401,-0.05193495097104783,-0.0425028278022439,0.015477427118796815,0.3681830806988473,0.020000000000000018,-0.02864468170918822,1.5089849394587451,0.6145613611625359,-0.08231105499973879,0.0,,,0.0,0.0,0.0,,0.0,,,
2017-08-31,0.027257830927470472,-0.004225655981464627,-0.013374843287017768,0.016834271253985674,0.3496962253217162,0.06999999999999984,-0.0466730690974339,1.5111524355390118,0.20485378705417864,-0.34500465127959246,0.0,,,0.0,0.0,0.0,,0.0,,,
2017-09-01,0.0012695727477587404,-0.012190146748633168,-0.009740837041695372,0.016574828147278856,0.2662301139091716,0.009999999999999787,-1.1039875107420487,3.8054177534374882,0.20485378705417864,0.4002814316843917,0.2107321639625237,,,0.0,0.0,0.0,,0.0,,,
2017-09-04,0.0,0.015342299661498249,-0.007568381146858538,0.016579078599775428,0.2662301139091716,0.009999999999999787,-1.1300697495070011,3.6053203424116513,0.20485378705417864,0.4002814316843917,0.2107321639625237,,,0.0,0.0,0.0,,0.0,,,
2017-09-05,0.028558480699591993,0.046696180525685804,0.02151141675615742,0.017928313191021585,0.20917625620333613,0.06000000000000005,-1.157346062299058,3.431663131864927,1.0,0.7968138168176986,0.2107321639625237,,,0.0,0.0,0.0,,0.0,,,
2017-09-06,0.010222947342457545,0.06730883171727875,0.03213955270177049,0.017993139718969334,0.8367975196791333,0.04999999999999982,-1.185921111011814,3.2790068872380065,0.5713333536105293,-0.04322800755200662,0.2107321639625237,,,0.0,0.0,0.0,,0.0,,,
2017-09-07,-0.001424936627872686,0.03862606416193559,0.03020273609129065,0.017412450316714713,1.3223173744566608,0.07000000000000028,-1.215912963012227,3.1433625389498525,1.0,0.7951462129458213,0.2107321639625237,,,0.0,0.0,0.0,,0.0,,,
2017-09-08,-0.033346778328493976,0.0040097130856828755,-0.0017524674760363013,0.018941590637845014,1.1392897229171028,0.10000000000000009,-1.247455392645418,3.0217288877359887,0.500210188253867,0.2953564011996883,0.0,,,0.0,0.0,0.0,,0.0,,,
2017-09-11,0.01234971216440206,0.016359425250084936,0.010095463349722333,0.01828425316760474,1.1392897229171028,0.10000000000000009,-1.2807006858379755,2.9117985941690536,0.16560422778863954,0.2953564011996883,0.0,,,0.0,0.0,0.0,,0.0,,,
2017-09-12,0.003322952175011107,-0.00887610327449595,0.012708443270260439,0.018291864452073023,0.49831720347141006,-0.10000000000000009,-1.3158230833075255,2.811764529221152,0.33060018513614936,-0.6693998148638507,0.0,,,0.0,0.0,0.0,,0.0,,,
2017-09-13,0.02194284696776405,0.002843796350810557,0.03202787424339393,0.018417151800087114,-0.15955431713794432,-0.10000000000000009,-1.3530230418539402,2.7201883530023108,-0.3310547013950401,-0.9023880550055694,0.0,,,0.0,0.0,0.0,,0.0,,,
2017-09-14,0.011896500824301715,0.016165233802984957,0.04103637918682157,0.018515108966079406,-0.644537185978078,-0.15000000000000036,-1.392532554083253,2.635908986928984,-0.8243231659523976,-1.8243231659523977,0.0,,,0.0,0.0,0.0,,0.0,,,
2017-09-15,0.0,0.04951201213147893,0.03963384820603011,0.017408712419293898,-0.4700022261798775,-0.14000000000000012,-1.4346218523141758,2.5579774120789396,-0.974166359347614,-1.474376547601481,0.0,,,0.0,0.0,0.0,,0.0,,,
2017-09-18,0.0004008016085714772,0.03756310157564835,0.037423036487308714,0.016376757456831047,-0.4503804795058741,-0.08999999999999986,-1.4796079439340384,2.485609286792511,-1.0,-1.1656042277886396,0.0,,,0.0,0.0,0.0,,0.0,,,
2017-09-19,-0.008652835957230653,0.02558731344340659,0.0268754103782185,0.016548078832984987,-0.2679925667373517,-0.07000000000000028,-1.4790189432170393,2.4035171620893236,-1.0,-1.3306001851361493,0.0,,,0.0,0.0,0.0,,0.0,,,
2017-09-20,0.01862102057025261,0.02226548704589515,0.04347227274132415,0.016674063983649012,0.21157194550480707,-0.07999999999999963,-1.4784304255353151,2.3277082660157338,-1.0,-0.6689452986049599,0.0,,,0.0,0.0,0.0,,0.0,,,
2017-09-21,0.0027733773719407218,0.013142363593534157,0.04306024983441592,0.01581288923776426,-0.2842070375076,-0.06999999999999984,-1.4778423901688458,2.2573844109195584,-1.0,-0.17567683404760237,0.0,,,0.0,0.0,0.0,,0.0,,,
2017-09-22,0.0021736991070486766,0.015316062700582833,0.042401566883008446,0.015749430449032212,-0.40576209877329905,-0.05999999999999961,-1.477254836399124,2.191882804153493,-1.0,-0.025833640652386025,0.0,,,0.0,0.0,0.0,,0.0,,,
2017-09-25,0.03032891869745402,0.04524417978946538,0.06700503526662782,0.015182202999628363,-0.6352166465237064,0.009999999999999787,-1.4766677635091405,2.130647839939671,-1.0,0.0,0.0,,,0.0,0.0,0.0,,0.0,,,
2017-09-26,-0.0065322038227400014,0.04736481192395603,0.05493422131296022,0.015314996911341701,-1.0704861795234777,-0.0,-1.4760811707833872,2.0732097616291876,-1.0,0.0,0.0,,,0.0,0.0,0.0,,0.0,,,
2017-09-27,0.004999049057112792,0.03374284041081621,0.0536252225938334,0.014852206519745313,-1.51181052982996,-0.03000000000000025,-1.4754950575078518,2.0191682998546714,-1.0,0.0,0.0,,,0.0,0.0,0.0,,0.0,,,
2017-09-28,-0.011186230434369282,0.019783232604506207,0.038053147451315716,0.014481261567108232,-1.2070502457157017,-0.040000000000000036,-1.4749094229700088,1.968179970486537,-1.0,0.0,0.0,,,0.0,0.0,0.0,,0.0,,,
2017-09-29,0.0021311642281069965,0.019740697725564527,0.035755387397257365,0.014472782279101351,-1.2252400367066318,-0.07000000000000028,-1.4743242664588299,1.9199481023656921,-1.0,0.0,0.0,,,0.0,0.0,0.0,,0.0,,,
2017-10-02,-0.021321101057274472,-0.03190932202916397,0.01107141711068138,0.015560554174675228,-0.9497833169609171,-0.11999999999999966,-0.6720947631089387,0.46400032168896926,-1.0,0.0,1.228961901822534,,,0.0,0.0,0.0,,0.0,,,
2017-10-03,-0.003168319482045323,-0.02854543768846929,0.0061265684084155225,0.01443313835801446,-0.5021092779992964,-0.08999999999999986,-0.6836735053581124,0.45393643454399785,-1.0,0.0,1.228961901822534,,,0.0,0.0,0.0,,0.0,,,
2017-10-04,-0.008764996352967458,-0.04230948309854954,-0.003465559979999977,0.0144727490866831,-0.15471663144737136,-0.020000000000000018,-0.6954910823812347,0.44388341154979954,-1.0,0.0,1.228961901822534,,,0.0,0.0,0.0,,0.0,,,
2017-10-05,0.016076559406347446,-0.01504669325783281,0.010908792589186866,0.014853507400964892,-0.3091394801413294,-0.040000000000000036,-0.7075580013930142,0.43383777982173205,-1.0,0.0,1.228961901822534,,,0.0,0.0,0.0,,0.0,,,
2017-10-06,-0.029978264095867235,-0.04715612158180704,-0.020940104055469977,0.014448748795018168,-0.6335006862772774,-0.040000000000000036,-0.7198854242049516,0.42379602354874907,-1.0,0.0,1.228961901822534,,,0.0,0.0,0.0,,0.0,,,
2017-10-09,0.005866305889758117,-0.019968714634774454,-0.016620260400771247,0.014272928112340095,-0.6335006862772774,-0.040000000000000036,-0.7324852211390565,0.41375457648697334,-1.0,0.0,0.0,,,0.0,0.0,0.0,,0.0,,,
2017-10-10,0.02666824708216131,0.009867851929432181,0.007334259700973789,0.015340539822353066,0.022387768845844036,-0.020000000000000018,-0.7453700304851066,0.4037098140905692,-1.0,0.0,0.0,,,0.0,0.0,0.0,,0.0,,,
2017-10-11,0.0074349784875180625,0.0260678267699177,0.012780904632088141,0.014713614044386689,-0.055513980542887253,-0.020000000000000018,-0.7585533241891523,0.3936580452319788,-1.0,0.0,0.0,,,0.0,0.0,0.0,,0.0,,,
2017-10-12,-0.013739175883304089,-0.0037479085197338335,-0.0016648209722402996,0.014920211839280145,0.2415395592242131,0.020000000000000018,-0.7720494805615531,0.3835955034590244,-1.0,0.0,0.0,,,0.0,0.0,0.0,,0.0,,,
2017-10-13,0.016658885986638783,0.042889241562772185,0.013454570994043458,0.015337850671079085,0.46685399800150407,0.0900000000000003,-0.7858738649101691,0.3735183377311586,-0.8544177120301553,0.14558228796984474,0.0,,,0.0,0.0,0.0,,0.0,,,
2017-10-16,0.008130126083250033,0.0451530617562641,0.01965873683320396,0.015404880102876755,0.46685399800150407,0.0900000000000003,-0.7763870726245754,0.36479648165392464,-0.9555169293607605,0.14558228796984474,0.0,,,0.0,0.0,0.0,,0.0,,,
2017-10-17,0.00019277108493431783,0.018677585759037107,0.0174832673219405,0.015210932816980655,-0.5536547377506196,0.050000000000000266,-0.7669958726013142,0.3560754181777879,-0.9202495238513497,0.07975047614865027,0.0,,,0.0,0.0,0.0,,0.0,,,
2017-10-18,0.003079294196061344,0.014321901467580389,0.018971407240513827,0.014726189601654404,-0.37868176679476395,0.010000000000000231,-0.7576974527551172,0.3473528997555652,-0.8689490531745118,0.13105094682548823,0.0,,,0.0,0.0,0.0,,0.0,,,
2017-10-19,-0.014516852243127154,0.013544225107757324,0.0037279122006514953,0.015154424686695258,-0.12917530857035064,-0.0,-0.748489091502097,0.3386266513549258,-0.7717517381656781,0.2282482618343219,0.0,,,0.0,0.0,0.0,,0.0,,,
2017-10-20,0.0035033122634859915,0.0003886513846045325,0.0064381010095808655,0.015164020248627192,-0.6988497908257063,-0.11000000000000032,-0.7393681535293092,0.3298943669415839,-0.7941213173301174,0.06029639470003789,0.0,,,0.0,0.0,0.0,,0.0,,,
2017-10-23,0.008319676507179796,0.0005782018085342955,0.015065116171717019,0.01362866204779823,-0.6062788122652485,-0.08000000000000007,-0.7303320857885303,0.3211537058183367,-0.7695637465571417,0.18595318280361883,0.0,,,0.0,0.0,0.0,,0.0,,,
2017-10-24,0.010922787526777444,0.011308218250377422,0.02542249278597586,0.013767240113665013,-0.44052108794101486,-0.1200000000000001,-0.7213784136997552,0.31240228880438775,-0.7962727234378989,0.12397680041345083,0.0,,,0.0,0.0,0.0,,0.0,,,
2017-10-25,-0.005542297990038136,0.0026866260642779416,0.01984185123577653,0.013790332364151623,-0.6042192385573131,-0.10000000000000009,-0.7125047375510442,0.30363769423817816,-0.7167053604192163,0.15224369275529548,0.0,,,0.0,0.0,0.0,,0.0,,,
2017-10-26,0.008777007308479412,0.025980485615884508,0.02758235309695234,0.01365696025986323,-1.0719940755601565,-0.1299999999999999,-0.7037087290822328,0.2948574537856045,-0.888243947663263,-0.11649220949758488,0.0,,,0.0,0.0,0.0,,0.0,,,
2017-10-27,0.02365419089788956,0.046131364250288076,0.0491238872140487,0.01456552904471092,-1.0014634695485913,-0.029999999999999805,-0.6949881282409517,0.2860590480339913,-0.579329923239554,0.21479139409056336,0.0,,,0.0,0.0,0.0,,0.0,,,
2017-10-30,0.004627495532048442,0.04243918327515672,0.05034129613583804,0.013483820743429575,-0.6182708198832154,0.009999999999999787,-0.6863407401001792,0.27723990185049013,-0.4271664984221499,0.3423972481349918,0.0,,,0.0,0.0,0.0,,0.0,,,
2017-10-31,0.004238465757325116,0.035754861505704394,0.05079933602093645,0.013395055601728987,-0.36130183559286433,0.040000000000000036,-0.6777644319273287,0.2683973794817007,-0.6047220978125288,0.19155062562537006,0.0,,,0.0,0.0,0.0,,0.0,,,
2017-11-01,-0.0014722122644350577,0.03982494723130747,0.045182058679846815,0.013132254647668524,-0.36250879788564117,0.06999999999999984,-1.4646479181379957,-2.3996722521275515,-0.6405291412513736,0.07617621916784267,0.674274621317883,,,0.0,0.0,0.0,,0.0,,,
2017-11-02,0.004410150477552666,0.035458090400380726,0.046030464527184733,0.012830003054023088,0.08455614295005409,0.10999999999999988,-1.4381542373795175,-2.3382399067190183,-0.5413253644072891,0.3469185832559739,0.674274621317883,,,0.0,0.0,0.0,,0.0,,,
2017-11-03,0.019967989637799555,0.03177188914029072,0.05993939684808636,0.010630323720773806,0.1883200549266828,0.08000000000000007,-1.4124856295452604,-2.280517028173174,-0.40137344609859094,0.17795647714096308,0.674274621317883,,,0.0,0.0,0.0,,0.0,,,
2017-11-06,0.030270476520137812,0.05741487012838009,0.08293060751980796,0.011928403420926392,0.16201821252713744,0.050000000000000266,-1.3875926590239709,-2.226128864633102,-0.40137344609859094,0.17795647714096308,0.674274621317883,,,0.0,0.0,0.0,,0.0,,,
2017-11-07,-0.002618945189627908,0.05055745918142707,0.07449675609535245,0.011198224394467125,-0.12468114184311929,0.06000000000000005,-1.3634298462362926,-2.174751747722935,-0.5223017920707238,0.08242030574180503,0.674274621317883,,,0.0,0.0,0.0,,0.0,,,
2017-11-08,-0.0068415318167165395,0.045188139629145585,0.06255414355902111,0.011539347365731364,0.09007622935716109,0.050000000000000266,-1.3399552647238122,-2.1261044611457534,-0.6006479609728372,0.03988118027853638,0.0,,,0.0,0.0,0.0,,0.0,,,
2017-11-09,0.00631691870684481,0.04709490785843773,0.06276717681674215,0.010653353466471678,-0.013626494207841233,0.020000000000000018,-1.3171301872104417,-2.079941328513852,-0.5120033887254497,0.029321975681839363,0.0,,,0.0,0.0,0.0,,0.0,,,
2017-11-10,-0.007549855895175206,0.01957706232546297,0.050323872566534256,0.010765682120137518,-0.013626494207841233,-0.06000000000000005,-1.294918773740908,-2.0360466296895363,-0.6730130130466766,-0.27163956694808566,0.0,,,0.0,0.0,0.0,,0.0,,,
2017-11-13,0.000352422911136685,-0.010340991283538159,0.046171732281244715,0.01078307278430122,-0.05692818724003512,-0.08000000000000007,-1.2732877960976354,-1.9942300539379176,-0.661542186848668,-0.27163956694808566,0.0,,,0.0,0.0,0.0,,0.0,,,
2017-11-14,-0.018851705358603255,-0.026573751452513505,0.02376768754839187,0.01196047798774373,0.3884957380704379,-0.06000000000000005,-1.2522063936003989,-1.9543229696988558,-0.5726845190443491,-0.050382726973625336,0.0,,,0.0,0.0,0.0,,0.0,,,
2017-11-15,-0.006664890023220238,-0.026397109659017204,0.01403766736188583,0.012177261356456867,0.1903423207259114,-0.010000000000000231,-1.2316458561398405,-1.9161753430503201,-0.3658945324082648,0.23475342856457243,0.0,,,0.0,0.0,0.0,,0.0,,,
2017-11-16,-0.003439851314367637,-0.03615387968022965,0.0069788358377946835,0.011572385165447941,0.2741061968796088,-0.040000000000000036,-1.2122618214356304,-1.8801789334002494,-0.5608118479366352,-0.048808459211185484,0.0,,,0.0,0.0,0.0,,0.0,,,
2017-11-17,0.02524979696647911,-0.0033542268185753343,0.027522328359400383,0.01254196166259863,0.2741061968796088,0.04999999999999982,-1.1933848759880588,-1.8456475341129317,-0.511734608591784,0.1612784044548926,0.0,,,0.0,0.0,0.0,,0.0,,,
2017-11-20,-0.008167659041883546,-0.011874308771595565,0.015472731650096883,0.01283048612751369,0.46822736491050065,0.029999999999999805,-1.1749954945997643,-1.8124773689672629,-0.7324926448893114,-0.07095045804064348,0.0,,,0.0,0.0,0.0,,0.0,,,
2017-11-21,0.013106811788784256,0.020084208375791945,0.024588404558360644,0.012902656496796663,0.47251494713015374,0.020000000000000018,-1.1570760250209342,-1.7805746866214023,-0.6445648847309818,-0.0718803656866327,0.0,,,0.0,0.0,0.0,,0.0,,,
2017-11-22,0.020723423384227502,0.047472521783239685,0.04000740299335437,0.01321418868408777,0.8231903402286966,0.010000000000000231,-1.1396106183097352,-1.7498545457619727,-0.48995888216506284,-0.12406434975679803,0.0,,,0.0,0.0,0.0,,0.0,,,
2017-11-23,0.0,0.05091237309760732,0.03514182840954394,0.01323851472812814,0.8231903402286966,0.010000000000000231,-1.1225851801563425,-1.7202397756361836,-0.48995888216506284,-0.12406434975679803,0.0,,,0.0,0.0,0.0,,0.0,,,
2017-11-24,0.01590184829012209,0.0415644244212503,0.046565719246244974,0.012764443759827064,0.8795368715405871,0.010000000000000231,-1.1059873434700647,-1.6916600827928678,-0.6046803755021706,-0.09294576691038658,0.0,,,0.0,0.0,0.0,,0.0,,,
2017-11-27,-0.01435186089636531,0.03538022256676854,0.02868486871787912,0.013440352369255214,1.0302903382081063,0.050000000000000266,-1.0898064631042896,-1.6640512803201388,-0.5975231352517361,0.13496950963757537,0.0,,,0.0,0.0,0.0,,0.0,,,
2017-11-28,-0.0020671841986654726,0.02020622657931881,0.023403977385012098,0.013496674265765573,0.6136085952057391,0.020000000000000018,-1.0740336342456738,-1.6373546201981788,-0.5643719141810182,0.08019297054996366,0.0,,,0.0,0.0,0.0,,0.0,,,
2017-11-29,-0.011969958167655115,-0.012487154972563808,0.008745199378317636,0.013886987143258,0.21408569940088995,-0.050000000000000266,-1.058661736757557,-1.611516212841186,-0.6426401373140468,-0.15268125514898395,0.0,,,0.0,0.0,0.0,,0.0,,,
2017-11-30,0.0017436796048269088,-0.010743475367736899,0.007933382687740576,0.013882390651796667,0.21408569940088995,-0.050000000000000266,-1.0436855086890444,-1.5864865206758054,-0.6538941401924878,-0.15268125514898395,0.0,,,0.0,0.0,0.0,,0.0,,,
2017-12-01,0.01658642032906421,-0.010058903328794777,0.022133385186837273,0.013678247787642175,-0.10543029648635294,-0.03000000000000025,-0.8087280173119582,0.24286604111922813,-0.5902920506850833,0.014388324817087295,-0.4991266880140621,,,0.0,0.0,0.0,,0.0,,,
2017-12-04,-0.015367651134934768,-0.011074693567364235,0.006661222604687822,0.012541172381281206,-0.2573705700295026,-0.050000000000000266,-0.7957459156791725,0.2370605960734106,-0.7538989949258628,-0.1563758596741267,-0.4991266880140621,,,0.0,0.0,0.0,,0.0,,,
2017-12-05,0.0026066571367318048,-0.006400852231966958,0.008902088177888956,0.012535879580456369,-0.17107608398050367,-0.020000000000000018,-0.7829538018124758,0.23125530574135342,-0.7953981741637636,-0.2310262599827454,-0.4991266880140621,,,0.0,0.0,0.0,,0.0,,,
2017-12-06,-0.02923257985910155,-0.02366347392341339,-0.019576730842625345,0.014113948660812945,-0.4936257381499498,0.040000000000000036,-0.7703512971621514,0.22544955091086408,-0.5238425487208135,0.1187975885932333,-0.4991266880140621,,,0.0,0.0,0.0,,0.0,,,
2017-12-07,0.012960678538931347,-0.012446474989308953,-0.006194479456709701,0.014365074147813349,-0.5006119596468794,0.04999999999999982,-0.7579393655052444,0.21964270937664662,-0.6899678007518953,-0.03607366055940753,-0.4991266880140621,,,0.0,0.0,0.0,,0.0,,,
2017-12-08,0.011749367955152579,-0.017283527363220585,0.005011500152908965,0.014508524044240953,-0.9860061575448942,-0.009999999999999787,-0.7457205332719307,0.21383415558388383,-0.5306008144214539,0.05969123626362938,0.0,,,0.0,0.0,0.0,,0.0,,,
2017-12-11,0.01092338559698458,0.009007509368698763,0.014862949270068704,0.014692584490934567,-0.6211219507776367,-0.020000000000000018,-0.733699171635386,0.20802326026589682,-0.4907418118735079,0.26315718305235486,0.0,,,0.0,0.0,0.0,,0.0,,,
2017-12-12,-0.014766185085721695,-0.008365332853754737,-0.0011794483091227548,0.014427000925285939,-0.9330213909793272,-0.040000000000000036,-0.7218818590358527,0.20220939007535932,-0.6153847573468171,0.1800134168169465,0.0,,,0.0,0.0,0.0,,0.0,,,
2017-12-13,-0.00949541159349021,0.011371835411856601,-0.011809546317569364,0.014522568538110155,-0.36510867124073254,-0.029999999999999805,-0.7102778496832602,0.19639190720852634,-0.45272637721876535,0.07111617150204813,0.0,,,0.0,0.0,0.0,,0.0,,,
2017-12-14,0.0077437908969031355,0.006154947769828389,-0.005759623946185677,0.014552437155080596,-0.06440408655188357,0.020000000000000018,-0.6988996834113471,0.19057016902191865,-0.41139788834570656,0.2785699124061888,0.0,,,0.0,0.0,0.0,,0.0,,,
2017-12-15,0.004547847614653655,-0.0010465725706705342,-0.001870547389460242,0.013485918606333056,0.08873720750210978,0.029999999999999805,-0.6877639865251423,0.18474352764088248,-0.45061323396702935,0.07998758045442456,0.0,,,0.0,0.0,0.0,,0.0,,,
2017-12-18,-0.002446270659027583,-0.014416228826682698,-0.0052616585255576,0.013348819608730167,0.15673007588039578,-0.0,-0.6750312755171244,0.17869412061821663,-0.2877370432179222,0.2030047686555857,0.0,,,0.0,0.0,0.0,,0.0,,,
2017-12-19,0.005234700489476829,0.005584656748515826,-0.0005781929481871728,0.013084783367886028,0.354999130211775,-0.06000000000000005,-0.6623855726675879,0.1726369258832273,-0.4098931471217557,0.2054916102250614,0.0,,,0.0,0.0,0.0,,0.0,,,
2017-12-20,0.010904478453298339,0.025984546795304375,0.010265997839551844,0.012457235141403697,0.3952338287086299,-0.13000000000000034,-0.6498222348391626,0.1665711875448387,-0.5307077951383037,-0.07798141791953833,0.0,,,0.0,0.0,0.0,,0.0,,,
2017-12-21,0.004637191650143535,0.022877947548544775,0.014611042241629235,0.012499138240100518,0.1896672316775705,-0.1299999999999999,-0.6373370480294356,0.16049614076481855,-0.5307077951383037,-0.07798141791953833,0.0,,,0.0,0.0,0.0,,0.0,,,
2017-12-22,0.0018830785329937427,0.020213178466884862,0.016902912014413296,0.01195910285011634,0.026005906670301115,-0.1299999999999999,-0.6249263051326713,0.15441101119828657,-0.6481380339872684,-0.1975248000202391,0.0,,,0.0,0.0,0.0,,0.0,,,
2017-12-26,0.02533063499283994,0.047990084118752385,0.04065821345258236,0.012787239786827389,-0.06059043212158777,-0.08000000000000007,-0.612586910740105,0.14831501441705675,-0.694595357013819,-0.4068583137958968,0.0,,,0.0,0.0,0.0,,0.0,,,
2017-12-27,-0.005517947283880886,0.03723743634539467,0.033737470768292255,0.012862036826356126,0.24314851226766576,0.040000000000000036,-0.600316522006718,0.14220735531469836,-0.452838788695917,-0.04294564157416131,0.0,,,0.0,0.0,0.0,,0.0,,,
2017-12-28,0.0033478437696841112,0.029680801661780443,0.034916629040699476,0.012474033571858783,0.28934616068230223,0.06000000000000005,-0.5881137381875988,0.13608722749214786,-0.5357947584130055,-0.005086963274701817,0.0,,,0.0,0.0,0.0,,0.0,,,
2017-12-29,0.009645842292304252,0.03468945230394116,0.041998677701354126,0.012584522223867292,0.7217803976601544,0.08000000000000007,-0.5759783566516313,0.1299538126226347,-0.4522207173409725,-0.005086963274701817,0.0,,,0.0,0.0,0.0,,0.0,,,
2018-01-02,-0.0008278831501913331,0.031978490620756084,0.039477716093474946,0.01215847182674062,1.3098145179510023,0.020000000000000018,-0.7144586378444598,0.3490630344623313,-0.3701273516047024,0.27801068238256604,0.26814401058907755,,,0.0,0.0,0.0,,0.0,,,
2018-01-03,0.020656472165816453,0.027304327793732597,0.05663990363656701,0.012166379991359286,1.1720573314182081,0.03000000000000025,-0.7039645118292905,0.34123927658127595,-0.6573455350455298,0.03724982196828919,0.26814401058907755,,,0.0,0.0,0.0,,0.0,,,
2018-01-04,0.006146897387635519,0.038969172465249,0.05911550438893265,0.012178533847163804,1.242701070675012,-0.040000000000000036,-0.6938318630437444,0.3334194453484927,-0.6558490340236779,-0.2030102453277609,0.26814401058907755,,,0.0,0.0,0.0,,0.0,,,
2018-01-05,-0.009234573522370226,0.026386755173194665,0.045209733914454375,0.00995230052738556,1.0548756100959733,-0.040000000000000036,-0.684108660831056,0.32560199030422593,-0.6571579120372139,-0.12136315362420835,0.26814401058907755,,,0.0,0.0,0.0,,0.0,,,
2018-01-08,0.004708947566387955,0.02144986044727837,0.04566007107736336,0.009759742222892744,0.46348826244591024,-0.0900000000000003,-0.6748570789133703,0.31778535005471825,-0.5739440431835562,-0.12172332584258366,0.26814401058907755,,,0.0,0.0,0.0,,0.0,,,
2018-01-09,0.019729567703342887,0.04200731130081259,0.060732018389817455,0.010233725690254667,-0.23530592049760823,-0.08999999999999986,-0.666158342800336,0.30996795053655457,-0.6129551993915351,-0.2428278477868327,0.0,,,0.0,0.0,0.0,,0.0,,,
2018-01-10,0.009642056839170188,0.030992895974166323,0.06578052127598877,0.010196378075943244,0.04294502580804993,-0.10999999999999988,-0.6581197215402398,0.3021482032341842,-0.7679335674791636,-0.1105880324336338,0.0,,,0.0,0.0,0.0,,0.0,,,
2018-01-11,0.00361152940242615,0.028457527988956954,0.06387961100100892,0.009132458735521723,-0.010139051149238298,-0.08000000000000007,-0.6508848568179091,0.2943245033454125,-0.6431099203414147,0.012739113682263214,0.0,,,0.0,0.0,0.0,,0.0,,,
2018-01-12,0.007806440892830224,0.045498542404157405,0.0653085195921177,0.008428315013591316,0.41024384176988615,-0.07999999999999963,-0.6446494505370778,0.2864952278893655,-0.5975608196977771,0.059597092339436775,0.0,,,0.0,0.0,0.0,,0.0,,,
2018-01-15,0.0,0.04078959483776945,0.05931817683524088,0.008539386537303417,0.41024384176988615,-0.07999999999999963,-0.6396858726414945,0.2786587337511116,-0.5975608196977771,0.059597092339436775,0.0,,,0.0,0.0,0.0,,0.0,,,
2018-01-16,-0.008904221917370947,0.012155805217055615,0.04509621563759403,0.009165785009885477,1.4382748345124208,0.009999999999999787,-0.6363832622782984,0.2708133556567624,-0.6371086268242165,-0.02415342743268145,0.0,,,0.0,0.0,0.0,,0.0,,,
2018-01-17,0.0037588141358426697,0.006272562513728097,0.04322703625341795,0.00899252884490979,1.3458240595468296,-0.020000000000000018,-0.635315936367521,0.26295740407248613,-0.7038556983052022,0.06407786917396141,0.0,,,0.0,0.0,0.0,,0.0,,,
2018-01-18,-0.0003126954371941437,0.0023483376741078033,0.037563717092538695,0.009090319753811789,1.2999503145527225,-0.08000000000000007,-0.6224976997327795,0.2625277725179515,-0.6146246566445978,0.02848526369681692,0.0,,,0.0,0.0,0.0,,0.0,,,
2018-01-19,-0.009110964689425849,-0.01456906790814827,0.024102900836563634,0.009537476467976445,0.8774024113644474,-0.0900000000000003,-0.6097146514354612,0.2620982700803007,-0.5716716555341653,0.025889164163611755,0.0,,,0.0,0.0,0.0,,0.0,,,
2018-01-22,0.0018918498469329137,-0.012677218061215356,0.0217821662071076,0.009552866897363321,0.8774024113644474,-0.0900000000000003,-0.5969586949720361,0.2616688964844575,-0.5716716555341653,0.025889164163611755,0.0,,,0.0,0.0,0.0,,0.0,,,
2018-01-23,0.015317586140169759,0.01154458999632535,0.03221544249052943,0.009848211746558392,0.2990164491358138,-0.08999999999999986,-0.5842215268449419,0.2612396514557025,-0.5292646703745076,0.1078439564497089,0.0,,,0.0,0.0,0.0,,0.0,,,
2018-01-24,0.017528124034257964,0.025313899894740644,0.04524938221596919,0.009123503724526798,0.9915619226907202,-0.08000000000000007,-0.5714945941950839,0.26081053471967225,-0.7147116605534148,-0.010855962248212614,0.0,,,0.0,0.0,0.0,,0.0,,,
2018-01-25,-0.0015253206130010355,0.02410127471893375,0.039030245960606,0.008934624225907418,1.4438465560238867,-0.009999999999999787,-0.5587690484364637,0.2603815460023585,-0.6388997097771718,-0.024275053132574054,0.0,,,0.0,0.0,0.0,,0.0,,,
2018-01-26,0.009570904809860892,0.04278314421822049,0.04359618207609639,0.008993450029225846,1.16206789537312,-0.020000000000000018,-0.5460356943054554,0.2599526850301065,-0.8891827813745604,-0.3175111258403951,0.0,,,0.0,0.0,0.0,,0.0,,,
2018-01-29,-0.008807953678017455,0.032083340693270124,0.03070594950222283,0.00942838020514713,0.9183494130814873,-0.040000000000000036,-0.5332849337065123,0.25952395152961494,-0.8891827813745604,-0.3175111258403951,0.0,,,0.0,0.0,0.0,,0.0,,,
2018-01-30,-0.01630053007390231,0.00046522447919805643,0.011096772878651073,0.010433679732888541,0.8254790139437973,-0.10000000000000009,-0.5205067037347285,0.25909534522793454,-0.7743169286043559,-0.24505225822984822,0.0,,,0.0,0.0,0.0,,0.0,,,
2018-01-31,0.003559548755692532,-0.013503350799367375,0.01220252125518062,0.009605021826341556,0.2900629621536033,-0.07000000000000028,-0.5076904083125912,0.25866686585246623,-0.7316129302451759,-0.01690126969176109,0.0,,,0.0,0.0,0.0,,0.0,,,
2018-02-01,0.016395065773852302,0.004417035587485962,0.02563137823055861,0.01007430579803212,0.016431122611848537,-0.1499999999999999,-1.8188492614844756,-3.9318845925631303,-0.7288323464995128,-0.08993263672234098,0.6642078703563259,,,0.0,0.0,0.0,,0.0,,,
2018-02-02,-0.005333345975362391,-0.01048721519773732,0.01713676207937187,0.009861150915848396,-0.39740896850815055,-0.17999999999999972,-1.797811834509312,-3.6690113272879783,-0.6881314463389483,0.20105133503561212,0.6642078703563259,,,0.0,0.0,0.0,,0.0,,,
2018-02-05,-0.020062401294263843,-0.02174166281398371,-0.004848341947684354,0.011130485106334029,-0.2014672190988609,-0.06999999999999984,-1.7786296379681572,-3.4491091780427285,-0.43687766977381803,0.20105133503561212,0.6642078703563259,,,0.0,0.0,0.0,,0.0,,,
2018-02-06,-0.011917970765570551,-0.01735910350565195,-0.01710663852260108,0.010707271861476903,-0.38653152379315436,-0.06000000000000005,-1.7613319930267508,-3.2614376648191556,-0.4407178704805268,0.33359905812382906,0.6642078703563259,,,0.0,0.0,0.0,,0.0,,,
2018-02-07,-0.025564581223186167,-0.04648323348453065,-0.041251213652016006,0.011922633018154575,-0.8877995234598757,-0.11999999999999966,-1.745971671224213,-3.0986792807262895,-0.625613530298261,0.10599939994691499,0.6642078703563259,,,0.0,0.0,0.0,,0.0,,,
2018-02-08,-0.010411676939707348,-0.0732899761980903,-0.04954172418084557,0.012023082324325501,-1.7042343857553321,-0.07000000000000028,-1.7326282647484192,-2.955652793443398,-0.5525101958704788,0.176322150629034,0.0,,,0.0,0.0,0.0,,0.0,,,
2018-02-09,-0.0324083202432206,-0.10036495046594851,-0.07781813995638487,0.013542192570664994,-1.0671698014565578,0.009999999999999787,-1.7214128415276433,-2.828572406151062,-0.2241218104801486,0.46400963585879973,0.0,,,0.0,0.0,0.0,,0.0,,,
2018-02-12,0.0015191158293159646,-0.0787834333423687,-0.07224307545085384,0.013570817419084452,-0.6551756265722464,-0.08999999999999986,-1.7124743111137797,-2.7145986109134896,-0.2241218104801486,0.46400963585879973,0.0,,,0.0,0.0,0.0,,0.0,,,
2018-02-13,-0.0016880490166428785,-0.06855351159344103,-0.07023598443631851,0.013531001753926785,-0.22042328711575632,-0.040000000000000036,-1.706008126161795,-2.611554027464351,-0.26319490164283604,0.17752296883769075,0.0,,,0.0,0.0,0.0,,0.0,,,
2018-02-14,0.023542284372635613,-0.01944664599761925,-0.04398773354434393,0.014770915111745709,0.23060319818043462,-0.07000000000000028,-1.7022682483221885,-2.5177370648109823,-0.45060467132653703,0.1750088589717239,0.0,,,0.0,0.0,0.0,,0.0,,,
2018-02-15,0.0121372656108365,0.0031022965529245994,-0.029766999466570354,0.01513494118470015,1.2149304032686215,-0.04999999999999982,-1.7015837842428987,-2.4317959382376926,-0.5163977794943274,0.03611241637615137,0.0,,,0.0,0.0,0.0,,0.0,,,
2018-02-16,0.005527570568968798,0.041038187365114,-0.022887887193584255,0.015131163946159796,1.1290599695912173,-0.040000000000000036,-1.704382465982056,-2.3526412150961935,-0.5493763887282865,-0.32525457824813797,0.0,,,0.0,0.0,0.0,,0.0,,,
2018-02-19,0.0,0.039519071535798034,-0.02144175299721951,0.015115726293775718,1.1290599695912173,-0.040000000000000036,-1.7112244262143539,-2.2793836925482585,-0.5493763887282865,-0.32525457824813797,0.0,,,0.0,0.0,0.0,,0.0,,,
2018-02-20,0.003560450435475815,0.04476757098791673,-0.01584731158014474,0.014650939442725587,0.12296139290666197,-0.04999999999999982,-1.6826015742315121,-2.215390885346047,-0.6996114544392631,-0.43641655279642705,0.0,,,0.0,0.0,0.0,,0.0,,,
2018-02-21,-0.003560450435475815,0.0176648361798053,-0.016319342310535667,0.013909042572608875,-0.3710834090915549,-0.029999999999999805,-1.6549528937505618,-2.1555530724797953,-0.6521823634298647,-0.20157769210332765,0.0,,,0.0,0.0,0.0,,0.0,,,
2018-02-22,0.017517523074365826,0.023045093643334624,0.0033344582845487025,0.01465353908162866,-0.8226256160812406,-0.020000000000000018,-1.6282192305314989,-2.0994231128385428,-0.6101832553798189,-0.09378547588549146,0.0,,,0.0,0.0,0.0,,0.0,,,
2018-02-23,0.01234974530602262,0.029867268380388445,0.01768153908647907,0.014782989132623143,-0.6021344240577209,-0.009999999999999787,-1.6023463376926295,-2.0466192515724866,-0.4283160816316063,0.12106030709668025,0.0,,,0.0,0.0,0.0,,0.0,,,
2018-02-26,0.005648846026727661,0.035516114407116106,0.024604880623878778,0.014785889797868133,-0.6021344240577209,-0.009999999999999787,-1.57728436257361,-1.996813360789634,-0.3926503612091928,0.12106030709668025,0.0,,,0.0,0.0,0.0,,0.0,,,
2018-02-27,-0.014182399708226434,0.017773264263413857,0.011591069908040375,0.014679803808822495,-0.5093616811723045,-0.020000000000000018,-1.5529873977547737,-1.949721674505796,-0.49331341234038517,0.20629804209887792,0.0,,,0.0,0.0,0.0,,0.0,,,
2018-02-28,-0.02198243350204887,-0.0006487188031591984,-0.007945675488732817,0.015342883403045684,-0.48429606954432103,0.06999999999999984,-1.5294130869573868,-1.9050974163715784,-0.3894227148802477,0.262759648549617,0.0,,,0.0,0.0,0.0,,0.0,,,
2018-03-01,-0.01060109414355015,-0.028767336021075174,-0.014751273531137699,0.014775111291184053,-0.6202093693332911,0.10999999999999988,-2.3642301540779957,-0.2569567924292469,-0.2143853516242329,0.395797903755586,-0.1746890827196257,,,0.0,0.0,0.0,,0.0,,,
2018-03-02,0.004253933116471487,-0.036863148210626306,-0.007181208268112194,0.014877759615128059,-0.6202093693332911,0.020000000000000018,-2.2961772226978217,-0.24618204191204768,-0.35982798165727553,0.06848809997433075,-0.1746890827196257,,,0.0,0.0,0.0,,0.0,,,
2018-03-05,0.02132208058543572,-0.021189913651918246,0.015387780369891857,0.015298051340271077,-0.5817067295866618,-0.020000000000000018,-2.23264221303859,-0.23532156790540204,-0.580208509868778,-0.18755814865958526,-0.1746890827196257,,,0.0,0.0,0.0,,0.0,,,
2018-03-06,0.00047934809578009663,-0.0065281658479117155,0.01649417057517244,0.015092697478720272,0.3477759258078139,0.020000000000000018,-2.173122456447123,-0.2243682712815055,-0.547690313483482,-0.05437690114309679,-0.1746890827196257,,,0.0,0.0,0.0,,0.0,,,
2018-03-07,-0.023435415972871354,-0.0079811483187342,-0.006420661550712303,0.014913990641977326,0.27603946109568955,-0.020000000000000018,-2.1171904007790565,-0.21331464402699957,-0.3726524545688763,0.01677026031137141,-0.1746890827196257,,,0.0,0.0,0.0,,0.0,,,
2018-03-08,-0.01698729724840753,-0.014367351423591579,-0.0225585939366999,0.015213000342615957,0.2475680835263505,-0.04999999999999982,-2.064479743483547,-0.2021527281005478,-0.4547031615885103,-0.24031780996427743,0.0,,,0.0,0.0,0.0,,0.0,,,
2018-03-09,0.031436773423564546,0.01281548888350148,0.0065352896659449655,0.014938275583023216,0.2475680835263505,-0.040000000000000036,-2.0146745723926482,-0.19087406954765962,-0.8433136684127237,-0.4834856867554482,0.0,,,0.0,0.0,0.0,,0.0,,,
2018-03-12,-0.011021181249337708,-0.01952777295127195,-0.006201766550378629,0.015234908511865262,0.385377080768623,0.009999999999999787,-1.9675007721609923,-0.17946966718457694,-0.7007324752442473,-0.12052396537546928,0.0,,,0.0,0.0,0.0,,0.0,,,
2018-03-13,-0.010649727916657525,-0.03065684896370957,-0.01811928548902131,0.0154702637709073,0.054268722013339765,0.040000000000000036,-1.9227191578776996,-0.16792991504598484,-0.6311887899612199,-0.08349847647773789,0.0,,,0.0,0.0,0.0,,0.0,,,
2018-03-14,0.004109482236048123,-0.0031119507547900938,-0.014305954168129631,0.014582420250120614,0.21167330150214658,0.08000000000000007,-1.8801199398743447,-0.15624453765099647,-0.3610560154419005,0.011596439126975777,0.0,,,0.0,0.0,0.0,,0.0,,,
2018-03-15,0.0037658660960584456,0.01764121258967588,-0.010417669011488329,0.014342824239942849,0.059020699732426074,0.040000000000000036,-1.8395182249630828,-0.14440251697300965,-0.4048799762010738,0.04982318538743652,0.0,,,0.0,0.0,0.0,,0.0,,,
2018-03-16,0.018619496864741514,0.004823936030852849,0.007669650599048339,0.014902106243592653,-0.47274445669598375,0.04999999999999982,-1.800750332191864,-0.1323920097949703,-0.4061617412183048,0.4371519271944189,0.0,,,0.0,0.0,0.0,,0.0,,,
2018-03-19,-0.004501615318956986,0.01134350196123357,0.002860938791832801,0.01494450306868167,-0.343419446045079,0.020000000000000018,-1.7636707542964125,-0.12020025388389356,-0.4061617412183048,0.4371519271944189,0.0,,,0.0,0.0,0.0,,0.0,,,
2018-03-20,0.021362202422945842,0.04335543230083694,0.023025957127146945,0.015661406340614165,-0.7025350292931831,-0.050000000000000266,-1.7281496351670844,-0.10781346111646295,-0.36077264573709683,0.270416144224123,0.0,,,0.0,0.0,0.0,,0.0,,,
2018-03-21,0.02753537890110902,0.06678132896589783,0.04780936047379569,0.01667495950033982,-0.7025350292931831,-0.08000000000000007,-1.6972876213698507,-0.10049736318512337,-0.203854391204081,0.15720162423781953,0.0,,,0.0,0.0,0.0,,0.0,,,
2018-03-22,-0.013439609100714733,0.049575853769124656,0.033165632427373026,0.0166690069019997,0.19380203173288146,-0.010000000000000231,-1.667805622006824,-0.09314783641781553,-0.16623180856893877,0.23864816763213503,0.0,,,0.0,0.0,0.0,,0.0,,,
2018-03-23,0.024275274065865382,0.055231630970248524,0.055640511109540824,0.017290402465079204,0.630526443930457,0.03000000000000025,-1.639626804251296,-0.08576319035260097,-0.1286556538334802,0.2775060873848246,0.0,,,0.0,0.0,0.0,,0.0,,,
2018-03-26,-0.005021695099730827,0.05471155118947468,0.04935194768243356,0.0173299856569012,1.0456587068213397,-0.0,-1.6126835447343013,-0.07834168659102779,-0.46646026525414785,0.2775060873848246,0.0,,,0.0,0.0,0.0,,0.0,,,
2018-03-27,-0.004587164006905731,0.02876218475962311,0.04301815356308669,0.017009635100554595,1.0686177189242363,0.11000000000000032,-1.5869166178735519,-0.07088153605180558,0.04369478859729099,0.4044674343343878,0.0,,,0.0,0.0,0.0,,0.0,,,
2018-03-28,-0.013423020332140823,-0.012196214473626732,0.027420532460007863,0.01648063088937719,1.0686177189242363,0.1200000000000001,-1.56227454333667,-0.06338089606536951,-0.1344085619338477,0.0694458292702333,0.0,,,0.0,0.0,0.0,,0.0,,,
2018-03-29,0.008660740804037559,0.00990413543112556,0.03294358074572834,0.01625603274808511,0.3041849740956559,0.08999999999999986,-1.5387130757972252,-0.055837867297151705,-0.2295147022288436,-0.06328289365990483,0.0,,,0.0,0.0,0.0,,0.0,,,
2018-04-02,-0.0301703227207355,-0.04454146135547532,0.0013567782985370869,0.017873590971368883,0.042877229128668315,0.08999999999999986,-2.9088129641995155,0.8048429473352546,-0.0487878714390062,0.07986778239447401,0.08495234988679101,,,0.0,0.0,0.0,,0.0,,,
2018-04-03,0.00790392986091959,-0.0316158363948249,0.00851513596922615,0.01733067186001537,-0.35500396988670246,0.06000000000000005,-2.8087002645045303,0.8058174229100894,-0.15051533152286445,0.3159449337312834,0.08495234988679101,,,0.0,0.0,0.0,,0.0,,,
2018-04-04,-0.0022068104794579213,-0.029235482867377094,0.005697061228299383,0.01734324754242121,-0.27968275292795663,-0.010000000000000231,-2.7177499792950397,0.806793323580391,-0.15551080206951812,-0.1992055906668091,0.08495234988679101,,,0.0,0.0,0.0,,0.0,,,
2018-04-05,0.0026790655059443225,-0.013133397029291949,0.006459138398834163,0.016394657563051918,-0.143901878997843,-0.06000000000000005,-2.6346855773031153,0.807770653840085,-0.2682397535909015,-0.13383119165705382,0.08495234988679101,,,0.0,0.0,0.0,,0.0,,,
2018-04-06,-0.02356796982113618,-0.04536210765446569,-0.018696786129074994,0.01685363767046008,-0.11480053870802642,-0.029999999999999805,-2.5584747646163946,0.8087494182024684,-0.0,0.2295147022288436,0.08495234988679101,,,0.0,0.0,0.0,,0.0,,,
2018-04-09,0.02167761008996738,0.0064858251562371905,0.0018808274207993136,0.016066862207981314,0.15941944211551595,-0.04999999999999982,-2.4882733743971883,0.8097296212003204,-0.11189206599306394,-0.06310419455405773,0.0,,,0.0,0.0,0.0,,0.0,,,
2018-04-10,0.03242353363358408,0.03100542892890168,0.031032128770144496,0.017236140161203357,0.18268465560455915,-0.009999999999999787,-2.4233843786615785,0.8107112673860112,-0.34245664564856915,-0.1919413141257047,0.0,,,0.0,0.0,0.0,,0.0,,,
2018-04-11,0.019799634184824555,0.053011873593184156,0.046037062565654985,0.017286413710750227,0.47725623652287164,-0.0,-2.3632274493609113,0.8116943613316123,-0.3480004640009364,-0.1924896619314183,0.0,,,0.0,0.0,0.0,,0.0,,,
2018-04-12,0.0037344131830359117,0.054067221270275745,0.04499552881202895,0.01728739962760763,0.40620785106207924,-0.0,-2.3073160247180726,0.8126789076290084,-0.29414381667041417,-0.02590406307951265,0.0,,,0.0,0.0,0.0,,0.0,,,
2018-04-13,0.004759788846479651,0.08239497993789158,0.044929674584324175,0.01728577165956409,0.5119279775412267,-0.04999999999999982,-2.2552398117484036,0.8136649108900094,-0.35447116557218566,-0.35447116557218566,0.0,,,0.0,0.0,0.0,,0.0,,,
2018-04-16,-0.01751410683902499,0.043203263008899206,0.024396604856303128,0.017652601259667652,0.4390337351997009,-0.050000000000000266,-2.206651292387736,0.8146523757464625,-0.46941302211389463,-0.3575209561208307,0.0,,,0.0,0.0,0.0,,0.0,,,
2018-04-17,0.004520122205626365,0.015299851580941493,0.025446677296705467,0.017565362280317826,0.30875724974129826,-0.020000000000000018,-2.1612552251143144,0.815641306850367,-0.40957359178485175,-0.06711694613628261,0.0,,,0.0,0.0,0.0,,0.0,,,
2018-04-18,0.028893038808244675,0.024393256204361613,0.050493124520460064,0.018043311428861276,0.011948948119155922,-0.08000000000000007,-2.1188004226728636,0.8166317088739873,-0.637187020847719,-0.2891865568467826,0.0,,,0.0,0.0,0.0,,0.0,,,
2018-04-19,-0.002632350159973207,0.018026492861352494,0.04552256922905151,0.0172000215832478,-0.21362562389029005,-0.08999999999999986,-2.079073286639593,0.8176235865099691,-0.8570728102256064,-0.5629289935551922,0.0,,,0.0,0.0,0.0,,0.0,,,
2018-04-20,0.001317041238157124,0.014583745253029967,0.04376357281882992,0.016799419670601907,-0.8783365411873634,-0.14000000000000012,-2.041892720913627,0.818616944471455,-0.9948824506821193,-0.6404112851099337,0.0,,,0.0,0.0,0.0,,0.0,,,
2018-04-23,0.0037950709685512507,0.03589292306060621,0.045506616293867985,0.0160465227785973,-1.750148282030084,-0.1499999999999999,-1.9888079411188069,0.8066710254237364,-0.8540484684967647,-0.3846354463828701,0.0,,,0.0,0.0,0.0,,0.0,,,
2018-04-24,-0.013789275261477663,0.01758352559350218,0.03010369254696421,0.016366513905486664,-1.6407809078202718,-0.18000000000000016,-1.9386685424891401,0.7948610399007716,-1.0,-0.5904264082151482,0.0,,,0.0,0.0,0.0,,0.0,,,
2018-04-25,0.005156549179245573,-0.006152964035496922,0.03315940758147562,0.016317165393954707,-2.0867410577576573,-0.1599999999999997,-1.891190910031338,0.7831818125622525,-1.0,-0.36281297915228095,0.0,,,0.0,0.0,0.0,,0.0,,,
2018-04-26,0.00205519743508642,-0.001465416440437295,0.032339859983467,0.01590395698363245,-1.7158716030643673,-0.08000000000000007,-1.8461281699467649,0.7716283529158983,-1.0,-0.14292718977439356,0.0,,,0.0,0.0,0.0,,0.0,,,
2018-04-27,-0.0013207133770940516,-0.00410317105568847,0.028643474282334935,0.015869407443982065,-0.9195895310259772,-0.0,-1.8032642681301891,0.7601958443463201,-1.0,-0.14292718977439356,0.0,,,0.0,0.0,0.0,,0.0,,,
2018-04-30,0.006877908140806355,-0.0010203338834333664,0.03129329855602592,0.013911985599770083,-0.3700432925866526,0.029999999999999805,-1.7624091755344482,0.7488796337988597,-1.0,-0.14595153150323525,0.0,,,0.0,0.0,0.0,,0.0,,,
2018-05-01,-0.01943810281432512,-0.006669161436280824,0.008994213508347393,0.01484396161826491,-0.8768220783780922,0.029999999999999805,-3.9867777533637474,-0.9217508388236234,-1.0,0.0,-1.0513384696338113,,,0.0,0.0,0.0,,0.0,,,
2018-05-02,0.010060744721262616,-0.0017649658942637814,0.015580598236221377,0.014876951699185492,-0.747910049595446,0.05999999999999961,-3.716942334150745,-0.9155901379112401,-0.9887074942837414,0.011292505716258616,-1.0513384696338113,,,0.0,0.0,0.0,,0.0,,,
2018-05-03,0.007333561761195817,0.0035133984318456157,0.01920707519126541,0.014900243504777182,-0.7458537771820151,0.06000000000000005,-3.49184312726789,-0.9094806455477072,-0.8923076974395799,0.10769230256042006,-1.0513384696338113,,,0.0,0.0,0.0,,0.0,,,
2018-05-04,0.018675895687413124,0.02351000749635279,0.03206369279709875,0.013782592680917704,-0.9860451483189481,0.009999999999999787,-3.30016530030078,-0.9034214362510261,-1.0,0.10769230256042006,-1.0513384696338113,,,0.0,0.0,0.0,,0.0,,,
2018-05-07,0.014382590396079031,0.031014689751625468,0.04099175609629313,0.013432913461549983,-1.1302742090230078,-0.0,-3.134239140219369,-0.8974116068347916,-0.9811515707426736,0.018848429257326438,-1.0513384696338113,,,0.0,0.0,0.0,,0.0,,,
2018-05-08,-0.023894119086052434,0.026558673479898154,0.014458992549338134,0.013384696556036954,-1.201426950781137,-0.0,-2.988656279824816,-0.891450275708859,-0.9466144485762478,0.05338555142375223,0.0,,,0.0,0.0,0.0,,0.0,,,
2018-05-09,0.029674074558462493,0.04617200331709803,0.04100070062821537,0.014207839977442068,-0.6529445137864576,-0.029999999999999805,-2.8594783253980323,-0.885536582206595,-1.0,-0.011292505716258616,0.0,,,0.0,0.0,0.0,,0.0,,,
2018-05-10,0.003087721751445116,0.04192616330734733,0.04098839047165459,0.014207133571583805,-0.2039384536073996,-0.03000000000000025,-2.743759711601178,-0.8796696859375253,-0.9687225684379169,-0.07641487099833699,0.0,,,0.0,0.0,0.0,,0.0,,,
2018-05-11,-0.0092919153692268,0.013958352250707406,0.029299028405207928,0.014465827767088407,-0.03147392290250295,-0.020000000000000018,-2.639247210344089,-0.8738487661642489,-0.8106438470019369,0.18935615299806308,0.0,,,0.0,0.0,0.0,,0.0,,,
2018-05-14,0.0036707650987963802,0.0032465269534247554,0.029513103209893643,0.013685671958827668,0.14840995151580438,-0.04999999999999982,-2.5441836493109746,-0.8680730212025517,-0.746252303707189,0.23489926703548458,0.0,,,0.0,0.0,0.0,,0.0,,,
2018-05-15,0.0049202320388888054,0.032060878078365995,0.03095663946300764,0.01368760058351419,-0.1496447961967462,-0.10999999999999988,-2.457175648963234,-0.8623416678436986,-0.7702792880315352,0.17633516054471254,0.0,,,0.0,0.0,0.0,,0.0,,,
2018-05-16,0.0025210097385475194,0.0049078132584510215,0.031319554869265964,0.012311326475765652,-0.38329103604017867,-0.08999999999999986,-2.3771020747706646,-0.8566539407979419,-0.7061321243136593,0.29386787568634065,0.0,,,0.0,0.0,0.0,,0.0,,,
2018-05-17,0.0,0.0018200915070059054,0.029029843028978597,0.012271423761625287,-0.8601965490693253,-0.13999999999999968,-2.3030491722724595,-0.8510090921583277,-0.5631243077940863,0.40559826064383064,0.0,,,0.0,0.0,0.0,,0.0,,,
2018-05-18,-0.0029417966162057496,0.008170210260026955,0.024011276465201625,0.01232602016541661,-1.29882023526382,-0.08999999999999986,-2.234263653189444,-0.8454063908839289,-0.3855414173821637,0.42510242961977324,0.0,,,0.0,0.0,0.0,,0.0,,,
2018-05-21,0.0133781259461756,0.017877571107406176,0.03483347971492634,0.012579977891203457,-1.1153177305992301,-0.06000000000000005,-2.170118140600348,-0.839845122301674,-0.3814973868202614,0.36475491688692757,0.0,,,0.0,0.0,0.0,,0.0,,,
2018-05-22,-0.0015238625931486283,0.011433476475368742,0.030140423791910287,0.01202807716498387,0.031196843994207857,0.020000000000000018,-2.1100852997489006,-0.8343245876259878,-0.4577104947526846,0.3125687932788506,0.0,,,0.0,0.0,0.0,,0.0,,,
2018-05-23,-0.0040286225216368265,0.004883844215184396,0.023401866525450288,0.012123180853769141,-0.3472384436530307,0.08000000000000007,-2.055149771239113,-0.8207390271240885,-0.1662988836975856,0.5398332406160737,0.0,,,0.0,0.0,0.0,,0.0,,,
2018-05-24,-0.015854418377794666,-0.01097057416261027,0.00573299419347606,0.01281575423420423,-0.12015658072808133,0.1299999999999999,-2.0033824663419537,-0.8073081388525752,-0.042028925658125195,0.5210953821359611,0.0,,,0.0,0.0,0.0,,0.0,,,
2018-05-25,-0.04084556525012406,-0.04887434279652858,-0.03495078241717575,0.015981181110056586,0.11887168571329543,0.1299999999999999,-1.9544735189186613,-0.7940245873040264,0.04240516747398131,0.427946584856145,0.0,,,0.0,0.0,0.0,,0.0,,,
2018-05-28,0.0,-0.06225246874270418,-0.03444509837066345,0.015895494905561816,0.11887168571329543,0.1299999999999999,-1.9081542202331327,-0.7808812789567113,0.04240516747398131,0.427946584856145,0.0,,,0.0,0.0,0.0,,0.0,,,
2018-05-29,-0.01708681345051044,-0.077815419600066,-0.05114379224285237,0.01575618400132865,-0.9156927725741726,0.29000000000000004,-1.8641902583619512,-0.7678713433195251,0.7771448377832143,1.2348553325358989,0.0,,,0.0,0.0,0.0,,0.0,,,
2018-05-30,0.02193655475111278,-0.05185024232731639,-0.029412908414910177,0.016382034329943822,0.018085238774379064,0.16999999999999993,-1.8223762710875964,-0.7549881149629564,0.3069613790236511,0.4732602627212367,0.0,,,0.0,0.0,0.0,,0.0,,,
2018-05-31,-0.017301725492799847,-0.05329754944232157,-0.04568854046818149,0.016740130099985703,-0.44928400687067604,0.1499999999999999,-1.7825314211627032,-0.7422251164263185,0.4013526815357632,0.4433816071938884,0.0,,,0.0,0.0,0.0,,0.0,,,
2018-06-01,-0.01851765370580072,-0.030969637897998226,-0.061320423264793256,0.01650043932220834,-0.2170556252089284,0.040000000000000036,-1.852062513379493,0.21810925156101427,0.1803867236764979,0.1379815562025166,0.5826186100465591,,,0.0,0.0,0.0,,0.0,,,
2018-06-04,-0.01623810188837993,-0.047207739786378156,-0.0731417196297599,0.016232249510580818,-0.2170556252089284,0.040000000000000036,-1.8111427704513772,0.22399772311342664,-0.13619368160013715,0.1379815562025166,0.5826186100465591,,,0.0,0.0,0.0,,0.0,,,
2018-06-05,0.011821738965166695,-0.01829918737070102,-0.05868896804374124,0.01593865875783369,-0.04571675042128742,-0.1499999999999999,-1.7721288386466971,0.22992820197009095,0.09211273070867057,-0.6850321070745438,0.5826186100465591,,,0.0,0.0,0.0,,0.0,,,
2018-06-06,-0.012130666987395067,-0.05236640910920887,-0.0660983853329924,0.014116095650019722,-0.07110038138100627,-0.13000000000000034,-1.7348686796064412,0.23590177658738096,0.09327133605434274,-0.21369004296930838,0.5826186100465591,,,0.0,0.0,0.0,,0.0,,,
2018-06-07,0.018672106605904126,-0.016392577010504894,-0.04348424827166664,0.014973914868183762,-0.07420345139808049,-0.10000000000000009,-1.6992271187887664,0.24191956716401153,0.18842102325854135,-0.21293165827722185,0.5826186100465591,,,0.0,0.0,0.0,,0.0,,,
2018-06-08,-0.0031893109272500553,-0.0010642342319542308,-0.043036658965593944,0.014921245242519926,-0.25047730189178274,-0.040000000000000036,-1.6650835514321518,0.2479827269613619,0.18979591549807184,0.009409191821573931,0.0,,,0.0,0.0,0.0,,0.0,,,
2018-06-11,0.005461178621567697,0.020635046277993396,-0.03402810078684215,0.014972677606359262,-0.25566802325425186,-0.020000000000000018,-1.63233002423171,0.2540924436899736,0.14319728466102602,0.27939096626116317,0.0,,,0.0,0.0,0.0,,0.0,,,
2018-06-12,0.003925718464603101,0.012739025777429802,-0.026505277086339873,0.014944701075375547,0.044716026508928586,-0.040000000000000036,-1.6008696227446388,0.26024994096623255,0.19070903766126962,0.09859630695259905,0.0,,,0.0,0.0,0.0,,0.0,,,
2018-06-13,0.004210532536343514,0.029080225301168383,-0.018782115453988446,0.01498582289118281,-0.4520704234804551,-0.009999999999999787,-1.570615109269523,0.266456479843524,-0.04747659830380618,-0.14074793435814892,0.0,,,0.0,0.0,0.0,,0.0,,,
2018-06-14,0.0037444812717293274,0.014152599966993584,-0.01171222914983705,0.015055247201235297,-0.7020455508710777,-0.009999999999999787,-1.5414877672717524,0.27271336042245325,-0.09520277489781166,-0.283623798156353,0.0,,,0.0,0.0,0.0,,0.0,,,
2018-06-15,-0.02773955808511097,-0.010397647190867332,-0.03488649412908007,0.0160126695934738,-1.0983296255528296,-0.0,-1.5134164172119695,0.27902192354505856,-0.0,-0.18979591549807184,0.0,,,0.0,0.0,0.0,,0.0,,,
2018-06-18,0.01206950714408439,-0.0037893186683506386,-0.018186262939024367,0.015937989754052827,-1.2303029329965298,0.040000000000000036,-1.4863365755015991,0.2853835525782977,0.09704208786482019,-0.04615519679620583,0.0,,,0.0,0.0,0.0,,0.0,,,
2018-06-19,-0.011915814682397219,-0.019630851815350958,-0.024951755970986866,0.016000643333592943,-1.2700755165585553,0.06999999999999984,-1.46018973371963,0.29179967529247314,0.24952758262033237,0.058818544959062746,0.0,,,0.0,0.0,0.0,,0.0,,,
2018-06-20,0.017518918612207557,-0.0063224657394869155,-0.0033598927650375643,0.016786292298357926,-1.087408703367343,0.04999999999999982,-1.4343066956463681,0.29985655105227016,-0.15304561744783196,-0.10556901914402578,0.0,,,0.0,0.0,0.0,,0.0,,,
2018-06-21,-0.010321888848431549,-0.02038883585964779,-0.009885463496194902,0.016626751287286745,-0.6659619543980755,0.040000000000000036,-1.4092607225158627,0.30801029526938895,-0.3152186980539025,-0.22001592315609086,0.0,,,0.0,0.0,0.0,,0.0,,,
2018-06-22,0.04534030376410492,0.0526910259895681,0.034941864934473266,0.01765590553496457,0.029292937314007172,0.03000000000000025,-1.3850049645368232,0.3162642815194722,-0.42082751771659016,-0.42082751771659016,0.0,,,0.0,0.0,0.0,,0.0,,,
2018-06-25,-0.007317462769655059,0.03330405607582865,0.027477299969863367,0.017742699549921102,0.1796635647753675,0.04999999999999982,-1.361496598820836,0.3246220341311657,-0.42082751771659016,-0.42082751771659016,0.0,,,0.0,0.0,0.0,,0.0,,,
2018-06-26,0.03535466695496936,0.08057453771319523,0.06006279070960385,0.018899072218325742,0.29690511180140433,0.010000000000000231,-1.338696454009683,0.33308723733886764,-1.0,-1.2495275826203325,0.0,,,0.0,0.0,0.0,,0.0,,,
2018-06-27,0.031128202429833607,0.09418382153082128,0.08796223454027263,0.01949216486600468,-0.3689688962833504,0.10000000000000009,-1.3165686847739544,0.3416637451218714,-0.6023784397717271,-0.44933282232389515,0.0,,,0.0,0.0,0.0,,0.0,,,
2018-06-28,0.009438548969964877,0.1139442593492177,0.09283501118793502,0.01891845929187502,-0.20209328506333168,0.06000000000000005,-1.2950804898756625,0.35035559179188214,-0.7560341597295356,-0.44081546167563307,0.0,,,0.0,0.0,0.0,,0.0,,,
2018-06-29,0.009485165964054687,0.07808912154916747,0.09635426384619361,0.018140390987956546,0.0406867499759489,0.04999999999999982,-1.27420186861131,0.3591670033974445,-0.33825572433268447,0.08257179338390569,0.0,,,0.0,0.0,0.0,,0.0,,,
2018-07-02,-0.0028361150754552256,0.0825704692433673,0.08688213612429596,0.0175137219421579,-0.7779425524778061,-0.0,-1.4382586801772248,1.673053202161521,-0.36005782938431824,0.08257179338390569,0.41328562707729777,,,0.0,0.0,0.0,,0.0,,,
2018-07-03,0.002701244214099674,0.04991704650249762,0.08340339242950812,0.01749031332362885,-0.018181561425434367,0.04999999999999982,-1.4144268920815313,1.6591652188900088,-0.3059383635623644,0.6940616364376355,0.41328562707729777,,,0.0,0.0,0.0,,0.0,,,
2018-07-04,0.0,0.018788844072664013,0.07661687117124849,0.017026086265308375,-0.018181561425434367,0.04999999999999982,-1.3913881605926117,1.6455221738056316,-0.3059383635623644,0.6940616364376355,0.41328562707729777,,,0.0,0.0,0.0,,0.0,,,
2018-07-05,-0.01631801234205188,-0.006967717239352744,0.05526184351833674,0.01753072726355343,0.7594836635468116,-0.0,-1.3691055132105694,1.632116378328087,-0.4354756387121047,0.3205585210174309,0.41328562707729777,,,0.0,0.0,0.0,,0.0,,,
2018-07-06,0.01172154622589261,-0.004731336977514822,0.06120083157571177,0.01747945470141707,0.5437114709170077,0.03000000000000025,-1.3475456893336661,1.6189404785951047,-0.27589246795751954,0.06236325637516493,0.41328562707729777,,,0.0,0.0,0.0,,0.0,,,
2018-07-09,0.0006772773709622371,-0.0012179445310973591,0.05633474584068665,0.017516776497146728,1.3355838317977153,0.010000000000000231,-1.3266788944980317,1.6059874369043776,-0.47718815270051,-0.11713032331619178,0.0,,,0.0,0.0,0.0,,0.0,,,
2018-07-10,0.0035144669858784283,-0.00040472175931860477,0.05432641229451374,0.01751901659559857,0.6554761555987998,-0.040000000000000036,-1.3064786013168692,1.593250514399187,-0.4865434442205626,-0.1806050806581982,0.0,,,0.0,0.0,0.0,,0.0,,,
2018-07-11,-0.05164134406982779,-0.05204606582914639,-4.5138477056561044e-05,0.021693375998229604,0.6554761555987998,-0.040000000000000036,-1.2869213941880466,1.5807232549003347,0.09938918737888705,-0.1806050806581982,0.0,,,0.0,0.0,0.0,,0.0,,,
2018-07-12,-0.0007106815735129501,-0.03643873506060746,-0.0032632686100502184,0.021705283394203828,0.17428495811938616,-0.010000000000000231,-1.267986856019651,1.568399469795703,-0.0996371927427451,0.33583844596935963,0.0,,,0.0,0.0,0.0,,0.0,,,
2018-07-13,0.009622261874075555,-0.03853801941242452,0.001983453706586147,0.020541627946609648,-0.3796958172204601,-0.010000000000000231,-1.249657496388762,1.5562732239065895,-0.39845545335358684,-0.1225629853960673,0.0,,,0.0,0.0,0.0,,0.0,,,
2018-07-16,-0.04243104312124224,-0.081646339904629,-0.04209810145882997,0.02294198018470501,-0.17861819473112828,0.009999999999999787,-1.231918721755484,1.544338822257006,-0.29611665213407806,0.18107150056643195,0.0,,,0.0,0.0,0.0,,0.0,,,
2018-07-17,0.0002938151923590482,-0.08486699169814838,-0.04406527980438213,0.02272338963493954,-0.5071975867698697,0.010000000000000231,-1.214758849664361,1.5325907976785091,-0.7740875685167143,-0.2875441242961517,0.0,,,0.0,0.0,0.0,,0.0,,,
2018-07-18,0.009938696249530032,-0.023286951378790555,-0.03600856597462965,0.02251778962968245,-0.42229984174833035,-0.029999999999999805,-1.1981691703530322,1.5210238991888665,-0.3831719858529273,-0.48256117323181436,0.0,,,0.0,0.0,0.0,,0.0,,,
2018-07-19,0.010128866801278669,-0.012447403003998936,-0.028784219375614484,0.022398462240525493,-1.0350331178676786,0.010000000000000231,-1.1821440609444456,1.5096330810880638,-0.3799148562111244,-0.28027766346837935,0.0,,,0.0,0.0,0.0,,0.0,,,
2018-07-20,0.014294125597164253,-0.0077755392809102375,-0.015842305072365725,0.02027815162041477,-0.22180851769471044,-0.06000000000000005,-1.1632362976697757,1.4869018004509253,-0.37722962197012216,0.021225831383464677,0.0,,,0.0,0.0,0.0,,0.0,,,
2018-07-23,-0.037156424599536386,-0.0025009207592043836,-0.05285899287432372,0.021976181888487392,-0.5147828367910723,-0.10999999999999988,-1.1447737768193547,1.4651143186456126,-0.9192700701441021,-0.623153418010024,0.0,,,0.0,0.0,0.0,,0.0,,,
2018-07-24,0.009236925142364072,0.00644218919080064,-0.04217644384375152,0.02048113523148783,-0.04781246906770953,-0.0900000000000003,-1.1267378620559578,1.444242879520252,-0.901645244513303,-0.12755767599658863,0.0,,,0.0,0.0,0.0,,0.0,,,
2018-07-25,0.011319232739937846,0.007822725681208453,-0.02842113873111085,0.019265907640140082,0.36414234639317034,-0.06000000000000005,-1.1091113876372256,1.4242652344699622,-1.0,-0.6168280141470728,0.0,,,0.0,0.0,0.0,,0.0,,,
2018-07-26,0.004463328984718018,0.0021571878646478027,-0.021272976374426378,0.019136196362327693,0.9025304024790515,-0.14000000000000012,-1.0918785832518851,1.4051646330820766,-1.0,-0.6200851437888756,0.0,,,0.0,0.0,0.0,,0.0,,,
2018-07-27,-0.013304606954784859,-0.02544154468730131,-0.03075326131130396,0.01905171387892039,0.4489888485218474,-0.06999999999999984,-1.0750250128534833,1.3869299190569269,-1.0,-0.6227703780298779,0.0,,,0.0,0.0,0.0,,0.0,,,
2018-07-30,0.020747034323028934,0.03246191423526401,-0.007361062440291555,0.019830007810407085,0.7231235552076054,-0.020000000000000018,-1.0585375271663116,1.3695557415881172,-0.7147928919204676,0.20447717822363454,0.0,,,0.0,0.0,0.0,,0.0,,,
2018-07-31,-0.019728482034170547,0.0034965070587293923,-0.02332289361406481,0.02014350620731587,0.4192412845779092,-0.009999999999999787,-1.0424042298423342,1.3530428976878996,-1.0,-0.09835475548669703,0.0,,,0.0,0.0,0.0,,0.0,,,
2018-08-01,-0.016127017162086865,-0.02394974284329532,-0.034876909057650174,0.020306912183889508,0.028515233067749612,-0.06000000000000005,-0.11111909017299547,-0.27487326899033854,-1.0,-0.09835475548669703,1.0992628993282683,,,0.0,0.0,0.0,,0.0,,,
2018-08-02,0.01903146300287517,-0.009381608825138166,-0.01303991810352123,0.020764074714600983,-0.22139979578081892,-0.0,-0.09823686280162781,-0.2943601985154806,-0.814365193379247,0.18563480662075305,1.0992628993282683,,,0.0,0.0,0.0,,0.0,,,
2018-08-03,-0.006838877145623812,-0.0029158790159771186,-0.016145246129314117,0.020493640518214146,-0.17684210526316413,0.009999999999999787,-0.08511115254361971,-0.3147004112691611,-0.7341147719572377,0.26588522804276227,1.0992628993282683,,,0.0,0.0,0.0,,0.0,,,
2018-08-06,0.007563672422697287,-0.016099240916308766,-0.005192344339373101,0.02062905135267486,-0.5546852520860623,0.040000000000000036,-0.07172226690506599,-0.3359846448089731,-0.5082008196151873,0.20659207230528032,1.0992628993282683,,,0.0,0.0,0.0,,0.0,,,
2018-08-07,0.002315820979982952,0.005945062097844733,0.0005726383081485764,0.0206096709198051,-0.2182207205009501,-0.020000000000000018,-0.05804859777843718,-0.35831769874314073,-0.637926182242809,0.36207381775719105,1.0992628993282683,,,0.0,0.0,0.0,,0.0,,,
2018-08-08,-0.032770546829312686,-0.010698467569381087,-0.02969228671565105,0.01862350524798886,-0.22251769201673266,0.040000000000000036,-0.04406635573612289,-0.3818214123332266,-0.6931817272076968,0.36207381775719105,0.0,,,0.0,0.0,0.0,,0.0,,,
2018-08-09,-0.0019439258457953912,-0.03167385641805165,-0.029068928542319128,0.01861929058241883,-0.1879508235109073,0.04999999999999982,-0.029749257923737536,-0.40663845511455166,-0.2748066173482313,0.5395585760310156,0.0,,,0.0,0.0,0.0,,0.0,,,
2018-08-10,0.012198901649463245,-0.012636077622964592,-0.01443157486249902,0.018716731763948873,-1.1401444094432334,0.08000000000000007,-0.015068159572022259,-0.4329372075466626,-0.13707492697087367,0.5970398449863641,0.0,,,0.0,0.0,0.0,,0.0,,,
2018-08-13,-0.006378424057745136,-0.026578174103407015,-0.02017417784306108,0.016233706618436084,-1.4324952088246024,0.06000000000000005,9.383424960090293e-06,-0.46091812388933495,-0.13671989090416614,0.3714809287110211,0.0,,,0.0,0.0,0.0,,0.0,,,
2018-08-14,-0.002383791355275555,-0.03127778643866552,-0.021788267793771965,0.016236677256906428,-1.4889016153002643,0.08999999999999986,0.015519636768497876,-0.4908221422381935,-0.06799797415950351,0.5699282080833055,0.0,,,0.0,0.0,0.0,,0.0,,,
2018-08-15,-0.030748351957450737,-0.029255591566803574,-0.04973256593630904,0.017336062189639463,-1.7778685199277833,0.10000000000000009,0.031503315159029405,-0.5229419711392096,-0.06800406144067232,0.6251776657670245,0.0,,,0.0,0.0,0.0,,0.0,,,
2018-08-16,0.006898164856656841,-0.02041350086435134,-0.039868812167507706,0.017223901282430613,-1.1121832130011722,0.06000000000000005,0.04800634099815287,-0.5576374965939302,-0.204630836236457,0.0701757811117743,0.0,,,0.0,0.0,0.0,,0.0,,,
2018-08-17,0.006850905991594658,-0.02576149652221993,-0.02968015628348919,0.0169088710502705,-0.20419858180849015,-0.0,0.061856244498727814,-0.555560414367244,-0.06907763423178774,0.06799729273908593,0.0,,,0.0,0.0,0.0,,0.0,,,
2018-08-20,0.007858586612520924,-0.01152448585195387,-0.020734570339148384,0.01506586611509984,0.4358690825504441,0.06000000000000005,0.07604908369862086,-0.5534883376318334,0.2784492016958218,0.41516909259998797,0.0,,,0.0,0.0,0.0,,0.0,,,
2018-08-21,0.013754141179223467,0.0046134466825451526,-0.006119290629947649,0.015261375200585466,0.695633972335119,0.040000000000000036,0.09061181472009272,-0.5514212301703173,0.15761950645054337,0.22561748061004688,0.0,,,0.0,0.0,0.0,,0.0,,,
2018-08-22,0.007543856499711232,0.04290565513970712,0.002474473211751871,0.015125530371103316,1.2935878130411416,0.040000000000000036,0.10557422811473002,-0.5493590560667831,0.5016806221619367,0.5696846836026089,0.0,,,0.0,0.0,0.0,,0.0,,,
2018-08-23,-0.0004421843980964013,0.03556530588495388,0.0033274718247851,0.015071098273885497,0.47836038575874706,0.050000000000000266,0.12096935946971123,-0.5473017797032644,0.7313089954055912,0.9359398316420482,0.0,,,0.0,0.0,0.0,,0.0,,,
2018-08-24,0.013035702718012132,0.041750102611371354,0.01634134207028648,0.015117225252012317,0.8167014307554399,0.050000000000000266,0.13683397542292955,-0.5452493657562683,0.37948840146697477,0.4485660356987625,0.0,,,0.0,0.0,0.0,,0.0,,,
2018-08-27,0.0021803918806071465,0.036071907879457576,0.01942823360050472,0.014326950796673583,0.9429787740139028,-0.03000000000000025,0.1532091521129076,-0.5432017791933499,-0.09455923775610868,-0.3730084394519305,0.0,,,0.0,0.0,0.0,,0.0,,,
2018-08-28,-0.004949063958875399,0.01736870274135871,0.014646698387474899,0.013671181000178997,0.45318653368511264,-0.029999999999999805,0.17014096769787232,-0.5411589852697343,-0.0,-0.15761950645054337,0.0,,,0.0,0.0,0.0,,0.0,,,
2018-08-29,0.014199021514662569,0.024023867756310047,0.027496946714145487,0.013488458367769261,0.014868514820121081,-0.07000000000000028,0.18768133665649533,-0.5391209495249848,-0.0,-0.5016806221619367,0.0,,,0.0,0.0,0.0,,0.0,,,
2018-08-30,0.010589681101460968,0.035055733255867416,0.03715994372268572,0.013030299405887012,0.002892372200968829,-0.040000000000000036,0.20588902167564055,-0.5370876377797162,0.1978470748626354,-0.5334619205429558,0.0,,,0.0,0.0,0.0,,0.0,,,
2018-08-31,-0.0064262984455289995,0.015593732092326285,0.02978633224923133,0.01301767876740603,-0.5959585733966488,-0.040000000000000036,0.22483086981583955,-0.5350590161323536,0.1024432266493548,-0.27704517481762,0.0,,,0.0,0.0,0.0,,0.0,,,
2018-09-03,0.0,0.013413340211719138,0.02921720284244067,0.012924884164486132,-0.5959585733966488,-0.040000000000000036,2.0602547015305777,1.3598912717896479,0.1024432266493548,-0.27704517481762,-0.0397611927123398,,,0.0,0.0,0.0,,0.0,,,
2018-09-04,0.0010023627960329407,0.019364766966627478,0.029716109140879965,0.012918877423408347,-1.3357519206948165,-0.020000000000000018,2.0605422735060506,1.3361186300677903,0.20942250884630956,0.20942250884630956,-0.0397611927123398,,,0.0,0.0,0.0,,0.0,,,
2018-09-05,-0.016596094888359225,-0.011430349436394316,0.011807835157879865,0.011105250534301137,-0.9693249482384259,-0.009999999999999787,2.0608299431391055,1.3130063261768001,0.20740045767050322,0.20740045767050322,-0.0397611927123398,,,0.0,0.0,0.0,,0.0,,,
2018-09-06,-0.013920658527978524,-0.03594068906583381,-0.002826165830630778,0.011601883276182843,-0.4890879911368273,-0.020000000000000018,2.061117710487618,1.2905174560525559,-0.0,-0.1978470748626354,-0.0397611927123398,,,0.0,0.0,0.0,,0.0,,,
2018-09-07,-0.00029515938821145227,-0.02980955000851626,-0.003209964627489903,0.01128287977322761,-0.2678614401162127,-0.08000000000000007,2.061405575609501,1.2686178234308247,-1.0,-1.102443226649355,-0.0397611927123398,,,0.0,0.0,0.0,,0.0,,,
2018-09-10,-0.003104444802388251,-0.03291399481090451,-0.0065667478012940705,0.011207612716967855,-0.2678614401162127,-0.08000000000000007,2.0616935385627064,1.2472756841727801,-1.0,-1.102443226649355,0.0,,,0.0,0.0,0.0,,0.0,,,
2018-09-11,0.02500313011002575,-0.008913227496911702,0.01681469786405021,0.012470494465024682,0.1334686884024161,-0.08000000000000007,2.0619815994052577,1.2264615193324793,-1.0,-1.2094225088463095,0.0,,,0.0,0.0,0.0,,0.0,,,
2018-09-12,0.01604389091100966,0.023726758302457185,0.028897292186956136,0.010273769602067722,0.4605756803840011,-0.07000000000000028,2.0622697581952094,1.2061478332097508,-1.0,-1.2074004576705033,0.0,,,0.0,0.0,0.0,,0.0,,,
2018-09-13,-0.025620284467227528,0.012027132363208182,0.0009416335978187362,0.012180719795678526,0.6289692179272444,-0.0900000000000003,2.0625580149906635,1.186308973186892,-1.0,-1.0,0.0,,,0.0,0.0,0.0,,0.0,,,
2018-09-14,0.0058148150467873805,0.018137106798207014,0.004472879069936653,0.012162694401404427,0.45024681100629405,-0.050000000000000266,2.0628463698497868,1.166920968611314,-1.0,0.0,0.0,,,0.0,0.0,0.0,,0.0,,,
2018-09-17,-0.0011602611889003356,0.02008129041169493,0.001479990696438449,0.012112202940813672,0.666549238665437,-0.050000000000000266,2.033003006833594,1.15731658339206,-1.0,0.0,0.0,,,0.0,0.0,0.0,,0.0,,,
2018-09-18,0.01354878033385365,0.008626940635522828,0.013206411887961345,0.012101647085697345,0.8118209216503969,-0.06999999999999984,2.004155791723552,1.1478377328335418,-1.0,0.0,0.0,,,0.0,0.0,0.0,,0.0,,,
2018-09-19,0.018018505502678472,0.010601555227191639,0.02887882579816292,0.012579517798634575,0.49553840335074817,-0.10999999999999988,1.976247555162868,1.1384811918087114,-1.0,0.0,0.0,,,0.0,0.0,0.0,,0.0,,,
2018-09-20,-0.004509590505975325,0.03171224918844384,0.022226514005103226,0.012659591323931428,0.3755920468230478,-0.09999999999999964,1.9492256330608329,1.1292438485624121,-1.0,0.0,0.0,,,0.0,0.0,0.0,,0.0,,,
2018-09-21,-0.0002825257823566574,0.025614908359299804,0.020467178360680016,0.01240415001789857,0.487263042264241,-0.07999999999999963,1.9230414192759022,1.120122699594641,-1.0,0.0,0.0,,,0.0,0.0,0.0,,0.0,,,
2018-09-24,0.01820013838276502,0.04497530793096516,0.036389519556271566,0.012956889837414231,0.33858340985183366,-0.08999999999999986,1.897649971454804,1.1111148448235284,-1.0,0.0,0.0,,,0.0,0.0,0.0,,0.0,,,
2018-09-25,0.002770852423945591,0.0341973800210571,0.03649657897390224,0.01284477083222098,0.047198874258502777,-0.050000000000000266,1.8730096627170194,1.1022174830101181,-1.0,0.0,0.0,,,0.0,0.0,0.0,,0.0,,,
2018-09-26,-0.009871473973521283,0.0063074005448573445,0.02516483676847514,0.012834732073919901,-0.018213301517255864,0.020000000000000018,1.8490818730101615,1.0934279074283462,-1.0,0.0,0.0,,,0.0,0.0,0.0,,0.0,,,
2018-09-27,0.007655406584610169,0.01847239763544284,0.031506688847023234,0.01274131213249618,-0.4224710547855448,0.009999999999999787,1.8258307149023203,1.0847435017648173,-1.0,0.0,0.0,,,0.0,0.0,0.0,,0.0,,,
2018-09-28,0.015546849562060316,0.03430177297985981,0.04464132650264041,0.012983836236820378,-0.262355970712691,0.020000000000000018,1.8032227893584205,1.076161736234082,-1.0,0.0,0.0,,,0.0,0.0,0.0,,0.0,,,
2018-10-01,0.027601886908670714,0.04370352150576551,0.06845090715943503,0.014130273244754687,-0.2584336664902098,-0.009999999999999787,0.9502416975022078,0.23682659862124728,-1.0,0.0,-1.3829586864419818,,,0.0,0.0,0.0,,0.0,,,
2018-10-02,-0.0009300472337177013,0.040002621848102216,0.06382517417532974,0.014156936081294154,-0.15406233896879673,0.050000000000000266,0.952086163989526,0.23951504878903038,-0.9914714056062273,0.008528594393772737,-1.3829586864419818,,,0.0,0.0,0.0,,0.0,,,
2018-10-03,0.015563490087345144,0.06543758590896864,0.07408499926350043,0.01354395265711615,-0.42489964714853556,-0.08999999999999986,0.9539358685951683,0.2422103587107465,-1.0,0.0,-1.3829586864419818,,,0.0,0.0,0.0,,0.0,,,
2018-10-04,-0.02759893892227261,0.030183240402085865,0.04186630936176883,0.014848332140953848,-0.6214335347750177,-0.1299999999999999,0.9557908413058761,0.24491261027466762,-1.0,0.0,-1.3829586864419818,,,0.0,0.0,0.0,,0.0,,,
2018-10-05,0.0001345261319034563,0.014770916971929005,0.03735960023820706,0.01484115552055759,-0.6619060046025194,-0.18000000000000016,0.957651112347408,0.2476218862595582,-0.9728347845298805,0.02716521547011952,-1.3829586864419818,,,0.0,0.0,0.0,,0.0,,,
2018-10-08,-0.0006728117053906857,-0.013503781642132395,0.03192397162250238,0.01478421266808796,-0.6619060046025194,-0.18000000000000016,0.9595167121870003,0.2503382703500914,-0.9728347845298805,0.02716521547011952,0.0,,,0.0,0.0,0.0,,0.0,,,
2018-10-09,0.008978284766451239,-0.003595449641963455,0.03694068174581755,0.014045313973180644,-0.6698251202419181,-0.16000000000000014,0.9613876715358827,0.2530618471525645,-0.6700039054965027,0.3214675001097246,0.0,,,0.0,0.0,0.0,,0.0,,,
2018-10-10,-0.024169137034228072,-0.04332807676353667,0.010820621465715163,0.015065901268743616,-0.3944571024616206,-0.07000000000000028,0.9632640213518213,0.255792702210922,-0.765433374197622,0.23456662580237797,0.0,,,0.0,0.0,0.0,,0.0,,,
2018-10-11,-0.03052824835904655,-0.04625738620031061,-0.02141315194461413,0.015570158582932724,0.2435330339089048,0.04999999999999982,0.9651457928416742,0.25853092202309214,-0.4881300096238953,0.5118699903761047,0.0,,,0.0,0.0,0.0,,0.0,,,
2018-10-12,0.005199927393853443,-0.041191984938360626,-0.017888005219397485,0.015562222488380266,0.16750901266574525,0.08000000000000007,0.9670330174640148,0.26127659405764714,-0.377496370762284,0.5953384137675966,0.0,,,0.0,0.0,0.0,,0.0,,,
2018-10-15,0.006148705788715958,-0.03437046744425398,-0.01377952844819852,0.015577953552023821,0.16750901266574525,0.08000000000000007,0.9689257269317507,0.26402980677079185,-0.37317822456650646,0.5953384137675966,0.0,,,0.0,0.0,0.0,,0.0,,,
2018-10-16,0.0019485044439040422,-0.04140024776680118,-0.013291239227314122,0.015341058497193128,0.6645833751241725,0.04999999999999982,0.9536287276354002,0.2520084696873361,-0.3156237009647803,0.35438020453172236,0.0,,,0.0,0.0,0.0,,0.0,,,
2018-10-17,-0.03063696946189065,-0.04786808019446376,-0.042955650163996495,0.016398488322471007,0.37667790505309107,0.03000000000000025,0.9385683762641452,0.2398472835875918,-0.4118739332331435,0.35355944096447856,0.0,,,0.0,0.0,0.0,,0.0,,,
2018-10-18,-0.015896288487494026,-0.03323612032291123,-0.057310045227205286,0.016722223225066744,-0.35749435788245965,-0.029999999999999805,0.9237341613216473,0.2275337587576266,-0.3037925948130325,0.1843374148108628,0.0,,,0.0,0.0,0.0,,0.0,,,
2018-10-19,0.0068229922818199285,-0.03161305543494475,-0.04930043542430962,0.016825549383164617,-0.42633893245640486,-0.050000000000000266,0.9091160535866151,0.21505440625890057,-0.5420473191570782,-0.16455094839479417,0.0,,,0.0,0.0,0.0,,0.0,,,
2018-10-22,0.0007231181166931222,-0.037038643106967584,-0.04651684877323703,0.016208203905045213,-0.9936428602744574,-0.040000000000000036,0.8947044717650485,0.20239461177506687,-0.43350835676496363,-0.060330132198457176,0.0,,,0.0,0.0,0.0,,0.0,,,
2018-10-23,-0.04041848093534384,-0.07940562848621546,-0.08271539450623688,0.018275870099629544,-1.1139958014439344,-0.009999999999999787,0.8804902507030776,0.18953849006685253,-0.2851057873189344,0.03051791364584594,0.0,,,0.0,0.0,0.0,,0.0,,,
2018-10-24,0.005853675251460189,-0.04291498377286462,-0.0734280415136821,0.018358011088318398,-1.0510135712127333,0.08999999999999986,0.866464611912525,0.17646871633159475,-0.047389054963322776,0.3644848782698207,0.0,,,0.0,0.0,0.0,,0.0,,,
2018-10-25,0.00760346562857972,-0.019415229656790878,-0.062388301096206966,0.018356363386753886,-0.5806661766089016,0.029999999999999805,0.8526191361862236,0.16316632992147548,-0.14163706551022112,0.16215552930281138,0.0,,,0.0,0.0,0.0,,0.0,,,
2018-10-26,0.003854140555072938,-0.022384081383537868,-0.054513250301887695,0.017900486074717885,-0.536581670899472,0.1200000000000001,0.8389457381024689,0.14961050480687707,-0.0,0.5420473191570782,0.0,,,0.0,0.0,0.0,,0.0,,,
2018-10-29,-0.008170586938434532,-0.03127778643866552,-0.0568743033087209,0.016289091693045828,-0.6211244836262342,0.1200000000000001,0.825436642237112,0.1357782798090002,0.048018741249859935,0.4815270980148236,0.0,,,0.0,0.0,0.0,,0.0,,,
2018-10-30,-0.012911153680361664,-0.00377045918368335,-0.06337686773514939,0.016320477809281125,-0.929621908025946,0.04999999999999982,0.8120843609191017,0.12164423987476115,-0.09596896611123094,0.18913682120770342,0.0,,,0.0,0.0,0.0,,0.0,,,
2018-10-31,-0.01323313857890085,-0.022857273014044388,-0.06876158562680423,0.015531194135680817,-0.998998920914751,-0.04999999999999982,0.7988816733801511,0.10718013739832948,-0.09553757291154182,-0.04814851794821904,0.0,,,0.0,0.0,0.0,,0.0,,,
2018-11-01,-0.025117599531291113,-0.05557833817391522,-0.08615483144040059,0.015374236051984657,-0.33130388775501896,-0.0,2.535447445359526,0.8261510489240207,0.14440289841473555,0.2860399639249567,-0.16420442171340977,,,0.0,0.0,0.0,,0.0,,,
2018-11-02,-0.008673081253428805,-0.06810555998241696,-0.08666317860686501,0.015263018504515818,-0.147220562382544,-0.14000000000000012,2.4493244309815942,0.8135878569311726,-0.1449647874411078,-0.1449647874411078,-0.16420442171340977,,,0.0,0.0,0.0,,0.0,,,
2018-11-05,-0.0006337135826779416,-0.06056868662666037,-0.07913411300871598,0.015264031053334348,0.16446119544133442,-0.1200000000000001,2.3700176669972204,0.8012655739064773,-0.1449647874411078,-0.1449647874411078,-0.16420442171340977,,,0.0,0.0,0.0,,0.0,,,
2018-11-06,-0.014205011020239411,-0.06186254396653812,-0.08401718005879388,0.014765966323959476,0.5794261143521218,-0.10000000000000009,2.2966349267028607,0.789190208879349,-0.24297092610110055,-0.1470019599898696,-0.16420442171340977,,,0.0,0.0,0.0,,0.0,,,
2018-11-07,-0.008718169523526775,-0.057347574911164045,-0.08418595398769302,0.014346520300601262,1.0951864829169877,-0.07000000000000028,2.228439702816755,0.7773703419753878,-0.3885010417073078,-0.292963468795766,-0.16420442171340977,,,0.0,0.0,0.0,,0.0,,,
2018-11-08,-0.01634824704919513,-0.04857822242906806,-0.09269380550775441,0.013530333841310114,0.188062558634694,-0.10000000000000009,2.164817873199536,0.7658176374851703,-0.6258687191440374,-0.7702716175587729,0.0,,,0.0,0.0,0.0,,0.0,,,
2018-11-09,-0.007943116394526939,-0.0478482575701662,-0.09213937418372886,0.013178236230774699,-0.7218768105289541,0.03000000000000025,2.1052526982628463,0.7545475063733547,-0.43820801299094997,-0.29324322554984217,0.0,,,0.0,0.0,0.0,,0.0,,,
2018-11-12,-0.004329011089585499,-0.051543555077073755,-0.08744695171084516,0.012767201237230196,-0.7218768105289541,0.03000000000000025,2.049305795028592,0.743579968688588,-0.43820801299094997,-0.29324322554984217,0.0,,,0.0,0.0,0.0,,0.0,,,
2018-11-13,-0.07337661686851682,-0.11071516092535116,-0.1480358789512728,0.01896615198974161,-0.9580987554753895,0.08000000000000007,1.9966024690866686,0.7329407869916668,-0.10275314629592276,0.1402177798051778,0.0,,,0.0,0.0,0.0,,0.0,,,
2018-11-14,0.010005443482952181,-0.09199154791887221,-0.12727486648747277,0.019129645420813506,-1.081196926037653,0.10000000000000009,1.94682027148909,0.7226629725877901,0.16049471613032054,0.5489957578376283,0.0,,,0.0,0.0,0.0,,0.0,,,
2018-11-15,0.0037263817408135225,-0.07191691912886355,-0.1137740492772279,0.019354002421516303,-0.6384038433934647,0.13000000000000034,1.899679974509937,0.7127888127442148,0.05579147508469031,0.6816601942287277,0.0,,,0.0,0.0,0.0,,0.0,,,
2018-11-16,0.0,-0.06397380273433662,-0.10365846419370506,0.019104571104310273,0.4739100498120763,0.10999999999999988,1.8556140756343529,0.7003866882778608,0.6391645100366496,1.0773725230275997,0.0,,,0.0,0.0,0.0,,0.0,,,
2018-11-19,0.005299429466498751,-0.054345362178252365,-0.08847226521117335,0.019267925570136093,0.4739100498120763,0.10999999999999988,1.813692284173895,0.6880785034700142,0.7758956913562725,1.0773725230275997,0.0,,,0.0,0.0,0.0,,0.0,,,
2018-11-20,-0.06045946632216159,-0.04142821163189714,-0.13804291274796254,0.02134816196332972,0.37087702516683807,0.08000000000000007,1.7737333701986124,0.6758585301434294,0.6144055320621978,0.7171586783581206,0.0,,,0.0,0.0,0.0,,0.0,,,
2018-11-21,0.022210796437946545,-0.029222858676902774,-0.1057611535839662,0.02231477209068086,0.3485038369757443,0.06000000000000005,1.7355770087222244,0.6637211341501039,0.19050307833263408,0.030008362202313538,0.0,,,0.0,0.0,0.0,,0.0,,,
2018-11-22,0.0,-0.0329492404177163,-0.09531001757648738,0.02206113545511519,0.3485038369757443,0.06000000000000005,1.6990807872400937,0.6516607619304604,0.19050307833263408,0.030008362202313538,0.0,,,0.0,0.0,0.0,,0.0,,,
2018-11-23,-0.08019526064785287,-0.11314450106556917,-0.1608516721567157,0.026708531207524016,-0.47055961658233336,0.03000000000000025,1.664117723211683,0.6396719272261485,-0.0,-0.6391645100366496,0.0,,,0.0,0.0,0.0,,0.0,,,
2018-11-26,0.023714977131783943,-0.09472895340028398,-0.12407736716081885,0.02803461331048411,-0.5473941229063195,-0.009999999999999787,1.630574192066326,0.6277491978680777,-0.21678668416467867,-0.9926823755209511,0.0,,,0.0,0.0,0.0,,0.0,,,
2018-11-27,-0.0013567208205711445,-0.03562620789869353,-0.11295248176026584,0.028156615690764164,-0.5707319633127872,-0.0,1.598348188067738,0.6158871825600635,0.07672817856346456,-0.5376773534987332,0.0,,,0.0,0.0,0.0,,0.0,,,
2018-11-28,-0.02493992788711319,-0.08277693222375326,-0.12482546396084437,0.028294408661005313,-0.639406677462695,-0.0,1.5673478568906354,0.6040805175763162,0.4931677328314203,0.3026646544987862,0.0,,,0.0,0.0,0.0,,0.0,,,
2018-11-29,0.022804212096185328,-0.059972720127567936,-0.09135039675949885,0.02923371734752721,-0.639406677462695,-0.0,1.5374902514136968,0.5923238532878513,0.2736869931160889,0.3026646544987862,0.0,,,0.0,0.0,0.0,,0.0,,,
2018-11-30,-0.010158321383545221,0.010064219136739716,-0.09076360103137704,0.029230261592621043,0.050055249662361856,0.040000000000000036,1.5087002720032217,0.5806118404286724,1.0,1.0,0.0,,,0.0,0.0,0.0,,0.0,,,
2018-12-03,0.038895931150902285,0.02524517315585806,-0.04309903500548762,0.031218768994688346,0.6131839260234972,0.08999999999999986,2.0373232094840015,-0.7532585847942825,0.8005318582386216,1.0173185424033002,-0.1754092989269651,,,0.0,0.0,0.0,,0.0,,,
2018-12-04,0.005649732542118979,0.03225162651854818,-0.02967340476649838,0.03135219609920428,0.7675784708481848,0.1499999999999999,1.9879751685341587,-0.7573712288510187,1.0,0.9232718214365354,-0.1754092989269651,,,0.0,0.0,0.0,,0.0,,,
2018-12-05,-0.00678351951164613,0.05040803489401524,-0.028777759081869636,0.03135212038439138,0.7675784708481848,0.1499999999999999,1.941297285618673,-0.7615105308169758,1.0,0.9232718214365354,-0.1754092989269651,,,0.0,0.0,0.0,,0.0,,,
2018-12-06,-0.0268266710198386,0.000777151777991314,-0.047401343706899635,0.03159125272836017,-0.17470465876221475,0.1599999999999997,1.8970482655180951,-0.7656768631806091,1.0,0.7263130068839111,-0.1754092989269651,,,0.0,0.0,0.0,,0.0,,,
2018-12-07,0.021518601684666017,0.03245407484620255,-0.019152741531385242,0.03228332569958071,0.2820131772224732,0.1599999999999997,1.8550170170444247,-0.7698706056158255,1.0,0.0,-0.1754092989269651,,,0.0,0.0,0.0,,0.0,,,
2018-12-10,-0.03108058301839023,-0.03752243932308996,-0.042165745462487525,0.0327297169296228,-0.6633841131195473,0.1299999999999999,1.8150180209956555,-0.7740921451634414,1.0,0.0,0.0,,,0.0,0.0,0.0,,0.0,,,
2018-12-11,0.012664562841322002,-0.03050760902388694,-0.025735662519369207,0.02915281885649861,-0.6496394914605519,0.020000000000000018,1.776887546744383,-0.7783418764182848,1.0,0.0,0.0,,,0.0,0.0,0.0,,0.0,,,
2018-12-12,-0.00972770316801208,-0.03345179268025289,-0.030711188253036426,0.028995724215950553,-0.6496394914605519,0.020000000000000018,1.740480540630106,-0.7826202017221466,0.846347297876234,0.0,0.0,,,0.0,0.0,0.0,,0.0,,,
2018-12-13,0.027573326904099638,0.020948205243685347,0.00042196882724354623,0.02984072355083415,0.001460492392124646,-0.040000000000000036,1.7056680506952238,-0.7869275313627996,1.0,0.0,0.0,,,0.0,0.0,0.0,,0.0,,,
2018-12-14,-0.026596287256273055,-0.027166683697253724,-0.02128467389003541,0.030263356944833508,-0.6075736078914762,-0.040000000000000036,1.672335083062929,-0.7912642837793147,0.7100667592119099,-0.28993324078809013,0.0,,,0.0,0.0,0.0,,0.0,,,
2018-12-17,-0.026119411233626266,-0.02220551191248976,-0.040943498549661506,0.03052097922578032,0.1897585249917344,-0.009999999999999787,1.6422495440658151,-0.7775303050127725,0.7576680999497357,-0.28993324078809013,0.0,,,0.0,0.0,0.0,,0.0,,,
2018-12-18,-0.07577489644771385,-0.11064497120152561,-0.1094920369170973,0.032098483079690224,0.2943735846600237,0.07000000000000028,1.6134180596110095,-0.7639237582814883,1.0,0.0,0.0,,,0.0,0.0,0.0,,0.0,,,
2018-12-19,0.020548668227387434,-0.0803685998061261,-0.08163390419890382,0.032020312295954215,0.13233363218821959,0.14000000000000012,1.585769131828453,-0.7504368099098206,1.0,0.15365270212376603,0.0,,,0.0,0.0,0.0,,0.0,,,
2018-12-20,-0.028364600330339496,-0.13630652704056523,-0.10127081002192018,0.03230640358355092,0.32569456018777254,0.1200000000000001,1.5592391221730042,-0.7370617748820911,1.0,0.15365270212376603,0.0,,,0.0,0.0,0.0,,0.0,,,
2018-12-21,-0.00634089803581972,-0.1160511378201119,-0.10257673168101933,0.027583109802411618,0.48574364243514356,0.10000000000000009,1.5337715217894732,-0.7237910933699018,1.0,0.28993324078809013,0.0,,,0.0,0.0,0.0,,0.0,,,
2018-12-24,-0.06947868495980813,-0.15941041154629376,-0.1623607571595267,0.030216682215000793,0.20179780375292333,0.11999999999999966,1.5093163486691918,-0.7106173074032428,1.0,0.24233190005026428,0.0,,,0.0,0.0,0.0,,0.0,,,
2018-12-26,0.08320289558069227,-0.00043261951788764463,-0.0736911829175968,0.03667124779116113,0.2546972967725991,0.009999999999999787,1.4858296565438989,-0.697533037495224,1.0,0.0,0.0,,,0.0,0.0,0.0,,0.0,,,
2018-12-27,-0.035454555706061264,-0.05643584345133634,-0.10315332857147297,0.03703864648898776,0.06453135931129284,-0.0,1.4632731442292621,-0.684530959021681,1.0,0.0,0.0,,,0.0,0.0,0.0,,0.0,,,
2018-12-28,0.016011015812584795,-0.012060227308412053,-0.08081024289252303,0.0367909909365916,0.2543564248053909,0.06999999999999984,1.4416138574281283,-0.6716037781447277,1.0,0.0,0.0,,,0.0,0.0,0.0,,0.0,,,
2018-12-31,0.0017632801571014767,-0.003956049115490856,-0.07331097294608879,0.036822298400201355,0.5638313341541634,0.10000000000000009,1.4208239780129426,-0.6587442070531369,1.0,0.0,0.0,,,0.0,0.0,0.0,,0.0,,,
2019-01-02,0.024579812764286224,0.0901024486086035,-0.04227936447313896,0.03603984891416984,0.3866003775656379,0.08000000000000007,3.1834119477912504,-1.3495005324699967,1.0,0.0,-0.6796114487422011,,,0.0,0.0,0.0,,0.0,,,
2019-01-03,0.011748506381317636,0.018648059409228868,-0.024384001075117734,0.0361731855787744,0.5632289034605109,0.25,3.054398447965351,-1.327053825979666,1.0,0.0,-0.6796114487422011,,,0.0,0.0,0.0,,0.0,,,
2019-01-04,0.018306665903850217,0.07240928101914035,-0.0011849874253386794,0.03658269746125819,0.8712617259534428,0.10000000000000009,2.9390462872592735,-1.3052619941117591,0.8113584649781616,-0.18864153502183845,-0.6796114487422011,,,0.0,0.0,0.0,,0.0,,,
2019-01-07,0.011608753916535708,0.06800701912309126,0.013394342990307173,0.036378774205634054,1.002737566883749,0.020000000000000018,2.8351258373517227,-1.2840937174703795,0.6827454966735592,-0.3172545033264408,-0.6796114487422011,,,0.0,0.0,0.0,,0.0,,,
2019-01-08,0.02563721286359666,0.09188095182958644,0.041796201794066956,0.03653601442959197,0.7262428677983657,-0.040000000000000036,2.740893993236418,-1.263520363641566,0.7104154058997428,-0.28958459410025716,-0.6796114487422011,,,0.0,0.0,0.0,,0.0,,,
2019-01-09,0.05052964410225336,0.11783078316755358,0.09100998048045206,0.03774443441549099,1.406509001985845,-0.08000000000000007,2.6549663456395356,-1.2435157941016965,0.7376679549944182,-0.28958459410025716,0.0,,,0.0,0.0,0.0,,0.0,,,
2019-01-10,0.004383046559553794,0.11046532334578973,0.09449123743822518,0.03765870958803144,1.2234306985316357,-0.18000000000000016,2.57622825418294,-1.224056200364329,0.6598428749641363,-0.3401571250358637,0.0,,,0.0,0.0,0.0,,0.0,,,
2019-01-11,-0.019198132344694585,0.07296052509724493,0.07486483695058377,0.03785841076206109,0.8189970438877037,-0.040000000000000036,2.503771574602949,-1.2051199670135764,0.6221302250485228,-0.18922823992963878,0.0,,,0.0,0.0,0.0,,0.0,,,
2019-01-14,-0.02115651877659719,0.040195252404112036,0.055716542315075834,0.03758656322156287,0.8189970438877037,-0.009999999999999787,2.4368487426221517,-1.186687559890597,0.5840236100193703,-0.0987218866541889,0.0,,,0.0,0.0,0.0,,0.0,,,
2019-01-15,0.031185532441162067,0.045743571981677444,0.08602120791245493,0.03781712272674932,0.3381037426750777,0.009999999999999787,2.374838870258326,-1.168741438283191,0.40894243453406637,-0.30147297136567647,0.0,,,0.0,0.0,0.0,,0.0,,,
2019-01-16,0.0038306884613965586,-0.0009553836591793541,0.08747352454531754,0.03728086616836098,0.0031540047976008623,0.010000000000000231,2.317222326671843,-1.1512659905400553,0.2702845628718569,-0.46738339212256125,0.0,,,0.0,0.0,0.0,,0.0,,,
2019-01-17,-0.004598590207712139,-0.009937020426445287,0.07693774719707092,0.03252111701931782,-0.31731807915154064,-0.009999999999999787,2.2635614232466974,-1.134247493114753,0.3702776149694879,-0.2895652599946484,0.0,,,0.0,0.0,0.0,,0.0,,,
2019-01-18,0.03268449999293077,0.04194561191118007,0.10307826846119017,0.03291887751183085,-0.45387424105842733,-0.08000000000000007,2.2013947054977403,-1.1376863655971499,0.03363430586418477,-0.588495919184338,0.0,,,0.0,0.0,0.0,,0.0,,,
2019-01-21,0.0,0.06310213068777726,0.09511605971586157,0.031931987488392856,-0.45387424105842733,-0.08000000000000007,2.143203517481084,-1.14114336748477,0.03363430586418477,-0.588495919184338,0.0,,,0.0,0.0,0.0,,0.0,,,
2019-01-22,-0.023127852336382038,0.008788745910233153,0.06486534634917929,0.032542528948532774,-0.36198992130500596,-0.020000000000000018,2.0885691120838756,-1.144618681642365,0.03363430586418477,-0.588495919184338,0.0,,,0.0,0.0,0.0,,0.0,,,
2019-01-23,0.0009506607807900913,0.005908718229626686,0.05517167881263951,0.02718706366883135,-0.3845378799162358,-0.029999999999999805,2.037133032556014,-1.1481124935300968,0.1006207649867701,-0.16966379788508684,0.0,,,0.0,0.0,0.0,,0.0,,,
2019-01-24,0.009645464850705388,0.020152773288044212,0.05785068688251371,0.021162665054365485,-0.17961481144814773,0.029999999999999805,1.988586462013524,-1.1516249912513432,-0.0,-0.3702776149694879,0.0,,,0.0,0.0,0.0,,0.0,,,
2019-01-25,0.010485023971626095,-0.0020467027332604637,0.05907227508942503,0.018661281641376776,0.4698929799752172,0.03000000000000025,1.9426617973031823,-1.1551563656015813,-0.27214967898179204,-0.3057839848459768,0.0,,,0.0,0.0,0.0,,0.0,,,
2019-01-28,-0.03217537203885357,-0.03422207477211403,0.02004278667842785,0.02073919982018184,0.4698929799752172,0.03000000000000025,1.8991259193044088,-1.1587068101183813,-0.4152915480209276,-0.3057839848459768,0.0,,,0.0,0.0,0.0,,0.0,,,
2019-01-29,0.02507253843904511,0.013978316003313118,0.03709574583123176,0.021090035047266746,0.634487133793038,0.020000000000000018,1.8577747714474488,-1.1622765211325476,-0.4152915480209276,-0.3057839848459768,0.0,,,0.0,0.0,0.0,,0.0,,,
2019-01-30,0.017110330018299535,0.030137985240822562,0.04655997070059126,0.020846068346969903,0.4388357411986399,0.05999999999999961,1.818428957481567,-1.1658656978204245,-0.07247036872817794,-0.17309113371494805,0.0,,,0.0,0.0,0.0,,0.0,,,
2019-01-31,-0.008146684567817974,0.0123458358222992,0.03176194053128878,0.021112984686437956,0.930577488505202,0.0900000000000003,1.7809301409981177,-1.169474542257414,-0.22275036492477526,-0.22275036492477526,0.0,,,0.0,0.0,0.0,,0.0,,,
2019-02-01,0.026961743210119238,0.028822555060792343,0.051639584274609796,0.02145046259657811,0.23232827309666026,0.05999999999999961,1.6645671597025875,2.1179793955244,-0.07659102154885222,0.19555865743293982,-0.8020004619983423,,,0.0,0.0,0.0,,0.0,,,
2019-02-04,-0.01274830596006371,0.0482496211395822,0.03302503184157812,0.021867439211098887,0.15396458814472824,0.020000000000000018,1.6332762929081885,2.067057489173937,-0.0,0.4152915480209276,-0.8020004619983423,,,0.0,0.0,0.0,,0.0,,,
2019-02-05,-0.016633168537728782,0.006543914162808306,0.01263913590094834,0.02189869782476203,-0.014996579727433179,0.010000000000000231,1.6032421881862944,2.0190520044255083,0.19613259450808906,0.4152915480209276,-0.8020004619983423,,,0.0,0.0,0.0,,0.0,,,
2019-02-06,0.0065013696073217275,-0.0040650462481695016,0.017589191830114093,0.01896542146048723,-0.13798169770087299,-0.0,1.5743861970187647,1.973698295459309,0.15969856710539984,0.23216893583357778,-0.8020004619983423,,,0.0,0.0,0.0,,0.0,,,
2019-02-07,-0.025692927587738,-0.02161128926808953,-0.008151250728413828,0.01989850400658492,-0.7780685933294729,-0.020000000000000018,1.5466376368040522,1.9307661763168678,0.32397527279466287,0.5467256377194382,-0.8020004619983423,,,0.0,0.0,0.0,,0.0,,,
2019-02-08,0.0015186031771898811,-0.047054429301018885,-0.007715999298108844,0.019376286070303124,-0.6553569607611998,0.07000000000000028,1.5199329442387657,1.8900545694137816,0.4046153421555093,0.48120636370436154,0.0,,,0.0,0.0,0.0,,0.0,,,
2019-02-11,-0.005897477380176763,-0.04020360072113194,-0.015459780494991193,0.018744609039554678,-1.01372889601552,0.08000000000000007,1.4942149575682817,1.8513871646820863,0.2030026404239995,0.2030026404239995,0.0,,,0.0,0.0,0.0,,0.0,,,
2019-02-12,0.013079515433818578,-0.010490916749584578,-0.003321268027510982,0.01765882857656334,-0.6020530834395021,0.029999999999999805,1.4694323089332413,1.814608875408715,0.12287423733426844,-0.07325835717382062,0.0,,,0.0,0.0,0.0,,0.0,,,
2019-02-13,0.014953549667057864,-0.0020387366898484416,0.010135135612924895,0.017927728578850936,-0.6217253710699033,-0.009999999999999787,1.445538911786425,1.7795829281868192,0.08352200212232254,-0.0761765649830773,0.0,,,0.0,0.0,0.0,,0.0,,,
2019-02-14,0.009417482582882553,0.03307167348077211,0.017354668529656614,0.01795083461487946,-0.5826944637908893,-0.010000000000000231,1.4224935314334881,1.7461884623551256,0.25086121186980287,-0.07311406092486,0.0,,,0.0,0.0,0.0,,0.0,,,
2019-02-15,0.021455368467544034,0.053008438771126265,0.03717354390731842,0.017102678402686384,-0.4296931973104101,-0.03000000000000025,1.400259429327514,1.7143185426880108,0.4271550401961315,0.02253969804062217,0.0,,,0.0,0.0,0.0,,0.0,,,
2019-02-18,0.0,0.05890591615130303,0.03553705081743663,0.017102678402686384,-0.4296931973104101,-0.03000000000000025,1.3788040739540581,1.6838785105751184,0.4271550401961315,0.02253969804062217,0.0,,,0.0,0.0,0.0,,0.0,,,
2019-02-19,0.008954214554868223,0.05478061527235267,0.04125066893786,0.016134865573813578,0.13919673807217814,0.03000000000000025,1.3580989130901102,1.6547846153706625,0.3635888149901948,0.24071457765592635,0.0,,,0.0,0.0,0.0,,0.0,,,
2019-02-20,0.014689229701405182,0.05451629530669999,0.05201237375879053,0.016323592611534953,0.13919673807217814,0.06000000000000005,1.333598024825525,1.6356339756081122,0.3748802065740784,0.29135820445175586,0.0,,,0.0,0.0,0.0,,0.0,,,
2019-02-21,0.0007024938820689997,0.04580130660588644,0.049234491308816075,0.016281149885276666,0.5139847107793472,-0.029999999999999805,1.3097839415964119,1.6169414551670422,0.14620929966669496,-0.1046519122031079,0.0,,,0.0,0.0,0.0,,0.0,,,
2019-02-22,0.005253032566248983,0.029598970704591387,0.051268747113290214,0.016204530758591632,0.6267376163447413,0.010000000000000231,1.2866170866789366,1.5986874806587386,0.6050571656630311,0.17790212546689965,0.0,,,0.0,0.0,0.0,,0.0,,,
2019-02-25,-0.03157970422333811,-0.0019807335187467245,0.01644048273740184,0.016136458056475754,0.6267376163447413,0.010000000000000231,1.264060826895297,1.5808536319025812,0.48197150008901257,0.17790212546689965,0.0,,,0.0,0.0,0.0,,0.0,,,
2019-02-26,0.00036042530575741694,-0.01057452276785753,0.014787953547274135,0.015301945458404725,0.43754909662213626,0.009999999999999787,1.242081187938029,1.5634225557423678,0.4503865771150979,0.08679776212490309,0.0,,,0.0,0.0,0.0,,0.0,,,
2019-02-27,0.025615061097503222,0.0003513086282405098,0.0379648235949297,0.015851869103243117,0.43754909662213626,-0.040000000000000036,1.2206466022366322,1.546377887614997,0.11304926367369642,-0.261830942900382,0.0,,,0.0,0.0,0.0,,0.0,,,
2019-02-28,0.004905405772072768,0.0045542205182442785,0.039779433800162245,0.01566068330631444,0.2707208422736751,-0.040000000000000036,1.1997276850248788,1.5297041800601046,-0.4116370891248712,-0.5578463887915661,0.0,,,0.0,0.0,0.0,,0.0,,,
2019-03-01,-0.025129618234699613,-0.025828430282704318,0.01416358807086393,0.01581268169885391,-0.23225368332988605,-0.10999999999999988,0.250262728580383,-1.539169452856198,-0.1823379747943246,-0.7873951404573557,-0.455085855721693,,,0.0,0.0,0.0,,0.0,,,
2019-03-04,0.014058421767167317,0.01980969570780111,0.02639544595706944,0.015767886579864148,-0.47903688005768164,-0.050000000000000266,0.2413679949325087,-1.5091320901454914,-0.12612082199964245,-0.608092322088655,-0.455085855721693,,,0.0,0.0,0.0,,0.0,,,
2019-03-05,-0.0005302695661146828,0.018919000835929012,0.02323346756141209,0.015175684276390196,-0.6446115367318095,-0.08000000000000007,0.23243924496967378,-1.4801330991745552,-0.13664630162480615,-0.5870328787399041,-0.455085855721693,,,0.0,0.0,0.0,,0.0,,,
2019-03-06,-0.0060294561099318855,-0.012725516371506096,0.01519884390780124,0.015265918173280688,-0.8200020519781859,-0.0,0.22347350271540553,-1.4521042841628558,-0.0,-0.11304926367369642,-0.455085855721693,,,0.0,0.0,0.0,,0.0,,,
2019-03-07,0.0077959289239846186,-0.009834993219594246,0.01931516246252052,0.013837763288464965,-1.1320579584252366,0.08999999999999986,0.21446769776771238,-1.424983434839287,0.0808898504942811,0.4925269396191523,-0.455085855721693,,,0.0,0.0,0.0,,0.0,,,
2019-03-08,-0.010467584266788954,0.0048270407483164135,0.0057672771986654325,0.014191324060547994,-0.718457790932181,0.13999999999999968,0.20541865795546257,-1.3987136608883488,-0.0,0.1823379747943246,0.0,,,0.0,0.0,0.0,,0.0,,,
2019-03-11,0.012759343753759644,0.0035279627349087406,0.01451347889866117,0.014183310074264812,-0.5267999215293084,0.08000000000000007,0.19632310147012297,-1.3732428146985938,0.09299824156483517,0.21911906356447763,0.0,,,0.0,0.0,0.0,,0.0,,,
2019-03-12,0.0014077074293670222,0.0054659397303904456,0.012491634674487884,0.01402992481655003,-0.11759172154279796,0.11000000000000032,0.18717762842071414,-1.348522988891779,0.47636305701831116,0.6130093586431173,0.0,,,0.0,0.0,0.0,,0.0,,,
2019-03-13,0.024147790212580844,0.035643186052903175,0.03275016120625107,0.014567724224636541,0.20370283392218136,0.08000000000000007,0.17797871175413124,-1.324510077448729,0.7734220475866562,0.7734220475866562,0.0,,,0.0,0.0,0.0,,0.0,,,
2019-03-14,0.005989578957048991,0.03383683608596755,0.03502187166377535,0.014519344240816332,0.6077482490113972,0.010000000000000231,0.16872268747654745,-1.3011633911381204,0.4112975875178572,0.3304077370235761,0.0,,,0.0,0.0,0.0,,0.0,,,
2019-03-15,-0.0015367543364144254,0.042767666016342076,0.030916854968033647,0.013939674648782152,0.6747578664683229,0.03000000000000025,0.15940574410430997,-1.278445319490911,0.9389247527354628,0.9389247527354628,0.0,,,0.0,0.0,0.0,,0.0,,,
2019-03-18,0.0096931292056599,0.03970145146824233,0.03755706535408354,0.014013989204974788,0.745207798662062,0.040000000000000036,0.1500239112644947,-1.2563210328184427,0.9389247527354628,0.9389247527354628,0.0,,,0.0,0.0,0.0,,0.0,,,
2019-03-19,-0.0010159161049854148,0.037277827933889895,0.03398673696248089,0.013970280346668546,0.6147608731588039,-0.0,0.1405730473558611,-1.2347582188027715,0.4101587616531483,-0.06620429536516287,0.0,,,0.0,0.0,0.0,,0.0,,,
2019-03-20,0.013461418149342208,0.02659145587065126,0.04495513340280777,0.013916744048777819,0.5109938189183705,0.06999999999999984,0.1280283457904272,-1.2173114033702972,1.0,0.22657795241334378,0.0,,,0.0,0.0,0.0,,0.0,,,
2019-03-21,0.002503965918922546,0.023105842832524814,0.04487600401087288,0.013910373634291689,0.5415105845456902,0.08999999999999986,0.11527005668455348,-1.2002414180244814,1.0,0.5887024124821427,0.0,,,0.0,0.0,0.0,,0.0,,,
2019-03-22,-0.01579599302864576,0.00884660414029348,0.027549366951115317,0.014482258924529449,-0.09085236272869945,0.1499999999999999,0.10228105119992621,-1.1835318096745318,1.0,0.06107524726453717,0.0,,,0.0,0.0,0.0,,0.0,,,
2019-03-25,-0.0037332471663678035,-0.004579772231734225,0.020893152900787193,0.012306657971370783,0.01782632441288401,0.16999999999999993,0.08904262335475933,-1.1671670822052873,1.0,0.06107524726453717,0.0,,,0.0,0.0,0.0,,0.0,,,
2019-03-26,0.018862128762668462,0.015298272635919652,0.03590722960664827,0.012789793193211007,-0.3580420266054096,0.19999999999999973,0.0755342799865156,-1.1511326249532186,1.0,0.5898412383468516,0.0,,,0.0,0.0,0.0,,0.0,,,
2019-03-27,-0.00888149952086792,-0.007044645034290475,0.024902506059892637,0.01200161295002747,-0.8527309026910901,0.1499999999999999,0.06173349568462168,-1.1354146475973124,1.0,0.0,0.0,,,0.0,0.0,0.0,,0.0,,,
2019-03-28,-0.001853256363969713,-0.011401867317182734,0.021263958776837733,0.012014297272245294,-0.9544672606430549,0.1499999999999999,0.047615425495932145,-1.1200001207943415,1.0,0.0,0.0,,,0.0,0.0,0.0,,0.0,,,
2019-03-29,0.014065871556702803,0.01845999726816583,0.03158476492488482,0.010493379980813044,-0.393684996198318,0.029999999999999805,0.033152566437755805,-1.1048767219676094,1.0,0.0,0.0,,,0.0,0.0,0.0,,0.0,,,
2019-04-01,0.02382434213856932,0.04601758657310295,0.05117574563622718,0.011201862673108852,-0.45369092556968305,-0.06000000000000005,-0.3323858825597673,-1.67252272499271,1.0,0.0,-1.6793021474385883,,,0.0,0.0,0.0,,0.0,,,
2019-04-02,0.01594621854178424,0.04310167635221873,0.06206477834539115,0.011436501876202893,-0.4151205410959813,-0.06999999999999984,-0.3494440880304792,-1.6393726045309687,1.0,0.0,-1.6793021474385883,,,0.0,0.0,0.0,,0.0,,,
2019-04-03,-0.0019193863858033566,0.050063789487283294,0.054882702640759895,0.011262401877189505,0.3502301425502674,-0.1299999999999999,-0.36710638770311155,-1.6074896541511305,0.9666020000854718,-0.03339799991452819,-1.6793021474385883,,,0.0,0.0,0.0,,0.0,,,
2019-04-04,-0.0057803629154999925,0.046136682935753015,0.04451846499840695,0.011508139315445884,0.2502210256806192,-0.11999999999999966,-0.3854241053807036,-1.576785683838174,0.7043382442723508,-0.2956617557276492,-1.6793021474385883,,,0.0,0.0,0.0,,0.0,,,
2019-04-05,0.01565777315540462,0.04772858453445483,0.054286095555848846,0.011188025161134117,0.14287314862021505,-0.08999999999999986,-0.40445482273983274,-1.5471808011518033,0.4998639394052007,-0.5001360605947993,-1.6793021474385883,,,0.0,0.0,0.0,,0.0,,,
2019-04-08,0.020709871015470505,0.044614113411356016,0.06870829761027153,0.011579346665462417,0.21481482770441263,-0.029999999999999805,-0.4242634114683047,-1.5186024280589818,0.5465874546840606,-0.45341254531593944,0.0,,,0.0,0.0,0.0,,0.0,,,
2019-04-09,-0.0065430985889358695,0.022124796280635906,0.056275070361202495,0.011888069916238584,0.5083510471493025,-0.029999999999999805,-0.44492328236642453,-1.4909844565677737,0.49351248278364246,-0.5064875172163575,0.0,,,0.0,0.0,0.0,,0.0,,,
2019-04-10,0.009798663048702139,0.0338428457151414,0.060901061107965226,0.011137507714023684,0.25644802917684784,0.040000000000000036,-0.4665179076260136,-1.464266520563573,0.6829933204879765,-0.28360867959749536,0.0,,,0.0,0.0,0.0,,0.0,,,
2019-04-11,-0.016070242087417697,0.023552966543223697,0.04076113777083101,0.012102848237118,0.29520821572988076,-0.0,-0.48914269003793703,-1.4383933653921523,0.536718756033798,-0.16761948823855277,0.0,,,0.0,0.0,0.0,,0.0,,,
2019-04-12,0.00486389913159524,0.012759092519414317,0.04123532297931032,0.012031209453542255,0.5388240328565219,-0.06000000000000005,-0.5129072768931753,-1.413314300036657,0.1496671727322256,-0.35019676667297506,0.0,,,0.0,0.0,0.0,,0.0,,,
2019-04-15,-0.007698993171072033,-0.01564977166712822,0.03001622200395815,0.012254185851752844,0.16941423480655304,-0.029999999999999805,-0.5379384496330395,-1.388982719383946,0.2511075505552011,-0.29547990412885944,0.0,,,0.0,0.0,0.0,,0.0,,,
2019-04-16,0.010200166899563712,0.0010934938213713608,0.03613547694901431,0.012292261146132178,-0.12529238527889675,-0.0900000000000003,-0.5643837670703626,-1.3653556862111833,0.25477312838281996,-0.2387393544008225,0.0,,,0.0,0.0,0.0,,0.0,,,
2019-04-17,-0.0045379938607839065,-0.013243163088114684,0.028416541734229916,0.012228066716747895,-0.07620585718917106,-0.10999999999999988,-0.5924162066529147,-1.342393564254816,-0.0,-0.6829933204879765,0.0,,,0.0,0.0,0.0,,0.0,,,
2019-04-18,0.0037570488777118882,0.0065841278770149,0.028929995110001272,0.012227625732977315,-0.06717246661658294,-0.06000000000000005,-0.6222401447278164,-1.3200596951347612,0.1567301924125555,-0.37998856362124256,0.0,,,0.0,0.0,0.0,,0.0,,,
2019-04-22,0.026215842130893563,0.027936070876313224,0.049801649980977025,0.012392167006756227,-0.36404784828745207,-0.029999999999999805,-0.6540991588658754,-1.2983201130616624,-0.6534863614416251,-0.8031535341738507,0.0,,,0.0,0.0,0.0,,0.0,,,
2019-04-23,0.009090971701251505,0.04472603574863676,0.05290722347893073,0.012228452171605234,-0.5788899078562393,-0.020000000000000018,-0.6618778611081776,-1.275505540852056,-0.6615589114762759,-0.912666462031477,0.0,,,0.0,0.0,0.0,,0.0,,,
2019-04-24,-0.0062032122660884426,0.028322656582984607,0.041971880060981626,0.01212327964351608,-0.648001841716983,0.07000000000000028,-0.6697576674589056,-1.2532835663137942,-0.5495638383428494,-0.8043369667256693,0.0,,,0.0,0.0,0.0,,0.0,,,
2019-04-25,-0.01037385352061726,0.022486796923151253,0.026940513088491436,0.012215720574199694,-1.0975067699086738,0.04999999999999982,-0.67774146629201,-1.2316215873934429,-0.5447831218513247,-0.5447831218513247,0.0,,,0.0,0.0,0.0,,0.0,,,
2019-04-26,-0.02972750225498011,-0.010997754209540744,-0.006050790323810951,0.014393608333229047,-0.6707506845684552,0.06000000000000005,-0.6858322608061767,-1.210489286397021,-0.053900748485079725,-0.21063094089763523,0.0,,,0.0,0.0,0.0,,0.0,,,
2019-04-29,0.0031545767485150478,-0.03405901959191926,-0.0056144499922092805,0.014167638520115159,-0.6563596219898216,0.04999999999999982,-0.6940331750372065,-1.1898584200318358,0.16151301294491713,0.8149993743865422,0.0,,,0.0,0.0,0.0,,0.0,,,
2019-04-30,0.006435937763544786,-0.03671405352962598,-0.0010273284268267346,0.013311952321780755,-0.1478840339082632,0.06000000000000005,-0.7023474602605723,-1.1697026322093547,0.16039084794210964,0.8219497594183856,0.0,,,0.0,0.0,0.0,,0.0,,,
2019-05-01,-0.004862373316114166,-0.0353732145796517,-0.006698088348207065,0.012960683166758913,0.3608600686023977,0.009999999999999787,0.10802848662753804,1.3166745865704186,0.10718833667600092,0.6567521750188503,1.0145902208382962,,,0.0,0.0,0.0,,0.0,,,
2019-05-02,-0.028548306674894164,-0.053547667733928606,-0.03472333561391405,0.014528604417166264,0.1807017134703104,-0.009999999999999787,0.09689867696069088,1.3093873857735148,-0.10743373064231064,0.43734939120901406,1.0145902208382962,,,0.0,0.0,0.0,,0.0,,,
2019-05-03,0.00210101087387482,-0.021719154605073676,-0.032493334020321285,0.014485323392556837,0.18367341636883472,-0.03000000000000025,0.08562148166479455,1.3021739066369284,0.10706654702741326,0.160967295512493,1.0145902208382962,,,0.0,0.0,0.0,,0.0,,,
2019-05-06,0.00499236079975951,-0.019881370553829214,-0.02683871188306064,0.014063738476277612,0.12257331243122893,0.03000000000000025,0.07418703623537733,1.2950327540597635,0.26706098087132224,0.10554796792640511,1.0145902208382962,,,0.0,0.0,0.0,,0.0,,,
2019-05-07,-0.013748700191720253,-0.04006600850909425,-0.0382022221769196,0.013402873302989391,-0.24582040283329665,0.05999999999999961,0.06258477649757016,1.2879625695981494,0.37252995357813906,0.21213910563602942,1.0145902208382962,,,0.0,0.0,0.0,,0.0,,,
2019-05-08,0.011658163127389543,-0.023545472065590545,-0.025068932237486408,0.013719878981069964,-0.4477305651544139,0.029999999999999805,0.0508033652935633,1.2809620302301905,0.05372699523428089,-0.053461341441720024,0.0,,,0.0,0.0,0.0,,0.0,,,
2019-05-09,-0.00678406736914372,-0.0017812327598401012,-0.02954873627369281,0.013502053782291402,-0.24264094418826598,0.09999999999999964,0.03883060973821424,1.27402984717147,0.48112928353757783,0.5885630141798884,0.0,,,0.0,0.0,0.0,,0.0,,,
2019-05-10,-0.0006485084533380814,-0.004530752087053003,-0.028664068075798355,0.013109160176634153,-0.23320256175789478,0.06999999999999984,0.026653367553897158,1.2671647647386766,0.7499756947257974,0.6429091476983841,0.0,,,0.0,0.0,0.0,,0.0,,,
2019-05-13,-0.010106035481802778,-0.01962914836861529,-0.036488430175698916,0.013151981865938519,-0.4627274310957441,0.10999999999999988,0.014257440717343283,1.2603655592590572,1.0,0.7329390191286778,0.0,,,0.0,0.0,0.0,,0.0,,,
2019-05-14,0.01205030051423428,0.006169852337339243,-0.023143920963828002,0.013461591180379071,-0.28621695400807834,0.03000000000000025,0.0016274543120951127,1.2536310380235294,1.0,0.627470046421861,0.0,,,0.0,0.0,0.0,,0.0,,,
2019-05-15,0.003877226181867144,-0.0016110846081831554,-0.017656339048437886,0.01325002163736661,-0.2938093148113996,0.1200000000000001,-0.01125328193467467,1.2469600382813975,1.0,0.9462730047657191,0.0,,,0.0,0.0,0.0,,0.0,,,
2019-05-16,0.013612188722667007,0.018785171483627572,-0.003341303721422051,0.013654345236183411,-0.1661744737017079,0.050000000000000266,-0.024402932462686534,1.2403514262747308,0.8969099092864883,0.41578062574891045,0.0,,,0.0,0.0,0.0,,0.0,,,
2019-05-17,-0.0017511745301375115,0.017682505406828142,-0.0041142204768167545,0.013615148355730262,-0.7916325495484378,0.08000000000000007,-0.037841318699050254,1.233804096310568,0.8969099092864883,0.41578062574891045,0.0,,,0.0,0.0,0.0,,0.0,,,
2019-05-20,0.005402841682335513,0.03319138257096643,0.0033075290026882698,0.012143036430815613,-0.3424060734158463,-0.010000000000000231,-0.05159013033597526,1.2273169698692072,0.8399066613504957,-0.16009333864950426,0.0,,,0.0,0.0,0.0,,0.0,,,
2019-05-21,-0.0017447859133303822,0.01939629614340177,0.004123438767256182,0.011859680433313022,-0.2948875520193184,-0.010000000000000231,-0.0656731704939082,1.2208889947469272,0.49735169855718164,-0.5026483014428184,0.0,,,0.0,0.0,0.0,,0.0,,,
2019-05-22,-0.025240468621160694,-0.009721398659626068,-0.017604471358251494,0.012886900114808714,-0.3320486981740478,-0.020000000000000018,-0.08011664143279362,1.2145191442315888,0.4511524247325862,-0.5488475752674138,0.0,,,0.0,0.0,0.0,,0.0,,,
2019-05-23,-0.05884543377497842,-0.08217902115727149,-0.07051376762485884,0.0178481116640155,-0.17425836776272519,0.08999999999999986,-0.08853743599419367,1.1965599684197183,1.0,0.10309009071351172,0.0,,,0.0,0.0,0.0,,0.0,,,
2019-05-24,0.012356429738425767,-0.06807141688870821,-0.054325396977732865,0.01736994200945268,0.3155056334157691,0.07000000000000028,-0.09704451490674487,1.1789920408165597,0.6000683927558772,0.10309009071351172,0.0,,,0.0,0.0,0.0,,0.0,,,
2019-05-27,0.0,-0.07347425857104373,-0.05033572723160695,0.017317404687729483,0.3155056334157691,0.07000000000000028,-0.10564147418798263,1.1617977287049361,0.6000683927558772,0.10309009071351172,0.0,,,0.0,0.0,0.0,,0.0,,,
2019-05-28,0.008661003448207083,-0.06306846920950626,-0.03779630732150707,0.017394881721073143,-0.02837869912042379,0.17000000000000037,-0.11433207543668404,1.144960444826535,0.7829632971892645,0.28561159863208285,0.0,,,0.0,0.0,0.0,,0.0,,,
2019-05-29,-0.0055956059524664425,-0.04342360654081201,-0.03947683518026324,0.017397837099180767,-0.26866549897970327,0.14000000000000012,-0.1231202568353784,1.1284645673108977,1.0,0.5488475752674138,0.0,,,0.0,0.0,0.0,,0.0,,,
2019-05-30,-0.038479617317432435,-0.023057790083266028,-0.07354480887185755,0.018258364851161436,-0.1394566952978682,0.08999999999999986,-0.13201014504042918,1.1122953669431104,1.0,0.0,0.0,,,0.0,0.0,0.0,,0.0,,,
2019-05-31,-0.05615063725247138,-0.09156485707416318,-0.12237122009217449,0.021519680002899763,-0.5571129025866428,0.17999999999999972,-0.14100606804665614,1.0964389409857849,1.0,0.3999316072441228,0.0,,,0.0,0.0,0.0,,0.0,,,
2019-06-03,-0.004683849312426158,-0.09624870638658933,-0.11924703286683602,0.02133619083431041,-0.5571129025866428,0.17999999999999972,0.4491576674846687,-0.7093528959056838,1.0,0.3999316072441228,-0.7267768743277614,,,0.0,0.0,0.0,,0.0,,,
2019-06-04,0.004309947644207668,-0.10059976219058875,-0.10803198107666034,0.021453347260541267,0.1946398389235049,0.13999999999999968,0.43791653763628824,-0.7030819261761437,1.0,0.2170367028107355,-0.7267768743277614,,,0.0,0.0,0.0,,0.0,,,
2019-06-05,-0.03423689275939612,-0.12924104899751843,-0.13306901689575046,0.021814758444867667,0.4491499611766203,0.1299999999999999,0.42665374562698255,-0.6968555290759266,1.0,0.0,-0.7267768743277614,,,0.0,0.0,0.0,,0.0,,,
2019-06-06,0.01745512812690686,-0.07330630355317913,-0.10762599160333908,0.02261469630911564,0.36237455852246026,0.10000000000000009,0.4153632324087864,-0.6906728111564605,1.0,0.0,-0.7267768743277614,,,0.0,0.0,0.0,,0.0,,,
2019-06-07,0.02627285662894252,0.00911719032823477,-0.07471130606300624,0.023842421197827653,0.848558991769699,0.050000000000000266,0.4040387119019479,-0.6845328996590886,1.0,0.0,-0.7267768743277614,,,0.0,0.0,0.0,,0.0,,,
2019-06-10,-0.013613263844409307,0.00018777579625162133,-0.08150737957789467,0.02388210634746536,0.8381955486261528,-0.08000000000000007,0.39267364363820934,-0.6784349418446883,0.8717082228262597,-0.1282917771737403,0.0,,,0.0,0.0,0.0,,0.0,,,
2019-06-11,0.00018774054312142852,-0.003934431304834618,-0.0739093207066972,0.023533621970076815,0.6129674134945806,-0.029999999999999805,0.381261202675388,-0.6723781043487284,0.8294882642842866,-0.17051173571571343,0.0,,,0.0,0.0,0.0,,0.0,,,
2019-06-12,-0.04080635106586694,-0.01050388961130544,-0.10507117458210047,0.024506552437810622,0.5102128759803537,-0.009999999999999787,0.3697942463856527,-0.6663615725606153,0.836551135932959,-0.16344886406704096,0.0,,,0.0,0.0,0.0,,0.0,,,
2019-06-13,0.022046918892980383,-0.005912098845231917,-0.07380149500717215,0.02499554309263083,0.3014388185253791,0.020000000000000018,0.35826527765625216,-0.6603845500262298,1.0,0.0,0.0,,,0.0,0.0,0.0,,0.0,,,
2019-06-14,0.004389738893746831,-0.027795216580427606,-0.06049604110267337,0.025129513283667186,-0.14593456878018163,-0.0,0.3466664039655573,-0.6544462578726136,1.0,0.0,0.0,,,0.0,0.0,0.0,,0.0,,,
2019-06-17,-0.011106969793540422,-0.02528892252955872,-0.0618618053116653,0.024904563265655332,-0.4054541944119583,0.06000000000000005,0.3349892917065587,-0.6485459342538242,0.9493241560938553,0.07761593326759564,0.0,,,0.0,0.0,0.0,,0.0,,,
2019-06-18,0.037233820058723666,0.011757156986043515,-0.016835709966998014,0.02700024549406818,-0.4336129326378835,0.08999999999999986,0.3232251150209083,-0.6426828338170164,1.0,0.17051173571571343,0.0,,,0.0,0.0,0.0,,0.0,,,
2019-06-19,-0.0026007817000572864,0.04996272635185317,-0.01277620072716612,0.02670317964691606,-0.303972695299648,0.10000000000000009,0.31136449827518947,-0.6368562271878621,1.0,0.16344886406704096,0.0,,,0.0,0.0,0.0,,0.0,,,
2019-06-20,0.052362291259121285,0.08027809871799407,0.04068599522013949,0.026842772655842083,0.7116819095803417,0.0900000000000003,0.3214249493632847,-0.6354941460741419,0.9662023113332759,-0.03379768866672406,0.0,,,0.0,0.0,0.0,,0.0,,,
2019-06-21,0.013674827402190282,0.08956318722643752,0.055394807427325166,0.026879151867036308,0.9214387213053343,0.020000000000000018,0.3316524498279733,-0.6341344810100525,0.9151166345447245,-0.08488336545527553,0.0,,,0.0,0.0,0.0,,0.0,,,
2019-06-24,0.008150569702744193,0.10882072672272214,0.0641718334499286,0.026957327511162553,1.1317738280428147,0.06999999999999984,0.34205444234308463,-0.6327772209521162,0.9151166345447245,-0.08488336545527553,0.0,,,0.0,0.0,0.0,,0.0,,,
2019-06-25,-0.0012097124088228384,0.07037719425517563,0.06408211315381562,0.0268685536714174,1.0730093364066273,0.06000000000000005,0.3526388138635868,-0.6314223549204883,0.9065621225671315,-0.09343787743286847,0.0,,,0.0,0.0,0.0,,0.0,,,
2019-06-26,0.0264497971654869,0.09942777312071982,0.09004963227611462,0.027534840245954886,1.0606370731564008,-0.020000000000000018,0.3634139313341427,-0.6300698719984655,0.6961469322782854,-0.3038530677217146,0.0,,,0.0,0.0,0.0,,0.0,,,
2019-06-27,0.0008416800429555948,0.04790716190455413,0.08844296940786345,0.02596553665152819,0.12159791506610729,-0.0,0.3743886809732198,-0.6287197613319985,0.6840406249638125,-0.2821616863694635,0.0,,,0.0,0.0,0.0,,0.0,,,
2019-06-28,-0.016285347190990507,0.01794698731137334,0.06771601480259193,0.0225337423941974,0.222574990617197,0.06999999999999984,0.3855725115653625,-0.6273720121292085,0.4222087539358486,-0.49290788060887586,0.0,,,0.0,0.0,0.0,,0.0,,,
2019-07-01,0.010547903170004425,0.020344320778633573,0.07306072293419419,0.02246638887511976,-0.059307894316829035,-0.009999999999999787,-0.4530959408764966,0.5145518946898414,0.08390035509631533,-0.49290788060887586,-0.6405212904722069,,,0.0,0.0,0.0,,0.0,,,
2019-07-02,-0.049255664273053945,-0.027701631085597533,0.02128014421860147,0.025558539288082036,-0.16530540500696578,0.020000000000000018,-0.44091404141803225,0.505979367340803,0.22926541291363683,-0.6772967096534948,-0.6405212904722069,,,0.0,0.0,0.0,,0.0,,,
2019-07-03,0.019192419370694935,-0.0349590088803895,0.03527618354025286,0.024273854639694455,-0.2205815601846295,0.08999999999999986,-0.4286755286684851,0.49744309640627643,0.12411684273103998,-0.5720300895472454,-0.6405212904722069,,,0.0,0.0,0.0,,0.0,,,
2019-07-04,0.0,-0.03580068892334509,0.030952559897554188,0.024123227230849264,-0.2205815601846295,0.08999999999999986,-0.41637060934368286,0.4889411990792359,0.12411684273103998,-0.5720300895472454,-0.6405212904722069,,,0.0,0.0,0.0,,0.0,,,
2019-07-05,0.0029603852704385147,-0.01655495646191607,0.030754945093218744,0.02356356216115052,-0.46351044360333216,-0.040000000000000036,-0.4039888765284399,0.48047181383246196,-0.04189914115477259,-0.4641078950906212,-0.6405212904722069,,,0.0,0.0,0.0,,0.0,,,
2019-07-08,0.0026048464845933594,-0.024498013147327136,0.029390885986588344,0.023232766225222506,-0.2628048732652877,-0.020000000000000018,-0.39151922639689224,0.47203309837667995,0.042436546588349604,-0.04146380850796572,0.0,,,0.0,0.0,0.0,,0.0,,,
2019-07-09,0.002943979959870724,0.027701631085597533,0.028228148384398466,0.023217326247624057,-0.24027701091566822,-0.08999999999999986,-0.3789497627408767,0.46362322764986347,0.02159961449741828,-0.20766579841621854,0.0,,,0.0,0.0,0.0,,0.0,,,
2019-07-10,0.04397799820334036,0.05248720991824296,0.06386021156221666,0.022307606109071506,-0.23899628528003536,-0.10999999999999988,-0.36626768697360984,0.4552403918325613,0.13126862289785204,0.007151780166812061,0.0,,,0.0,0.0,0.0,,0.0,,,
2019-07-11,-0.0038133180586914506,0.04867389185955151,0.052993970325587725,0.022220959048778032,-0.23899628528003536,-0.10999999999999988,-0.35345917075062694,0.44688279438418393,-0.044406099099079596,0.007151780166812061,0.0,,,0.0,0.0,0.0,,0.0,,,
2019-07-12,0.00016609916158039084,0.045879605750693386,0.046318328295839706,0.022267622515984593,0.29944437301717697,-0.08000000000000007,-0.34050920768448517,0.4385486500952299,-0.0,0.04189914115477259,0.0,,,0.0,0.0,0.0,,0.0,,,
2019-07-15,-0.01051850419121969,0.032756255074880336,0.02892865963317348,0.022243032991915004,0.29862969396324823,-0.040000000000000036,-0.3274014397811961,0.4302361831504639,0.06786873147675657,0.025432184888406963,0.0,,,0.0,0.0,0.0,,0.0,,,
2019-07-16,-0.03345021762875433,-0.0036379425137447186,-0.007858520582651352,0.022773956915136485,0.07871299902607598,-0.06000000000000005,-0.31411795313606145,0.4219436251980589,-0.023039479309035125,-0.04463909380645341,0.0,,,0.0,0.0,0.0,,0.0,,,
2019-07-17,-0.014685578611556949,-0.06230151932864203,-0.02527682193570513,0.02309780375307379,0.17899362139721653,0.009999999999999787,-0.3006390360147892,0.4136692134196942,-0.21006672446761257,-0.3413353473654646,0.0,,,0.0,0.0,0.0,,0.0,,,
2019-07-18,-0.02641124251653615,-0.08489944378648673,-0.0504821105049551,0.02079052844146921,-0.03335188150763724,0.08999999999999986,-0.28694289060205314,0.4054111885965604,-0.11808484037298388,-0.07367874127390428,0.0,,,0.0,0.0,0.0,,0.0,,,
2019-07-19,0.0059497155589127715,-0.07911582738915435,-0.042940185406592946,0.020570107936027645,-0.08800324130751047,0.07000000000000028,-0.2730052872704648,0.3971677931661487,-0.07157090280198698,-0.07157090280198698,0.0,,,0.0,0.0,0.0,,0.0,,,
2019-07-22,0.010549941391183815,-0.05804738180675084,-0.030918003060380173,0.020636808839052,-0.2789455005541397,0.040000000000000036,-0.25967773636099756,0.40836567423118586,-0.19364964781074503,-0.2615183792875016,0.0,,,0.0,0.0,0.0,,0.0,,,
2019-07-23,0.009735451704249165,-0.014861712473747346,-0.020257568606756315,0.02078870306170367,-0.2507584050582823,0.04999999999999982,-0.2461286723952434,0.419784273001111,-0.29476279595587457,-0.27172331664683946,0.0,,,0.0,0.0,0.0,,0.0,,,
2019-07-24,-0.015801482793873944,-0.015977616656064342,-0.03302150465328779,0.01999198058965109,-0.31484507132977235,0.010000000000000231,-0.2323353583555578,0.4314342807094905,-0.15071923954452113,0.05934748492309144,0.0,,,0.0,0.0,0.0,,0.0,,,
2019-07-25,0.002502235443201606,0.012935861303673413,-0.02756475023275584,0.020012376938783306,-0.36892466902982424,-0.040000000000000036,-0.21827253371586136,0.44332710363919686,-0.31183695321925375,-0.19375211284626986,0.0,,,0.0,0.0,0.0,,0.0,,,
2019-07-26,0.0032079870676833266,0.010194132812443968,-0.022376910900676172,0.019802545530051733,-0.5879715677355568,-0.03000000000000025,-0.20391199573995816,0.45547492705116455,-0.2958648841553964,-0.22429398135340944,0.0,,,0.0,0.0,0.0,,0.0,,,
2019-07-29,0.011851204419062178,0.011495395840322331,-0.008611019279670451,0.019848033076320132,-0.5101659278376358,-0.010000000000000231,-0.18922209290052072,0.4678907862594179,-0.19487016415412634,-0.0012205163433813004,0.0,,,0.0,0.0,0.0,,0.0,,,
2019-07-30,0.020536746825192687,0.022296690961265853,0.010350794192554247,0.017020565997233447,-0.278925754231385,0.020000000000000018,-0.17416710741799205,0.48058864581886834,-0.23009625200791778,0.06466654394795679,0.0,,,0.0,0.0,0.0,,0.0,,,
2019-07-31,0.009088633255686318,0.047186807010826115,0.018369683401021852,0.016615258077105916,-0.2177995133786137,0.029999999999999805,-0.1587064966385766,0.4935834879466526,-0.36023629051115347,-0.20951705096663234,0.0,,,0.0,0.0,0.0,,0.0,,,
2019-08-01,-0.08233564969544327,-0.03765107812781876,-0.060918927856867366,0.02498591878271389,-0.6519616091144487,0.18000000000000016,0.5031506589402117,-0.8733726202249017,-0.36023629051115347,-0.20951705096663234,0.037779247635572055,,,0.0,0.0,0.0,,0.0,,,
2019-08-02,0.031204064393600905,-0.009655000801901181,-0.028080008981870463,0.026115926020174693,-0.5551954261936443,0.21999999999999997,0.5259446549383663,-0.8593671548685928,0.47777852348645367,0.7736434076418501,0.037779247635572055,,,0.0,0.0,0.0,,0.0,,,
2019-08-05,-0.017580878739063444,-0.0390870839600268,-0.04301674697835445,0.02633260705918802,-0.8621964987866493,0.31000000000000005,0.5498804428206154,-0.8455637024009389,0.9196182023316402,1.1144883664857665,0.037779247635572055,,,0.0,0.0,0.0,,0.0,,,
2019-08-06,-0.019572264363847403,-0.07919609514906689,-0.05881905838343737,0.026561451004245663,-0.9248311943062193,0.33000000000000007,0.5750826975619003,-0.8319567094934951,1.0,1.2300962520079177,0.037779247635572055,,,0.0,0.0,0.0,,0.0,,,
2019-08-07,-0.0485198296521272,-0.1368045580568804,-0.09894404368402654,0.02585342807928178,-1.1291437002249438,0.31000000000000005,0.6016961412547449,-0.8185413442934688,0.7338433168576239,1.0940796073687773,0.037779247635572055,,,0.0,0.0,0.0,,0.0,,,
2019-08-08,0.02798600091468728,-0.02648290744674986,-0.0641531643664699,0.027097883788334706,-0.3654462433832384,0.17999999999999994,0.6298899301442509,-0.8053135458449505,0.747810283492613,1.0940796073687773,0.0,,,0.0,0.0,0.0,,0.0,,,
2019-08-09,0.036625917411804654,-0.02106105442854611,-0.02254535946430769,0.028766559889699433,-0.21990525569257624,0.1200000000000001,0.6598632799943698,-0.7922700903672393,0.7006601381314924,0.22288161464503875,0.0,,,0.0,0.0,0.0,,0.0,,,
2019-08-12,0.007858945685330188,0.00437876999584752,-0.010623398782446891,0.02887370933895707,-0.14555890932890225,0.10000000000000009,0.6918527662994353,-0.7794086781298141,0.8553969538164825,-0.06422124851515765,0.0,,,0.0,0.0,0.0,,0.0,,,
2019-08-13,0.038744469307435914,0.06269550366713084,0.028574351174709633,0.029512174224437193,-0.03110795746692485,0.050000000000000044,0.7261419238795862,-0.766728045820534,0.7675939684984818,-0.23240603150151817,0.0,,,0.0,0.0,0.0,,0.0,,,
2019-08-14,-0.03329783274886822,0.07791750057038982,-0.003339588217571965,0.03026834860546113,-0.25051648691296613,0.11999999999999988,0.7630740559173191,-0.7542281108512214,0.962742828628347,0.2288995117707231,0.0,,,0.0,0.0,0.0,,0.0,,,
2019-08-15,-0.013856192517513133,0.036075307138189405,-0.01643963987844943,0.029849265348532023,-0.6438346755499147,0.19999999999999996,0.8030696057265879,-0.7419101561376106,1.0,0.252189716507387,0.0,,,0.0,0.0,0.0,,0.0,,,
2019-08-16,0.007316659675300929,0.006766049401685681,-0.008435186552333107,0.02986698790730418,-0.5467962992702802,0.18999999999999995,0.8466501497267662,-0.7297770667532781,1.0,0.2993398618685076,0.0,,,0.0,0.0,0.0,,0.0,,,
2019-08-19,0.024127925943099093,0.023035029659454587,0.01570163381398615,0.030287236788448187,-0.5428470606775759,0.04999999999999982,0.833642593991762,-0.727730309121797,1.0,0.1446030461835175,0.0,,,0.0,0.0,0.0,,0.0,,,
2019-08-20,0.0023100854342432697,-0.013399354213738057,0.018391881984949343,0.030206905899345413,-0.553343836500142,0.1299999999999999,0.8207918764928305,-0.7256892428029306,1.0,0.23240603150151817,0.0,,,0.0,0.0,0.0,,0.0,,,
2019-08-21,-0.011783746422062258,0.008114732113067902,0.006787411481017358,0.030112161920071975,-0.07267832879129799,-0.0,0.8080914572474585,-0.7236538302453526,1.0,0.037257171371652964,0.0,,,0.0,0.0,0.0,,0.0,,,
2019-08-22,-0.005944356871518508,0.016026567759062527,0.001444660143365084,0.03013179997387237,-0.11251971654244741,-0.10000000000000009,0.7955350382148184,-0.7216240342212029,1.0,0.0,0.0,,,0.0,0.0,0.0,,0.0,,,
2019-08-23,-0.0215494094848383,-0.012839501401076703,-0.018265273979981345,0.030473658239983787,-0.18987244466537323,0.030000000000000027,0.783116547436359,-0.7195998178224068,1.0,0.0,0.0,,,0.0,0.0,0.0,,0.0,,,
2019-08-26,-0.009832191256329725,-0.04679961860050552,-0.025173820091049404,0.03034639785797913,-0.23613877327099964,0.06000000000000005,0.7708301241509525,-0.717581144457046,1.0,0.0,0.0,,,0.0,0.0,0.0,,0.0,,,
2019-08-27,0.023764588941050935,-0.025345115093697856,0.00135302188946973,0.030485997040179347,-0.32154012094816053,0.06000000000000005,0.7586701047985311,-0.7155679778457783,1.0,0.0,0.0,,,0.0,0.0,0.0,,0.0,,,
2019-08-28,0.015355734844813895,0.0017943661731782967,0.019157654694295978,0.03064600810788332,-0.5976459423569835,0.1200000000000001,0.7466310098336103,-0.7135602820183067,1.0,0.0,0.0,,,0.0,0.0,0.0,,0.0,,,
2019-08-29,0.016535179826593804,0.02427390287129061,0.03319819100480004,0.02442400513092254,-0.6021858314629425,0.1200000000000001,0.7347075312763979,-0.7115580213098985,0.7433565571078559,-0.25664344289214414,0.0,,,0.0,0.0,0.0,,0.0,,,
2019-08-30,-0.028800845867067437,0.017022466489061472,0.004902947134675983,0.02439721279584698,-0.7302586766171348,0.020000000000000018,0.7228945209351323,-0.7095611603579496,0.802811707135011,-0.19718829286498896,0.0,,,0.0,0.0,0.0,,0.0,,,
2019-09-02,0.0,0.026854657745391197,0.004529505194667216,0.024064050545650053,-0.7302586766171348,0.020000000000000018,1.2044768552984195,-0.194611872877972,0.802811707135011,-0.19718829286498896,-0.3977823717036144,,,0.0,0.0,0.0,,0.0,,,
2019-09-03,-0.021277398447284934,-0.018187329642944672,-0.017036078488455342,0.024141332061112065,-0.47668789808916756,0.020000000000000018,1.1840336067111314,-0.19777499484342925,0.47257329618490795,-0.527426703815092,-0.3977823717036144,,,0.0,0.0,0.0,,0.0,,,
2019-09-04,0.04211148535012699,0.00856842086236842,0.020255655875720535,0.022975431628964146,0.1728925224408262,-0.0,1.1640565524989501,-0.20094714854771897,0.5679607085625316,-0.43203929143746844,-0.3977823717036144,,,0.0,0.0,0.0,,0.0,,,
2019-09-05,0.000710732083933685,-0.007256026880291699,0.01751040041524199,0.022328351812147807,0.495415563790369,-0.07000000000000006,1.1445216446712527,-0.20412846662220202,0.24743928984046365,-0.4959172672673922,-0.3977823717036144,,,0.0,0.0,0.0,,0.0,,,
2019-09-06,0.003900022670682013,0.02544484165745775,0.019590730278567392,0.020924619481856317,0.8702790766561552,-0.050000000000000044,1.1254063530848086,-0.2073190833732333,0.3518641129123191,-0.4509475942226919,-0.3977823717036144,,,0.0,0.0,0.0,,0.0,,,
2019-09-09,0.023258895823358827,0.04870373748081658,0.04025993578766851,0.021435660445761506,0.8702790766561552,-0.050000000000000044,1.1066895357820667,-0.21051913481691537,-0.0,-0.4509475942226919,0.0,,,0.0,0.0,0.0,,0.0,,,
2019-09-10,-0.007809150314164626,0.062171985613936886,0.03218877614032589,0.019765558966026376,1.0333755102006292,-0.25,1.0883513221396104,-0.21372875871464944,-0.03581999852718021,-0.5083932947120882,0.0,,,0.0,0.0,0.0,,0.0,,,
2019-09-11,-0.029166892985292847,-0.009106392721482948,0.0025533268336772608,0.019414879211955418,0.30627272719546683,-0.28,1.0703730073201205,-0.2169480946095069,-0.3585742538406183,-0.9265349624031498,0.0,,,0.0,0.0,0.0,,0.0,,,
2019-09-12,-0.011909198855603265,-0.021726323661019897,-0.009921778026378725,0.01934402398700903,0.5448698305038469,-0.21999999999999997,1.05273695671897,-0.2201772838634447,-0.8605782092174851,-1.1080174990579488,0.0,,,0.0,0.0,0.0,,0.0,,,
2019-09-13,-0.004366024763385212,-0.029992371095087123,-0.01426957457228184,0.01930579545707672,0.30863354313014346,-0.34999999999999987,1.0354265192651018,-0.22341646969538984,-1.0,-1.351864112912319,0.0,,,0.0,0.0,0.0,,0.0,,,
2019-09-16,0.13694397698515548,0.08369271006670953,0.1170518280782531,0.035997658440636536,0.029899171451253093,-0.2100000000000002,1.0184259485798053,-0.22666579722021646,-0.7512595782588799,-0.7512595782588799,0.0,,,0.0,0.0,0.0,,0.0,,,
2019-09-17,-0.05826254884371895,0.0332393115371552,0.05619533661381215,0.03873505214619046,0.090615063622701,-0.09000000000000008,1.0051083469730353,-0.23556080494458045,-0.7868638921863992,-0.751043893659219,0.0,,,0.0,0.0,0.0,,0.0,,,
2019-09-18,-0.020945848775661524,0.041460355746786526,0.033113650335107714,0.03896752201067148,0.28632924880127586,-0.050000000000000044,0.992224446784285,-0.24457331654777612,-0.7510973516324719,-0.3925230977918536,0.0,,,0.0,0.0,0.0,,0.0,,,
2019-09-19,0.00034411562624470093,0.05371367022863449,0.03100750483342196,0.038924238925883835,-0.21277415213436512,-0.0,0.9797867800555932,-0.2537080688299795,-0.46496502720105376,0.3956131820164313,0.0,,,0.0,0.0,0.0,,0.0,,,
2019-09-20,-0.0006883497088177037,0.057391345283202,0.026825841007872775,0.038524727971949,-0.35472138271113174,0.15999999999999992,0.9678122651902336,-0.2629700407892335,-0.6448225410995482,0.3551774589004518,0.0,,,0.0,0.0,0.0,,0.0,,,
2019-09-23,0.009423525573954095,-0.07012910612799939,0.03179326662358051,0.03841463387817351,-0.23371054585725748,0.1200000000000001,0.9563229976452318,-0.2723644705661299,-0.5033844894941999,0.24787508876468,0.0,,,0.0,0.0,0.0,,0.0,,,
2019-09-24,-0.023290969157908847,-0.03515752644218928,0.006398975412374774,0.03861031266945301,-0.2052441987098863,0.17000000000000015,0.9453472639678958,-0.28189687385498297,-0.2516219978834377,0.5352418943029615,0.0,,,0.0,0.0,0.0,,0.0,,,
2019-09-25,-0.014062457083316104,-0.02827413474984386,-0.008295894127833492,0.038639224080764145,-0.5779788436319766,0.07000000000000006,0.934920850912135,-0.2915730639347368,-0.6491734655181888,0.10192388611428316,0.0,,,0.0,0.0,0.0,,0.0,,,
2019-09-26,-0.0014171835852856418,-0.030035433961374203,-0.009447871999416435,0.03845844755606142,-0.547118744240338,0.09000000000000008,0.9250887496870167,-0.3013991734916528,-0.4728222436424174,-0.007857216441363613,0.0,,,0.0,0.0,0.0,,0.0,,,
2019-09-27,-0.00890319271333162,-0.03825027696588812,-0.019080741656732236,0.03793521333898813,-0.4607366837370064,0.050000000000000044,0.9159073969148006,-0.3113816784272962,-0.48009303807179904,0.16472950302774914,0.0,,,0.0,0.0,0.0,,0.0,,,
2019-09-30,-0.033463751644640105,-0.08113755418448232,-0.05160098266312385,0.0386993776686752,-0.5520099984143156,0.040000000000000036,0.9074476558747103,-0.32152742386989897,-0.48009303807179904,0.16472950302774914,0.0,,,0.0,0.0,0.0,,0.0,,,
2019-10-01,-0.008357370586100199,-0.06620395561267367,-0.05966084400403693,0.03844910975412588,-0.628547201182017,-0.010000000000000009,0.3651117032001686,0.857791917486281,-0.3470153765489137,-0.09539337866547598,-0.7220178572623359,,,0.0,0.0,0.0,,0.0,,,
2019-10-02,-0.01844584579075148,-0.07058734432010905,-0.07478131399255528,0.03730092884115958,-0.2672271864564202,0.1299999999999999,0.35043088942952677,0.8433559542652641,-0.19171323738812665,0.45746022813006215,-0.7220178572623359,,,0.0,0.0,0.0,,0.0,,,
2019-10-03,-0.00361595217475541,-0.07278611290957882,-0.07485555615214379,0.03728883338832117,0.05597710629788866,0.15999999999999992,0.3354039008132924,0.8290883300429728,0.6025316775205751,1.0753539211629926,-0.7220178572623359,,,0.0,0.0,0.0,,0.0,,,
2019-10-04,0.006840231876535707,-0.05704268831971149,-0.06462062472073349,0.03732549425367677,0.16394584520453837,0.16999999999999993,0.3199748049296375,0.8149803214948507,0.4830133196945022,0.9631063577663013,-0.7220178572623359,,,0.0,0.0,0.0,,0.0,,,
2019-10-07,-0.0011367943626661159,-0.0247157310377375,-0.061142935019224076,0.03680359279417653,0.33303347885178525,0.11999999999999988,0.3040756263214628,0.8010234914179406,0.4458850714660381,0.9631063577663013,-0.7220178572623359,,,0.0,0.0,0.0,,0.0,,,
2019-10-08,-0.002277472990488416,-0.018635833442125715,-0.0590825078117212,0.03679910622787686,0.1854873918590738,0.10999999999999988,0.287622272829135,0.7872096651211945,0.9317736552710512,1.2787890318199648,0.0,,,0.0,0.0,0.0,,0.0,,,
2019-10-09,-0.0007603117644343627,-0.0009502994158085976,-0.0569252484392071,0.03633563114802122,0.2404060115065998,0.010000000000000009,0.27050853784221857,0.7735309083849723,0.7878650074144136,0.9795782448025402,0.0,,,0.0,0.0,0.0,,0.0,,,
2019-10-10,0.01808980929250481,0.020755462051451623,-0.037417818417158966,0.036563389344332245,0.3235572085180327,-0.1299999999999999,0.2525969499311444,0.7599795069169758,0.7168611481683865,0.1143294706478114,0.0,,,0.0,0.0,0.0,,0.0,,,
2019-10-11,0.02124791253417735,0.035163142709093265,-0.0160329820183156,0.03690170227791326,0.5997678866797029,-0.24,0.23370420290822894,0.7465479472649148,0.6132179123648923,0.13020459267039014,0.0,,,0.0,0.0,0.0,,0.0,,,
2019-10-14,-0.020501225921176314,0.015798711150583067,-0.02852502392951095,0.01814714536589401,0.5997678866797029,-0.24,0.2135767078985519,0.7332288991843372,0.6132179123648923,0.13020459267039014,0.0,,,0.0,0.0,0.0,,0.0,,,
2019-10-15,-0.014661916787916951,0.003414267353154532,-0.03735778831023673,0.013918685347413064,0.7895315723450036,-0.22999999999999998,0.1918467774414431,0.7200151995055765,0.4355763690340456,-0.49619728623700554,0.0,,,0.0,0.0,0.0,,0.0,,,
2019-10-16,0.010360834888526238,0.014535414006115133,-0.022733135197726906,0.01388953030853409,0.8845760025831928,-0.15999999999999992,0.18351734687594526,0.7314182905866579,0.7723822313033863,-0.015482776111027219,0.0,,,0.0,0.0,0.0,,0.0,,,
2019-10-17,0.010625507741767404,0.007071112455377726,-0.008357878837752963,0.014254520268832692,0.8685190411672594,-0.09000000000000008,0.1751515625868863,0.743051106588451,0.5913697356255748,-0.1254914125428117,0.0,,,0.0,0.0,0.0,,0.0,,,
2019-10-18,-0.0027852585084171544,-0.016962058587216777,-0.007288543287984783,0.014238520473775693,0.5902045728656491,-0.0,0.16674693360449505,0.7549233587902098,0.484979190069017,-0.1282387222958753,0.0,,,0.0,0.0,0.0,,0.0,,,
2019-10-21,-0.008777720006048817,-0.0052385526720892805,-0.011301606956846566,0.013923358414927988,0.5902045728656491,-0.0,0.15830089074010614,0.7670453405505676,0.2766436599569371,-0.1282387222958753,0.0,,,0.0,0.0,0.0,,0.0,,,
2019-10-22,0.015818697769349743,0.025242061885177414,0.007326263803325794,0.01393086346106542,0.7071245797702352,-0.010000000000000009,0.1498107811636735,0.7794279733605517,-0.0,-0.4355763690340456,0.0,,,0.0,0.0,0.0,,0.0,,,
2019-10-23,0.032873204299249004,0.04775443129590018,0.040661858024269915,0.015767651778211662,0.500589407805907,-0.020000000000000018,0.14127386261635447,0.7920828574415957,0.5261029167898646,-0.2462793145135217,0.0,,,0.0,0.0,0.0,,0.0,,,
2019-10-24,0.0046345894008421595,0.041763512954974935,0.04545624869750098,0.015806385083650686,0.11499937640577773,-0.010000000000000009,0.13268729722473302,0.8050223274292896,0.4296591772751988,-0.161710558350376,0.0,,,0.0,0.0,0.0,,0.0,,,
2019-10-25,0.0076180720982597094,0.0521668435616518,0.052408058827569715,0.015757028823540766,0.04908106469745377,-0.040000000000000036,0.12404814488038579,0.8182595137592873,-0.0,-0.484979190069017,0.0,,,0.0,0.0,0.0,,0.0,,,
2019-10-28,-0.015115429602028385,0.04582913396567223,0.03570895115521955,0.014113759809208454,0.018441344460184972,-0.050000000000000044,0.1153533561442053,0.8318084104597444,-0.054444305012745844,-0.33108796496968296,0.0,,,0.0,0.0,0.0,,0.0,,,
2019-10-29,-0.0048495829216888,0.025160853274633688,0.029100300779989485,0.014005099208531865,0.0046557704394878385,-0.06000000000000005,0.10659976463113911,0.8456839501570905,-0.4342543814616554,-0.4342543814616554,0.0,,,0.0,0.0,0.0,,0.0,,,
2019-10-30,-0.008679982164191635,-0.01639233318880695,0.018172957980928217,0.013421663372616808,-0.09047153765424643,-0.010000000000000009,0.0977840788259379,0.8599020872216241,-0.7052109747929615,-1.2313138915828261,0.0,,,0.0,0.0,0.0,,0.0,,,
2019-10-31,-0.016111663057512438,-0.03713858564716155,0.0004387198326831765,0.013987867074116124,0.18539918951362422,0.08000000000000007,0.08890287327534811,0.8744798901196236,-0.703210804914635,-1.1328699821898338,0.0,,,0.0,0.0,0.0,,0.0,,,
2019-11-01,0.03660492024269679,-0.008151737502724465,0.03393283056633978,0.016009523114465844,0.2982492716066987,0.07000000000000006,-5.486051794075231,-0.6249872019286599,-0.8670710240020735,-0.8670710240020735,0.41187363563420787,,,0.0,0.0,0.0,,0.0,,,
2019-11-04,0.006031595365798559,0.012995287465102479,0.03649519693667491,0.015989653459766204,0.1377322615844223,0.06000000000000005,-4.881520253604005,-0.6122230566245382,-0.7584338667679691,-0.7039895617552232,0.41187363563420787,,,0.0,0.0,0.0,,0.0,,,
2019-11-05,0.012129884155566373,0.02997475454235765,0.04443548423947519,0.016041582650289037,-0.11562368242028498,-0.020000000000000018,-4.434661558235341,-0.5994894108269154,-1.0,-0.5657456185383446,0.41187363563420787,,,0.0,0.0,0.0,,0.0,,,
2019-11-06,-0.015495995935225437,0.02315874077132385,0.025486675660023828,0.016609254004750287,0.05440602736141997,-0.030000000000000027,-4.086579593738279,-0.5867782741083514,-0.7607877866460696,-0.05557681185310814,0.41187363563420787,,,0.0,0.0,0.0,,0.0,,,
2019-11-07,0.014097149755034621,0.05336755358387091,0.036330645747704615,0.016447271775729834,-0.17659872748840844,-0.22999999999999998,-3.805215346113714,-0.5740814620331418,-0.816414268655619,-0.113203463740984,0.41187363563420787,,,0.0,0.0,0.0,,0.0,,,
2019-11-08,0.0015735644474306199,0.018336197788604736,0.03563474793211885,0.015893393076396922,-0.529157219487919,-0.20999999999999996,-3.5714236911956863,-0.5613905612252247,-0.2729611489498074,0.5941098750522661,0.0,,,0.0,0.0,0.0,,0.0,,,
2019-11-11,-0.006660848465396718,0.005643753957409459,0.026012418330918052,0.01513286304190276,-0.529157219487919,-0.20999999999999996,-3.3729705916331696,-0.5486968928930335,-0.2729611489498074,0.5941098750522661,0.0,,,0.0,0.0,0.0,,0.0,,,
2019-11-12,-0.0010557804957480599,-0.007541910693904974,0.021314849884756626,0.014595178047368205,-0.40468919284357696,-0.05999999999999983,-3.2016229826897544,-0.5359914751687584,-0.27261278347579876,0.7273872165242012,0.0,,,0.0,0.0,0.0,,0.0,,,
2019-11-13,0.005617992304222774,0.013572077545543237,0.023528196367781362,0.014518591142603612,-0.6367764452146485,-0.06999999999999984,-3.0516088946086635,-0.5232649849924981,-0.2725488271585185,0.4882389594875511,0.0,,,0.0,0.0,0.0,,0.0,,,
2019-11-14,-0.00614630084869372,-0.006671373058185104,0.01481584012741255,0.014563861806759018,-0.5899212175284996,0.09999999999999987,-2.9187452009805703,-0.510507720871533,0.1090280563716782,0.9254423250272972,0.0,,,0.0,0.0,0.0,,0.0,,,
2019-11-15,0.01659571672303528,0.008350779217419557,0.027876452697200627,0.01483138399044821,-0.08294396941472826,0.09999999999999987,-2.799915795916464,-0.4977095688091189,-0.16474902631737584,0.10821212263243155,0.0,,,0.0,0.0,0.0,,0.0,,,
2019-11-18,-0.011675657597585598,0.0033359700852306773,0.012810587825944353,0.014971500649952405,-0.08294396941472826,0.09999999999999987,-2.6910377708478856,-0.5022213586677469,0.11020062554775278,0.10821212263243155,0.0,,,0.0,0.0,0.0,,0.0,,,
2019-11-19,-0.03278398001213123,-0.028392229431152494,-0.020933465570784016,0.016693465847339557,0.038255776750939496,0.1299999999999999,-2.5922816971207183,-0.5067630184798951,-0.0,0.27261278347579876,0.0,,,0.0,0.0,0.0,,0.0,,,
2019-11-20,0.033835136380818476,-0.00017508535455679208,0.011893500821359204,0.016791350866463314,0.01001371965179132,0.1499999999999999,-2.5021196876455756,-0.5113350543525698,0.1117425906236057,0.3842914177821242,0.0,,,0.0,0.0,0.0,,0.0,,,
2019-11-21,0.025414108722815243,0.03138532421695217,0.035260463589400715,0.017648541494937272,0.05025590271415803,0.050000000000000044,-2.419329162226188,-0.5159379836270286,-0.11234407111309422,-0.22137212748477242,0.0,,,0.0,0.0,0.0,,0.0,,,
2019-11-22,-0.013923731606412915,0.0008658758875039752,0.02036667621344801,0.017945503127829228,-0.4067327321086056,0.07000000000000006,-2.3429185554981182,-0.5205723352118121,0.1136415311904989,0.2783905575078747,0.0,,,0.0,0.0,0.0,,0.0,,,
2019-11-25,0.004145799684798668,0.01668733316988824,0.022579358664365223,0.01754928897915212,-0.5562788699108312,0.050000000000000044,-2.272074000770027,-0.5252386499278938,0.17196429838318536,0.061763672835432576,0.0,,,0.0,0.0,0.0,,0.0,,,
2019-11-26,0.0068716985742449666,0.05634301175626444,0.026931875929932403,0.017506522802510645,-0.4395091432832343,0.050000000000000044,-2.2061203298890986,-0.529937480866478,0.35092719429934727,0.35092719429934727,0.0,,,0.0,0.0,0.0,,0.0,,,
2019-11-27,-0.005149341965203114,0.01735853341024285,0.019086820646100122,0.01740515680958851,-0.256188584928263,-0.040000000000000036,-2.1444920560642076,-0.5346693937599948,-0.12146247444321107,-0.23320506506681676,0.0,,,0.0,0.0,0.0,,0.0,,,
2019-11-28,0.0,-0.008055575312572394,0.015585524174597687,0.01685295596058578,-0.256188584928263,-0.040000000000000036,-2.0867114529095643,-0.539434967366878,-0.12146247444321107,-0.23320506506681676,0.0,,,0.0,0.0,0.0,,0.0,,,
2019-11-29,-0.05191843880267477,-0.04605028250883425,-0.03540804314731183,0.019166992274028766,-0.17679707339686157,-0.010000000000000009,-2.032371765378109,-0.5442347938707338,-0.30477730137648934,-0.41841883256698825,0.0,,,0.0,0.0,0.0,,0.0,,,
2019-12-02,0.014217822512940792,-0.035978259680692126,-0.020674660510962894,0.0194092439974187,0.038543780093636126,-0.07000000000000006,-3.411736083282553,0.7863114446461794,-0.06102796218357438,-0.23299226056675976,-0.2515792148717777,,,0.0,0.0,0.0,,0.0,,,
2019-12-03,0.002498662731370338,-0.040351295523566755,-0.017178876584973857,0.019197308686889673,0.13797369187698028,0.020000000000000018,-3.233876408927348,0.772807932585561,0.6082560543859299,0.2573288600865826,-0.2515792148717777,,,0.0,0.0,0.0,,0.0,,,
2019-12-04,0.040693644037694376,0.005491690479330735,0.02170240664869194,0.020991521233800072,0.3716469174991799,-0.0,-3.0787796446745928,0.7594314209733061,0.18360391232353968,0.30506638676675074,-0.2515792148717777,,,0.0,0.0,0.0,,0.0,,,
2019-12-05,0.0,0.005491690479330735,0.02059490333241598,0.0207930497510269,0.3716469174991799,-0.0,-2.9418744563068526,0.7461745624889937,0.6226605180223609,0.30506638676675074,-0.2515792148717777,,,0.0,0.0,0.0,,0.0,,,
2019-12-06,0.013092085323615166,0.07050221460562067,0.032003559295946005,0.02096544351995347,0.4971806790277422,-0.06000000000000005,-2.819781986294262,0.7330301700131321,0.4588716163940979,0.7636489177705872,-0.2515792148717777,,,0.0,0.0,0.0,,0.0,,,
2019-12-09,-0.0030451723751667714,0.05323921971751311,0.02709417375618095,0.02090520668466306,0.5440957827447024,-0.0,-2.7099432962500574,0.7199911964502611,0.4588716163940979,0.7636489177705872,0.0,,,0.0,0.0,0.0,,0.0,,,
2019-12-10,0.0037206198848043215,0.05446117687094709,0.028711760457361457,0.02089737435905305,0.5437600201215087,-0.13000000000000012,-2.610379907524971,0.7070507149398261,0.06891860286086753,-0.5393374515250624,0.0,,,0.0,0.0,0.0,,0.0,,,
2019-12-11,-0.008135638093921926,0.0056318947393307894,0.019160770699722107,0.021001656803564573,0.46635587700954995,-0.020000000000000018,-2.519534654222662,0.6942018993168239,0.14547762892880947,-0.038126283394730204,0.0,,,0.0,0.0,0.0,,0.0,,,
2019-12-12,0.007122295666387224,0.012754190405718013,0.02420428487663795,0.020959748416349507,0.4379475494011964,-0.09999999999999987,-2.4361628345990614,0.6814380046828658,-0.6015681565082617,-1.2242286745306226,0.0,,,0.0,0.0,0.0,,0.0,,,
2019-12-13,0.014926901890007116,0.014589006972109964,0.037135846018824914,0.020902157483657133,0.7219956391943838,0.020000000000000018,-2.359255888549068,0.668752347944981,-0.0,-0.4588716163940979,0.0,,,0.0,0.0,0.0,,0.0,,,
2019-12-16,0.002327902614285726,0.01996208196156246,0.03676822987469652,0.02065316718245851,0.6647565553695833,-0.05999999999999983,-2.2862103357780392,0.6735662103082605,-0.38679843711875334,-0.4588716163940979,0.0,,,0.0,0.0,0.0,,0.0,,,
2019-12-17,0.012051322081206628,0.028292784157964768,0.043882268092822585,0.018963592522433046,0.6011825809304039,-0.039999999999999813,-2.2183018650398076,0.6784166064412034,-0.23137737370970632,-0.30029597657057383,0.0,,,0.0,0.0,0.0,,0.0,,,
2019-12-18,-0.0001641092971595981,0.036264312954727096,0.04048083721648155,0.017719866760942473,0.41843237667867905,-0.1299999999999999,-2.1549236347322167,0.6833041573630302,-0.5473573265310769,-0.6928349554598864,0.0,,,0.0,0.0,0.0,,0.0,,,
2019-12-19,0.0047482692568632245,0.0338902865452031,0.04302507686746093,0.016944179424952292,0.23758544834436846,-0.020000000000000018,-2.0955647320909354,0.688229498560832,-0.15776212754931654,0.44380602895894516,0.0,,,0.0,0.0,0.0,,0.0,,,
2019-12-20,-0.01282279611272763,0.00614058854246835,0.027943204374165198,0.016890731369636383,-0.0545391528021133,-0.09999999999999987,-2.0397914790044527,0.6931932804326678,-0.15776212754931476,-0.15776212754931476,0.0,,,0.0,0.0,0.0,,0.0,,,
2019-12-23,0.0013227515156160052,0.005135437443798629,0.027148031917672455,0.01688592970368943,-0.2171260438752043,-0.040000000000000036,-1.9872330086604177,0.6981961687473862,-0.2361722371670335,0.15062619995171983,0.0,,,0.0,0.0,0.0,,0.0,,,
2019-12-24,0.00970162998666968,0.0027857453492616813,0.03459024136161126,0.01693963215837236,-0.2171260438752043,-0.010000000000000009,-1.9375700053874365,0.7032388451219236,-0.31495502628637617,-0.08357765257666985,0.0,,,0.0,0.0,0.0,,0.0,,,
2019-12-26,0.00928421034825,0.012234064994671279,0.040893353551458844,0.0169148224532148,0.024035593428428648,0.020000000000000018,-1.8905258188899114,0.7083220075168681,-0.31495502628637617,-0.08357765257666985,0.0,,,0.0,0.0,0.0,,0.0,,,
2019-12-27,0.0006482982398852144,0.008134093977693269,0.03852813872094707,0.016909429242058096,0.32768506247469187,0.040000000000000036,-1.8458593827175491,0.7134463707511282,0.20309914673874171,0.36086127428805825,0.0,,,0.0,0.0,0.0,,0.0,,,
2019-12-30,-0.0006482982398852144,0.020308591850535684,0.03230282038252419,0.010995466310619553,0.6882354668891977,0.020000000000000018,-1.803359519203932,0.7186126670365781,0.33002168785208513,0.4877838154013999,0.0,,,0.0,0.0,0.0,,0.0,,,
2019-12-31,-0.010102741948342597,0.008883098386577082,0.017839086558709027,0.01132933381018086,0.9817289101850535,0.010000000000000009,-1.7628403209174022,0.7238216465336105,-0.6549502273750379,-0.41877799020800444,0.0,,,0.0,0.0,0.0,,0.0,,,
2020-01-02,0.0019633514160251053,0.0011448198159325074,0.015468211665028875,0.011334596245889294,0.9817289101850535,0.020000000000000018,-2.8159568092467935,-1.3740646559017262,-0.0,0.31495502628637617,0.008801721823159525,,,0.0,0.0,0.0,,0.0,,,
2020-01-03,0.030107723688171717,0.021968333155854225,0.04177100506097098,0.009672672284127161,0.5597834546932523,0.09999999999999987,-2.7032342721646736,-1.3499763661981774,1.0,0.31495502628637617,0.008801721823159525,,,0.0,0.0,0.0,,0.0,,,
2020-01-06,0.003483220747864557,0.024803255663833568,0.04127513447921327,0.009631829236469346,0.22938725915639946,0.06999999999999984,-2.6012407427891477,-1.3265854161202377,1.0,0.7969008532612583,0.008801721823159525,,,0.0,0.0,0.0,,0.0,,,
2020-01-07,-0.009049835519918226,0.016401718383800556,0.02935330367184985,0.009800278182823165,-0.1605732622032674,0.06999999999999984,-2.508316850096999,-1.3038535617425213,1.0,0.6699783121479148,0.008801721823159525,,,0.0,0.0,0.0,,0.0,,,
2020-01-08,-0.05053810240703971,-0.024033642074896555,-0.021682147521041806,0.015440395309893884,-0.40446851372211157,0.04999999999999982,-2.42314222139735,-1.281745533839638,0.4192680632365387,1.0742182906115767,0.008801721823159525,,,0.0,0.0,0.0,,0.0,,,
2020-01-09,-0.000839137416027036,-0.026836130906948696,-0.022790645857878822,0.015423951791814978,-0.22491943865812214,0.029999999999999805,-2.344651228781605,-1.2602287660265126,1.0,1.0,0.0,,,0.0,0.0,0.0,,0.0,,,
2020-01-10,-0.008769027523591433,-0.06571288211871185,-0.03179736483079765,0.01544275658303438,-0.070442929486636,-0.030000000000000027,-2.271973004422203,-1.2392731556303245,0.6891286063516349,-0.31087139364836514,0.0,,,0.0,0.0,0.0,,0.0,,,
2020-01-13,-0.016393809775676615,-0.08558991264225302,-0.04725306078369762,0.015782492938609314,-0.06828717497262549,-0.040000000000000036,-2.204387871291185,-1.2188508532012168,0.9625977688008441,-0.037402231199155866,0.0,,,0.0,0.0,0.0,,0.0,,,
2020-01-14,0.002579315332488008,-0.07396076178984679,-0.04311825230055888,0.015365211943651829,0.10751408842729626,0.010000000000000009,-2.1412951298892082,-1.1989360772246305,0.6850174872961594,-0.3149825127038406,0.0,,,0.0,0.0,0.0,,0.0,,,
2020-01-15,-0.007238914754643666,-0.030661574137450742,-0.04832333303610348,0.01538685245698338,0.15634119903277233,0.08000000000000007,-2.0821888598421983,-1.1795049511526037,0.9504444990906946,0.531176435854156,0.0,,,0.0,0.0,0.0,,0.0,,,
2020-01-16,0.012206805057538794,-0.017615631663884912,-0.03409046810828276,0.01539438091663015,0.20176494427380787,0.040000000000000036,-2.026639480656559,-1.160535360344881,0.5431111423375415,-0.45688885766245846,0.0,,,0.0,0.0,0.0,,0.0,,,
2020-01-17,0.000341705111816637,-0.008504899028476842,-0.03174799384663274,0.015398015885483956,0.0018250125795482575,-0.010000000000000009,-1.9742795182345714,-1.1420068269198815,0.6799887529023338,-0.009139853449301016,0.0,,,0.0,0.0,0.0,,0.0,,,
2020-01-20,0.0,0.007888910747199773,-0.029509811233956462,0.015324911308598489,0.0018250125795482575,-0.010000000000000009,-1.9253255617598297,-1.1417429190911723,0.6799887529023338,-0.009139853449301016,0.0,,,0.0,0.0,0.0,,0.0,,,
2020-01-21,-0.0034223168241647173,0.001887278590547048,-0.03116396940987265,0.01512605786827626,-0.14231824864223697,0.040000000000000036,-1.878929038549785,-1.141479114977263,1.0,0.3149825127038406,0.0,,,0.0,0.0,0.0,,0.0,,,
2020-01-22,-0.027808535058870376,-0.018682341713679662,-0.055747781491771065,0.016178723505605765,-0.23879366139842872,0.020000000000000018,-1.8348568023742817,-1.1412154144998516,1.0,0.3149825127038406,0.0,,,0.0,0.0,0.0,,0.0,,,
2020-01-23,-0.020476100415327103,-0.05136524718654556,-0.07149027241002592,0.0163163712476233,-0.4816496609582943,0.07000000000000006,-1.792904377594422,-1.1409518175807192,1.0,0.45688885766245846,0.0,,,0.0,0.0,0.0,,0.0,,,
2020-01-24,-0.025506939387355043,-0.07721389168571724,-0.09052404481352783,0.016595443571930463,-0.42584404026919653,0.14000000000000012,-1.7528915668123872,-1.1406883241417285,1.0,0.32001124709766615,0.0,,,0.0,0.0,0.0,,0.0,,,
2020-01-27,-0.019566449246355422,-0.09678034093207266,-0.10260658970171921,0.016753716276364468,-0.42584404026919653,0.14000000000000012,-1.7146588547316073,-1.1404249341048258,1.0,0.32001124709766615,0.0,,,0.0,0.0,0.0,,0.0,,,
2020-01-28,0.006377811902074981,-0.08698021220583296,-0.08909617894857735,0.016976774425199823,-0.46558830985279354,0.13000000000000012,-1.6780644430232527,-1.1401616473920384,1.0,0.0,0.0,,,0.0,0.0,0.0,,0.0,,,
2020-01-29,-0.0028087276212316326,-0.06198040476819422,-0.08513700843509753,0.016987953174222505,-0.4104929994888318,0.16999999999999993,-1.6429817893397054,-1.139898463925477,1.0,0.0,0.0,,,0.0,0.0,0.0,,0.0,,,
2020-01-30,-0.022566616107154935,-0.06407092046002205,-0.09970922803138293,0.017208472994831612,-0.21911738616842147,0.16999999999999993,-1.609297552174553,-1.1396353836273336,1.0,0.0,0.0,,,0.0,0.0,0.0,,0.0,,,
2020-01-31,-0.011186230434369282,-0.04975021150703629,-0.1008363642487553,0.014689158231126535,-0.15481724814720987,0.18999999999999995,-1.5769098647521846,-1.139372406419883,1.0,0.0,0.0,,,0.0,0.0,0.0,,0.0,,,
2020-02-03,-0.028525589099353432,-0.0587093513600343,-0.1177024186387503,0.014878534457545816,-0.2735741845451223,0.07000000000000006,-0.8221576968882812,-1.4027569381609006,1.0,0.0,0.8671572404923555,,,0.0,0.0,0.0,,0.0,,,
2020-02-04,-0.010028162658675566,-0.07511532592078485,-0.11602213023113084,0.014871109315490412,-0.17731860056566795,0.039999999999999813,-0.8083270366676378,-1.3962243823861054,0.8811353776338068,-0.11886462236619322,0.8671572404923555,,,0.0,0.0,0.0,,0.0,,,
2020-02-05,0.022719191608939315,-0.0495874066906139,-0.08525735225669395,0.01378602869001194,-0.26681002555741795,-0.05999999999999983,-0.7946436763833149,-1.3897506428231348,0.9309879945640105,-0.11886462236619322,0.8671572404923555,,,0.0,0.0,0.0,,0.0,,,
2020-02-06,0.003933141746836899,-0.023087648836622066,-0.07351723810250377,0.013957558680556342,-0.2971305016851167,-0.07999999999999985,-0.7810998309537373,-1.3833347451983369,0.909661952097345,-0.09033804790265498,0.8671572404923555,,,0.0,0.0,0.0,,0.0,,,
2020-02-07,-0.012442147276548798,-0.024343565678801582,-0.07796875698405081,0.013994999384531418,-0.6688584648484319,-0.08000000000000007,-0.7676879328583467,-1.3769757377207503,0.9462189646634391,-0.05378103533656087,0.8671572404923555,,,0.0,0.0,0.0,,0.0,,,
2020-02-10,-0.01501680035970221,-0.010834776939150359,-0.08506377941955012,0.013954812365749254,-0.3908981615126761,-0.020000000000000018,-0.7544006107540735,-1.3706726904167885,1.0,0.0,0.0,,,0.0,0.0,0.0,,0.0,,,
2020-02-11,0.007436472819144502,0.006629858538669708,-0.06994838655053481,0.014187508001332129,-0.37039880409663883,0.020000000000000018,-0.7412306688731867,-1.364424694488872,1.0,0.11886462236619322,0.0,,,0.0,0.0,0.0,,0.0,,,
2020-02-12,0.02433113796537345,0.008241804895103844,-0.039516831171292566,0.015892797243954645,-0.23308536406658753,0.039999999999999813,-0.7281710670651824,-1.3582308616969803,0.6967830449912993,-0.2342049495727112,0.0,,,0.0,0.0,0.0,,0.0,,,
2020-02-13,0.00487377902074293,0.009182442169009875,-0.028175983434840735,0.015528630620035547,-0.2135997892413366,0.039999999999999813,-0.7152149013494319,-1.3520903237621718,0.8045031507058478,-0.10515880139149725,0.0,,,0.0,0.0,0.0,,0.0,,,
2020-02-14,0.012177593223234418,0.03380218266879309,-0.010123115901468083,0.016019541709638974,0.0740717852587669,-0.0,-0.7023553848476742,-1.3460022317911498,0.9076387995445854,-0.03858016511885376,0.0,,,0.0,0.0,0.0,,0.0,,,
2020-02-17,0.0,0.0488189830284953,-0.0042478415913302925,0.016019541709638974,0.0740717852587669,-0.0,-0.6895858289660871,-1.3399657557210023,0.9076387995445854,-0.03858016511885376,0.0,,,0.0,0.0,0.0,,0.0,,,
2020-02-18,0.0,0.0413825102093508,0.0014563168775998392,0.01606533510768076,-0.2108999342548934,0.040000000000000036,-0.6768996246956955,-1.3339800837832863,0.6665198417874721,-0.33348015821252786,0.0,,,0.0,0.0,0.0,,0.0,,,
2020-02-19,0.023543901247712995,0.04059527349169034,0.02813675477891353,0.016445758927530977,-0.43300877025509443,0.06000000000000005,-0.6640236043658808,-1.3156867451277263,0.6078552961553957,-0.0889277488359036,0.0,,,0.0,0.0,0.0,,0.0,,,
2020-02-20,0.009152954532027469,0.04487444900297488,0.03894479321717359,0.0161331202722321,-0.7263751944803998,0.09000000000000008,-0.6512112094491931,-1.297815586028045,0.6543616101666774,-0.1501415405391704,0.0,,,0.0,0.0,0.0,,0.0,,,
2020-02-21,-0.00746550686434011,0.025231348915400353,0.03223229863291577,0.015207077931939353,-0.5368387327857382,0.13000000000000012,-0.6384551466997636,-1.280347820826777,0.793390797210292,-0.11424800233429333,0.0,,,0.0,0.0,0.0,,0.0,,,
2020-02-24,-0.03721448418955342,-0.011983135274153067,-0.0033467715293955536,0.01678622560595578,-0.5368387327857382,0.13000000000000012,-0.6257480632436324,-1.2632657964997076,0.897313537558256,-0.11424800233429333,0.0,,,0.0,0.0,0.0,,0.0,,,
2020-02-25,-0.03020065702935204,-0.04218379230350511,-0.030083091084933233,0.017827583787481522,-0.5476660729186733,0.21999999999999997,-0.6130825176240097,-1.2465529055662765,1.0,0.33348015821252786,0.0,,,0.0,0.0,0.0,,0.0,,,
2020-02-26,-0.02372614590205835,-0.08945383945327645,-0.04929902859913682,0.018391740519536345,-0.5326978521684289,0.22999999999999998,-0.6004509488377161,-1.2301935070498462,1.0,0.3921447038446043,0.0,,,0.0,0.0,0.0,,0.0,,,
2020-02-27,-0.034234192599951196,-0.13284098658525512,-0.07843963398659426,0.01916348093321436,-0.10439641981689896,0.21999999999999997,-0.58784564294649,-1.2141728546219386,1.0,0.3456383898333226,0.0,,,0.0,0.0,0.0,,0.0,,,
2020-02-28,-0.05074578081173886,-0.17612126053265387,-0.12211385006696984,0.021699254905673575,-0.5207296537382833,0.33000000000000007,-0.5752586967812858,-1.1984770311703261,1.0,0.20660920278970796,0.0,,,0.0,0.0,0.0,,0.0,,,
2020-03-02,0.04349937229097156,-0.09540740405212889,-0.07514416111415123,0.02382398212586515,0.5003330442974407,0.2799999999999998,2.0014380112474557,4.724888013139961,1.0,0.10268646244174395,-3.891833189368188,,,0.0,0.0,0.0,,0.0,,,
2020-03-03,0.009155818244833025,-0.05605092877794382,-0.0634772252526461,0.023932001307141633,0.6368850885984267,0.31000000000000005,1.980203325018035,4.301694894946734,1.0,0.0,-3.891833189368188,,,0.0,0.0,0.0,,0.0,,,
2020-03-04,-0.008514312823495906,-0.04083909569938138,-0.06791874523785024,0.023207038750583168,0.5321749499595518,0.31000000000000005,1.9594895396432959,3.9698963173261155,1.0,0.0,-3.891833189368188,,,0.0,0.0,0.0,,0.0,,,
2020-03-05,-0.01899064408953377,-0.025595547188963952,-0.08169040719727105,0.023356435609653007,0.49221336686894324,0.38,1.9392745402020766,3.7003940663896664,1.0,0.0,-3.891833189368188,,,0.0,0.0,0.0,,0.0,,,
2020-03-06,-0.10608699589319226,-0.08093676227041735,-0.17787617852951954,0.032483722891970365,0.8042034119574937,0.3899999999999999,1.919537508971869,3.475613587633229,1.0,0.0,-3.891833189368188,,,0.0,0.0,0.0,,0.0,,,
2020-03-09,-0.28220613671979056,-0.40664227128117947,-0.43682162387036216,0.06905487589110455,-0.3190531304359645,0.56,1.9002588290157845,3.284228395100977,1.0,0.0,0.0,,,0.0,0.0,0.0,,0.0,,,
2020-03-10,0.09872111266253825,-0.31707697686347425,-0.31940405182104525,0.07402828128002847,-1.20768302376566,0.26,1.881419996393008,3.1185652199342377,1.0,0.0,0.0,,,0.0,0.0,0.0,,0.0,,,
2020-03-11,-0.04099177998460224,-0.3495544440245806,-0.33843322652136987,0.0734688960905122,-1.2590319249324855,0.20000000000000007,1.8630035400953688,2.9732156249644026,1.0,0.0,0.0,,,0.0,0.0,0.0,,0.0,,,
2020-03-12,-0.0459137712998654,-0.3764775712349122,-0.359845015020928,0.07337014781947197,-3.166535519705871,0.040000000000000036,1.8449929489186687,2.8442426045938642,1.0,0.0,0.0,,,0.0,0.0,0.0,,0.0,,,
2020-03-13,0.0072750597635171665,-0.2631155155782028,-0.32782284578411724,0.07324924308036886,-3.194397081327671,-0.19999999999999996,1.8273726045695948,2.728702515904842,1.0,0.0,0.0,,,0.0,0.0,0.0,,0.0,,,
2020-03-16,-0.10036548282952884,-0.08127486168794107,-0.39842294499887565,0.07488434524043057,-3.1983895838364473,-0.18999999999999995,1.8101277203890833,2.6243441617721204,1.0,0.0,0.0,,,0.0,0.0,0.0,,0.0,,,
2020-03-17,-0.06291382541056922,-0.24290979976104854,-0.42842569552414567,0.07488959303008993,-3.8836260747209472,-0.26,1.7932442851429389,2.52941231713715,1.0,0.0,0.0,,,0.0,0.0,0.0,,0.0,,,
2020-03-18,-0.2799200671162918,-0.4818380868927381,-0.6602614893369392,0.09170385133623511,-4.999386894769997,-0.36,1.7767090113915651,2.442515385829842,1.0,0.0,0.0,,,0.0,0.0,0.0,,0.0,,,
2020-03-19,0.21357410029805912,-0.22235021529481358,-0.408824173023683,0.10830802434960296,-3.793231375992523,-0.2400000000000001,1.757020651528528,2.3693771559847083,1.0,0.0,0.0,,,0.0,0.0,0.0,,0.0,,,
2020-03-20,-0.11723798200465652,-0.34686325706298726,-0.48271031525612607,0.10946178558630676,-3.7341786866026627,0.019999999999999907,1.737805249785074,2.30134526944716,1.0,0.0,0.0,,,0.0,0.0,0.0,,0.0,,,
2020-03-23,0.040625809427909054,-0.20587196480554937,-0.40262468073687696,0.11106361155880502,-4.292381374488152,-0.030000000000000027,1.7190427940928068,2.2378257130743098,1.0,0.0,0.0,,,0.0,0.0,0.0,,0.0,,,
2020-03-24,0.02744525227313588,-0.11551288712184427,-0.338601898837525,0.11206008610942855,-2.4644518033729135,0.18000000000000005,1.7007144416130366,2.1783171185639114,0.9053372302309336,-0.0946627697690664,0.0,,,0.0,0.0,0.0,,0.0,,,
2020-03-25,0.0197944607309144,0.18420164072536194,-0.2844059388120441,0.1127432425682617,-0.5068366162675808,0.29999999999999993,1.682802432119323,2.1223929467396663,0.8886232762835816,-0.11137672371641838,0.0,,,0.0,0.0,0.0,,0.0,,,
2020-03-26,-0.0803149646858361,-0.10968742425853328,-0.3280153655990192,0.11320953618615807,2.1013332139227403,0.29000000000000015,1.6652900091037175,2.0696876904063815,0.8609158336359043,-0.1390841663640957,0.0,,,0.0,0.0,0.0,,0.0,,,
2020-03-27,-0.04943196299860153,-0.0418814052524783,-0.34080748158941665,0.11320134129647981,2.0294358240445898,0.20000000000000007,1.6481613478052788,2.019886066292266,0.6346141817653925,-0.3653858182346075,0.0,,,0.0,0.0,0.0,,0.0,,,
2020-03-30,-0.06829576445279573,-0.15080297913318308,-0.3668736421968197,0.1117872096921834,2.2500479678290386,0.06000000000000005,1.6314014894539182,1.9727144594452597,0.6224582721829002,-0.3775417278170998,0.0,,,0.0,0.0,0.0,,0.0,,,
2020-03-31,0.019226621344464068,-0.1590216100618549,-0.30592095716194434,0.11205322037269932,2.3665319788589767,0.14,1.6149962811046175,1.9279340853203477,0.48177191222824856,-0.42356531800268504,0.0,,,0.0,0.0,0.0,,0.0,,,
2020-04-01,-0.008335424579013928,-0.18715149537178322,-0.27253926246277205,0.11205601806486955,0.7999737161796139,0.26,4.293964228432466,1.9098344422789135,0.436136448254514,-0.45248682802906764,-12.003227296987237,,,0.0,0.0,0.0,,0.0,,,
2020-04-02,0.22048122168368245,0.11364469099773533,-0.0223145147895627,0.12647833413596016,-0.9481274319860677,0.19999999999999996,3.9819270607197432,1.8679739988289392,0.35325991086065167,-0.5076559227752526,-12.003227296987237,,,0.0,0.0,0.0,,0.0,,,
2020-04-03,0.11267963698655858,0.27575629098289545,0.10917031654253417,0.1289638262383043,-1.6458239209416359,0.09999999999999998,3.7256427351106574,1.8280497774393567,0.2529525039098714,-0.38166167785552113,-12.003227296987237,,,0.0,0.0,0.0,,0.0,,,
2020-04-06,-0.08310549720408211,0.26094655823160906,0.03491498170820506,0.11442628524713733,-0.7070419496415958,0.029999999999999916,3.5100730478866984,1.78990505357198,0.10661526015637533,-0.5158430120265248,-12.003227296987237,,,0.0,0.0,0.0,,0.0,,,
2020-04-07,-0.09865164585963582,0.14306829102750918,-0.045017863855568496,0.11316477211019701,-0.46151925118806947,-0.050000000000000044,3.3253143511216456,1.7534002969785705,0.2129381103787494,-0.2688338018494991,-12.003227296987237,,,0.0,0.0,0.0,,0.0,,,
2020-04-08,0.05995226917951468,0.2113559847860378,0.028606003161602445,0.1143638270432077,0.4618182082552158,-0.15000000000000002,3.1645421951837744,1.7184108125310187,0.22245291375107,-0.21368353450344396,0.0,,,0.0,0.0,0.0,,0.0,,,
2020-04-09,-0.0974647511202007,-0.10658998801784536,-0.05260960112992574,0.1157018567368755,0.9026503419326204,-0.09999999999999998,3.0228798732463864,1.6848247653070103,0.2612341952594065,-0.09202571560124517,0.0,,,0.0,0.0,0.0,,0.0,,,
2020-04-13,-0.015497321445294698,-0.23476694644969864,-0.05071915668610716,0.11557014759174299,1.5230454156726747,-0.14,2.8967369808696057,1.6525415180488916,0.10677593734516637,-0.146176566564705,0.0,,,0.0,0.0,0.0,,0.0,,,
2020-04-14,-0.10829008402827478,-0.2599515332738913,-0.14122524476533105,0.1158827699926887,1.6494039948453554,-0.08999999999999997,2.7834033750113023,1.6214702242004246,0.23346446184734745,0.12684920169097214,0.0,,,0.0,0.0,0.0,,0.0,,,
2020-04-15,-0.012006147220835484,-0.17330603463509098,-0.13799277994660253,0.1153973943166,0.016572485125387892,0.12,2.680789594932184,1.5915286313212682,0.33169478098960803,0.11875667061085862,0.0,,,0.0,0.0,0.0,,0.0,,,
2020-04-16,0.0,-0.23325830381460566,-0.13675017126285294,0.09713603974318304,-0.19468989203192955,0.16000000000000003,2.5872551328836937,1.562642058661723,0.2350701821275023,0.012617268376432289,0.0,,,0.0,0.0,0.0,,0.0,,,
2020-04-17,-0.08395068617380996,-0.21974423886821493,-0.2045820094293198,0.08446149911392692,-0.3225121656487806,0.07999999999999996,2.5014914433770565,1.5347425196915367,0.16734833468418128,-0.09388586057522522,0.0,,,0.0,0.0,0.0,,0.0,,,
2020-04-20,0.0,-0.20424691742292023,-0.19432506052221,0.08107457664928554,-0.47583951394176704,0.13,2.422440193701384,1.5077679658878802,0.07911647401102034,-0.027659463334146026,0.0,,,0.0,0.0,0.0,,0.0,,,
2020-04-21,-0.6016757770627863,-0.6976326104574317,-0.7536288093533514,0.15414420135212195,-1.4736459368072552,0.18000000000000005,2.349234857064039,1.4816616324488514,0.17926134490690118,-0.05420311694044627,0.0,,,0.0,0.0,0.0,,0.0,,,
2020-04-22,0.31963367225838324,-0.365992790978213,-0.4062325298625855,0.17371380460411642,-0.6909596734354428,-0.0,2.2766558622450632,1.4533622568046505,0.12048838830924952,-0.2112063926803585,0.0,,,0.0,0.0,0.0,,0.0,,,
2020-04-23,0.18014211532102253,-0.1858506756571905,-0.20634519003868634,0.1796239291761395,-0.23707795547600607,-0.0,2.209158068832762,1.425981557825521,0.08109856715325049,-0.15397161497425182,0.0,,,0.0,0.0,0.0,,0.0,,,
2020-04-24,0.026317308317373556,-0.07558268116600697,-0.1656142708685957,0.17931373624879043,-1.0502885139699325,0.050000000000000044,2.1461432982244375,1.399461371877337,0.030639680672693476,-0.1367086540114878,0.0,,,0.0,0.0,0.0,,0.0,,,
2020-04-27,-0.28179624027451977,-0.35737892144052674,-0.42137868642660337,0.18896984329228733,-0.6344265344633282,-0.040000000000000036,2.0871076072813115,1.373748394698346,-0.01032967047003043,-0.08944614448105077,0.0,,,0.0,0.0,0.0,,0.0,,,
2020-04-28,-0.03503543047214697,0.2092614251501126,-0.4320453088812699,0.18872451987348432,0.4376507122819895,-0.040000000000000036,2.0316229833721415,1.3487936620592464,0.031453568103704546,-0.14780777680319662,0.0,,,0.0,0.0,0.0,,0.0,,,
2020-04-29,0.19919620389450587,0.08882395678623523,-0.21747877609678623,0.19509555609952278,0.92587810750967,-0.0,1.9793232083798262,1.3245520963674173,0.03206654065597828,-0.08842184765327124,0.0,,,0.0,0.0,0.0,,0.0,,,
2020-04-30,0.22394004677646961,0.1326218882416823,0.010217826001887254,0.2023162734406259,1.1532537885582839,-0.030000000000000027,1.929892813663021,1.3009821095073846,0.03278943618600513,-0.04830913096724536,0.0,,,0.0,0.0,0.0,,0.0,,,
2020-05-01,0.04868905704634896,0.1549936369706577,0.07125304660230691,0.19583800363777734,0.8153090933985307,-0.040000000000000036,2.0196466928378274,-0.8532259895141208,0.03356597243489197,0.002926291762198493,1.2705441568368911,,,0.0,0.0,0.0,,0.0,,,
2020-05-04,0.03037325839179772,0.4671631356369752,0.11808778747791315,0.19392792080950655,0.5429259397679909,0.030000000000000027,1.967896950890267,-0.851050487559166,0.09163348520456874,0.10196315567459917,1.2705441568368911,,,0.0,0.0,0.0,,0.0,,,
2020-05-05,0.18607451869257785,0.6882730848017,0.3071647878594663,0.19834967049805402,0.4590282995850625,-0.040000000000000036,1.9189626742954118,-0.8488817517428479,0.10625878025880064,0.0748052121550961,1.2705441568368911,,,0.0,0.0,0.0,,0.0,,,
2020-05-06,-0.023482026427338543,0.4655948544798556,0.2829267621494882,0.19715040605013248,-0.6766673562570436,-0.08999999999999997,1.8725773163228818,-0.8467197365005562,0.12253378916286806,0.09046724850688978,1.2705441568368911,,,0.0,0.0,0.0,,0.0,,,
2020-05-07,-0.018511256389176278,0.2231435513142097,0.26758268275610764,0.19669058951054333,-0.65226810107335,0.010000000000000009,1.8285082887145216,-0.844564396682523,0.1277624864460458,0.09497305026004066,1.2705441568368911,,,0.0,0.0,0.0,,0.0,,,
2020-05-08,0.049295546501915144,0.2237500407697759,0.31270739137271164,0.19572267540165345,0.49638974512217215,-0.04999999999999993,1.7865515751711913,-0.8424156875488996,0.1277624864460458,0.09497305026004066,0.0,,,0.0,0.0,0.0,,0.0,,,
2020-05-11,-0.02455115129495633,0.16882563108302184,0.284438093684928,0.19578102231030692,-0.017530802675391755,-0.08999999999999997,1.7465273542124742,-0.8402735647649079,0.10761507426366637,0.015981589059097634,0.0,,,0.0,0.0,0.0,,0.0,,,
2020-05-12,0.06572878184165587,0.04847989423209986,0.3377477858402598,0.19440317738675775,-0.20862682507756247,-0.029999999999999916,1.7082764151018128,-0.8381379843960591,0.08538292529133819,-0.020875854967462457,0.0,,,0.0,0.0,0.0,,0.0,,,
2020-05-13,-0.01918993682916792,0.052771983830270486,0.3064979488051849,0.1944573109966496,0.05517397600497409,0.07999999999999996,1.6716572023251977,-0.8360089029034424,0.06097380848776523,-0.06155998067510283,0.0,,,0.0,0.0,0.0,,0.0,,,
2020-05-14,0.08595638546358408,0.15723962568303085,0.37609661478968226,0.19512547845873696,-0.4207110015926885,-0.0,1.6365433622824475,-0.8338862771390805,0.06599296930768563,-0.06176951713836017,0.0,,,0.0,0.0,0.0,,0.0,,,
2020-05-15,0.06564911609992352,0.17359319528103923,0.41790802129683247,0.1939416563143966,-0.8660177789892032,0.04999999999999993,1.602821694282289,-0.8317700643413534,0.07210792590439054,-0.06176951713836017,0.0,,,0.0,0.0,0.0,,0.0,,,
2020-05-18,0.07808046066425955,0.2762248072402551,0.4682467493351057,0.19422222307039994,0.3542062088737308,-0.0,1.5703904293224333,-0.8296602221304847,0.03962747857266711,-0.06798759569099927,0.0,,,0.0,0.0,0.0,,0.0,,,
2020-05-19,0.021145066426051073,0.2316410918246503,0.43050904096072884,0.12590827720412096,0.40118902121906164,-0.010000000000000009,1.5391577763782334,-0.8275567085040946,0.06599999969140789,-0.019382925599930295,0.0,,,0.0,0.0,0.0,,0.0,,,
2020-05-20,0.030006797470421454,0.2808378261242397,0.41611440737011973,0.10998889807931753,1.165687772784374,-0.040000000000000036,1.5090406883649445,-0.8254594818328146,0.14954391356978428,0.08857010508201904,0.0,,,0.0,0.0,0.0,,0.0,,,
2020-05-21,0.012757924117589248,0.20763936477824485,0.3928401099868508,0.10538862944470032,1.2548233663235098,-0.050000000000000044,1.4798385612813756,-0.8182637186491908,0.14522197529274214,0.07922900598505651,0.0,,,0.0,0.0,0.0,,0.0,,,
2020-05-22,-0.01995004382183918,0.12204020485648215,0.3391712122711139,0.10611838032350929,1.0339881115639216,-0.020000000000000018,1.451613966363847,-0.8111318782067294,0.15973876708497753,0.08763084118058699,0.0,,,0.0,0.0,0.0,,0.0,,,
2020-05-25,0.0,0.043959744192222594,0.29136254636349035,0.07663235286791639,1.0339881115639216,-0.020000000000000018,1.4243037220250976,-0.8040625765256775,0.15973876708497753,0.08763084118058699,0.0,,,0.0,0.0,0.0,,0.0,,,
2020-05-26,0.03254725156649485,0.05536192933266637,0.27272199792042917,0.07423973547073104,0.9620162280576605,0.010000000000000009,1.3978500558743017,-0.7970544672740165,0.07785260615289809,0.011852606461490195,0.0,,,0.0,0.0,0.0,,0.0,,,
2020-05-27,-0.04586867169534781,-0.02051353983310289,0.18791876999501866,0.06852961693556067,0.4365249339274846,-0.0,1.3722000140620187,-0.7901062403998702,0.04254753474962465,-0.10699637882015962,0.0,,,0.0,0.0,0.0,,0.0,,,
2020-05-28,0.027061182272959172,-0.006210281677732965,0.1858893392630896,0.052917881099799675,0.8826174488948402,-0.019999999999999907,1.3473049473091372,-0.7832166208234087,0.1364786606330364,-0.008743314659705737,0.0,,,0.0,0.0,0.0,,0.0,,,
2020-05-29,0.05145643741243555,0.06519619955654177,0.2081167946523328,0.052975410797759755,1.1243358668291847,0.010000000000000009,1.323120062091707,-0.7763843671851978,0.18829367725565296,0.028554910170675435,0.0,,,0.0,0.0,0.0,,0.0,,,
2020-06-01,-0.001409840921525074,0.0637863586350167,0.1790671266732824,0.05341417546305798,1.1243358668291847,0.010000000000000009,0.7832029911234181,-0.8960498551762549,0.2361433080324163,0.028554910170675435,5.46167343095796,,,0.0,0.0,0.0,,0.0,,,
2020-06-02,0.03792842165404986,0.0691675287225717,0.19676302612173258,0.03846758651224137,1.4013101961999008,0.009999999999999898,0.770030580288512,-0.8871944459152883,0.09910767125162365,0.02125506509872556,5.46167343095796,,,0.0,0.0,0.0,,0.0,,,
2020-06-03,0.012955646799799325,0.12799184721771883,0.1876642670545765,0.037127770129817196,1.9019032193584362,-0.08999999999999997,0.7569856031688272,-0.8784361588626831,-0.10513383149028821,-0.14768136623991285,5.46167343095796,,,0.0,0.0,0.0,,0.0,,,
2020-06-04,0.0032128541693254853,0.10414351911408515,0.16773650982901955,0.03618431562559169,1.4150452262469249,-0.12,0.7440613208653191,-0.8697724948831594,-0.33848287763495966,-0.47496153826799603,5.46167343095796,,,0.0,0.0,0.0,,0.0,,,
2020-06-05,0.05562764585360824,0.10831472755525784,0.19990693932016246,0.036451923096995145,1.7627730768658423,-0.26,0.7312511657147996,-0.8612010366761284,-0.3671861332875572,-0.5554798105432102,5.46167343095796,,,0.0,0.0,0.0,,0.0,,,
2020-06-08,-0.03499199297623834,0.07473257550054457,0.14197977206552226,0.037241860573365905,1.3357601235900352,-0.21999999999999997,0.7185487244522292,-0.8527194452257485,-0.31335049303370205,-0.5494938010661183,0.0,,,0.0,0.0,0.0,,0.0,,,
2020-06-09,0.019448298706628897,0.05625245255312361,0.14080692065050027,0.035854926034147194,0.9158176352337066,-0.15999999999999992,0.7059477219354867,-0.844325456435558,-0.20589166734350767,-0.3049993385951313,0.0,,,0.0,0.0,0.0,,0.0,,,
2020-06-10,0.016807118316381153,0.06010392406970544,0.13519303608795274,0.03463400632844572,0.6142269209999385,0.020000000000000018,0.6934420053346191,-0.8360168779363784,-0.08419045222359346,0.020943379266694748,0.0,,,0.0,0.0,0.0,,0.0,,,
2020-06-11,-0.08591005529240947,-0.029018985392029517,0.035455299954415764,0.03907667438864936,0.05590881582278051,0.15999999999999992,0.6810255286902804,-0.8277915860569773,-0.2926056970098381,0.04587718062512158,0.0,,,0.0,0.0,0.0,,0.0,,,
2020-06-12,-0.0022038576413203614,-0.08685048888695812,0.02281641015902869,0.037243219740264004,-0.7159942700258659,0.20000000000000007,0.668692337747743,-0.819647522947706,-0.3213958371218533,0.0457902961657039,0.0,,,0.0,0.0,0.0,,0.0,,,
2020-06-15,0.023440702591294826,-0.028417793319424955,0.038554068499905725,0.03387131935559915,-1.0886373998100662,0.17000000000000004,0.6564365549734773,-0.8115826938479976,-0.10941907911611369,0.20393141391758834,0.0,,,0.0,0.0,0.0,,0.0,,,
2020-06-16,0.0333805826615543,-0.01448550936449955,0.06361983109926728,0.03423542475019455,-0.8244420027776478,0.08999999999999997,0.6442523646607938,-0.8035951644892343,-0.5085516060118869,-0.3026599386683792,0.0,,,0.0,0.0,0.0,,0.0,,,
2020-06-17,-0.011003516837826854,-0.04229614451870756,0.04635200991465949,0.03409567483869854,-1.170573500018146,0.010000000000000009,0.6321339980294589,-0.7956830586250598,-0.4308192311986806,-0.34662877897508715,0.0,,,0.0,0.0,0.0,,0.0,,,
2020-06-18,0.02291766968139708,0.066531580455099,0.06249738797108506,0.03427273910479632,-0.8240889606800694,-0.04999999999999993,0.6200757182213742,-0.7878445556817512,-0.31074912594863513,-0.018143428938797057,0.0,,,0.0,0.0,0.0,,0.0,,,
2020-06-19,0.023159197677216525,0.09189463577363588,0.07672883194837743,0.033856756623554425,-0.4630445955149609,0.010000000000000009,0.6074427863386984,-0.7870631360926138,-0.31802206260778487,0.0033737745140684505,0.0,,,0.0,0.0,0.0,,0.0,,,
2020-06-22,0.01770399063925865,0.0861579238215997,0.08461986935574961,0.033842487619097375,0.1673142765679092,-0.0,0.594841045544623,-0.7862825966476304,-0.31802206260778487,0.0033737745140684505,0.0,,,0.0,0.0,0.0,,0.0,,,
2020-06-23,-0.002226896874749862,0.05055044428529554,0.07431872667117556,0.03350460533667374,0.19946975336002648,0.030000000000000027,0.5822627770773564,-0.7855029351460312,-0.0,0.5085516060118869,0.0,,,0.0,0.0,0.0,,0.0,,,
2020-06-24,-0.06023765186369223,0.0013163092594301595,0.006725278006076252,0.0348492744255755,-0.05328974526834784,0.050000000000000044,0.5697000637013835,-0.7847241493944566,-0.0,0.4308192311986806,0.0,,,0.0,0.0,0.0,,0.0,,,
2020-06-25,0.018506979407218793,-0.0030943810147481265,0.0183041707551741,0.0346466027569687,-0.06854254753683175,0.029999999999999916,0.5571447494310057,-0.7839462372069257,-0.0,0.31074912594863513,0.0,,,0.0,0.0,0.0,,0.0,,,
2020-06-26,-0.005957795112721431,-0.03221137380468608,0.008289000610591124,0.03310732689830612,-0.2615235911913816,0.05999999999999994,0.5445883950104096,-0.7831691964048041,-0.1658575801542439,0.15216448245354097,0.0,,,0.0,0.0,0.0,,0.0,,,
2020-06-29,0.030952720397490197,-0.018962644046454535,0.03356621791026759,0.03361305289692168,-0.7620673184516091,0.06999999999999995,0.5320222283513178,-0.7823930248167708,-0.3492228772179363,0.15216448245354097,0.0,,,0.0,0.0,0.0,,0.0,,,
2020-06-30,-0.010890319103226354,-0.027626066274931027,0.019441332747092144,0.03291290053692654,-0.9523290747809554,0.05999999999999994,0.5194370889750722,-0.7816177202787862,0.18984556779842177,0.18984556779842177,0.0,,,0.0,0.0,0.0,,0.0,,,
2020-07-01,0.013908430046131848,0.04652001563489305,0.03006755757095725,0.03292839758689169,-0.08868558625838574,-0.0,0.1981215855377605,-0.520045028904492,0.41460945278146627,0.41460945278146627,3.802519714154018,,,0.0,0.0,0.0,,0.0,,,
2020-07-02,0.0206295373577694,0.04864257358544366,0.04654405554703889,0.03315598387300665,0.36924447858140974,-0.0,0.18521586463978953,-0.5223226147274396,0.6331922802369142,0.6331922802369142,3.802519714154018,,,0.0,0.0,0.0,,0.0,,,
2020-07-03,0.0,0.05460036869816509,0.04517239845803056,0.030864693626639905,0.36924447858140974,-0.0,0.17209168948805595,-0.5246072993238202,0.6331922802369142,0.6331922802369142,3.802519714154018,,,0.0,0.0,0.0,,0.0,,,
2020-07-06,-0.0004921259941843559,0.02315552230649054,0.04158362202573551,0.02966621642354634,1.144151864074161,-0.04999999999999993,0.1587296651209171,-0.5268991413933006,1.0,1.3492228772179362,3.802519714154018,,,0.0,0.0,0.0,,0.0,,,
2020-07-07,-0.0002461538473967906,0.0337996875623201,0.03922554036793002,0.02942073016662414,0.7414607906535364,0.010000000000000009,0.1451084698595863,-0.5291982002530703,0.9210268515197922,0.7311812837213705,3.802519714154018,,,0.0,0.0,0.0,,0.0,,,
2020-07-08,0.006869506896517219,0.026760764412705473,0.04448000002503116,0.029242863309231898,0.4399537644652618,0.019999999999999907,0.13120457475996286,-0.5315045358465776,0.22925884594020904,-0.18535060684125723,0.0,,,0.0,0.0,0.0,,0.0,,,
2020-07-09,-0.03179602177835106,-0.025664794723414985,0.008363229331560973,0.02242765628751979,0.28584420406239097,0.06000000000000005,0.11699191174550887,-0.5338182087524175,0.6855133930420256,0.052321112805111425,0.0,,,0.0,0.0,0.0,,0.0,,,
2020-07-10,0.0232017392910171,-0.002463055432397887,0.025973939860842066,0.022755733405423462,0.28584420406239097,0.06000000000000005,0.1024414788041532,-0.536139280193372,0.6839596239882538,0.052321112805111425,0.0,,,0.0,0.0,0.0,,0.0,,,
2020-07-13,-0.01115944624889842,-0.01313037568711195,0.010953472292217992,0.022642244746243996,0.08056322158994655,0.04999999999999993,0.08752086747525573,-0.5384678120456076,0.6831009711809629,-0.3168990288190371,0.0,,,0.0,0.0,0.0,,0.0,,,
2020-07-14,0.004726964890732432,-0.008157256948982727,0.013252096751765308,0.021556593278494025,0.15187540195548133,0.020000000000000018,0.07219369368308565,-0.5408038668480329,1.0,0.07897314848020776,0.0,,,0.0,0.0,0.0,,0.0,,,
2020-07-15,0.022334957152224888,0.007308193306724942,0.031491789773301804,0.02175138648804989,0.4344534827795288,0.030000000000000027,0.05641890741289225,-0.54314750781182,0.6846488824603042,0.45539003652009513,0.0,,,0.0,0.0,0.0,,0.0,,,
2020-07-16,-0.010982416668609218,0.02812179841646678,0.01810911329150544,0.02152712631925869,0.4898216008481171,-0.0,0.04014994923341057,-0.5454987988300914,0.7035219328393549,0.018008539797329304,0.0,,,0.0,0.0,0.0,,0.0,,,
2020-07-17,-0.003934108836065153,0.0009859502893845296,0.013129409967918004,0.0209980131212856,0.19011167909082083,0.010000000000000009,0.023333711461562743,-0.5478578044877792,1.0,0.31604037601174617,0.0,,,0.0,0.0,0.0,,0.0,,,
2020-07-20,0.005405418566907905,0.017550815105190853,0.01810416265091952,0.02066188673518677,0.11813160767217834,0.020000000000000018,0.005909247689015038,-0.5502245900716565,0.7733656287634252,0.09026465758246227,0.0,,,0.0,0.0,0.0,,0.0,,,
2020-07-21,0.027789634110382266,0.04061348432484069,0.04396230432813919,0.02153058852408792,0.8257803620233206,0.020000000000000018,-0.009200982160858538,-0.5535943842830245,1.0,0.0,0.0,,,0.0,0.0,0.0,,0.0,,,
2020-07-22,-0.0014309566000045848,0.016847570572611215,0.037659520531788004,0.01586314960460555,0.7555881515309615,0.040000000000000036,-0.024747813625510727,-0.5569806745484237,1.0,0.3153511175396958,0.0,,,0.0,0.0,0.0,,0.0,,,
2020-07-23,-0.020007898959624626,0.007822088281595807,0.014705538294158771,0.016447787240690955,0.7283428979840578,0.030000000000000027,-0.04077211896825397,-0.5603836626203476,0.2563089950231187,-0.4472129378162362,0.0,,,0.0,0.0,0.0,,0.0,,,
2020-07-24,0.005342411929531554,0.017098609047192515,0.01653685659357329,0.016319415307887733,0.8319901950908148,0.050000000000000044,-0.05731998424175734,-0.5638035534922813,0.7660099987162815,-0.2339900012837185,0.0,,,0.0,0.0,0.0,,0.0,,,
2020-07-27,0.007479827369218928,0.019173017849503537,0.021679234984088414,0.015035575595604015,1.3955680173509455,-0.0,-0.07444363081731677,-0.567240555467989,0.25509530817026005,-0.5182703205931651,0.0,,,0.0,0.0,0.0,,0.0,,,
2020-07-28,-0.013552966404703604,-0.022169582665582332,0.005921951965754513,0.0151700520493619,0.9166059987737007,0.020000000000000018,-0.09220254539308191,-0.5706948802326162,0.5047554376003431,-0.49524456239965686,0.0,,,0.0,0.0,0.0,,0.0,,,
2020-07-29,0.0055886429019764705,-0.015149983163601277,0.009722267611309121,0.01494460922823018,0.779709769523862,0.020000000000000018,-0.11066487696424124,-0.5741667429256642,1.0,0.0,0.0,,,0.0,0.0,0.0,,0.0,,,
2020-07-30,-0.033258392321227515,-0.028400476525204166,-0.02263005548238972,0.016175959194730947,0.5594551305127093,0.039999999999999925,-0.12990917909029304,-0.577656362215895,1.0,0.7436910049768812,0.0,,,0.0,0.0,0.0,,0.0,,,
2020-07-31,0.0087293234200998,-0.02501356503463592,-0.01343112900576715,0.01631883193250034,0.7827624649864751,0.039999999999999925,-0.1500266036657876,-0.5811639603782272,1.0,0.7436910049768812,0.0,,,0.0,0.0,0.0,,0.0,,,
2020-08-03,0.01820916454060484,-0.01428422786325001,0.004312574064620822,0.016844787067226964,-0.3582171434802328,0.05999999999999994,-0.6183404720309232,-0.5727141563216692,1.0,0.74490469182974,0.2713030241007104,,,0.0,0.0,0.0,,0.0,,,
2020-08-04,0.016685189400788225,0.01595392794224182,0.019685734832782575,0.01722823544441573,-0.39584414787388056,0.06999999999999995,-0.6459148079663706,-0.5763722015102773,0.9913654045279607,0.4866099669276176,0.2713030241007104,,,0.0,0.0,0.0,,0.0,,,
2020-08-05,0.011682097331491281,0.02204738237175663,0.02981517400989908,0.017343168748996263,0.28921805334921613,0.029999999999999916,-0.6751660461921061,-0.5800500918730891,0.953038132872809,-0.04696186712719097,0.2713030241007104,,,0.0,0.0,0.0,,0.0,,,
2020-08-06,-0.0057047932230318565,0.04960098146995229,0.02125316120472709,0.015595922341113459,0.30544936661420774,-0.0,-0.7063080950479458,-0.5837480895191268,0.9197780425506772,-0.08022195744932281,0.2713030241007104,,,0.0,0.0,0.0,,0.0,,,
2020-08-07,-0.01755485745090235,0.023316800598950138,0.0028789140087801535,0.015459831614541626,-0.3546680181079509,-0.019999999999999907,-0.7395954945489351,-0.5874664611557269,0.5448514953755039,-0.08022195744932281,0.2713030241007104,,,0.0,0.0,0.0,,0.0,,,
2020-08-10,0.01731645001146065,0.02242408606980595,0.01795217946217864,0.0156091035005421,0.19124435307120713,-0.029999999999999916,-0.7753339930482448,-0.5912054781955107,0.3623676626212058,-0.6376323373787942,0.0,,,0.0,0.0,0.0,,0.0,,,
2020-08-11,-0.007899502478923903,-0.00216060580990618,0.00844081579367506,0.01575799159223749,0.344021605779421,-0.12,-0.8138947083390397,-0.5949654168664139,-0.36260537761991524,-1.353970782147876,0.0,,,0.0,0.0,0.0,,0.0,,,
2020-08-12,0.025155574205058873,0.011312871063661412,0.03184349795651231,0.015964489547363726,-0.32710552254744396,-0.1399999999999999,-0.8557334064460643,-0.5987465583248701,-0.0,-0.953038132872809,0.0,,,0.0,0.0,0.0,,0.0,,,
2020-08-13,-0.010128457801902524,0.006889206484790744,0.019919450169053388,0.015929739693781024,-0.06587367633212882,-0.15999999999999992,-0.9014172426127555,-0.6025491887722636,-0.0,-0.9197780425506772,0.0,,,0.0,0.0,0.0,,0.0,,,
2020-08-14,-0.0054599542167155235,0.01898410971897757,0.012740198235813072,0.015962245901862803,0.5818545380658291,-0.14,-0.9516626442221889,-0.606373599574759,-0.0,-0.5448514953755039,0.0,,,0.0,0.0,0.0,,0.0,,,
2020-08-17,0.020731013347498273,0.022398673055015195,0.030985634127757677,0.016507074626767294,0.7085262127483727,-0.09999999999999998,-1.0073902843208082,-0.6102200873866267,0.3624956800292629,0.00012801740805712392,0.0,,,0.0,0.0,0.0,,0.0,,,
2020-08-18,0.0,0.030298175533939098,0.029889538377723124,0.015397293620423186,0.6975747605388105,-0.030000000000000027,-1.015872335011033,-0.5976693942229317,-0.0,0.36260537761991524,0.0,,,0.0,0.0,0.0,,0.0,,,
2020-08-19,0.0009321837076803341,0.006074785036560559,0.029607469319984148,0.01538594371805688,0.5875184105874398,0.009999999999999898,-1.0244717562428403,-0.5851461217934004,-0.0,0.0,0.0,,,0.0,0.0,0.0,,0.0,,,
2020-08-20,-0.00818622277113601,0.008017020067327074,0.01961590997400542,0.014741312576148191,0.2618697345356358,0.05999999999999994,-1.033191718857033,-0.5726426578808661,0.542039446728559,0.542039446728559,0.0,,,0.0,0.0,0.0,,0.0,,,
2020-08-21,-0.005652393758614149,0.007824580525428448,0.012707919924955569,0.014807327817746924,-0.10065033628499087,0.06999999999999995,-1.0420355151035412,-0.5601511883104351,-0.36135963115237246,-0.36135963115237246,0.0,,,0.0,0.0,0.0,,0.0,,,
2020-08-24,0.006591360963752013,-0.006315071858317811,0.018088107918544427,0.0147889931482513,-0.1396157568801515,0.039999999999999925,-1.0510065647194733,-0.5476636576544209,0.18067981557618598,-0.18181586445307693,0.0,,,0.0,0.0,0.0,,0.0,,,
2020-08-25,0.01698307655607989,0.010668004697762079,0.032333209356422365,0.014760763572638506,-0.22417773613945258,-0.019999999999999907,-1.0601084213840224,-0.535171725823457,-0.1807902302625748,-0.1807902302625748,0.0,,,0.0,0.0,0.0,,0.0,,,
2020-08-26,0.0009222965837083485,0.010658117573790094,0.0307508481378429,0.014750208430335332,-0.049156279221396204,-0.009999999999999898,-1.0693447795781839,-0.5226667197846252,-0.7315090916803473,-0.7315090916803473,0.0,,,0.0,0.0,0.0,,0.0,,,
2020-08-27,-0.008099083956730535,0.010745256388195568,0.018889140960598017,0.012430011159994632,0.14005338465199468,-0.08999999999999997,-1.0787194818796775,-0.5101395795033933,-0.9255249556042089,-1.4675644023327679,0.0,,,0.0,0.0,0.0,,0.0,,,
2020-08-28,-0.0016277180666253166,0.0147699320801844,0.014016651747796427,0.01242794521741776,0.9566263331089453,-0.09999999999999998,-1.0882365267261218,-0.4975807970279382,-0.5814234377016072,-0.22006380654923474,0.0,,,0.0,0.0,0.0,,0.0,,,
2020-08-31,-0.008413230275083006,-0.0002346591586506186,0.00368977006732063,0.012163709952590838,0.9865539893253117,-0.06999999999999995,-1.0979000766824434,-0.4849803474128215,-0.6135089520602965,-0.7941887676364825,0.0,,,0.0,0.0,0.0,,0.0,,,
2020-09-01,0.0035141186450240447,-0.013703617069706464,0.00594879084474087,0.011668333804738905,1.0716431862188625,0.009999999999999898,-1.3471700566895815,-0.4087115897734552,-0.4182689030459318,-0.237478672783357,0.32914008053301913,,,0.0,0.0,0.0,,0.0,,,
2020-09-02,-0.029668724091897136,-0.04429463774531195,-0.022907490043591938,0.013276247462333163,0.5092420704776002,0.029999999999999916,-1.3528883025478575,-0.39595530036459614,-0.6283678491499234,0.1031412425304239,0.32914008053301913,,,0.0,0.0,0.0,,0.0,,,
2020-09-03,-0.0033783815916272886,-0.0395739353802087,-0.025589749013223972,0.013241272256581662,0.4976467865133838,0.10999999999999999,-1.3586548906322242,-0.38308343567787606,-0.4247011574743423,0.5008237981298667,0.32914008053301913,,,0.0,0.0,0.0,,0.0,,,
2020-09-04,-0.039443121253720737,-0.07738933856730412,-0.06324233445480898,0.015431431844753079,-0.08392460068968877,0.020000000000000018,-1.364470575707355,-0.3700809981423534,-0.21691479774233027,0.36450863995927696,0.32914008053301913,,,0.0,0.0,0.0,,0.0,,,
2020-09-07,0.0,-0.06897610829222112,-0.06058597614210104,0.014774780835470225,-0.08392460068968877,0.020000000000000018,-1.370336129210228,-0.3569316326249324,-0.21691479774233027,0.36450863995927696,0.32914008053301913,,,0.0,0.0,0.0,,0.0,,,
2020-09-08,-0.0787025617321131,-0.15119278866935826,-0.13309202659884578,0.02253940369519516,-0.7727870954678862,-0.009999999999999898,-1.3762523397283883,-0.34361741412524355,0.4702836497956377,0.8885525528415694,0.0,,,0.0,0.0,0.0,,0.0,,,
2020-09-09,0.03449078682020845,-0.08703327775725267,-0.09287148913402632,0.023306442877433536,-0.0850639142845333,-0.04999999999999993,-1.3822200134951068,-0.3301185951766011,0.48571986273574663,1.11408771188567,0.0,,,0.0,0.0,0.0,,0.0,,,
2020-09-10,-0.019907757657925185,-0.10356265382355057,-0.1065605311545399,0.02350531948227516,0.16188716146068316,-0.050000000000000044,-1.3882399749021572,-0.31641330327744405,0.5037470891958645,0.9284482466702069,0.0,,,0.0,0.0,0.0,,0.0,,,
2020-09-11,0.0008039662767229672,-0.06331556629310686,-0.09985104526507715,0.0235576351939449,-0.04472799946912964,0.04999999999999993,-1.3943130670309458,-0.30247717587803596,0.2610518857832789,0.4779666835256092,0.0,,,0.0,0.0,0.0,,0.0,,,
2020-09-14,-0.0018769277530501505,-0.06519249404615701,-0.09469205635035971,0.022740469440229987,-0.04472799946912964,0.04999999999999993,-1.4004401522027818,-0.28828291668470557,-0.0,0.4779666835256092,0.0,,,0.0,0.0,0.0,,0.0,,,
2020-09-15,0.027007201411310966,0.04051726909726705,-0.061999298341846476,0.023949959208475747,0.747884714129432,0.009999999999999898,-1.4066221125491138,-0.27379975193090283,-0.0,-0.4702836497956377,0.0,,,0.0,0.0,0.0,,0.0,,,
2020-09-16,0.04794390879872035,0.053970391075778945,-0.010720419200476616,0.02677413356283808,0.6677051660608724,0.020000000000000018,-1.4128598506025865,-0.2589927582322638,-0.0,-0.48571986273574663,0.0,,,0.0,0.0,0.0,,0.0,,,
2020-09-17,0.019968616175305876,0.09384676490901,0.011175425370157033,0.02724172310749499,0.38090931527796634,-0.009999999999999898,-1.3874725952033726,-0.24372010323236967,-0.0,-0.5037470891958645,0.0,,,0.0,0.0,0.0,,0.0,,,
2020-09-18,0.003411309351007308,0.09645410798329435,0.01606077796101113,0.027251879386688133,0.7297138515556467,-0.029999999999999916,-1.3628508412227618,-0.22802483161461237,0.624791853400798,0.3637399676175191,0.0,,,0.0,0.0,0.0,,0.0,,,
2020-09-21,-0.04477246147601788,0.05355857426032662,-0.024669449153171374,0.028826544634773445,-0.6357507773938398,-0.0,-1.3389505503617976,-0.211850986578005,-0.0,0.0,0.0,,,0.0,0.0,0.0,,0.0,,,
2020-09-22,0.007350178826665665,0.03390155167568132,-0.012795391078200602,0.0285357647976603,-0.824460078137701,-0.0,-1.3157311820580793,-0.195132791911259,0.6346477588203749,0.6346477588203749,0.0,,,0.0,0.0,0.0,,0.0,,,
2020-09-23,0.008298802814695083,-0.0057435543083439455,-0.00034153432674921547,0.028657273606912278,-1.6461543929670253,0.009999999999999898,-1.2931553546218593,-0.17779214434319812,0.653173556511647,0.653173556511647,0.0,,,0.0,0.0,0.0,,0.0,,,
2020-09-24,0.00947165605394451,-0.01624051442970531,0.012406638663418512,0.028798978955030287,-1.82615610641792,0.019999999999999907,-1.27118854751822,-0.1597352622897733,0.6617694461355933,0.6617694461355933,0.0,,,0.0,0.0,0.0,,0.0,,,
2020-09-25,-0.0014895732645019422,-0.02114139704521456,0.014186675095032353,0.028799411784899052,-2.2808151718811676,0.039999999999999925,-1.2497988392911736,-0.14084812869541855,0.6564924734952224,0.031700620094424425,0.0,,,0.0,0.0,0.0,,0.0,,,
2020-09-28,0.008658062743114758,0.032289127173918075,0.025260782883354427,0.028891773869189313,-1.0653216243619923,0.010000000000000009,-1.2289566765027256,-0.12099017172264863,-0.0,0.0,0.0,,,0.0,0.0,0.0,,0.0,,,
2020-09-29,-0.03279803303731876,-0.007859084690066354,-0.0033055975246401026,0.029631000022050942,-0.8427732749404004,0.020000000000000018,-1.2086346697901382,-0.0999853055752199,0.6532099905606967,0.01856223174032179,0.0,,,0.0,0.0,0.0,,0.0,,,
2020-09-30,0.02339435077413743,0.007236463269375992,0.02166725213551901,0.02960911492622442,0.26148673888681806,-0.009999999999999898,-1.1888074137565339,-0.07760890267374722,0.33071287374019226,-0.32246068277145473,0.0,,,0.0,0.0,0.0,,0.0,,,
2020-10-01,-0.03800812193612968,-0.0402433147206982,-0.013030883897363843,0.030711913477530918,0.701504841029954,-0.010000000000000009,-0.8115739458632437,-0.007494975242976533,-0.33635018463884064,-0.998119630774434,1.5604183972508743,,,0.0,0.0,0.0,,0.0,,,
2020-10-02,-0.04408791066628037,-0.08284165212247663,-0.05357656918976916,0.03101558855416618,0.9636211385797178,-0.039999999999999925,-0.7975530915718012,0.02037301354713046,0.34153841145696695,-0.3149540620382555,1.5604183972508743,,,0.0,0.0,0.0,,0.0,,,
2020-10-05,0.056918469026104646,-0.03458124583948674,0.0040382017589055685,0.033840438698459575,1.2252397171176543,-0.10999999999999999,-0.7836700243394017,0.051176756428967164,0.34153841145696695,-0.3149540620382555,1.5604183972508743,,,0.0,0.0,0.0,,0.0,,,
2020-10-06,0.03630389915093302,0.03452068634876504,0.035288079788256876,0.02936256526738132,1.0703163555298323,-0.09999999999999998,-0.7699164169214611,0.0857930295519101,-0.0,-0.6532099905606967,1.5604183972508743,,,0.0,0.0,0.0,,0.0,,,
2020-10-07,-0.017862047706849626,-0.006735712132222016,0.014989652686177468,0.028930612646692278,0.5141689326697785,-0.1200000000000001,-0.7562841126159578,0.125533004178238,-0.6965018510120283,-1.0272147247522205,1.5604183972508743,,,0.0,0.0,0.0,,0.0,,,
2020-10-08,0.03056683623570544,0.061839246039613105,0.04059637983197195,0.029080020745045676,0.47719937938378587,-0.09999999999999998,-0.7427650991928675,0.17247417400365514,0.3547997636372091,0.6911499482760497,0.0,,,0.0,0.0,0.0,,0.0,,,
2020-10-09,-0.014427441840302091,0.09149971486559139,0.021970399307610133,0.029392362364933897,1.2476431075942318,-0.09000000000000008,-0.7293514830082459,0.23017194924256226,-1.0,-1.341538411456967,0.0,,,0.0,0.0,0.0,,0.0,,,
2020-10-12,-0.02924111871815116,0.0053401271213355805,-0.010101048546345304,0.030312554103982214,1.2476431075942318,-0.09000000000000008,-0.716035463078778,0.3054072511181444,-1.0,-1.341538411456967,0.0,,,0.0,0.0,0.0,,0.0,,,
2020-10-13,0.019340047735439736,-0.0116237242941577,0.006792027737082762,0.030037939328340868,0.3073929994555691,0.020000000000000018,-0.7028093048816726,0.4134332019848216,-0.688955012558523,-0.688955012558523,0.0,,,0.0,0.0,0.0,,0.0,,,
2020-10-14,0.02068020523753855,0.026918528650230478,0.026388446700669643,0.02844069750099815,0.5651310287447586,0.08000000000000007,-0.6896653136293149,0.6000736577963913,-0.0,0.6965018510120283,0.0,,,0.0,0.0,0.0,,0.0,,,
2020-10-15,-0.0019512201312616995,-0.005599527716736663,0.024449432110783764,0.028094898127234164,0.05965616356635728,0.040000000000000036,-0.6765958067473699,1.148530720075755,-0.35182827649040127,-0.7066280401276104,0.0,,,0.0,0.0,0.0,,0.0,,,
2020-10-16,-0.001955034835803282,0.006872879287762146,0.022774920025697032,0.028086105352690335,-0.42697637056205995,0.030000000000000027,-0.6639216519219638,1.1292929842201347,-0.0,1.0,0.0,,,0.0,0.0,0.0,,0.0,,,
2020-10-19,-0.001223840563965073,0.03489015744194823,0.01965417116684609,0.02607104673726833,-0.42697637056205995,0.030000000000000027,-0.6513289838813016,1.1104586612592913,-0.6931978475233607,1.0,0.0,,,0.0,0.0,0.0,,0.0,,,
2020-10-20,0.015312001676149212,0.03086211138265771,0.032671173405635745,0.02621906409801511,0.5713018729073371,-0.07000000000000006,-0.6388133042179309,1.0920075326007774,-0.34659892376168083,0.34235608879684215,0.0,,,0.0,0.0,0.0,,0.0,,,
2020-10-21,-0.035099934003151034,-0.024918027858031877,-0.002553823193982563,0.027462424084649866,0.6711200547683815,-0.09999999999999998,-0.6263705673945934,1.0739205711148654,-0.0,0.0,0.0,,,0.0,0.0,0.0,,0.0,,,
2020-10-22,0.015123630265744037,-0.00784317746102614,0.012162145764704313,0.027592438874429994,0.8446429002105238,-0.13,-0.6139972711332013,1.0561798429409244,-0.7128986202350788,-0.3610703437446775,0.0,,,0.0,0.0,0.0,,0.0,,,
2020-10-23,-0.01963039803400246,-0.02551854065922532,-0.006968872337881127,0.027953891382167542,0.6524261043000634,-0.08999999999999997,-0.6016905783758422,1.0387684184285193,-1.0,-1.0,0.0,,,0.0,0.0,0.0,,0.0,,,
2020-10-26,-0.03290693549387891,-0.057201635589139155,-0.03729817798849355,0.02877040627924997,0.10692953655490056,-0.030000000000000027,-0.5894484817323562,1.0216702911796969,-0.7053488002537738,-0.012150952730413112,0.0,,,0.0,0.0,0.0,,0.0,,,
2020-10-27,0.02585578565498814,-0.04665785161030023,-0.011797453424853277,0.02851607311981206,0.2042542853052387,0.020000000000000018,-0.5772700257854122,1.004870304287317,-1.0,-0.6534010762383191,0.0,,,0.0,0.0,0.0,,0.0,,,
2020-10-28,-0.05666796640831073,-0.06822588401545993,-0.0648173650653896,0.03065124721582187,-0.7758191571201278,0.039999999999999925,-0.5651556091819657,0.9883540829744393,-1.0,-1.0,0.0,,,0.0,0.0,0.0,,0.0,,,
2020-10-29,-0.033173243025015786,-0.11652275730621975,-0.09458429726818718,0.030383889329475534,-1.0346972353056705,0.020000000000000018,-0.5531073982497547,0.9721079729344669,-0.7824463062840059,-0.06954768604892714,0.0,,,0.0,0.0,0.0,,0.0,,,
2020-10-30,-0.01056152118607212,-0.10745388045828941,-0.10341582710605168,0.028910421918702262,-0.9762408640444642,-0.030000000000000027,-0.5411298988173243,0.9561189837532871,-0.3948594414388431,0.6051405585611569,0.0,,,0.0,0.0,0.0,,0.0,,,
2020-11-02,0.028101022612995408,-0.04644592235141509,-0.07214394082419195,0.026446731609444465,-0.8296343588680255,-0.05999999999999994,-0.36838382268047765,1.2058225065707642,-0.7792063490697466,-0.07385754881597284,-0.14064141306379163,,,0.0,0.0,0.0,,0.0,,,
2020-11-03,0.022828975838076193,-0.04947273216832704,-0.04547035515161024,0.02554440789602425,-0.40612764980685334,-0.10999999999999999,-0.35377151109544247,1.1852521273936418,-1.0,0.0,-0.14064141306379163,,,0.0,0.0,0.0,,0.0,,,
2020-11-04,0.03880189920780586,0.04599713344778955,-0.00565704345503093,0.02700829769709626,0.5480029325842461,0.010000000000000009,-0.3388237543867756,1.165151749093308,0.7719393829533617,1.7719393829533616,-0.14064141306379163,,,0.0,0.0,0.0,,0.0,,,
2020-11-05,-0.009237940984936355,0.06993243548786898,-0.01189333309016094,0.02600686519638754,1.591737033658358,0.05999999999999994,-0.32348675314290715,1.1454969564167514,-0.39122315314200345,0.39122315314200246,-0.14064141306379163,,,0.0,0.0,0.0,,0.0,,,
2020-11-06,-0.04346792552731582,0.03702603114662528,-0.050907583083319885,0.027449079058807207,1.8456904613063707,0.050000000000000044,-0.307695335494894,1.126264877383699,-0.0,0.3948594414388431,-0.14064141306379163,,,0.0,0.0,0.0,,0.0,,,
2020-11-09,0.08140874327869607,0.09033375181232595,0.02942234262968979,0.03281635897340336,1.8467584511180246,-0.08999999999999997,-0.2913691759552445,1.1074340506367892,-0.0,0.3948594414388431,0.0,,,0.0,0.0,0.0,,0.0,,,
2020-11-10,0.026210930996917625,0.09371570697116738,0.054210911897847325,0.03305270516480744,1.2162258118707747,-0.07999999999999996,-0.27440726169083957,1.0889843059260644,-1.0,0.0,0.0,,,0.0,0.0,0.0,,0.0,,,
2020-11-11,0.002173651381130348,0.05708745914449187,0.05588752924303808,0.032742793765855226,1.2162258118707747,-0.07999999999999996,-0.25667950976404724,1.070896656175187,-1.0,0.0,0.0,,,0.0,0.0,0.0,,0.0,,,
2020-11-12,-0.007993260434394411,0.05833213969503381,0.04769933678786131,0.03279440434253168,0.14966502294340156,-0.08999999999999997,-0.2380135326431901,1.0531531997811887,-1.0,-0.6087768468579966,0.0,,,0.0,0.0,0.0,,0.0,,,
2020-11-13,-0.024370436868084155,0.07742962835426548,0.024254738000608622,0.033251591688215315,-0.2173838667484329,-0.06000000000000005,-0.21817266172746413,1.0357370319736248,-0.9863605178883649,-0.9863605178883649,0.0,,,0.0,0.0,0.0,,0.0,,,
2020-11-16,0.02970636997479703,0.025727255050366438,0.05334043552929835,0.03394896178156786,0.22640120256466334,0.04999999999999993,-0.20433166436282724,1.023396420686374,-0.922905855552008,-0.9863605178883649,0.0,,,0.0,0.0,0.0,,0.0,,,
2020-11-17,0.002174701835688353,0.0016910258891371654,0.05555132991090339,0.03377639983878811,0.3451217042718113,0.10999999999999999,-0.19020800909223184,1.0115912089827404,-1.0,0.0,0.0,,,0.0,0.0,0.0,,0.0,,,
2020-11-18,0.009369437911177059,0.008886812419183876,0.06273349177227949,0.03279616649831346,0.3451217042718113,0.10999999999999999,-0.17577301821604133,1.000349602980601,-0.5942856899670171,0.0,0.0,,,0.0,0.0,0.0,,0.0,,,
2020-11-19,-0.0019147923514331033,0.014965280502145184,0.059483344501904956,0.03266347107865848,0.5165188919212915,0.020000000000000018,-0.16099453464972976,0.9897074404932797,-0.5782567704048039,0.42174322959519606,0.0,,,0.0,0.0,0.0,,0.0,,,
2020-11-20,0.009774782798809944,0.049110500169039284,0.06645251334013302,0.0323301817829766,0.6571270757888881,0.06000000000000005,-0.14583630966519132,0.979709846344704,0.5769286917176573,1.563289209606022,0.0,,,0.0,0.0,0.0,,0.0,,,
2020-11-23,0.021359807488352534,0.040763937682594786,0.08229336971879153,0.03144016904963223,0.0671169240067715,0.050000000000000044,-0.13025725312510006,0.9704133974508125,-0.0,0.922905855552008,0.0,,,0.0,0.0,0.0,,0.0,,,
2020-11-24,0.04206599516342946,0.08065523101033589,0.1180299032971055,0.032191991005157954,0.2202635421614696,-0.010000000000000009,-0.11421050771979516,0.9618889849907997,-0.0,1.0,0.0,,,0.0,0.0,0.0,,0.0,,,
2020-11-25,0.017656605244006585,0.08894239834316542,0.1256408183733808,0.028629743978086136,0.2447558610964129,-0.0,-0.09764229565327562,0.9542256452737911,-0.28703127048652527,0.30725441948049187,0.0,,,0.0,0.0,0.0,,0.0,,,
2020-11-26,0.0,0.09085719069459852,0.11393646605439889,0.026902943555200218,0.2447558610964129,-0.0,-0.08049046787677841,0.9475357605700953,-0.28703127048652527,0.30725441948049187,0.0,,,0.0,0.0,0.0,,0.0,,,
2020-11-27,-0.0039456429969622064,0.07713676489882637,0.09795567682899842,0.026654281580606412,0.2447558610964129,-0.010000000000000009,-0.0626826598189802,0.9419622352890181,-0.5757325154967408,-1.152661207214398,0.0,,,0.0,0.0,0.0,,0.0,,,
2020-11-30,-0.004181804267307854,0.051595153143165984,0.08335286767726746,0.0266076085861438,0.46521113834318006,0.020000000000000018,-0.04413391969630518,0.9376885825217601,-0.0,0.0,0.0,,,0.0,0.0,0.0,,0.0,,,
2020-12-01,-0.017577491162565018,-0.008048333182828493,0.05737469498031267,0.027144501980606653,0.5512573215929351,-0.040000000000000036,-0.7900491771630688,1.2756543059851326,-0.0,0.0,1.481820292940672,,,0.0,0.0,0.0,,0.0,,,
2020-12-02,0.016253279978109436,-0.009451658448725642,0.06635472438551648,0.026269517077846027,0.504319138239806,-0.06999999999999995,-0.7810390880177083,1.2793060861908507,-0.5758488616714547,-0.2888175911849294,1.481820292940672,,,0.0,0.0,0.0,,0.0,,,
2020-12-03,0.007919091098947284,-0.0015325673497783576,0.06614271330736265,0.02598050129007743,0.504319138239806,-0.06999999999999995,-0.7726571480242415,1.2863303544691678,-0.5769286917176609,-0.2888175911849294,1.481820292940672,,,0.0,0.0,0.0,,0.0,,,
2020-12-04,0.013493131809418468,0.015906207456602317,0.06865669007284447,0.022974592485340072,0.504319138239806,-0.13,-0.7650011677328477,1.2975014677480528,-0.0,0.5757325154967408,1.481820292940672,,,0.0,0.0,0.0,,0.0,,,
2020-12-07,-0.010867309731750652,0.009220701992159519,0.051424027947680084,0.016415659602951806,1.225076307831452,-0.09999999999999998,-0.7581980421813848,1.313891880791739,0.8764293138882573,0.8764293138882573,1.481820292940672,,,0.0,0.0,0.0,,0.0,,,
2020-12-08,-0.003502630551202035,0.0232955626035225,0.043041723080469385,0.015860226709226894,0.8354143341284925,-0.0,-0.752414512582234,1.3370311980497935,1.0,1.0,0.0,,,0.0,0.0,0.0,,0.0,,,
2020-12-09,-0.0017559267022648761,0.005286355923148189,0.03660260096636625,0.01591974212242767,0.515933097419008,-0.0,-0.7478731513004812,1.3691821394317583,1.0,1.0,0.0,,,0.0,0.0,0.0,,0.0,,,
2020-12-10,0.027303971337957478,0.024671236162158383,0.057458515303867586,0.016390044856857126,0.039991573204212205,-0.0,-0.7448768077372812,1.413850007633254,0.8887773674950235,1.4657060592126845,0.0,,,0.0,0.0,0.0,,0.0,,,
2020-12-11,-0.004499204161747095,0.00667890019099282,0.045517692506347185,0.01496374127498788,-0.3255565953167894,0.06999999999999995,-0.7438472918296923,1.4768002643282159,1.0,1.0,0.0,,,0.0,0.0,0.0,,0.0,,,
2020-12-14,0.008978256120438122,0.026524466043181594,0.04809073568373057,0.014029136735499494,-0.2971248720252895,0.039999999999999925,-0.7453891176726932,1.5683127569657327,1.0,0.12357068611174271,0.0,,,0.0,0.0,0.0,,0.0,,,
2020-12-15,0.013318027943992394,0.04334512453837602,0.05444638437925242,0.014073487531138894,0.0033969850863346807,-0.0,-0.7503998000459811,1.7089456524311293,1.0,0.0,0.0,,,0.0,0.0,0.0,,0.0,,,
2020-12-16,0.004191120971462237,0.049292172212103136,0.051934041949230014,0.01407450694136684,0.2809949076367668,0.029999999999999916,-0.737465142645374,1.675272107305772,0.8026463227854214,0.0,0.0,,,0.0,0.0,0.0,,0.0,,,
2020-12-17,0.01122906371641319,0.03321726459055885,0.055802449460766734,0.01395728793890443,0.6753063972823492,-0.019999999999999907,-0.7246627748883153,1.6429902039738105,1.0,0.11122263250497655,0.0,,,0.0,0.0,0.0,,0.0,,,
2020-12-18,0.015186009053882898,0.05290247780618884,0.06335724099701912,0.014058628961192232,0.476718294800238,-0.04999999999999993,-0.711989250020089,1.6120055474729924,0.8067820193529754,-0.19321798064702456,0.0,,,0.0,0.0,0.0,,0.0,,,
2020-12-21,-0.028089413889790915,0.015834807795959804,0.03010907065850521,0.01576218654334415,0.20442040174447618,-0.04999999999999993,-0.6994418262665868,1.582233331392972,0.799995544452366,-0.20000445554763402,0.0,,,0.0,0.0,0.0,,0.0,,,
2020-12-22,-0.01519657779876038,-0.01267979794679297,0.012616865059130067,0.013781622426807113,-0.299123637472154,-0.010000000000000009,-0.6870185739402708,1.5535972221228949,0.8269641703814378,-0.17303582961856223,0.0,,,0.0,0.0,0.0,,0.0,,,
2020-12-23,0.023124847994554276,0.00625392907629907,0.03317267311554328,0.014151680055587732,-0.2372092731818265,-0.039999999999999925,-0.6747185148275969,1.5260284112149332,1.0,0.19735367721457864,0.0,,,0.0,0.0,0.0,,0.0,,,
2020-12-24,0.002283342974402469,-0.0026917916657116514,0.0327728090030841,0.01413906848214523,-0.2372092731818265,-0.0,-0.6625418035454375,1.4994648088008986,1.0,0.19735367721457864,0.0,,,0.0,0.0,0.0,,0.0,,,
2020-12-28,-0.012728393022163775,-0.030606193741758325,0.0178003463953198,0.014487873010319058,-0.32981772664999465,0.010000000000000009,-0.6504899640837455,1.473850356258682,0.8152036322433579,0.008421612890382457,0.0,,,0.0,0.0,0.0,,0.0,,,
2020-12-29,0.007948169849174569,0.005431389997207159,0.022897947953068876,0.014458577702380224,0.3790372650000262,0.010000000000000009,-0.6385661997671298,1.4491344405281639,1.0,0.20000445554763402,0.0,,,0.0,0.0,0.0,,0.0,,,
2020-12-30,0.008298802814694639,0.028926770610662178,0.02705236777747455,0.013670670547609854,0.7899660144373932,-0.0,-0.6267758020962048,1.4252713958703789,1.0,0.17303582961856223,0.0,,,0.0,0.0,0.0,,0.0,,,
2020-12-31,0.0024762703532634767,0.008278192969371378,0.026073105621692072,0.013372250027186993,0.5927807202491087,0.029999999999999916,-0.615126694507643,1.4022200816383201,0.7794026194436489,-0.22059738055635114,0.0,,,0.0,0.0,0.0,,0.0,,,
2021-01-04,-0.018723243017132685,-0.012728393022163775,0.005226446801318119,0.014205277698243283,0.5927807202491087,0.009999999999999898,-1.0886146842773181,0.6754575995422322,0.7517410274082307,-0.22059738055635114,1.1519202207477708,,,0.0,0.0,0.0,,0.0,,,
2021-01-05,0.047369183453801256,0.047369183453801256,0.04877841186965792,0.01731220755736524,0.9089512677807221,-0.020000000000000018,-1.0806706019682928,0.6624542124974107,0.24903162967205444,-0.5661720025713035,1.1519202207477708,,,0.0,0.0,0.0,,0.0,,,
2021-01-06,0.013922261469299979,0.053343275073926666,0.0576439763934431,0.01709153140156204,0.5981140129056373,-0.10000000000000009,-1.0738211285095132,0.6495088668157036,0.49806325934410817,-0.5019367406558919,1.1519202207477708,,,0.0,0.0,0.0,,0.0,,,
2021-01-07,0.003942445476993406,0.04898691773622543,0.05615747112351377,0.01697598377685188,0.0037733001283069,-0.15000000000000002,-1.0682059951256906,0.6366136885390208,-0.0,-1.0,1.1519202207477708,,,0.0,0.0,0.0,,0.0,,,
2021-01-08,0.02736175350936465,0.0738724008923266,0.07663438987537274,0.017565711046266697,0.028926425367581388,-0.19999999999999984,-1.0640026761392478,0.6237606825675719,-0.7470948890161629,-1.5264975084598118,1.1519202207477708,,,0.0,0.0,0.0,,0.0,,,
2021-01-11,0.0001914058767447102,0.092787049786204,0.07129658926767313,0.016942062538101616,-0.5558977586943348,-0.21999999999999986,-1.0614387631493711,0.6109416945526657,-0.24923244546927933,-1.00097347287751,0.0,,,0.0,0.0,0.0,,0.0,,,
2021-01-12,0.018206457763357164,0.06362432409575991,0.08283855745033097,0.016995359279244084,-0.5341689693521889,-0.18999999999999995,-1.0608097160076144,0.5981483692129627,-0.7476973364078376,-0.9967289660798921,0.0,,,0.0,0.0,0.0,,0.0,,,
2021-01-13,-0.005653991692237348,0.04404807093422258,0.0712516885680281,0.017204174577623944,-0.46188459741163257,-0.06000000000000005,-1.0625049509454314,0.5853721043327055,-0.24923244546927933,-0.7472957048133875,0.0,,,0.0,0.0,0.0,,0.0,,,
2021-01-14,0.012396852976828576,0.05250247843405775,0.0777617231031491,0.01718458449063166,0.13251970725273177,-0.06999999999999984,-1.0670472716375707,0.5726039995572795,-0.7476973364078373,-0.7476973364078373,0.0,,,0.0,0.0,0.0,,0.0,,,
2021-01-15,-0.022846268851169693,0.00229445607352341,0.050380505301403034,0.018349032430027716,-0.20299286424818597,0.019999999999999796,-1.075154452401267,0.5598347989220486,-0.0,0.7470948890161629,0.0,,,0.0,0.0,0.0,,0.0,,,
2021-01-18,0.0,0.0021030501967786996,0.04640700953664778,0.018305165832763877,-0.20299286424818597,0.019999999999999796,-1.0878392184914671,0.547054825824559,-0.0,0.7470948890161629,0.0,,,0.0,0.0,0.0,,0.0,,,
2021-01-19,0.011771542802224477,-0.004331864764353988,0.05437577988669995,0.01821076746480278,0.08731502705959793,0.04999999999999982,-1.1065792950927658,0.5342539088644866,-0.25208816377224336,0.4956091726355943,0.0,,,0.0,0.0,0.0,,0.0,,,
2021-01-20,0.004895509682987242,0.006217636610870603,0.053819270938875174,0.016592152944460894,0.08731502705959793,-0.0,-1.090898077642456,0.5214704144595619,-0.0,0.24923244546927933,0.0,,,0.0,0.0,0.0,,0.0,,,
2021-01-21,-0.0020682530640590002,-0.008247469430016974,0.04564258300727042,0.015980684975852998,-0.0365250137868367,0.029999999999999805,-1.075510049253256,0.5086473821406472,-0.0,0.7476973364078373,0.0,,,0.0,0.0,0.0,,0.0,,,
2021-01-22,-0.016319147738021567,-0.0017203483168688471,0.025187200188331094,0.016202518094589686,-0.03676780503378829,0.010000000000000009,-1.0604031550059423,0.49577309806970443,-0.0,0.7476973364078373,0.0,,,0.0,0.0,0.0,,0.0,,,
2021-01-25,0.0095202546927462,0.007799906375877352,0.030209374214242857,0.016239727235468338,-0.03676780503378829,0.010000000000000009,-1.0455659752661768,0.4828350044538797,-0.0,0.7476973364078373,0.0,,,0.0,0.0,0.0,,0.0,,,
2021-01-26,-0.003036631674860679,-0.007008268101207804,0.022190073805181676,0.015838278174924517,-0.1834859092691321,0.050000000000000044,-1.0309876817593087,0.4698195572160456,0.2456946349807875,0.4977827987530309,0.0,,,0.0,0.0,0.0,,0.0,,,
2021-01-27,0.004551496573530933,-0.007352281210664113,0.02192873530829509,0.015823009392523183,-0.1834859092691321,0.06000000000000005,-1.0166579972634238,0.45671205702228623,-0.0,0.0,0.0,,,0.0,0.0,0.0,,0.0,,,
2021-01-28,-0.009696815214247145,-0.014980843360852258,0.008318865925077024,0.01612316209899453,-0.7271759296313851,0.050000000000000044,-1.0025671585714755,0.4434964470431683,0.23968991109706375,0.23968991109706375,0.0,,,0.0,0.0,0.0,,0.0,,,
2021-01-29,-0.002678402213406539,-0.0013400978362372307,0.0019851431710335987,0.016188405828966225,-0.3581302285220467,-0.010000000000000009,-0.9887058824114375,0.430155068835677,0.23968991109706375,0.23968991109706375,0.0,,,0.0,0.0,0.0,,0.0,,,
2021-02-01,0.025533302005164682,0.014672949476181252,0.021650297384445683,0.015992003033704683,-0.4928147202585942,-0.040000000000000036,-4.3260471144392625,0.08466891178613985,-0.0,0.0,-3.5509929142621632,,,0.0,0.0,0.0,,0.0,,,
2021-02-02,0.022344203526489803,0.040053784677531734,0.039377602115549415,0.013331701494644388,-0.5633313391344208,-0.07000000000000006,-3.9893583734928204,0.0676673306225268,0.4825262776823938,0.2368316427016063,-3.5509929142621632,,,0.0,0.0,0.0,,0.0,,,
2021-02-03,0.016840597181329464,0.052342885285330265,0.05145538371589087,0.013454316903927354,-0.1592637997398283,-0.10999999999999988,-3.716427185983173,0.05003103437506872,0.7166055590286549,0.7166055590286549,-3.5509929142621632,,,0.0,0.0,0.0,,0.0,,,
2021-02-04,0.009649824702533394,0.0716895252021108,0.05605702387615885,0.013496462237896066,-0.6615722921738953,-0.07999999999999985,-3.489132560892669,0.03168068269499009,0.7178834063483925,0.4781934952513288,-3.5509929142621632,,,0.0,0.0,0.0,,0.0,,,
2021-02-05,0.010965797892434459,0.0853337253079518,0.06279443500717541,0.0125333592454258,-0.2561832800213715,-0.07999999999999985,-3.2958389685048046,0.012522867346932821,1.0,0.4781934952513288,-3.5509929142621632,,,0.0,0.0,0.0,,0.0,,,
2021-02-08,0.0195094151550963,0.07930983845788342,0.07710956293693583,0.012943541623658763,0.33455228613693544,-0.09999999999999987,-3.128686547134158,-0.007553395178420785,0.7310496304065518,0.7310496304065518,0.0,,,0.0,0.0,0.0,,0.0,,,
2021-02-09,0.006705088302943807,0.06367072323433742,0.07919543248756433,0.012585543060270762,0.461944566651995,-0.05999999999999983,-2.982148217157549,-0.02868131443967286,0.7535559751390268,0.271029697456633,0.0,,,0.0,0.0,0.0,,0.0,,,
2021-02-10,0.005468229620196219,0.05229835567320418,0.07948833228982277,0.012351259821927044,0.599786026134741,-0.0,-2.8522082993074234,-0.05102259206594694,0.7549491284362115,0.03834356940755668,0.0,,,0.0,0.0,0.0,,0.0,,,
2021-02-11,-0.007526549386351,0.035121981584319784,0.06778262320369421,0.012540164955445524,1.0818035795219227,-0.010000000000000009,-2.7358691328456515,-0.07477601596907565,1.0,0.28211659365160746,0.0,,,0.0,0.0,0.0,,0.0,,,
2021-02-12,0.020899579830071957,0.04505576352195728,0.08231575089992571,0.011335488525713224,0.6673325142398379,-0.010000000000000009,-2.63084132768363,-0.10018948711054351,0.5276414462452484,-0.47235855375475155,0.0,,,0.0,0.0,0.0,,0.0,,,
2021-02-15,0.0,0.025546348366860983,0.07594929876608525,0.011335488525713224,0.6673325142398379,-0.010000000000000009,-2.5353419693866637,-0.12757723830048975,0.5276414462452484,-0.47235855375475155,0.0,,,0.0,0.0,0.0,,0.0,,,
2021-02-16,0.009705564807489964,0.02854682487140714,0.0793917103394719,0.011292973962124192,-0.018252175274557914,-0.1200000000000001,-2.447958947734902,-0.15734513952755727,0.27322724403851134,-0.4803287311005155,0.0,,,0.0,0.0,0.0,,0.0,,,
2021-02-17,0.017988767936696348,0.04106736318790727,0.09046266212938026,0.0115852489648212,-0.39163531493036086,-0.14000000000000012,-2.367557233294635,-0.1900290303803709,0.5655407259671598,-0.18940840246905177,0.0,,,0.0,0.0,0.0,,0.0,,,
2021-02-18,-0.0101924275425338,0.03840148503172447,0.07375862716398096,0.012050011501761153,-0.5676642110624242,-0.13000000000000012,-2.299091887650514,-0.20265299760933667,0.5645720429111457,-0.4354279570888543,0.0,,,0.0,0.0,0.0,,0.0,,,
2021-02-19,-0.02137689952055677,-0.003874994318904257,0.04612300780968592,0.012595110083556437,-0.19454851559213004,-0.14000000000000012,-2.2351930481326603,-0.21555790399454586,0.5752374745492109,0.04759602830396248,0.0,,,0.0,0.0,0.0,,0.0,,,
2021-02-22,0.03727757056577996,0.033402576246875704,0.07575399274807548,0.01437671220777323,-0.19454851559213004,-0.14000000000000012,-2.1753503909948866,-0.22876143765971693,0.5881758266866247,0.04759602830396248,0.0,,,0.0,0.0,0.0,,0.0,,,
2021-02-23,0.00292302903802355,0.02662004047740929,0.07073245312306486,0.014204358488511424,-0.09857954215080067,-0.07000000000000006,-2.1191301749902807,-0.24228279257436905,-0.0,-0.27322724403851134,0.0,,,0.0,0.0,0.0,,0.0,,,
2021-02-24,0.024823117784070092,0.033454390324783034,0.08659742118357361,0.014665278995379847,0.26709420784071236,-0.08999999999999986,-2.0661610465832907,-0.25614284269030946,-0.0,-0.5655407259671598,0.0,,,0.0,0.0,0.0,,0.0,,,
2021-02-25,0.004891528490969854,0.04853834635828669,0.0818013827657218,0.014037968167287345,0.2095215508517878,-0.25,-2.0161229359504347,-0.27036434140975035,-1.0,-1.5645720429111458,0.0,,,0.0,0.0,0.0,,0.0,,,
2021-02-26,-0.03247506046596893,0.03744018541287453,0.04112858830355837,0.016740440111978835,-1.0069307054781484,-0.09999999999999987,-1.9687382783656804,-0.28497215087734756,-0.9759336038455954,-1.5511710783948063,0.0,,,0.0,0.0,0.0,,0.0,,,
2021-03-01,-0.01408243347835647,-0.013919818631261904,0.020829207603184408,0.016924006598099197,-0.5435229364356031,-0.07999999999999985,-6.512291896112825,-0.7081821192605271,-0.6555512593263477,-1.2437270860129725,6.684398320418694,,,0.0,0.0,0.0,,0.0,,,
2021-03-02,-0.01478555052249586,-0.031628398191781315,0.0016831975611193428,0.01709740449851175,-0.5684636289624123,-0.04999999999999982,-5.552134810851502,-0.723713881842686,-0.6606874726414979,-0.6606874726414979,6.684398320418694,,,0.0,0.0,0.0,,0.0,,,
2021-03-03,0.02528433462071522,-0.031167181355136186,0.022184885790297315,0.017520804849969356,-0.9313362190882302,-0.09000000000000008,-4.9115470042286935,-0.7396960693897228,-1.0,-1.0,6.684398320418694,,,0.0,0.0,0.0,,0.0,,,
2021-03-04,0.040769773835630296,0.004711063989524256,0.056616015777734674,0.019270313689970574,-0.6954638495496601,-0.0,-4.4444579054391244,-0.7561558487645139,-1.0,0.0,6.684398320418694,,,0.0,0.0,0.0,,0.0,,,
2021-03-05,0.03479415021439536,0.07198027466988854,0.08388010452783945,0.02028153240054965,-0.8136977025735792,-0.1200000000000001,-4.083945456209567,-0.7731227392537265,-1.0,-0.024066396154404646,6.684398320418694,,,0.0,0.0,0.0,,0.0,,,
2021-03-08,-0.01586124452384663,0.07020146362439839,0.06225733152364832,0.020719384105420954,-1.547638196581591,-0.14000000000000012,-3.794444366454737,-0.7906288833120679,-1.0,-0.3444487406736523,0.0,,,0.0,0.0,0.0,,0.0,,,
2021-03-09,-0.01611688380460219,0.06887013034229206,0.041520017844080215,0.021285400451061337,-1.2385568120624635,-0.13000000000000012,-3.555071901839755,-0.808709356503359,-1.0,-0.33931252735850215,0.0,,,0.0,0.0,0.0,,0.0,,,
2021-03-10,0.006695237154861644,0.05028103287643848,0.04353347474724245,0.02128974049722565,-0.7328729524297639,-0.06000000000000005,-3.3526509807749214,-0.827402523538415,-1.0,0.0,0.0,,,0.0,0.0,0.0,,0.0,,,
2021-03-11,0.02422316811627301,0.03373442715708119,0.06148737673668414,0.021514044687369567,-0.19316136027478503,-0.0,-3.1784002667033504,-0.8467504487517308,-0.8687090084650633,0.13129099153493673,0.0,,,0.0,0.0,0.0,,0.0,,,
2021-03-12,-0.006229603068260481,-0.007289326125574647,0.05034496668650945,0.02139798844610935,0.6345567026260546,-0.07999999999999985,-3.026211356439505,-0.8667993711527068,-0.8649028817245107,0.13509711827548931,0.0,,,0.0,0.0,0.0,,0.0,,,
2021-03-15,-0.0033587817836018274,0.005213136614670155,0.04224131701017342,0.02145168833837356,0.94077246608405,-0.030000000000000027,-2.891685504047278,-0.8876002564311859,-0.8649028817245107,0.13509711827548931,0.0,,,0.0,0.0,0.0,,0.0,,,
2021-03-16,-0.009063738214956096,0.012266282204316248,0.029371176053606618,0.021633038172309476,0.8286812723825476,-0.07000000000000006,-2.7715633782482585,-0.9092094411216757,-0.5662151206188495,0.4337848793811505,0.0,,,0.0,0.0,0.0,,0.0,,,
2021-03-17,-0.0030911925696726072,0.0024798524797819965,0.023527578767639667,0.02141813984322068,0.3778564832055409,-0.09999999999999987,-2.6633713586632415,-0.9316893877092207,-0.5662151206188499,0.43378487938115007,0.0,,,0.0,0.0,0.0,,0.0,,,
2021-03-18,-0.07386984856645551,-0.09561316420294652,-0.049910803463912856,0.02735407012054585,0.130179044893175,-0.16999999999999993,-2.5651934384395902,-0.9551095740244909,-1.0,-0.13129099153493673,0.0,,,0.0,0.0,0.0,,0.0,,,
2021-03-19,0.023390952790576236,-0.0659926083441098,-0.028326776953989885,0.027381559625203354,0.045387425471277165,-0.10000000000000009,-2.4755191980785045,-0.979547546140629,-1.0,-0.13509711827548931,0.0,,,0.0,0.0,0.0,,0.0,,,
2021-03-22,0.0021143376177858997,-0.06051948894272208,-0.02626120396945897,0.02608220969693536,0.16829692347922753,-0.06999999999999984,-2.3933803454475893,-0.9816134579521623,-1.0,-0.13509711827548931,0.0,,,0.0,0.0,0.0,,0.0,,,
2021-03-23,-0.06355335804589224,-0.11500910877365822,-0.08653950729441018,0.029683740633783987,-0.27233968733597624,-0.009999999999999787,-2.317525270157094,-0.9836859520422455,-1.0,-0.4337848793811505,0.0,,,0.0,0.0,0.0,,0.0,,,
2021-03-24,0.057523844138186675,-0.05439407206579894,-0.02737564475298715,0.03211402106591464,-0.4397356283950993,0.009999999999999787,-2.247154168827456,-0.9857650702534324,-0.5321933987410561,0.03402172187779384,0.0,,,0.0,0.0,0.0,,0.0,,,
2021-03-25,-0.043768469069700444,-0.024292692569043872,-0.06707109554141777,0.03341025064416569,-1.0881902275693633,0.08000000000000007,-2.1816030524903787,-0.9878508547994773,0.7965955125852414,1.7965955125852413,0.0,,,0.0,0.0,0.0,,0.0,,,
2021-03-26,0.04033007026666802,-0.0073535750929520916,-0.02630826353011262,0.03411172127096968,-0.6771373641742073,0.07000000000000006,-2.120315414117441,-0.9899433482696108,-0.0,1.0,0.0,,,0.0,0.0,0.0,,0.0,,,
2021-03-29,0.009630369050953824,0.000162456340215833,-0.01743077286098682,0.034024309611371886,-0.8221956544247178,-0.040000000000000036,-2.0628208048787284,-0.9920425936328833,-0.2699101265626409,0.7300898734373591,0.0,,,0.0,0.0,0.0,,0.0,,,
2021-03-30,-0.016542838971576934,0.04717297541453114,-0.03463862579193844,0.03406878792963842,-0.8044727058316825,-0.10000000000000009,-2.008718411864438,-0.9941486342425562,-0.7938310523952761,0.20616894760472393,0.0,,,0.0,0.0,0.0,,0.0,,,
2021-03-31,-0.02322383215650259,-0.033574700880158126,-0.05610206356895464,0.03395033355050211,-0.14684597889254025,-0.11999999999999988,-1.9576643129511724,-0.9962615138405694,-0.5202198416944366,0.01197355704661951,0.0,,,0.0,0.0,0.0,,0.0,,,
2021-04-01,0.03797819816944514,0.04817196635898746,-0.016223892236713056,0.03377154571548245,0.23043536231069917,-0.06000000000000005,-4.262589277977296,9.207431727577836,-0.7566376789666522,-1.5532331915518935,15.548314132208631,,,0.0,0.0,0.0,,0.0,,,
2021-04-02,0.0,0.007841896092319445,-0.012584211563196668,0.03265968725749255,0.008000661153539923,-0.050000000000000044,-3.9415826179972306,6.995123059757852,-1.0,-1.0,15.548314132208631,,,0.0,0.0,0.0,,0.0,,,
2021-04-05,-0.04663626091255946,-0.04842473387119384,-0.05404204098280463,0.03396471270304375,0.4716873487028095,-0.0,-3.6795847018091417,5.84959883617616,-0.0,0.2699101265626409,15.548314132208631,,,0.0,0.0,0.0,,0.0,,,
2021-04-06,0.011527505171067709,-0.020354389728549194,-0.03871832376756945,0.034058510366845395,0.9251946095987007,0.06000000000000005,-3.460259334257059,5.118911184082449,0.22787192482429153,1.0217029772195676,15.548314132208631,,,0.0,0.0,0.0,,0.0,,,
2021-04-07,0.0073887825656102635,0.010258224993563658,-0.027568006428328573,0.03407010573232547,0.5093855920663137,0.06000000000000005,-3.272980686025928,4.600121730568031,-0.0,0.5202198416944366,15.548314132208631,,,0.0,0.0,0.0,,0.0,,,
2021-04-08,-0.002848288764858431,-0.030568261940739916,-0.025301187575499817,0.03343156184551383,0.5690225595640475,0.050000000000000044,-3.1104979509379715,4.206718845697744,-0.0,0.7566376789666522,0.0,,,0.0,0.0,0.0,,0.0,,,
2021-04-09,-0.004709056801572409,-0.035277318742312325,-0.02497116407271971,0.03343062289459075,0.46486681350373926,0.050000000000000044,-2.9676706143296365,3.894763216842963,-0.45080045192368895,0.549199548076311,0.0,,,0.0,0.0,0.0,,0.0,,,
2021-04-12,0.006385503128824688,0.01774444529907182,-0.014033794885163431,0.03352726662879385,0.18739968605041568,0.040000000000000036,-2.840738720954872,3.639252092850859,-0.8790461538951334,-0.8790461538951334,0.0,,,0.0,0.0,0.0,,0.0,,,
2021-04-13,0.008008050803343103,0.014224990931347214,-0.0023274674740045853,0.0336235324599182,0.09483288907115028,0.030000000000000027,-2.7268796971679445,3.4247689656262112,-0.2177547652509355,-0.44562669007522704,0.0,,,0.0,0.0,0.0,,0.0,,,
2021-04-14,0.04817277759460037,0.05500898596033732,0.046980388220199565,0.03556989764258152,0.4050560031648609,0.040000000000000036,-2.6239275620568097,3.2412209712812334,-0.6478999062487811,-0.6478999062487811,0.0,,,0.0,0.0,0.0,,0.0,,,
2021-04-15,0.004896937358549458,0.06275421208374521,0.04907406438210238,0.03118279113393076,0.41877520631488085,0.07999999999999985,-2.530188575961946,3.081685665410767,-0.0,0.0,0.0,,,0.0,0.0,0.0,,0.0,,,
2021-04-16,-0.005213693775514727,0.06224957510980289,0.04248734173824431,0.030842955373058485,0.637263389244791,0.07999999999999985,-2.444316470528703,2.9412349525843555,-0.0,0.45080045192368895,0.0,,,0.0,0.0,0.0,,0.0,,,
2021-04-19,0.003952261883240382,0.059816333864218585,0.044974678539868584,0.030848017963070025,0.8817695471433074,0.07999999999999985,-2.3652257580815967,2.816251873472056,-0.21144972376392937,0.6675964301312041,0.0,,,0.0,0.0,0.0,,0.0,,,
2021-04-20,-0.014942258615543658,0.036866024445331824,0.026136939871192588,0.027148781710942895,0.7109929219181743,0.05999999999999983,-2.292030102958757,2.7040133563851874,-0.0,0.2177547652509355,0.0,,,0.0,0.0,0.0,,0.0,,,
2021-04-21,-0.01761092449031043,-0.028917677639578976,0.008387273759172587,0.02439621729574658,0.5389019274743334,0.06999999999999984,-2.224362519689687,2.601959401654391,-0.21460206950114702,0.4332978367476341,0.0,,,0.0,0.0,0.0,,0.0,,,
2021-04-22,0.00130314401891507,-0.032511470979213364,0.007298095501949042,0.02210057526687197,0.34488239457067804,-0.010000000000000009,-2.1612103048869336,2.508984080141618,-0.42911174762483845,-0.42911174762483845,0.0,,,0.0,0.0,0.0,,0.0,,,
2021-04-23,0.011491588789064977,-0.01580618841463366,0.017839286088755735,0.020367949723950913,0.3489465813903414,0.010000000000000009,-2.102066047847885,2.4237652588204575,-0.43297316421306625,-0.43297316421306625,0.0,,,0.0,0.0,0.0,,0.0,,,
2021-04-26,-0.003708186433760474,-0.023466636731634516,0.013847629226972025,0.02028699195225493,0.3321344047921393,0.030000000000000027,-2.046498912086026,2.3452359721519453,-0.8593803494874519,-0.6479306257235226,0.0,,,0.0,0.0,0.0,,0.0,,,
2021-04-27,0.01650017410512028,0.007975795989029422,0.028412182250234785,0.0201898144740396,0.29019364656783786,-0.04999999999999982,-1.9941403692310986,2.272524319402344,-0.21596663541626185,-0.21596663541626185,0.0,,,0.0,0.0,0.0,,0.0,,,
2021-04-28,0.014511295650375011,0.040098016129714864,0.03910110042840742,0.019465078138062326,0.3442770405011397,-0.05999999999999983,-1.94467305539662,2.204909814465033,-0.21753784197087628,-0.0029357724697292586,0.0,,,0.0,0.0,0.0,,0.0,,,
2021-04-29,0.017847916929741636,0.05664278904054143,0.05413315394793283,0.01807692674440609,0.4306346715708953,-0.07999999999999985,-1.8978219729555152,2.1417911159392684,0.22105062031567038,0.6501623679405089,0.0,,,0.0,0.0,0.0,,0.0,,,
2021-04-30,-0.022242148733720768,0.022909051517755685,0.03018724924068117,0.018923627054107352,0.004460744997936139,-0.06999999999999984,-1.853347475640645,2.082661788301689,0.698076017766671,1.1310491819797373,0.0,,,0.0,0.0,0.0,,0.0,,,
2021-05-03,0.014211217539629395,0.040828455491145554,0.03965233688416969,0.015284199163560719,-0.17359667080758534,-0.04999999999999982,-2.4967543663105665,1.393515831495238,0.23794565279942007,1.097326002286872,-0.8787553460809292,,,0.0,0.0,0.0,,0.0,,,
2021-05-04,0.01843653388209532,0.04276481526812059,0.05299728943457449,0.01552176996511535,-0.3394701263607969,0.019999999999999796,-2.4150997593369747,1.368346237365711,-0.0,0.21596663541626185,-0.8787553460809292,,,0.0,0.0,0.0,,0.0,,,
2021-05-05,-0.0009137984187503889,0.027339721198995193,0.047407038733350504,0.015568054883126922,-0.32247705314116804,0.039999999999999813,-2.3396850904637785,1.343910241685587,-0.0,0.21753784197087628,-0.8787553460809292,,,0.0,0.0,0.0,,0.0,,,
2021-05-06,-0.014117159416456637,-0.004625355147203081,0.029176870567000357,0.01605115353226353,-0.08385057594697543,0.06999999999999984,-2.2697222311934078,1.3201650521564123,-0.5182690669380079,-0.7393196872536782,-0.8787553460809292,,,0.0,0.0,0.0,,0.0,,,
2021-05-07,0.0029318746408701912,0.02054866822738788,0.027613689885855663,0.015920523183239655,0.9448279369293822,0.04999999999999982,-2.204556226968255,1.2970711496691072,0.5371978670106404,-0.16087815075603062,-0.8787553460809292,,,0.0,0.0,0.0,,0.0,,,
2021-05-10,0.00030811893634563603,0.0066455696241041196,0.023730622709809523,0.015940527666742674,1.0843265925628343,-0.0,-2.1436376716521406,1.2745919661949432,0.5405327330719584,0.30258708027253833,0.0,,,0.0,0.0,0.0,,0.0,,,
2021-05-11,0.00552996800946115,-0.0062609962485300485,0.025193308746572995,0.015918914370170848,1.2445498069277972,-0.029999999999999805,-2.0865017842196614,1.2526936003568183,-0.0,0.0,0.0,,,0.0,0.0,0.0,,0.0,,,
2021-05-12,0.012180418556871686,0.0068332207270920264,0.035106063282633215,0.0122915902048098,0.5241129401862166,-0.09999999999999987,-2.0327523466191963,1.2313445655580937,-0.0,0.0,0.0,,,0.0,0.0,0.0,,0.0,,,
2021-05-13,-0.03479950836262535,-0.01384912821907669,2.371318525540289e-05,0.014794829120819447,0.21870509772434765,-0.07999999999999985,-1.982049221812058,1.2105155663325877,-0.0,0.5182690669380079,0.0,,,0.0,0.0,0.0,,0.0,,,
2021-05-14,0.023996816774540797,0.007215813914593916,0.022277162697540653,0.015641258562251698,-0.09943715328724068,-0.029999999999999805,-1.9340985454438029,1.1901792992314384,-0.0,-0.5371978670106404,0.0,,,0.0,0.0,0.0,,0.0,,,
2021-05-17,0.013673868475496676,0.020581563453744955,0.033721583581169945,0.01586300326783053,-0.2604013882056666,-0.010000000000000009,-1.8886449396384042,1.1703102751055598,-0.0,-0.5405327330719584,0.0,,,0.0,0.0,0.0,,0.0,,,
2021-05-18,-0.011839846870173254,0.003211748574110551,0.01949716853185901,0.015700584778722017,0.05446736061450741,-0.0,-1.8454652740541433,1.1508846600963365,-0.3678601648949614,-0.3678601648949614,0.0,,,0.0,0.0,0.0,,0.0,,,
2021-05-19,-0.03306471172379144,-0.042033381706552575,-0.015179422009393484,0.017058027323216252,0.6121172138582764,0.010000000000000009,-1.8043636235936227,1.1318801330280215,-0.3904882169186298,-0.3904882169186298,0.0,,,0.0,0.0,0.0,,0.0,,,
2021-05-20,-0.020892235855554553,-0.028126109199481775,-0.036573767688687475,0.017785650251765085,0.6586287081468356,0.030000000000000027,-1.7644451659063523,1.114000511875971,0.3941727933407786,0.3941727933407786,0.0,,,0.0,0.0,0.0,,0.0,,,
2021-05-21,0.024358443832040777,-0.027764482141981794,-0.013360776432534749,0.018425291498280556,0.06991477955249348,-0.0,-1.7263149672342828,1.0964838608344862,-0.39490142638727543,-0.39490142638727543,0.0,,,0.0,0.0,0.0,,0.0,,,
2021-05-24,0.03811307548567733,-0.003325275131801142,0.02151578338128246,0.0201389023947934,0.15052350129186598,0.029999999999999805,-1.6898314126265632,1.0793133437453075,1.0,1.0,0.0,,,0.0,0.0,0.0,,0.0,,,
2021-05-25,0.0003027550734602258,0.008817326811832338,0.019391893734466592,0.01990172817241263,-0.009293370037632975,0.07999999999999985,-1.654868166957399,1.0624730895729613,0.8500567323705277,1.217916897265489,0.0,,,0.0,0.0,0.0,,0.0,,,
2021-05-26,0.0021167228949607875,0.043998761430584565,0.01970170054692133,0.019697545789513268,0.01172431270726193,0.09999999999999987,-1.62131212226522,1.0459481182213093,1.0,1.3904882169186297,0.0,,,0.0,0.0,0.0,,0.0,,,
2021-05-27,0.009619794611197108,0.07451079189733623,0.02792598519153966,0.019428973420544254,-0.007486886672891657,0.019999999999999796,-1.589061673987583,1.0297242730312852,0.8500567323705265,0.4558839390297479,0.0,,,0.0,0.0,0.0,,0.0,,,
2021-05-28,-0.007959792720912517,0.04219255534438293,0.017856564703407685,0.018765588117092627,0.2701300946535867,0.04999999999999982,-1.5580252657006843,1.0137881592491838,0.8500567323705265,1.244958158757802,0.0,,,0.0,0.0,0.0,,0.0,,,
2021-05-31,0.0,0.004079479858705604,0.016457497813170185,0.01855107142504539,0.2701300946535867,0.04999999999999982,-1.5281201544434142,0.9981270878400648,0.8500567323705265,1.244958158757802,0.0,,,0.0,0.0,0.0,,0.0,,,
2021-06-01,0.020890046437894938,0.024666771223140316,0.03582580173303729,0.018677350180254296,0.30439725013984287,-0.06000000000000005,-1.7603018916923896,-0.6383846806046439,-0.0,-0.8500567323705277,-6.714983269674635,,,0.0,0.0,0.0,,0.0,,,
2021-06-02,0.01625813914533847,0.038808187473518,0.049703601482144144,0.01895217046211817,0.2595886809233061,-0.010000000000000009,-1.7231159549491823,-0.6365682788417039,1.0,0.0,-6.714983269674635,,,0.0,0.0,0.0,,0.0,,,
2021-06-03,-0.00029061319588397083,0.028897779666436918,0.04634132157899895,0.018566974629466344,-0.27906859278716833,-0.019999999999999796,-1.6875277512373217,-0.6347561038727916,-0.0,-0.8500567323705265,-6.714983269674635,,,0.0,0.0,0.0,,0.0,,,
2021-06-04,0.011702799168904043,0.04856037155625348,0.054533907814240834,0.0186668138414399,0.0049657991866958184,0.020000000000000018,-1.653417777584228,-0.6329481300276028,-0.0,-0.8500567323705265,-6.714983269674635,,,0.0,0.0,0.0,,0.0,,,
2021-06-07,-0.00561758769335885,0.04294278386289463,0.045702392518705004,0.01876707149741747,0.0049657991866958184,0.020000000000000018,-1.6206789640690247,-0.6311443318305523,-0.0,-0.8500567323705265,-6.714983269674635,,,0.0,0.0,0.0,,0.0,,,
2021-06-08,0.011774978093082034,0.033827715518081725,0.053951192505428125,0.01885936039266336,-0.13067329323848131,0.09000000000000008,-1.589215086543709,-0.6293446839987838,0.8408476636004305,0.8408476636004305,0.0,,,0.0,0.0,0.0,,0.0,,,
2021-06-09,-0.0012856226326150022,0.016283953740128254,0.049812693825929344,0.0187743173529233,0.008319776017151614,0.09000000000000008,-1.5589394244006454,-0.627549161440205,-0.0,-1.0,0.0,,,0.0,0.0,0.0,,0.0,,,
2021-06-10,0.004705891037413146,0.02128045797342537,0.049690438846456964,0.01655091448108422,0.5689964399495651,0.17999999999999994,-1.5297736203979577,-0.6257577392515459,0.8634429738299857,0.8634429738299857,0.0,,,0.0,0.0,0.0,,0.0,,,
2021-06-11,0.00878192612809059,0.018359584932611916,0.05440496348998369,0.015962690755116762,-0.3080754224976223,0.09000000000000008,-1.5016467081094436,-0.6239703927164424,-0.0,0.0,0.0,,,0.0,0.0,0.0,,0.0,,,
2021-06-14,-0.00042316101907946546,0.0235540116068913,0.05061925246107002,0.015826837730242287,-0.4075446430591212,0.06000000000000005,-1.474494279253846,-0.6221870973035416,-0.0,0.0,0.0,,,0.0,0.0,0.0,,0.0,,,
2021-06-15,0.017343092038291097,0.029122125552100364,0.06314064754410431,0.01569620729682712,-0.6341675026434901,0.020000000000000018,-1.4482577684262414,-0.6204078286646317,-0.0,-0.8408476636004305,0.0,,,0.0,0.0,0.0,,0.0,,,
2021-06-16,0.0004158868847632391,0.030823635069478605,0.057060807543181546,0.012996014008789466,-0.4936208235997386,-0.07000000000000006,-1.4228838369338124,-0.6186325626327935,-1.0,-1.0,0.0,,,0.0,0.0,0.0,,0.0,,,
2021-06-17,-0.015504186535965303,0.010613557496100157,0.03479149165555118,0.01244244720363036,-1.8377936344820656,-0.07000000000000006,-1.3983238407781964,-0.6168612752205751,-1.0,-1.8634429738299856,0.0,,,0.0,0.0,0.0,,0.0,,,
2021-06-18,0.008410478508596775,0.010242109876606342,0.03723423907865442,0.011747207810307352,-1.7530310108710534,0.020000000000000018,-1.3745333705151834,-0.6150939426181884,-1.0,-1.0,0.0,,,0.0,0.0,0.0,,0.0,,,
2021-06-21,0.027806333824408114,0.03847160472009392,0.059588178900633615,0.010413126564785156,-1.688086159802249,0.010000000000000009,-1.3512381854303517,-0.6158253570615899,-1.0,-1.0,0.0,,,0.0,0.0,0.0,,0.0,,,
2021-06-22,-0.008178889649783194,0.01294962303201963,0.04638097748458314,0.01079943246627293,-1.4069960943218218,0.030000000000000027,-1.3286352287759775,-0.6165575107467287,-1.0,-1.0,0.0,,,0.0,0.0,0.0,,0.0,,,
2021-06-23,0.0002737101426699695,0.01280744628992636,0.04171852649860153,0.010833394137722463,-1.1388047679687485,0.07000000000000006,-1.3066895720925882,-0.6172904055360516,-1.0,0.0,0.0,,,0.0,0.0,0.0,,0.0,,,
2021-06-24,0.003005877382799227,0.03131751020869089,0.040118938614167376,0.010783731704472927,0.22313576816621605,0.030000000000000027,-1.2853692178613418,-0.6180240432980847,-1.0,0.0,0.0,,,0.0,0.0,0.0,,0.0,,,
2021-06-25,0.01017993182120236,0.033086963521296475,0.044786418941031414,0.010428263741886448,0.951249460371828,-0.09000000000000008,-1.2646448658212448,-0.6187584259074613,-1.0,0.0,0.0,,,0.0,0.0,0.0,,0.0,,,
2021-06-28,-0.015514736895468673,-0.010234107198580311,0.02453496739599803,0.011392391703498183,0.721647017744742,0.010000000000000009,-1.2444897116865457,-0.6194935552449466,-1.0,0.0,0.0,,,0.0,0.0,0.0,,0.0,,,
2021-06-29,0.0009596271899630082,-0.0010955903588341087,0.02175440089879288,0.010759134104849176,0.5810441969085312,-0.010000000000000009,-1.2248792750366804,-0.6202294331974663,-1.0,0.0,0.0,,,0.0,0.0,0.0,,0.0,,,
2021-06-30,0.006691728623883897,0.005322428122379819,0.02518425636158028,0.01037927377165445,-0.15251566310945375,0.050000000000000044,-1.2057912538234437,-0.6209660616581313,-1.0,0.0,0.0,,,0.0,0.0,0.0,,0.0,,,
2021-07-01,0.02367292793994391,0.025989478679524503,0.044397134083637546,0.011290740475442974,-0.36857005501842455,0.010000000000000009,-1.1535801312928728,-2.2035399088894554,-1.0,0.0,-3.4585102192752792,,,0.0,0.0,0.0,,0.0,,,
2021-07-02,-0.0009309130268650989,0.014878633831457044,0.03963785644867368,0.011217374041470463,-0.5153373137261053,0.10000000000000009,-1.1360132507461327,-2.1512265449543757,-1.0,0.0,-3.4585102192752792,,,0.0,0.0,0.0,,0.0,,,
2021-07-05,0.0,0.030393370726925717,0.03552861245590755,0.011037287575485479,-0.5153373137261053,0.10000000000000009,-1.1188785004994282,-2.1017477889824394,-1.0,0.0,-3.4585102192752792,,,0.0,0.0,0.0,,0.0,,,
2021-07-06,-0.024104041819361655,0.005329701717601054,0.009109277639401725,0.012539355806885047,-0.6149046911090306,0.11999999999999988,-1.1021627849104376,-2.0548430510312388,-0.9418203863609451,0.058179613639054883,-3.4585102192752792,,,0.0,0.0,0.0,,0.0,,,
2021-07-07,-0.01607508682712222,-0.017437113733405063,-0.008541628975139659,0.013182477406992903,-0.4899900758129849,0.11999999999999988,-1.085854630929147,-2.0102841671984892,-0.7019996802141403,0.2980003197858597,-3.4585102192752792,,,0.0,0.0,0.0,,0.0,,,
2021-07-08,0.010197139481753048,-0.030912902191595926,-0.00019487170302223689,0.013307691914828189,-0.29945006208977887,0.17999999999999994,-1.069944190256509,-1.967870380040452,-0.5858591102046097,0.4141408897953903,0.0,,,0.0,0.0,0.0,,0.0,,,
2021-07-09,0.021966984996801386,-0.00801500416792944,0.019262478140707806,0.013978814300358511,-0.2621231979030192,0.06999999999999984,-1.0544232641323905,-1.927424237854267,-0.8125386778772249,0.1874613221227751,0.0,,,0.0,0.0,0.0,,0.0,,,
2021-07-12,-0.006188638075293795,-0.014203642243223236,0.010852478765152718,0.014101389187105068,-0.2621231979030192,0.06999999999999984,-1.039285353163357,-1.8887882203511968,-0.8057176178490382,0.1874613221227751,0.0,,,0.0,0.0,0.0,,0.0,,,
2021-07-13,0.01540037132694394,0.02530077090308236,0.024128624827402412,0.013998054789110185,-0.048427822182239844,-0.04999999999999982,-1.0245257355123167,-1.8518219433282825,-1.0,-0.058179613639054883,0.0,,,0.0,0.0,0.0,,0.0,,,
2021-07-14,-0.028577224346125973,0.012798633384078606,-0.005123169221872281,0.0155945263388737,0.19866530863411613,-0.040000000000000036,-1.0101415779072704,-1.816399828420008,-0.22460602387431702,0.4773936563398232,0.0,,,0.0,0.0,0.0,,0.0,,,
2021-07-15,-0.0204455250086788,-0.017844031106353242,-0.025996197010064392,0.015900481933840683,0.0649996108866957,-0.010000000000000009,-0.9961320853671272,-1.7824091491212852,-0.0,0.5858591102046097,0.0,,,0.0,0.0,0.0,,0.0,,,
2021-07-16,0.002230587848045751,-0.03758042825510888,-0.023884117408504046,0.015796893183361117,-0.18194305970975488,0.06000000000000005,-0.9824986974008915,-1.7497483832880212,0.11025921039303266,0.9227978882702575,0.0,,,0.0,0.0,0.0,,0.0,,,
2021-07-19,-0.07802552617362579,-0.10941731635344087,-0.0967365588287139,0.022385557081778668,-0.69713757669978,0.18999999999999995,-0.9678941369578713,-1.7193208004266916,0.6605504082642195,1.4662680261132577,0.0,,,0.0,0.0,0.0,,0.0,,,
2021-07-20,0.014943493857313861,-0.10987419382307095,-0.07777609939333896,0.02281511478724026,-0.6582818833994253,0.18999999999999995,-0.9535950146095002,-1.689981696122701,0.5511015369527547,1.5511015369527548,0.0,,,0.0,0.0,0.0,,0.0,,,
2021-07-21,0.04183008901070462,-0.03946688046624036,-0.034006863747975125,0.02501289738624082,-0.4540215680177484,0.07000000000000006,-0.9395978032935705,-1.6616619257033995,0.4399928664770445,0.6645988903513615,0.0,,,0.0,0.0,0.0,,0.0,,,
2021-07-22,0.02264353829778365,0.003622182840222088,-0.010406061861280236,0.025595876443267766,-0.41184346408671413,0.040000000000000036,-0.9259004773541513,-1.6342983406279268,0.6624767542176788,0.6624767542176788,0.0,,,0.0,0.0,0.0,,0.0,,,
2021-07-23,0.0022225318219470935,0.0036141268141234306,-0.006828396450461405,0.025475206619270593,-0.351194414858802,0.010000000000000009,-0.9125026541378899,-1.6078331338814091,0.6631226244359016,0.552863414042869,0.0,,,0.0,0.0,0.0,,0.0,,,
2021-07-26,-0.0022225318219470935,0.07941712116580213,-0.008360404937212351,0.025258829380410196,0.2848154776163625,-0.10000000000000009,-0.8994057763259454,-1.5822132707315313,0.332062256851145,-0.3284881514130745,0.0,,,0.0,0.0,0.0,,0.0,,,
2021-07-27,-0.003622182840222088,0.06085144446826618,-0.011062973940727083,0.025263852639112332,0.4637354483772338,-0.020000000000000018,-0.8866133445965524,-1.557389991988268,0.7785136530154088,0.2274121160626541,0.0,,,0.0,0.0,0.0,,0.0,,,
2021-07-28,0.010275014030868945,0.029296369488430507,-4.75103435011448e-05,0.025333281537358792,0.1868728647195672,0.040000000000000036,-0.874131213259609,-1.533318379092954,0.5588986677996003,0.11890580132255579,0.0,,,0.0,0.0,0.0,,0.0,,,
2021-07-29,0.016848559645825212,0.02350139083647207,0.01788271728338664,0.025031306250206567,0.8690441043628372,-0.010000000000000009,-0.861967965631265,-1.5099569721365522,0.5618967437297301,-0.10058001048794873,0.0,,,0.0,0.0,0.0,,0.0,,,
2021-07-30,0.004472461205933698,0.025751320220458673,0.02316667775874315,0.025062159944463584,0.6773636765932234,0.06000000000000005,-0.8501353915743788,-1.4872674333537819,0.5697648338902549,-0.09335779054564675,0.0,,,0.0,0.0,0.0,,0.0,,,
2021-08-02,-0.03705402897911814,-0.00908017693671237,-0.011223150501996848,0.0263362245386666,0.4899146645846564,0.09000000000000008,-0.7626404125164744,-0.011646809522126428,0.5697648338902549,-0.09335779054564675,-1.2387178182846847,,,0.0,0.0,0.0,,0.0,,,
2021-08-03,-0.009871748479154618,-0.0153297425756449,-0.019142312929782968,0.025915339681834664,0.3531977244845774,0.06000000000000005,-0.7512894586927419,-0.014610940221280705,0.5730696782345174,-0.20544397478089138,-1.2387178182846847,,,0.0,0.0,0.0,,0.0,,,
2021-08-04,-0.034752253555994095,-0.06035701016250794,-0.051008122097965014,0.026773340155022772,0.2521631338205155,0.07000000000000006,-0.740229023198562,-0.01757860234084528,0.5747575959010571,0.015858928101456837,-1.2387178182846847,,,0.0,0.0,0.0,,0.0,,,
2021-08-05,0.013698844358161821,-0.06350672545017133,-0.034597918595812516,0.02687466196324773,-0.25248169952187816,0.050000000000000044,-0.7294828756124409,-0.020549883875145072,-0.2312284487411077,-0.7931251924708378,-1.2387178182846847,,,0.0,0.0,0.0,,0.0,,,
2021-08-06,-0.011793104574463698,-0.07977229123056873,-0.04199165954772077,0.026297059977032605,-0.5657158782086613,-0.07000000000000006,-0.7190815368090021,-0.023524873418666208,0.23267224279713627,-0.3370925910931186,-1.2387178182846847,,,0.0,0.0,0.0,,0.0,,,
2021-08-09,-0.026715747379046917,-0.0694340096304975,-0.06328168783902477,0.02676695063079679,-0.6949554048093054,-0.13000000000000012,-0.709064146293019,-0.026503660180930855,-0.0,-0.3370925910931186,0.0,,,0.0,0.0,0.0,,0.0,,,
2021-08-10,0.026862192425805453,-0.032700068725537434,-0.03156686738042058,0.027352607684941056,-0.597840152876894,-0.17000000000000015,-0.6994810049836351,-0.029486334001598696,0.23342070397471282,-0.33964897425980456,0.0,,,0.0,0.0,0.0,,0.0,,,
2021-08-11,0.013959802094449358,0.01601198692490602,-0.014881288575200102,0.02706300535913384,-0.34252975987485446,-0.16000000000000014,-0.6903970934498842,-0.03247298536580129,-0.0,-0.5747575959010571,0.0,,,0.0,0.0,0.0,,0.0,,,
2021-08-12,-0.0023131425667441974,0.0,-0.015375273553270397,0.026739937157787625,-0.4448980822471693,-0.13000000000000012,-0.6818970287797947,-0.03546370541971594,-0.0,0.2312284487411077,0.0,,,0.0,0.0,0.0,,0.0,,,
2021-08-13,-0.009452553476711145,0.0023405510977525523,-0.02242451237507037,0.02677440259293896,0.21825312773589012,0.020000000000000018,-0.6740921939874013,-0.038458585986386025,0.23750511869987867,0.004832875902742395,0.0,,,0.0,0.0,0.0,,0.0,,,
2021-08-16,-0.01694581182376531,0.012110486653034158,-0.04002099526141656,0.020425387741779526,0.24882747873332667,0.07000000000000006,-0.6615352570507137,-0.041876610458003755,-0.0,0.0,0.0,,,0.0,0.0,0.0,,0.0,,,
2021-08-17,-0.01045722107769631,-0.025208926850467606,-0.049858851654943415,0.02027907074072162,-0.10581749521796358,0.10000000000000009,-0.649067201732132,-0.045300873457671025,-0.3667319152710324,-0.6001526192457451,0.0,,,0.0,0.0,0.0,,0.0,,,
2021-08-18,-0.01711514704949657,-0.056283875994413535,-0.06340737221726123,0.017932624145568073,-0.36537137409295983,0.08000000000000007,-0.6366849667122616,-0.048731518481847834,-0.1249893672823537,-0.1249893672823537,0.0,,,0.0,0.0,0.0,,0.0,,,
2021-08-19,-0.02741170468975973,-0.08138243811742907,-0.08474968827046414,0.01757141790265205,-0.7429210614368964,0.1200000000000001,-0.6243862235203045,-0.052168690443691976,-0.25670463033745283,-0.25670463033745283,0.0,,,0.0,0.0,0.0,,0.0,,,
2021-08-20,-0.02174516282078187,-0.0936750474614998,-0.09922707772255368,0.017792060984050846,-1.2731124211159406,0.030000000000000027,-0.6121695395908988,-0.05561253570908024,-0.13196463534228534,-0.369469754042164,0.0,,,0.0,0.0,0.0,,0.0,,,
2021-08-23,0.05190286465939753,-0.024826370978336953,-0.042762709518529896,0.022176117146625925,-0.6821607884789138,0.010000000000000009,-0.6000345956765951,-0.05906320213337477,-0.13285091110564384,-0.13285091110564384,0.0,,,0.0,0.0,0.0,,0.0,,,
2021-08-24,0.028534748735531856,0.014165598834891213,-0.011274303817160103,0.023380828225283857,-0.05465712118037924,-0.030000000000000027,-0.5879824771661438,-0.06252083909895802,-0.5381062171139573,-0.17137430184292496,0.0,,,0.0,0.0,0.0,,0.0,,,
2021-08-25,0.012067843289968572,0.043348589174356356,0.0036575549756907577,0.02343758392351329,0.05602664651935818,-0.08000000000000007,-0.5760160672024932,-0.06598559755356016,-0.4220156902094522,-0.29702632292709846,0.0,,,0.0,0.0,0.0,,0.0,,,
2021-08-26,-0.013846148441476025,0.05691414542264006,-0.005789842558536762,0.023081092550217116,0.2824452767753338,-0.10000000000000009,-0.5641405819991111,-0.06945763004940442,-0.7129222116384301,-0.4562175813009772,0.0,,,0.0,0.0,0.0,,0.0,,,
2021-08-27,0.019389561615772877,0.09804886985919481,0.017252614943991773,0.02361763307253164,1.0135291512992417,-0.050000000000000044,-0.5523643078440643,-0.07293709078319537,-0.44685101530075316,-0.3148863799584678,0.0,,,0.0,0.0,0.0,,0.0,,,
2021-08-30,0.00681408943208428,0.05296009463188156,0.025526194342272213,0.022355690134246212,0.6106626365390055,-0.040000000000000036,-0.5406996290276409,-0.07642413563697735,-0.45771039182655404,-0.3248594807209102,0.0,,,0.0,0.0,0.0,,0.0,,,
2021-08-31,-0.010311615585592016,0.014113730310757688,0.016696062078197293,0.022364616210633157,0.503081030440844,-0.010000000000000009,-0.5291644833414646,-0.07991892221989018,-0.4810517600675794,0.05705445704637796,0.0,,,0.0,0.0,0.0,,0.0,,,
2021-09-01,0.0013130062430501965,0.003358893263839313,0.017687288652813216,0.020950034516291037,0.6679444734855045,0.040000000000000036,-0.7780470386553803,0.3012393342620465,-0.4953100204051368,-0.0732943301956846,-1.2486715109307323,,,0.0,0.0,0.0,,0.0,,,
2021-09-02,0.020205623190218347,0.037410664895533685,0.03724579323299526,0.02121751937902795,0.8805826258060034,0.050000000000000044,-0.7720828390404442,0.2947854104872885,0.1754739376458242,0.8883961492842543,-1.2486715109307323,,,0.0,0.0,0.0,,0.0,,,
2021-09-03,-0.010051779062158595,0.007969324217602214,0.026459829285183645,0.021167297382596227,0.6994857967679624,-0.020000000000000018,-0.7673104105444349,0.288335737190951,-0.0,0.44685101530075316,-1.2486715109307323,,,0.0,0.0,0.0,,0.0,,,
2021-09-06,0.0,0.0011552347855179335,0.024389857030579165,0.020163005179354328,0.6994857967679624,-0.020000000000000018,-0.764004388224187,0.28188947539646436,-0.0,0.44685101530075316,-1.2486715109307323,,,0.0,0.0,0.0,,0.0,,,
2021-09-07,-0.013659032469330867,-0.0021921820982209184,0.010686913551399613,0.019567746965255317,0.11325498905467857,-0.07999999999999985,-0.7625425757475621,0.2754457837746853,0.4011421998397509,0.8821939599073303,-1.2486715109307323,,,0.0,0.0,0.0,,0.0,,,
2021-09-08,0.013803343025898585,0.01029815468462747,0.02445416852087856,0.019561921153881345,-0.31779022832700843,-0.040000000000000036,-0.7634583906995525,0.26900381806555146,0.20110528409414608,0.6964153044992829,0.0,,,0.0,0.0,0.0,,0.0,,,
2021-09-09,-0.016880493963037146,-0.026787962468628024,0.008265954071235093,0.019921884160717388,-0.22759856471930018,-0.010000000000000009,-0.7675294210559251,0.262562730491855,-0.0,-0.1754739376458242,0.0,,,0.0,0.0,0.0,,0.0,,,
2021-09-10,0.02292280841899963,0.0061866250125302,0.030262273908843618,0.02048011831405511,-0.3508737636342296,-0.020000000000000018,-0.7759353180577865,0.2561216691641342,-0.0,0.0,0.0,,,0.0,0.0,0.0,,0.0,,,
2021-09-13,0.010416017692869595,0.016602642705399795,0.03838371154448961,0.020134375204004212,-0.3508737636342296,-0.020000000000000018,-0.7905590754736935,0.249679777475646,-0.0,0.0,0.0,,,0.0,0.0,0.0,,0.0,,,
2021-09-14,0.00014193456840239094,0.030403609743133053,0.035701108273364035,0.019919412083974068,-0.023544094282601513,0.09999999999999987,-0.8146142878017364,0.2432361934863503,0.4260033314977932,0.024861131658042268,0.0,,,0.0,0.0,0.0,,0.0,,,
2021-09-15,0.03005748047906387,0.04665774719629834,0.060575419536472275,0.02022460183667603,0.22484829805028417,0.040000000000000036,-0.8541128821202564,0.2367900492947977,0.4352400208771365,0.2341347367829904,0.0,,,0.0,0.0,0.0,,0.0,,,
2021-09-16,0.0,0.06353824115933548,0.05402166508602768,0.01877642030521162,-0.2305317445573829,-0.040000000000000036,-0.8421916810544103,0.24743359674409157,-0.2229938338265838,-0.2229938338265838,0.0,,,0.0,0.0,0.0,,0.0,,,
2021-09-17,-0.00885328787244255,0.031762144867893305,0.03797002901572455,0.017957205623828423,-0.5811806892888072,-0.020000000000000018,-0.8305992807929748,0.2582625136335493,-0.0,0.0,0.0,,,0.0,0.0,0.0,,0.0,,,
2021-09-20,-0.023619824331898798,-0.0022736971568750874,0.010927990935529763,0.015882538543124877,-0.8033858808979,0.020000000000000018,-0.8193537339858168,0.2692859838508167,-0.0,0.0,0.0,,,0.0,0.0,0.0,,0.0,,,
2021-09-21,0.003833870510721482,0.0014182387854440037,0.012574691609195554,0.014746755146122592,-0.7183683004722718,-0.050000000000000044,-0.8084782266806199,0.28051379348105304,0.5111574213760294,0.0851540898782362,0.0,,,0.0,0.0,0.0,,0.0,,,
2021-09-22,0.023392060364219702,-0.0052471813294001635,0.03321337128264634,0.015351113004776326,-0.5709111476376094,-0.010000000000000009,-0.7980022729905725,0.29195638434927007,-0.5111574213760294,-0.9463974422531658,0.0,,,0.0,0.0,0.0,,0.0,,,
2021-09-23,0.014705136829849863,0.0094579555004497,0.04373756315816113,0.015050822764861976,-0.1848131921668772,-0.06999999999999984,-0.7879632884275884,0.30362491350242377,-0.49294918344944494,-0.26995534962286116,0.0,,,0.0,0.0,0.0,,0.0,,,
2021-09-24,0.009234177511702413,0.027545420884594662,0.04929856492073359,0.014677398663996187,-0.1415506664236954,-0.09999999999999987,-0.7784086864380753,0.31553131942946133,-1.0,-1.0,0.0,,,0.0,0.0,0.0,,0.0,,,
2021-09-27,0.01967539880955016,0.07084064402604362,0.06465772251227886,0.015097977800218926,0.1746499540995372,-0.16999999999999993,-0.7693987098558759,0.3276883959441428,-1.0,-1.0,0.0,,,0.0,0.0,0.0,,0.0,,,
2021-09-28,-0.0021228613518271544,0.06488391216349498,0.05780918223076004,0.014788268468986182,-0.3769178661704453,-0.20999999999999996,-0.7610103135725717,0.3401098748053495,-1.0,-1.5111574213760295,0.0,,,0.0,0.0,0.0,,0.0,,,
2021-09-29,-0.006128449769764011,0.03536340202951127,0.047327126331944136,0.014971133300075722,-0.956590387626366,-0.22999999999999998,-0.7533425815085731,0.35281051832767324,-1.0,-0.4888425786239706,0.0,,,0.0,0.0,0.0,,0.0,,,
2021-09-30,0.0026691594653707185,0.023327424665032126,0.04651950285450468,0.014499975228909358,-0.9931021116523997,-0.1100000000000001,-0.7465244341880346,0.36580622344740027,-1.0,-0.5070508165505551,0.0,,,0.0,0.0,0.0,,0.0,,,
2021-10-01,0.011265111509175973,0.025358358662505687,0.05324198689230464,0.014234228450232242,-0.5450963741993053,-0.010000000000000009,-3.258352236070328,-2.2110843669769213,-0.9912835612054445,0.008716438794555526,0.5503739536756758,,,0.0,0.0,0.0,,0.0,,,
2021-10-04,0.022671980873946396,0.028354940726901923,0.07023774125117743,0.014746969334513896,-0.4665773426455244,-0.010000000000000009,-3.1789228892383483,-2.158341212021042,-0.9912835612054445,0.008716438794555526,0.5503739536756758,,,0.0,0.0,0.0,,0.0,,,
2021-10-05,0.016736257779551345,0.04721405985828042,0.07977800800321067,0.01420575745886212,-0.1037227268311014,-0.0,-3.1090011847002836,-2.108831954628484,-0.9597698174715023,0.04023018252849775,0.5503739536756758,,,0.0,0.0,0.0,,0.0,,,
2021-10-06,-0.01918708132167879,0.03415542830636564,0.0550444568713937,0.01527340026223968,-0.00810745781507638,0.020000000000000018,-3.047716818959668,-2.0622629587594847,-1.0,0.0,0.5503739536756758,,,0.0,0.0,0.0,,0.0,,,
2021-10-07,0.01117330059812538,0.042659569439120304,0.059268597931321665,0.014366628192868533,0.11854470024937891,-0.06000000000000005,-2.994423162237383,-2.018380842449786,-1.0,0.0,0.5503739536756758,,,0.0,0.0,0.0,,0.0,,,
2021-10-08,0.013320843975660246,0.044715301905604576,0.06612038059095227,0.013959398126361922,-0.19129251843419404,-0.13000000000000012,-2.9486648500785377,-1.9769661724502703,-1.0,-0.008716438794555526,0.0,,,0.0,0.0,0.0,,0.0,,,
2021-10-11,0.014637153799172964,0.036680474830831145,0.07407741626878028,0.014053805432630326,-0.19129251843419404,-0.13000000000000012,-2.910158339780921,-1.9378284000568649,-1.0,-0.008716438794555526,0.0,,,0.0,0.0,0.0,,0.0,,,
2021-10-12,0.0014892035514675328,0.021433420602747333,0.06881913824974983,0.014024014157753466,-0.3399629608255683,-0.050000000000000044,-2.8787834806101342,-1.9008017722092898,-1.0,-0.04023018252849775,0.0,,,0.0,0.0,0.0,,0.0,,,
2021-10-13,-0.002483239418607397,0.038137262505818725,0.06121545325552713,0.013029706397162681,0.21618134825682755,-0.030000000000000027,-2.8545855546374375,-1.8657420181173188,-1.0,0.0,0.0,,,0.0,0.0,0.0,,0.0,,,
2021-10-14,0.010757445315294767,0.03772140722298811,0.06631458072944252,0.013029243219966307,0.26121266955680955,0.06000000000000005,-2.837788599773598,-1.8325236603768005,-1.0,0.0,0.0,,,0.0,0.0,0.0,,0.0,,,
2021-10-15,0.011859054565010574,0.03625961781233844,0.07147970033120021,0.01263219524589068,0.44337365377936644,0.020000000000000018,-2.828822428548975,-1.8010378359225572,-1.0,0.0,0.0,,,0.0,0.0,0.0,,0.0,,,
2021-10-18,0.0019426912375015704,0.023565155250667047,0.06545033082698026,0.010520288624470488,0.44337365377936644,0.020000000000000018,-2.7211710710043815,-1.7642799005616019,-1.0,0.0,0.0,,,0.0,0.0,0.0,,0.0,,,
2021-10-19,0.006287807899013842,0.028363759598213356,0.06364338111485779,0.010483731710346672,0.9648448597088355,-0.05999999999999983,-2.6234797993833543,-1.7291716981889407,-1.0,0.0,0.0,,,0.0,0.0,0.0,,0.0,,,
2021-10-20,0.010909417075048111,0.041756416091868864,0.06708217274322692,0.009879239258268379,0.840565909994273,-0.08999999999999986,-2.534263741573472,-1.6955946897819296,-1.0,0.0,0.0,,,0.0,0.0,0.0,,0.0,,,
2021-10-21,-0.016469687655685128,0.01452928312088897,0.04470060086514138,0.011065819708312968,0.5135488458066328,-0.15999999999999992,-2.452332058219454,-1.6634431471823168,-1.0,0.0,0.0,,,0.0,0.0,0.0,,0.0,,,
2021-10-22,0.015157273221646506,0.0178275017775249,0.053649835078887875,0.011237344653638822,0.36856705860698336,-0.06999999999999984,-2.376717075598893,-1.6326225686415647,-1.0,0.0,0.0,,,0.0,0.0,0.0,,0.0,,,
2021-10-25,0.0,0.01588481054002333,0.04842556601146786,0.010850889570152754,0.3376614945710066,-0.04999999999999982,-2.306623252457721,-1.6030483464304575,-1.0,0.0,0.0,,,0.0,0.0,0.0,,0.0,,,
2021-10-26,0.010569542016862776,0.020166544657872265,0.05313621879247421,0.010769428092014274,-0.02375777627214859,0.020000000000000018,-2.241389736685365,-1.574644643423395,-0.9954538124731285,0.004546187526871526,0.0,,,0.0,0.0,0.0,,0.0,,,
2021-10-27,-0.02378929949555797,-0.014532171912733816,0.024371072547349826,0.012404062503275788,-0.09999268775937598,0.10999999999999988,-2.180462431762022,-1.547343444368244,-1.0,0.0,0.0,,,0.0,0.0,0.0,,0.0,,,
2021-10-28,0.0018130179620223785,0.003750533704973691,0.021251050834973917,0.012413915358255777,0.15833647248517657,0.10999999999999988,-2.123372844367666,-1.5210837544782112,-1.0,0.0,0.0,,,0.0,0.0,0.0,,0.0,,,
2021-10-29,0.009135776967736042,-0.0022709625489367724,0.02556025485538349,0.012365788458215536,-0.4089909386821411,0.10999999999999988,-2.069721850049435,-1.4958109234930685,-1.0,0.0,0.0,,,0.0,0.0,0.0,,0.0,,,
2021-11-01,0.005727255841279977,0.0034562932923432044,0.02730817400097063,0.011637819971201321,-0.5296421812420071,0.05999999999999983,-3.506084769697214,-0.2531780410732597,-1.0,0.0,0.33467501106043684,,,0.0,0.0,0.0,,0.0,,,
2021-11-02,-0.0016670639726461545,-0.008780312697165726,0.02258193942024178,0.011298688587972568,-0.5372380667522769,0.06999999999999984,-3.320636123111538,-0.24061797382643707,-0.9208230503565203,0.07463076211660813,0.33467501106043684,,,0.0,0.0,0.0,,0.0,,,
2021-11-03,-0.03702553166935374,-0.022016544870961496,-0.016610840339811972,0.013614087186594338,-0.649083186501187,-0.06000000000000005,-3.159515646470602,-0.227882264579832,-0.8509258146888558,0.14907418531114425,0.33467501106043684,,,0.0,0.0,0.0,,0.0,,,
2021-11-04,-0.025679371847066257,-0.04950893468005013,-0.042614826655317906,0.01477541221338572,-0.8082765259536107,0.040000000000000036,-3.0177454947438003,-0.21495476364106367,-0.448100345659528,0.551899654340472,0.33467501106043684,,,0.0,0.0,0.0,,0.0,,,
2021-11-05,0.030737052399555154,-0.02790765924823102,-0.013073199145398284,0.0160407236664918,0.05405883739330042,0.10000000000000009,-2.8916698115633905,-0.20181783697987415,-0.34813844527973786,0.6518615547202622,0.33467501106043684,,,0.0,0.0,0.0,,0.0,,,
2021-11-08,0.008088279388609898,-0.0255466357009011,-0.005852900925894744,0.015817176670041025,0.33369320714109474,0.07000000000000006,-2.7785348669355967,-0.18845215862140915,-0.34813844527973786,0.6518615547202622,0.0,,,0.0,0.0,0.0,,0.0,,,
2021-11-09,0.026735696483091154,0.002856124754836209,0.018752489741507894,0.016843493178241967,0.4573665591282139,0.10000000000000009,-2.6762215173467863,-0.1748364669901777,-0.295261243126081,0.6255618072304394,0.0,,,0.0,0.0,0.0,,0.0,,,
2021-11-10,-0.03396302015773589,0.005918636266454058,-0.0157668471949588,0.01866922113348732,0.18441875737260638,0.040000000000000036,-2.583068701492294,-0.1609472774378787,-0.672220182679714,0.1787056320091418,0.0,,,0.0,0.0,0.0,,0.0,,,
2021-11-11,0.0030688049616305335,0.03466681307515085,-0.012869926994375724,0.018526723729471756,0.18441875737260638,0.040000000000000036,-2.4977534852143037,-0.14675854118347845,-0.672220182679714,0.1787056320091418,0.0,,,0.0,0.0,0.0,,0.0,,,
2021-11-12,-0.009853509949092398,-0.0059237492734967034,-0.021809693478811454,0.018441796320477787,-0.3867691973224119,-0.13000000000000012,-2.419207416744153,-0.1322412382790624,-0.5605054476241187,-0.21236700234438083,0.0,,,0.0,0.0,0.0,,0.0,,,
2021-11-15,0.0011133792205990645,-0.012898649441507537,-0.019741105192711217,0.018435967132705983,-0.6694451863201278,-0.11999999999999988,-2.3465568770372243,-0.11736288877425831,-0.41072329841433314,-0.21236700234438083,0.0,,,0.0,0.0,0.0,,0.0,,,
2021-11-16,-0.001484781267579116,-0.04111912719217781,-0.019882047936458314,0.01835700252606532,-1.207784673265233,-0.16999999999999993,-2.2738053226894905,-0.11247561931836614,-0.579068903715227,-0.283807660589146,0.0,,,0.0,0.0,0.0,,0.0,,,
2021-11-17,-0.030168200368296816,-0.03732430740273873,-0.04665252890875582,0.019192849989028243,-0.7690865574988548,-0.040000000000000036,-2.2061559916167064,-0.10758205042355871,-0.5269056796699441,0.1453145030097699,0.0,,,0.0,0.0,0.0,,0.0,,,
2021-11-18,0.008260833658302325,-0.03213227870606694,-0.03623050192015409,0.01910278278741515,-0.7690865574988548,-0.040000000000000036,-2.1430068067957024,-0.10268178827699555,-0.30283222790773995,0.1453145030097699,0.0,,,0.0,0.0,0.0,,0.0,,,
2021-11-19,-0.037526161867002195,-0.05980493062397674,-0.06896129870242351,0.020190389054793027,-0.6150318213255401,0.040000000000000036,-2.083850738838209,-0.09777443523797848,-0.17163979437609478,0.3888656532480239,0.0,,,0.0,0.0,0.0,,0.0,,,
2021-11-22,0.008505121599666765,-0.05241318824490904,-0.056086068098008646,0.02038533394194665,-0.9254928107404359,-0.0,-2.028257305396173,-0.09285958965441121,-0.6646942287635734,-0.2539709303492403,0.0,,,0.0,0.0,0.0,,0.0,,,
2021-11-23,0.02254523832105626,-0.02838316865627366,-0.02976950558741276,0.021013462905695317,-0.7606656475819928,-0.040000000000000036,-1.9758582923336887,-0.08793684567484776,-0.5305122986030136,0.04855660511221338,0.0,,,0.0,0.0,0.0,,0.0,,,
2021-11-24,-0.0014022565877320758,0.0003827751242910793,-0.028519790130997258,0.020480518347589863,-1.0821872910803831,-0.039999999999999813,-1.9263366029470155,-0.08300579305590365,-0.5570779086589451,-0.03017222898900107,0.0,,,0.0,0.0,0.0,,0.0,,,
2021-11-25,0.0,-0.007878058534011245,-0.025777167188748784,0.020463720750577293,-1.0821872910803831,-0.039999999999999813,-1.879417456012172,-0.07806601696479892,-0.5570779086589451,-0.03017222898900107,0.0,,,0.0,0.0,0.0,,0.0,,,
2021-11-26,-0.1399852100580894,-0.11033710672509844,-0.1555637049532983,0.036662824544075955,-1.120998587902844,0.06000000000000005,-1.83486136921002,-0.07311709777678628,-0.08098013297542168,0.0906596614006731,0.0,,,0.0,0.0,0.0,,0.0,,,
2021-11-29,0.02606954296894859,-0.09277268535581662,-0.12031260404719202,0.03740260980658956,-0.8066712725933289,0.10999999999999988,-1.7924585149319603,-0.06815861086721299,-0.04047401914938929,0.6242202096141841,0.0,,,0.0,0.0,0.0,,0.0,,,
2021-11-30,-0.055402398618023874,-0.17072032229489675,-0.16384667799579056,0.038740481595494904,-0.16834494422119928,0.24,-1.7520241419473117,-0.0631901263979512,-0.2443536155554075,0.28615868304760617,0.0,,,0.0,0.0,0.0,,0.0,,,
2021-12-01,-0.009260028217938476,-0.17857809392510315,-0.16262665671687415,0.03828634864448409,0.3286285241990594,0.20999999999999996,-2.0990015730472873,1.1597268442178568,-0.36699753766473364,0.1900803709942115,-1.6511728538297188,,,0.0,0.0,0.0,,0.0,,,
2021-12-02,0.01408367338628036,-0.1644944205388228,-0.14005108609540695,0.038487419305859,0.3286285241990594,0.20999999999999996,-2.042747332343874,1.149438212065336,-0.8844426814406622,0.1900803709942115,-1.6511728538297188,,,0.0,0.0,0.0,,0.0,,,
2021-12-03,-0.003615550790058819,-0.02812476127079222,-0.1334571094907977,0.03739561658071687,0.23397073048476713,0.1299999999999999,-1.9897574671458627,1.1392922860310795,-0.8411577576060965,-0.7601776246306747,-1.6511728538297188,,,0.0,0.0,0.0,,0.0,,,
2021-12-06,0.04759646045448651,-0.006597843785254298,-0.07762653069493641,0.03940270384067937,0.36644050059615463,0.09000000000000008,-1.9397056486804083,1.1292851490419469,-0.7945229300927403,-0.754048910943351,-1.6511728538297188,,,0.0,0.0,0.0,,0.0,,,
2021-12-07,0.03617746511929543,0.084982019952065,-0.03368703566607678,0.0398971914168134,0.30256326850940374,-0.050000000000000044,-1.8923094243429979,1.1194130306558294,-1.0,-0.7556463844445925,-1.6511728538297188,,,0.0,0.0,0.0,,0.0,,,
2021-12-08,0.0042933380815632916,0.09853538625156677,-0.02354448558691402,0.039489901664640906,0.38588649483557447,-0.09000000000000008,-1.8473228918018108,1.1096723000130257,-0.6582463388338626,-0.291248801169129,0.0,,,0.0,0.0,0.0,,0.0,,,
2021-12-09,-0.01981921118161889,0.06463250168366752,-0.03637008396377173,0.03954945679495543,0.20651967798099857,-0.050000000000000044,-1.804530815726179,1.1000594591976827,-0.6582463388338626,-0.291248801169129,0.0,,,0.0,0.0,0.0,,0.0,,,
2021-12-10,0.010237800660352292,0.07848585313407863,-0.020143236029129596,0.039727751590951196,0.5716733899586823,-0.1299999999999999,-1.7637438628324122,1.0905711369813624,-0.5340505198646744,0.307107237741422,0.0,,,0.0,0.0,0.0,,0.0,,,
2021-12-13,-0.005316184876290819,0.0255732078033013,-0.019148895426286394,0.03969325277407241,0.2684371927565099,0.010000000000000009,-1.7247947122765361,1.0812040829229765,-0.4978991174777026,0.29662381261503773,0.0,,,0.0,0.0,0.0,,0.0,,,
2021-12-14,-0.007886254081638455,-0.01849051139763258,-0.020404550388088083,0.039678098274320235,-0.3316199921453711,0.040000000000000036,-1.6875348573839093,1.0719551618013066,-0.5018584964633729,0.4981415035366271,0.0,,,0.0,0.0,0.0,,0.0,,,
2021-12-15,0.0019774017742655303,-0.020806447704930342,-0.013403829601114303,0.039323951580812505,-0.8489992359786536,0.050000000000000044,-1.65183195795536,1.062821348358155,-0.6561147718525127,0.002131566981349975,0.0,,,0.0,0.0,0.0,,0.0,,,
2021-12-16,0.021082805313431763,0.02009556879012031,0.012061196142270525,0.03965504617650927,0.05510527006764576,0.050000000000000044,-1.6177612103200885,1.0451984110068089,-0.46712508799861746,0.002131566981349975,0.0,,,0.0,0.0,0.0,,0.0,,,
2021-12-17,-0.02122391869827034,-0.01136615056850232,-0.005595614284485073,0.03910159833045085,-0.18845199406090085,0.07000000000000006,-1.5850138174269508,1.0278954483994343,-0.5467491835190788,-0.012698663654404307,0.0,,,0.0,0.0,0.0,,0.0,,,
2021-12-20,-0.037821748609993655,-0.043871714302205156,-0.0375339111124795,0.03971616239571087,-0.14433452461111163,-0.010000000000000009,-1.5534952555950632,1.0108967835287517,-0.07837743010977233,0.4195216873679303,0.0,,,0.0,0.0,0.0,,0.0,,,
2021-12-21,0.04148424037831688,0.005498780157750183,0.008886830944972779,0.04064458991841074,0.11252609908661837,-0.040000000000000036,-1.5231201046725058,0.9941875508409442,-0.39033748258846634,0.11152101387490654,0.0,,,0.0,0.0,0.0,,0.0,,,
2021-12-22,0.022797762444272784,0.026319140827757437,0.03541109411678178,0.041112866199180816,0.5784135115472155,0.010000000000000009,-1.4938109455962223,0.977753631167185,-0.1569455649646376,0.499169206887875,0.0,,,0.0,0.0,0.0,,0.0,,,
2021-12-23,0.014056867420353392,0.019293202934679066,0.052491618893652614,0.04129965539173835,0.1563329087254428,-0.06000000000000005,-1.4654974171948811,0.9615815920089292,-0.1569455649646376,0.499169206887875,0.0,,,0.0,0.0,0.0,,0.0,,,
2021-12-24,0.0,0.040517121632949404,0.04851601574726594,0.025831897670255403,0.1563329087254428,-0.06000000000000005,-1.438115405761021,0.9456586325867382,-0.1569455649646376,0.499169206887875,0.0,,,0.0,0.0,0.0,,0.0,,,
2021-12-27,0.02383615796235361,0.10217502820529667,0.06848823981356222,0.02573600986123083,0.46616992445427385,-0.050000000000000044,-1.4116063458780599,0.92997253312729,-1.0,-0.9216225698902276,0.0,,,0.0,0.0,0.0,,0.0,,,
2021-12-28,0.0054107687268505344,0.06610155655383032,0.06699441627711256,0.021630247255282443,0.5940113117943624,-0.010000000000000009,-1.385916614920359,0.9145116079190551,-0.9059809646034648,-0.5156434820149984,0.0,,,0.0,0.0,0.0,,0.0,,,
2021-12-29,0.007604599385219402,0.05090839349477694,0.06685119201887346,0.021293016648196387,0.32890275035961647,-0.09000000000000008,-1.360997006782586,0.899264661715112,-0.7884387766501889,-0.6314932116855513,0.0,,,0.0,0.0,0.0,,0.0,,,
2021-12-30,0.0056007961452593236,0.04245232221968287,0.06512830838272521,0.021244599779990034,0.21699296395769618,-0.020000000000000018,-1.3368022729135502,0.884220949102732,-0.41959067914833204,-0.6314932116855513,0.0,,,0.0,0.0,0.0,,0.0,,,
2021-12-31,-0.023391342451646757,0.019060979768036113,0.035402075732751115,0.02221843604439232,0.21699296395769618,-0.020000000000000018,-1.3132907207631304,0.8693701364945355,-0.5538649652507214,-0.6314932116855513,0.0,,,0.0,0.0,0.0,,0.0,,,
2022-01-03,0.011501217398823371,0.006726039204505874,0.04237316508602884,0.020050658911725246,0.05049000419162786,-0.1499999999999999,-1.7424620258455745,4.662642680081096,-0.5417291346848659,0.45827086531513406,-0.9282390251037498,,,0.0,0.0,0.0,,0.0,,,
2022-01-04,0.011890125052823386,0.013205395530478725,0.05094752909663036,0.01872469717386349,0.09435171964456979,-0.16999999999999993,-1.7058290266445528,4.26508731658095,-0.29244966241769677,0.613531302185768,-0.9282390251037498,,,0.0,0.0,0.0,,0.0,,,
2022-01-05,0.01110835499004903,0.016709151135308353,0.058399372199034794,0.018805259680821747,0.2000558214683812,-0.15999999999999992,-1.6707446280252274,3.9499561363786437,-0.6170672737293887,0.17137150292080017,-0.9282390251037498,,,0.0,0.0,0.0,,0.0,,,
2022-01-06,0.020469852106445252,0.03157820709649428,0.07319825925343082,0.018309526491127204,-0.10547955899828931,-0.20999999999999996,-1.6370939596433858,3.6919438049264444,-0.7230684062167899,-0.3034777270684579,-0.9282390251037498,,,0.0,0.0,0.0,,0.0,,,
2022-01-07,-0.007072522534623538,0.0478970270135175,0.06132028782650689,0.018490530393177173,-0.10547955899828931,-0.24,-1.604773952727467,3.4754487061035597,-0.7828528014816913,-0.22898783623096997,-0.9282390251037498,,,0.0,0.0,0.0,,0.0,,,
2022-01-10,-0.008528022154839832,0.0278677874598543,0.048147408643295364,0.018596707058938393,0.16333059238317071,-0.15000000000000013,-1.5736918470772152,3.2902576823812977,-0.976547157564152,-0.43481802287928606,0.0,,,0.0,0.0,0.0,,0.0,,,
2022-01-11,0.037508316561162935,0.05348597896819385,0.07874113964394525,0.01972289296317874,0.41375315127962775,-0.09000000000000008,-1.543763926030905,3.1293663830648355,-0.8439276643959516,-0.5514780019782548,0.0,,,0.0,0.0,0.0,,0.0,,,
2022-01-12,0.017332302553231038,0.059709926531375856,0.08839111159771473,0.01981921187105782,0.6791908769552712,-0.030000000000000027,-1.51491443977106,2.987788840281707,-0.8257278917898231,-0.20866061806043434,0.0,,,0.0,0.0,0.0,,0.0,,,
2022-01-13,-0.006312232660650174,0.03292784176428043,0.07576630023630848,0.019790977074373422,1.0637357609662002,0.030000000000000027,-1.487074685146167,2.8618659589009017,-0.9471445114149842,-0.22407610519819432,0.0,,,0.0,0.0,0.0,,0.0,,,
2022-01-14,0.020490050346192668,0.060490414645096635,0.0878580734295209,0.01891492302833303,0.5759480412464435,-0.020000000000000018,-1.4601822163047216,2.7488432235777025,-1.0,-0.21714719851830866,0.0,,,0.0,0.0,0.0,,0.0,,,
2022-01-17,0.0,0.06901843679993647,0.07756870884604172,0.015661599021676756,0.5759480412464435,-0.020000000000000018,-1.4349243343386504,2.6440516401407104,-1.0,-0.21714719851830866,0.0,,,0.0,0.0,0.0,,0.0,,,
2022-01-18,0.019025684666601705,0.05053580490537524,0.08742795671474912,0.014027063448743741,0.08351243368642791,-0.1200000000000001,-1.410497903385323,2.5487392603139063,-1.0,-0.15607233560404843,0.0,,,0.0,0.0,0.0,,0.0,,,
2022-01-19,0.01775091564942688,0.05095441800157108,0.09626477790602372,0.013812691296227744,-0.2237768352935987,-0.09000000000000008,-1.3868590036036321,2.461506940538188,-1.0,-0.1742721082101769,0.0,,,0.0,0.0,0.0,,0.0,,,
2022-01-20,-0.0006902105416077831,0.05657644012061347,0.08739782680436292,0.01391693236279134,-0.2515392767370006,-0.13000000000000012,-1.3639676856017984,2.3812290810248213,-1.0,-0.052855488585015764,0.0,,,0.0,0.0,0.0,,0.0,,,
2022-01-21,-0.020461071871340053,0.01562531790308075,0.05978306796653676,0.015238924473346328,-0.2010797106200668,0.030000000000000027,-1.3417876326381846,2.3069884072667324,-1.0,-0.052855488585015764,0.0,,,0.0,0.0,0.0,,0.0,,,
2022-01-24,-0.021728370413188536,-0.006103052510107787,0.03317923700563785,0.01600054875807856,-0.2010797106200668,0.030000000000000027,-1.3202858719865487,2.238028811556155,-0.6434524793985552,-0.052855488585015764,0.0,,,0.0,0.0,0.0,,0.0,,,
2022-01-25,0.02711669316087839,0.0019879559841688987,0.054335173397105585,0.01675702863712479,-0.37311318986938957,0.09000000000000008,-1.2994325300971068,2.173720625243037,-0.7720343368832806,0.2279656631167194,0.0,,,0.0,0.0,0.0,,0.0,,,
2022-01-26,0.020237753432369665,0.004474793767111684,0.06798051235770775,0.017057661887462192,-0.41994260580799914,-0.020000000000000018,-1.2792006273133676,2.113534624900471,-1.0,0.0,0.0,,,0.0,0.0,0.0,,0.0,,,
2022-01-27,-0.008507754237112586,-0.0033427499283931184,0.053585771167945495,0.017389337296638854,-1.3225095706779877,0.020000000000000018,-1.2595659089011657,2.0570222889435548,-1.0,0.0,0.0,,,0.0,0.0,0.0,,0.0,,,
2022-01-28,0.002421727528494344,0.01954004947144128,0.04882985824478148,0.01600470934277824,-1.2448903915367016,-0.030000000000000027,-1.2405067100525138,2.0038006021112755,-1.0,0.0,0.0,,,0.0,0.0,0.0,,0.0,,,
2022-01-31,0.015202898972431989,0.0564713188570618,0.05667003268687765,0.016078573575402554,-0.31474765501713353,-0.040000000000000036,-1.2220038533807152,1.953540218967812,-0.9963259482804722,-0.35287346888191695,0.0,,,0.0,0.0,0.0,,0.0,,,
2022-02-01,0.0005670541688660435,0.029921679865049455,0.050440515869603963,0.01611008709772863,-0.1763550510830436,-0.030000000000000027,-1.633714828278757,-1.1323087441729687,-1.0,-0.2279656631167194,4.1114589834298165,,,0.0,0.0,0.0,,0.0,,,
2022-02-02,0.0006800408286560256,0.010363967261335816,0.04484540142018911,0.016131933340411696,-0.053522306463849034,0.07000000000000006,-1.6066437642688756,-1.118535194251865,-0.7969632343273897,0.2030367656726103,4.1114589834298165,,,0.0,0.0,0.0,,0.0,,,
2022-02-03,0.02251817546866164,0.04138989696711004,0.060986005442670965,0.01623297926108081,0.9238821155736487,-0.010000000000000009,-1.5807352886117618,-1.105001938073612,-0.7298522990328957,0.2701477009671043,4.1114589834298165,,,0.0,0.0,0.0,,0.0,,,
2022-02-04,0.022347298691997253,0.06131546813061295,0.07548474162715646,0.016282915755132202,0.7782708099755786,-0.1499999999999999,-1.5559369083113836,-1.0917002858022056,-0.9967779482610379,0.0032220517389620618,4.1114589834298165,,,0.0,0.0,0.0,,0.0,,,
2022-02-07,-0.01078265634046538,0.03532991281771558,0.0569662544884606,0.01640957548775524,0.4812834224598994,-0.1299999999999999,-1.5322031883634661,-1.0786219655197693,-0.8350752444766419,0.16125070380383022,4.1114589834298165,,,0.0,0.0,0.0,,0.0,,,
2022-02-08,-0.021696666900649753,0.013066191748199785,0.030494005962672155,0.016093180469793137,0.2420938124357952,-0.1499999999999999,-1.5094953469647554,-1.065759097279726,-0.9555293066636421,0.04447069333635789,0.0,,,0.0,0.0,0.0,,0.0,,,
2022-02-09,0.0033515839663484925,0.01573773488589225,0.029769044233225017,0.015820376932247335,0.28709430344461273,-0.15999999999999992,-1.4877809682900334,-1.0531041690980953,-0.9082039334626253,-0.1112406991352356,0.0,,,0.0,0.0,0.0,,0.0,,,
2022-02-10,0.002450708589834427,-0.00432973199293496,0.02770506006473994,0.015637807379076826,0.3079025120423906,-0.20999999999999974,-1.467033828942035,-1.040650014713716,-1.0,-0.2701477009671043,0.0,,,0.0,0.0,0.0,,0.0,,,
2022-02-11,0.03519873696589304,0.008521706280960828,0.05765366994132748,0.016735969172390907,0.25613143390176285,0.010000000000000009,-1.447233838319681,-1.0283897929650123,-0.9498611507117535,0.04691679754928446,0.0,,,0.0,0.0,0.0,,0.0,,,
2022-02-14,0.025033127294729063,0.04433748991615527,0.07618501378201614,0.017250829130663187,-0.16068195927652074,-0.06000000000000005,-1.4283670975327878,-1.0163169686458808,-0.9498611507117535,0.04691679754928446,0.0,,,0.0,0.0,0.0,,0.0,,,
2022-02-15,-0.03615815427799607,0.029876002538808955,0.03628426799720863,0.019419185290918628,0.13832748859146093,-0.08999999999999986,-1.4104260864132911,-1.004425294716581,-0.8857380069517515,0.06979129971189058,0.0,,,0.0,0.0,0.0,,0.0,,,
2022-02-16,0.017122046455641637,0.0436464650281021,0.04969516640572724,0.01939580432860569,0.1172236969532392,-0.08999999999999986,-1.3901988240260776,-0.9911555649480905,-0.7944067455722473,0.11379718789037796,0.0,,,0.0,0.0,0.0,,0.0,,,
2022-02-17,-0.020494730934280447,0.020701025503987225,0.026479513443958602,0.02012420505648563,-0.10719956840825606,0.05999999999999983,-1.370770403958289,-0.9780929900377195,-0.6645159776256224,0.3354840223743776,0.0,,,0.0,0.0,0.0,,0.0,,,
2022-02-18,-0.007548031241388031,-0.022045742703293847,0.015564908143584688,0.01953997007910178,0.0375300523418054,-0.0,-1.352125032230264,-0.9652300204216903,-0.7400647801378468,0.20979637057390665,0.0,,,0.0,0.0,0.0,,0.0,,,
2022-02-21,0.0,-0.04707886999802291,0.011111915563938979,0.01865527957152604,0.0375300523418054,-0.0,-1.3342515754941584,-0.9525594502276041,-0.7400647801378468,0.20979637057390665,0.0,,,0.0,0.0,0.0,,0.0,,,
2022-02-22,0.013957265065521085,0.003036549345494244,0.021274159454582886,0.018035635786152707,0.1999477943095851,0.10999999999999988,-1.3171437229589646,-0.9400743964112405,-0.8650562302334235,0.02068177671832805,0.0,,,0.0,0.0,0.0,,0.0,,,
2022-02-23,-0.002710763383987569,-0.016796260494134962,0.015915800736534536,0.017660585126855907,0.01900799207593673,0.039999999999999813,-1.3008002506077327,-0.9277682793950258,-0.7099041119808921,0.08450263359135524,0.0,,,0.0,0.0,0.0,,0.0,,,
2022-02-24,0.007679449346040812,0.011377919786186297,0.02013829456935845,0.017492563120827077,-1.1043335324459003,0.010000000000000009,-1.2852254043699032,-0.9156348050808564,-0.5605892379924963,0.10392673963312615,0.0,,,0.0,0.0,0.0,,0.0,,,
2022-02-25,-0.013232297192405262,0.005693653835169066,0.004231743099780694,0.01788709114149661,-0.40026760001463657,-0.050000000000000044,-1.2704294252228105,-0.9036679481221982,-0.6173066033104542,0.12275817682739265,0.0,,,0.0,0.0,0.0,,0.0,,,
2022-02-28,0.04410516762527639,0.04979882146044545,0.04421754301524228,0.019995787907606817,-0.40026760001463657,-0.050000000000000044,-1.2564292474990473,-0.8918619363513398,-0.4007205435071989,0.12275817682739265,0.0,,,0.0,0.0,0.0,,0.0,,,
2022-03-01,0.077274406156711,0.11311596255163536,0.11353721386274707,0.02579436798289015,-0.9555345151970096,0.21999999999999997,-2.036569665992936,0.502448465156908,-0.20124653878724297,0.6638096914461805,-2.3751826849110147,,,0.0,0.0,0.0,,0.0,,,
2022-03-02,0.06721841989135058,0.1830451458269735,0.16947397949175613,0.028909599852635123,-0.9553767960734927,0.1299999999999999,-2.0053260666528927,0.4991926410188375,-0.5241346387914827,0.1857694731894094,-2.3751826849110147,,,0.0,0.0,0.0,,0.0,,,
2022-03-03,-0.026849095260608635,0.14851660122032406,0.1338115935052695,0.029987166192213463,-0.006555007292452508,0.09999999999999987,-1.976365198093829,0.4959472190679485,-0.5211673643989602,0.039421873593536105,-2.3751826849110147,,,0.0,0.0,0.0,,0.0,,,
2022-03-04,0.07175676458282876,0.23350566299555808,0.1942845940676774,0.03304066023945422,-1.2082489933427532,0.22999999999999998,-1.949620906246209,0.4927120740400408,-0.29140442520932425,0.3259021781011299,-2.3751826849110147,,,0.0,0.0,0.0,,0.0,,,
2022-03-07,0.03165144254804719,0.2210519379183289,0.2125305676508802,0.032911285966782576,-1.8272488682756105,0.050000000000000044,-1.9250503004463073,0.4894870821310404,-0.38337659017609327,0.01734395333110561,-2.3751826849110147,,,0.0,0.0,0.0,,0.0,,,
2022-03-08,0.03538007843994073,0.17915761020155863,0.2316513398589457,0.03217365538194663,-1.5729358994509335,-0.14000000000000012,-1.9026339345920462,0.486272120970456,-0.4273434777608591,-0.22609693897361616,0.0,,,0.0,0.0,0.0,,0.0,,,
2022-03-09,-0.12926748527127874,-0.01732829496107069,0.09275550181767311,0.04576817141968667,-0.7202690340464946,-0.07999999999999985,-1.8823767477722728,0.48306706959536877,-0.48461209793570337,0.03952254085577933,0.0,,,0.0,0.0,0.0,,0.0,,,
2022-03-10,-0.02496403856750362,-0.015443238267965675,0.0595338478380425,0.046400613273691695,-0.6818485633832028,-0.11999999999999988,-1.864309866664177,0.47987180842494276,-0.1658713044117399,0.35529605998722025,0.0,,,0.0,0.0,0.0,,0.0,,,
2022-03-11,0.03074307588673353,-0.056456926964060905,0.08224209136660843,0.04627497936404718,-0.3162443645665647,-0.26,-1.848493437779495,0.4766862192354434,-0.3749708563113041,-0.08356643110197987,0.0,,,0.0,0.0,0.0,,0.0,,,
2022-03-14,-0.05954476055079194,-0.14765313006290004,0.018891392849924138,0.04845317271621883,0.1510298497031437,-0.3600000000000001,-1.8350207461574737,0.47351018513574966,-0.4295201043089157,-0.046143514132822416,0.0,,,0.0,0.0,0.0,,0.0,,,
2022-03-15,-0.06590501758263123,-0.248938226085472,-0.04933221953336897,0.050170621430576344,0.3159391111534293,-0.2899999999999998,-1.8240240018206735,0.47034359054335007,-0.3956923271827306,0.031651150578128506,0.0,,,0.0,0.0,0.0,,0.0,,,
2022-03-16,-0.014623197698635515,-0.13429393851282878,-0.0646867498249506,0.05017979671338752,-0.18113813412283797,-0.25,-1.8156823574506078,0.46718632116080894,-0.6208045551820149,-0.13619245724631157,0.0,,,0.0,0.0,0.0,,0.0,,,
2022-03-17,0.0802369390036608,-0.02909296094166436,0.0097822730888657,0.05291775156200828,0.5939689960861805,-0.2200000000000002,-1.810232994886805,0.4640382639526911,-0.6419503974670444,-0.4760790930553045,0.0,,,0.0,0.0,0.0,,0.0,,,
2022-03-18,0.016564323258495328,-0.04327171356990256,0.019373062532523022,0.052873064403858555,0.753209729685389,-0.14000000000000012,-1.7761296829533977,0.4534674462263337,-0.6956590099551039,-0.32068815364379977,0.0,,,0.0,0.0,0.0,,0.0,,,
2022-03-21,0.06847060842009611,0.0847436554009855,0.07744660671677561,0.054586728023492445,1.0335414415291067,-0.17999999999999972,-1.7436310119277665,0.4428985966366382,-0.6956590099551039,-0.32068815364379977,0.0,,,0.0,0.0,0.0,,0.0,,,
2022-03-22,-0.003216011347880965,0.14743266163573576,0.06469219495372158,0.05466279470567756,0.9924432390017501,-0.22999999999999998,-1.7126367198888426,0.43232740584857704,-0.8172108552480156,-0.421518528065285,0.0,,,0.0,0.0,0.0,,0.0,,,
2022-03-23,0.02796953243196132,0.1900253917663326,0.08158931217971332,0.05473140249471907,0.6868577563217348,-0.1299999999999999,-1.683058416534031,0.4217494761459825,-0.7133077972177739,-0.09250324203575899,0.0,,,0.0,0.0,0.0,,0.0,,,
2022-03-24,-0.022793260276380956,0.08699519248629084,0.04924727217848268,0.05525250383405002,0.07479747377564516,-0.13999999999999968,-1.6548183428025198,0.41116030922141156,-0.7572436425603826,-0.11529324509333816,0.0,,,0.0,0.0,0.0,,0.0,,,
2022-03-25,0.013790883348850258,0.08422175257664577,0.052138216775420965,0.05499590883445268,0.2976636375064734,-0.33999999999999986,-1.6278483543836029,0.40055529314536226,-0.9417722890251794,-0.24611327907007552,0.0,,,0.0,0.0,0.0,,0.0,,,
2022-03-28,-0.07225920604926817,-0.05650806189271851,-0.025202709342031504,0.05740084014996684,-0.21675041702677866,-0.14000000000000012,-1.6020890981654765,0.38992968840737996,-1.0,-0.24611327907007552,0.0,,,0.0,0.0,0.0,,0.0,,,
2022-03-29,-0.016365731587279164,-0.06965778213211671,-0.04196815411029675,0.054969875978393916,0.44321964397704416,-0.03000000000000025,-1.5774893583219058,0.37927861290869386,-1.0,-0.18278914475198438,0.0,,,0.0,0.0,0.0,,0.0,,,
2022-03-30,0.03376723720693331,-0.06386007735714472,-0.006928070950127818,0.05331374911465504,0.7958277660445656,-0.03000000000000025,-1.5540055551832432,0.3685970257711001,-0.9599776262194173,-0.24666982900164336,0.0,,,0.0,0.0,0.0,,0.0,,,
2022-03-31,-0.07249689673342985,-0.11356371381419361,-0.07586973165668098,0.055402496542878175,0.6365131394559742,0.020000000000000018,-1.5316013857023427,0.357879709809505,-0.878887655239057,-0.12164401267867442,0.0,,,0.0,0.0,0.0,,0.0,,,
2022-04-01,-0.010122862688462853,-0.13747745985150672,-0.07834337695470239,0.05249326696499895,0.26832573206635457,0.08999999999999986,-1.0309774186205611,1.1886448884071534,-1.0,-0.0582277109748206,-0.13097492601366056,,,0.0,0.0,0.0,,0.0,,,
2022-04-04,0.039600335936756714,-0.025617917865481843,-0.031491268296940156,0.052835463384094644,0.671221806145228,0.040000000000000036,-1.0174081253022011,1.1689759946530516,-0.9938915179141513,0.006108482085848688,-0.13097492601366056,,,0.0,0.0,0.0,,0.0,,,
2022-04-05,-0.012863167030472411,-0.02211535330867509,-0.034690500332885676,0.05187930329911991,-0.14026386219703202,-0.1299999999999999,-1.0042735803651508,1.149754699575556,-0.9759532110126813,0.024046788987318712,-0.13097492601366056,,,0.0,0.0,0.0,,0.0,,,
2022-04-06,-0.0578394201396053,-0.1137220106552137,-0.08643738873454776,0.04524701200427015,-0.7974327825946315,-0.2599999999999998,-0.9915844536577569,1.1309595146415239,-0.8965185006613934,0.06345912555802391,-0.13097492601366056,,,0.0,0.0,0.0,,0.0,,,
2022-04-07,-0.002080516718427461,-0.04330563064021131,-0.08356954980748643,0.04503351355956126,-0.9801964558790122,-0.3400000000000003,-0.9793555192523007,1.112570375206465,-0.8137135467043847,0.06517410853467231,-0.13097492601366056,,,0.0,0.0,0.0,,0.0,,,
2022-04-08,0.022956384090620396,-0.010226383861128063,-0.05527547548157141,0.0447414173559277,-0.8106933237733482,-0.33000000000000007,-0.967606360334905,1.0945685335412971,-0.835447690659115,0.16455230934088505,0.0,,,0.0,0.0,0.0,,0.0,,,
2022-04-11,-0.04124188726291589,-0.09106860706080067,-0.09209481617358684,0.04375051834087421,-0.9781546331725233,-0.3700000000000001,-0.9563622708429549,1.0769364637816428,-0.6628837920355456,0.3310077258786057,0.0,,,0.0,0.0,0.0,,0.0,,,
2022-04-12,0.06477711818805254,-0.013428321842275714,-0.029429258203167663,0.04384341610380245,-0.5673550505486791,-0.18000000000000016,-0.9456554152653912,1.059657777683088,-0.5665308565449868,0.4094223544676945,0.0,,,0.0,0.0,0.0,,0.0,,,
2022-04-13,0.03563960301327196,0.08005070131060155,0.0015856445568749322,0.0442721354993551,-0.2414665580455111,-0.0900000000000003,-0.9355263316742163,1.0427171502552885,-0.44124712194277393,0.45527137871861945,0.0,,,0.0,0.0,0.0,,0.0,,,
2022-04-14,0.02556957484950395,0.10770079287853296,0.025263887360858384,0.04091870550224851,-0.34774028974344784,-0.16999999999999993,-0.9260258974382645,1.0261002545195066,-0.5548649513307474,0.25884859537363725,0.0,,,0.0,0.0,0.0,,0.0,,,
2022-04-18,0.011712348055142208,0.09645675684305477,0.03532750213064695,0.04084144395404181,-0.36635354104535,-0.1299999999999999,-0.9172179279175315,1.0097937047930599,-0.34155411591830137,0.4938935747408136,0.0,,,0.0,0.0,0.0,,0.0,,,
2022-04-19,-0.053625790411197194,0.08407285369477346,-0.013842201624338024,0.039428269836535516,-0.5082370789110335,-0.14000000000000012,-0.9021341046185535,0.9932786860786754,-0.45840608973739244,0.20447770229815315,0.0,,,0.0,0.0,0.0,,0.0,,,
2022-04-20,0.0018508602039846167,0.02114659571070554,-0.007788598341734954,0.039452927925708155,-0.29556667176462437,-0.1299999999999999,-0.887259459559179,0.9770371267557623,-0.49911020761786046,0.06742064892712635,0.0,,,0.0,0.0,0.0,,0.0,,,
2022-04-21,0.0100707736008534,-0.004422233701713019,0.007379856279291275,0.038883629761255256,-0.7426926133216716,-0.19999999999999973,-0.8725843051335298,0.9610560223880681,-0.5790967003800855,-0.1378495784373116,0.0,,,0.0,0.0,0.0,,0.0,,,
2022-04-22,-0.016710774561790487,-0.046702583113007456,-0.004537361548055507,0.03876153627228615,-1.0815736777102458,-0.06999999999999984,-0.8580993863250747,0.945322991901408,-0.43948370521860475,0.11538124611214268,0.0,,,0.0,0.0,0.0,,0.0,,,
2022-04-25,-0.03519629529959012,-0.09361122646773978,-0.032490741180779104,0.039071887258596956,-1.5259649396075714,0.040000000000000036,-0.843795855420551,0.9298262294637012,-0.29314967018051685,0.04840444573778452,0.0,,,0.0,0.0,0.0,,0.0,,,
2022-04-26,0.03156474593869696,-0.00842069011784563,0.0011257228253853668,0.03681074002237647,-1.5623345888925666,0.16000000000000014,-0.829665249729628,0.9145544600678958,-0.20048398357161623,0.2579221061657762,0.0,,,0.0,0.0,0.0,,0.0,,,
2022-04-27,0.003141569440266778,-0.007129980881563469,0.005343645281742582,0.03666967307945532,-2.3474564510077123,0.03000000000000025,-0.8156994723068128,0.8994968984267441,-0.2877246951825911,0.21138551243526937,0.0,,,0.0,0.0,0.0,,0.0,,,
2022-04-28,0.03221418494024508,0.015013430457828214,0.038711835851412246,0.03659356938801474,-2.4963463521570306,0.04999999999999982,-0.8018907757395126,0.884643210828916,-0.3761301650305724,0.20296653534951314,0.0,,,0.0,0.0,0.0,,0.0,,,
2022-04-29,-0.006379455103762588,0.025344749915856113,0.030180514295590655,0.03257511037045717,-1.2495487999349297,0.009999999999999787,-0.7882317491437206,0.8699834796410624,-0.27947884130020234,0.1600048639184024,0.0,,,0.0,0.0,0.0,,0.0,,,
2022-05-02,0.0045744862006733555,0.06511553141611959,0.03186826659974962,0.03244916510567894,-1.0582742054724426,-0.18000000000000016,-1.3069079199116085,0.743037457243445,-0.32309302001178913,-0.02994334983127228,-1.0124056695984152,,,0.0,0.0,0.0,,0.0,,,
2022-05-03,-0.026593724444590627,0.0069570610328320015,0.005697511277710454,0.0318781761454122,-0.623642428195792,-0.20000000000000018,-1.2874853809108602,0.7301508102078867,-0.29048365635311246,-0.08999967278149623,-1.0124056695984152,,,0.0,0.0,0.0,,0.0,,,
2022-05-04,0.05138605446368061,0.05520154605624583,0.054294073789235675,0.033741402375186795,-0.07399297568946306,-0.11000000000000032,-1.2686895905598625,0.7173706489034887,-0.1734187277759909,0.11430596740660018,-1.0124056695984152,,,0.0,0.0,0.0,,0.0,,,
2022-05-05,0.004165322817804906,0.027152683933805655,0.052569667507014195,0.030577736114886147,0.050554896204213495,-0.19999999999999973,-1.2505039234149469,0.7046905522814214,-0.25873217844161417,0.11739798658895823,-1.0124056695984152,,,0.0,0.0,0.0,,0.0,,,
2022-05-06,0.013851526330393327,0.04738366536796157,0.059734862584940984,0.030566695730093383,-0.3049543363518925,-0.22999999999999998,-1.232914734090933,0.6921042154511048,-0.20504080075611505,0.07443804054408729,-1.0124056695984152,,,0.0,0.0,0.0,,0.0,,,
2022-05-09,-0.06278487459093185,-0.019975695423643636,-0.005449280324381078,0.03398613534588762,-0.5127520697349564,-0.05999999999999961,-1.215911390404744,0.6796054333952454,-0.11915745288470533,0.2039355671270838,0.0,,,0.0,0.0,0.0,,0.0,,,
2022-05-10,-0.03283509173651211,-0.02621706271556512,-0.04110398015560257,0.033465981530886,-0.8937857704359731,-0.020000000000000018,-1.1994863574979455,0.6671880848928233,-0.2503852789976203,0.040098377355492154,0.0,,,0.0,0.0,0.0,,0.0,,,
2022-05-11,0.057932194408790494,-0.019670922770455235,0.014350852347440934,0.032827930935705525,-0.6969768951281097,0.020000000000000018,-1.1836353391106191,0.6548461165464505,-0.31832085507306135,-0.14490212729707044,0.0,,,0.0,0.0,0.0,,0.0,,,
2022-05-12,0.003965261993159608,-0.019870983595100533,0.017422469485859793,0.031894649244623055,-1.0606065656279418,0.20999999999999996,-1.1683574846127533,0.6425735268087098,-0.10034860630033302,0.15838357214128115,0.0,,,0.0,0.0,0.0,,0.0,,,
2022-05-13,0.040260261351352966,0.006537751425859106,0.05605455165737894,0.032652994154726334,-0.8230593445394119,0.18999999999999995,-1.1536556734832375,0.630364349898913,-0.10034860630033302,0.15838357214128115,0.0,,,0.0,0.0,0.0,,0.0,,,
2022-05-16,0.03302627809682601,0.10234890411361697,0.08638695407228703,0.03334001743685622,-0.15842691780389995,0.16999999999999993,-1.1395368929178515,0.6182126394970574,-0.13660598961879605,-0.01744853673409072,0.0,,,0.0,0.0,0.0,,0.0,,,
2022-05-17,-0.01588735976231881,0.11929663608781027,0.06591879709560722,0.03096834254143538,0.7345111787120051,0.010000000000000231,-1.1260127295085904,0.6061124520955085,-0.11508812771681141,0.13529715128080888,0.0,,,0.0,0.0,0.0,,0.0,,,
2022-05-18,-0.025317807984290397,0.03604663369472938,0.03737862530636882,0.031682050177628686,0.3032580933197693,0.020000000000000018,-1.1131000029828848,0.594057829880876,-0.09328911432882428,0.22503174074423707,0.0,,,0.0,0.0,0.0,,0.0,,,
2022-05-19,0.02362598620147427,0.05570735790304404,0.05710448707286453,0.031979856872752385,1.5268849831298947,-0.0,-1.096345890328976,0.5842490106171786,0.05948936608755764,0.15983797238789066,0.0,,,0.0,0.0,0.0,,0.0,,,
2022-05-20,0.009049032649173228,0.024496129200864303,0.06096540492651137,0.0316228077096585,1.2218211548423508,0.15000000000000036,-1.0799898604244134,0.5744960535477284,0.14612078690802757,0.15983797238789066,0.0,,,0.0,0.0,0.0,,0.0,,,
2022-05-23,-0.026307888007893077,-0.034838036903854785,0.02902498175850532,0.031083236983479656,1.6333010462506348,0.020000000000000018,-1.0640215357839857,0.5647961513313579,-0.025210231261678796,0.11139575835711726,0.0,,,0.0,0.0,0.0,,0.0,,,
2022-05-24,-0.0047259926188303325,-0.02367666976036631,0.02048099090743971,0.030544319363906197,1.0531575123595482,0.2200000000000002,-1.048432085208053,0.5551465406613099,0.05351270045349139,0.1686008281703028,0.0,,,0.0,0.0,0.0,,0.0,,,
2022-05-25,0.005088607072989859,0.006729745296913947,0.02165424786655734,0.03054515277750391,0.8894635724842836,0.14000000000000012,-1.0332142589318796,0.545544498323934,0.1400871631334375,0.23337627746226178,0.0,,,0.0,0.0,0.0,,0.0,,,
2022-05-26,0.03351173583606304,0.016615494931502717,0.051185756043958364,0.030609732386930082,0.5518815552157941,0.08999999999999986,-1.0183624487386467,0.5359873373456263,0.2502499425610932,0.19076057647353553,0.0,,,0.0,0.0,0.0,,0.0,,,
2022-05-27,0.008553028227089143,0.016119490509418632,0.05501193244584268,0.03052574163448325,0.9083696845964218,0.03999999999999959,-1.0038727766808724,0.5264724032152499,0.3601568795738878,0.21403609266586024,0.0,,,0.0,0.0,0.0,,0.0,,,
2022-05-30,0.0,0.04242737851731171,0.05051380493067015,0.030544075798290986,0.9083696845964218,0.03999999999999959,-0.9897432172506202,0.5169970701695796,0.3601568795738878,0.21403609266586024,0.0,,,0.0,0.0,0.0,,0.0,,,
2022-05-31,-0.0034822007851538217,0.04367117035098822,0.04137790044737333,0.029732266732734842,0.46710418168253165,-0.0900000000000003,-0.975973759369652,0.5075587375295404,0.4408495515846312,0.3873368511311398,0.0,,,0.0,0.0,0.0,,0.0,,,
2022-06-01,0.005132007958307483,0.043714571236305844,0.043168907032806736,0.02771850838553461,0.22225995672486842,-0.18999999999999995,-1.8504546145191776,-0.24796059436465856,-0.0,-0.1400871631334375,-0.689270404234521,,,0.0,0.0,0.0,,0.0,,,
2022-06-02,0.01387175993654477,0.024074595336787574,0.05321434374053968,0.027818495418151717,0.591822592989566,-0.16999999999999993,-1.8205850133133215,-0.2519634800157528,0.11977061944583639,-0.13047932311525678,-0.689270404234521,,,0.0,0.0,0.0,,0.0,,,
2022-06-03,0.01696825304746774,0.03248982015716617,0.06620043722334223,0.027886258625204358,0.05757359020792663,-0.21999999999999975,-1.792411063087708,-0.2559839049833678,0.12858244229908408,-0.23157443727480373,-0.689270404234521,,,0.0,0.0,0.0,,0.0,,,
2022-06-06,-0.0031174984173469866,0.029372321739819185,0.05611741043265006,0.02315824678242557,0.05757359020792663,-0.21999999999999975,-1.7658665416722603,-0.2600221714315655,-0.2710713639686681,-0.23157443727480373,-0.689270404234521,,,0.0,0.0,0.0,,0.0,,,
2022-06-07,0.00764998897010738,0.040504511495080386,0.054777616994081235,0.021181186443419514,-0.3142193132232851,-0.1299999999999999,-1.7408987786985366,-0.2640785869658622,-0.3141199922402205,-0.7549695438248517,-0.689270404234521,,,0.0,0.0,0.0,,0.0,,,
2022-06-08,0.02235932829963705,0.05773183183640995,0.06992580619050148,0.01812866899147608,0.25300053751030616,-0.08999999999999986,-1.7174682279433613,-0.2681534647778206,-0.3054570732634332,-0.3054570732634332,0.0,,,0.0,0.0,0.0,,0.0,,,
2022-06-09,-0.004925713924410324,0.03893435797545486,0.05823350195875143,0.018320450407026352,-0.7256970265733242,-0.1200000000000001,-1.6955483557940905,-0.2722471237941664,-0.7299586279637253,-0.8497292474095617,0.0,,,0.0,0.0,0.0,,0.0,,,
2022-06-10,-0.006937016835010468,0.01502908809297665,0.046889758725719766,0.01675162655811315,-1.5080958217760232,-0.18999999999999995,-1.6751258582159285,-0.2763598888306012,-1.0,-1.128582442299084,0.0,,,0.0,0.0,0.0,,0.0,,,
2022-06-13,0.002152318711674539,0.020298905221998176,0.04617904900863046,0.015338404502007817,-2.404061936587598,-0.3900000000000001,-1.656201236054526,-0.28049209075048864,-1.0,-0.7289286360313318,0.0,,,0.0,0.0,0.0,,0.0,,,
2022-06-14,-0.016676781058030166,-0.00402786480613937,0.026678710586621968,0.015390123864694027,-2.723287634222493,-0.5100000000000002,-1.6387897794409252,-0.28464406662860436,-1.0,-0.6858800077597795,0.0,,,0.0,0.0,0.0,,0.0,,,
2022-06-15,-0.030910930956129512,-0.05729812406190593,-0.00677612158489449,0.01596835265894406,-2.7409918146950263,-0.30000000000000027,-1.622923038659071,-0.28881615992014337,-1.0,-0.6945429267365668,0.0,,,0.0,0.0,0.0,,0.0,,,
2022-06-16,0.0195798440522994,-0.032792566085196206,0.010462128359478129,0.0157107538159378,-1.4705362983991277,-0.23999999999999977,-1.6086508941664006,-0.2930087206351901,-1.0,-0.27004137203627465,0.0,,,0.0,0.0,0.0,,0.0,,,
2022-06-17,-0.07073165344044696,-0.0965872026906327,-0.05862208488441567,0.022555416907638102,-1.032349678869915,-0.10000000000000009,-1.59604438706322,-0.2972221055188644,-1.0,0.0,0.0,,,0.0,0.0,0.0,,0.0,,,
2022-06-20,0.0,-0.09873952140230724,-0.058290039088256584,0.02179589643903737,-1.032349678869915,-0.10000000000000009,-1.5851995400886254,-0.301456678237367,-1.0,0.0,0.0,,,0.0,0.0,0.0,,0.0,,,
2022-06-21,0.009899722102181485,-0.07216301824209559,-0.04878955692596687,0.021885885452950362,0.841806604754447,0.18000000000000016,-1.5595884837218226,-0.29022454201935216,-1.0,0.0,0.0,,,0.0,0.0,0.0,,0.0,,,
2022-06-22,-0.04114212408130413,-0.08239421136727021,-0.08801938438944745,0.023728373416221294,0.9212407401165579,0.16999999999999993,-1.5350432929506448,-0.2789053618603966,-1.0,0.0,0.0,,,0.0,0.0,0.0,,0.0,,,
2022-06-23,-0.018246253614252694,-0.1202203090338223,-0.10176544191336134,0.02244955748817593,-0.07524566715890746,0.18999999999999995,-1.511519832837021,-0.26749095867939177,-1.0,0.0,0.0,,,0.0,0.0,0.0,,0.0,,,
2022-06-24,0.031622815259772175,-0.017865840333603167,-0.06679591991488376,0.02371269316666974,0.6199432680974226,0.1200000000000001,-1.4889801734575212,-0.25597265160949395,-1.0,0.0,0.0,,,0.0,0.0,0.0,,0.0,,,
2022-06-27,0.017957110356028316,9.127002242514948e-05,-0.046389958337952564,0.02418141284160855,0.6199432680974226,0.1200000000000001,-1.4673923090117786,-0.2443412030585617,-1.0,0.0,0.0,,,0.0,0.0,0.0,,0.0,,,
2022-06-28,0.019790100531404065,0.009981648451647729,-0.025314621651473246,0.02468378647124356,0.018815891885703984,0.10999999999999988,-1.4467299793784487,-0.23258675688774855,-1.0,0.0,0.0,,,0.0,0.0,0.0,,0.0,,,
2022-06-29,-0.017875351826963204,0.03324842070598866,-0.04075436933409815,0.024904111859165173,-0.36666204778139644,0.06000000000000005,-1.4269725937313735,-0.220698768619041,-0.7817189532512953,0.21828104674870474,0.0,,,0.0,0.0,0.0,,0.0,,,
2022-06-30,-0.037305987018366515,0.014188687301874836,-0.07306586486038036,0.025755057093324978,-0.1680989581176906,0.10999999999999988,-1.408105259610614,-0.2086659263799026,-0.5305014403001125,0.4694985596998875,0.0,,,0.0,0.0,0.0,,0.0,,,
2022-07-01,0.024932427380713662,0.0074982994228163236,-0.043537154704244685,0.026170718142306586,-0.8469912927137058,0.25,-0.20294564303381107,-1.893538745932575,-0.3555010416964228,0.6444989583035772,-0.2530994560785427,,,0.0,0.0,0.0,,0.0,,,
2022-07-04,0.0,-0.010458810933211993,-0.039096746849689445,0.026189266931674907,-0.8469912927137058,0.25,-0.18823943705329693,-1.8553925238837519,-0.3555010416964228,0.6444989583035772,-0.2530994560785427,,,0.0,0.0,0.0,,0.0,,,
2022-07-05,-0.08594715931954333,-0.11619607078415939,-0.11592364090019558,0.03169827147582902,-1.658348532581666,0.38000000000000034,-0.17316629921023044,-1.819128286099125,-0.140840379448051,0.8591596205519489,-0.2530994560785427,,,0.0,0.0,0.0,,0.0,,,
2022-07-06,-0.009796573830163524,-0.10811729278735971,-0.11499215435483201,0.03082089205690433,-1.6911978677530692,0.16999999999999993,-0.15768544812598068,-1.7846131159536431,-0.3888878007575554,0.39283115249373984,-0.2530994560785427,,,0.0,0.0,0.0,,0.0,,,
2022-07-07,0.04174311689378918,-0.029068188875204015,-0.0648544186264246,0.0329746941150778,-1.4553772489939387,-0.029999999999999805,-0.14175029117269786,-1.7517298047822891,-0.4111634680729536,0.11933797222715886,-0.2530994560785427,,,0.0,0.0,0.0,,0.0,,,
2022-07-08,0.019854160258677922,-0.034146455997239755,-0.037945198387814294,0.03357572677886061,-0.7904149431549934,-0.20999999999999996,-0.12530723704927552,-1.7203749432781017,-0.12235679959492707,0.23314424210149576,0.0,,,0.0,0.0,0.0,,0.0,,,
2022-07-11,-0.006702437959473784,-0.04084889395671354,-0.037149838533797386,0.03350623455730892,-0.7904149431549934,-0.20999999999999996,-0.10829419493095727,-1.6904573441633153,0.676281309839177,0.23314424210149576,0.0,,,0.0,0.0,0.0,,0.0,,,
2022-07-12,-0.08257577516023762,-0.037477509797407826,-0.10893286617543474,0.03746296585883862,-0.6785988943103227,-0.14000000000000012,-0.09063865639531765,-1.6618967408103609,0.8586742419715856,0.9995146214196367,0.0,,,0.0,0.0,0.0,,0.0,,,
2022-07-13,0.0047881844369408455,-0.022892751530303457,-0.09513688998954617,0.03730408839005975,-0.2244582232111325,0.020000000000000018,-0.07225521428298062,-1.6346227188887559,0.1418693463862447,0.5307571471438002,0.0,,,0.0,0.0,0.0,,0.0,,,
2022-07-14,-0.005414423889616771,-0.0700502923137094,-0.09029380873312043,0.03670990752689077,-1.0890139555121747,0.04999999999999982,-0.05304231011424496,-1.608573847972768,-0.020001704478519865,0.3911617635944338,0.0,,,0.0,0.0,0.0,,0.0,,,
2022-07-15,0.018721134238906423,-0.0711833183334809,-0.06578780873213752,0.03432605100128501,-0.8249623161329378,0.1599999999999997,-0.032877906772006464,-1.5836969880612397,0.07909353723580974,0.20145033683073682,0.0,,,0.0,0.0,0.0,,0.0,,,
2022-07-18,0.050062903583299345,-0.014417976790707776,-0.012443184565928078,0.03652502510732448,0.4255564188701433,0.03000000000000025,-0.011613635867796167,-1.5599467526713189,0.07909353723580974,0.20145033683073682,0.0,,,0.0,0.0,0.0,,0.0,,,
2022-07-19,0.01566611674439944,0.08382391511392928,0.00621633302927016,0.03665707317794159,0.7861329548878748,-0.04999999999999982,0.0109332651333207,-1.5372851160005705,-0.038932469349570335,-0.8976067113211559,0.0,,,0.0,0.0,0.0,,0.0,,,
2022-07-20,-0.0189854598292154,0.060050270847773035,-0.010883559161749545,0.03576749056365278,0.5545758796399181,-0.1299999999999999,0.02451949391991053,-1.5354935076913194,-0.36600118869585213,-0.5078705350820969,0.0,,,0.0,0.0,0.0,,0.0,,,
2022-07-21,-0.05953119479147784,0.005933499945911969,-0.06646493925617136,0.03788978352029851,0.9342088081623623,0.04999999999999982,0.038424127859190506,-1.5337062847378007,-0.17340309514877073,-0.15340139067025085,0.0,,,0.0,0.0,0.0,,0.0,,,
2022-07-22,-0.017273394668342767,-0.03006102896133722,-0.07734370873105245,0.03704168492745046,0.8305224070977113,0.16000000000000014,0.05267222678158992,-1.5319234277536582,0.11588770310386742,0.036794165868057685,0.0,,,0.0,0.0,0.0,,0.0,,,
2022-07-25,0.020899402267215983,-0.059224530277420584,-0.05019679586593373,0.037149177280465136,0.25518702447694386,0.1499999999999999,0.067291442615677,-1.5301449174727857,0.1546614647711229,0.036794165868057685,0.0,,,0.0,0.0,0.0,,0.0,,,
2022-07-26,-0.017947059338272453,-0.09283770636009248,-0.06000948661281935,0.036712885781245604,-0.2255027069305804,0.19999999999999973,0.08231239081343114,-1.5283707347483644,0.15448790733657916,0.1934203766861495,0.0,,,0.0,0.0,0.0,,0.0,,,
2022-07-27,0.02372146185466395,-0.050130784676213125,-0.030233496850849306,0.03730547871357959,-0.17716193432772975,0.26000000000000023,0.09776908918029814,-1.526600860551912,0.19431222023664954,0.5603134089325017,0.0,,,0.0,0.0,0.0,,0.0,,,
2022-07-28,-0.00867415599816379,0.0007262541171009218,-0.034284716492718914,0.03658551321458943,0.6404227066504342,0.22999999999999998,0.11369947915112105,-1.524835275972342,0.13659249789279987,0.3099955930415706,0.0,,,0.0,0.0,0.0,,0.0,,,
2022-07-29,0.02256043181850398,0.04056008060394767,-0.0069827485398095135,0.03648837625144658,0.5579374606985654,0.10000000000000009,0.13014604857588158,-1.523073962215032,-0.09796900668378081,-0.21385670978764823,0.0,,,0.0,0.0,0.0,,0.0,,,
2022-08-01,-0.04915019652552388,-0.029489518188792196,-0.04893389910465196,0.037784353688691395,0.8562021371981254,0.20999999999999996,0.9581421816733706,0.7707632402542703,-0.09796900668378081,-0.21385670978764823,0.08348026912914364,,,0.0,0.0,0.0,,0.0,,,
2022-08-02,0.005629030847684291,-0.0059134280028354524,-0.04068463180464654,0.032982830107827495,0.6594269543109599,0.06000000000000005,0.9778995463304794,0.757247834189223,-0.47950104972938146,-0.6339889570659606,0.08348026912914364,,,0.0,0.0,0.0,,0.0,,,
2022-08-03,-0.04063666960543699,-0.0702715594629364,-0.07715906016899954,0.034039967493852206,0.3485676645477942,0.04999999999999982,0.9983573300885045,0.743851260649995,-0.2607764265219753,-0.4550886467586248,0.08348026912914364,,,0.0,0.0,0.0,,0.0,,,
2022-08-04,-0.023661818208708496,-0.0852592216734811,-0.0933883903814996,0.032504825287384985,0.23158289529391363,-0.0,1.0195640842989013,0.7305662916404012,-0.0,-0.13659249789279987,0.08348026912914364,,,0.0,0.0,0.0,,0.0,,,
2022-08-05,0.005294295666844917,-0.10252535782514016,-0.07993361348885397,0.032020979996573835,-0.45430729634599043,-0.16000000000000014,1.0415732351612565,0.7173858715363446,-0.24509401067217979,-0.14712500398839898,0.08348026912914364,,,0.0,0.0,0.0,,0.0,,,
2022-08-08,0.019469936940801347,-0.033905224358814934,-0.05361181406726612,0.032613029763204376,-0.384973672050859,-0.16999999999999993,1.0644437350994038,0.7043031044061377,-0.2884233786671227,-0.14712500398839898,0.0,,,0.0,0.0,0.0,,0.0,,,
2022-08-09,-0.002868809205760492,-0.04240306441225972,-0.053614109089963335,0.027311727033215508,0.0715055359389094,-0.04999999999999982,1.0882408240202646,0.6913112434584023,-0.5111820267630739,-0.03168097703369244,0.0,,,0.0,0.0,0.0,,0.0,,,
2022-08-10,0.015677567169782414,0.01391117236295969,-0.035614496873760615,0.027579586125900557,1.3354980194266175,-0.04999999999999982,1.1130369230850157,0.6784036829793637,-0.204673435327384,0.056102991194591306,0.0,,,0.0,0.0,0.0,,0.0,,,
2022-08-11,0.025877859980452556,0.06345085055212074,-0.008979206040390153,0.02827380164687328,0.9168265162315947,-0.18999999999999995,1.138912689180587,0.6655739532701954,-0.16495906545397576,-0.16495906545397576,0.0,,,0.0,0.0,0.0,,0.0,,,
2022-08-12,-0.024138918122839748,0.034017636762436076,-0.030217690692226462,0.028343921260737162,1.0652300095649991,-0.009999999999999787,1.1659582654376386,0.6528157192932916,-0.25027157325964644,-0.005177562587466655,0.0,,,0.0,0.0,0.0,,0.0,,,
2022-08-15,-0.029533826986049228,-0.014986127164414498,-0.05287124767880247,0.026007711587745237,0.36659520193503825,-0.020000000000000018,1.1942747724336125,0.6401227840034437,-0.10550466694350866,0.18291871172361404,0.0,,,0.0,0.0,0.0,,0.0,,,
2022-08-16,-0.032741358128578923,-0.04485867608723293,-0.07631196206425983,0.026051479725054633,0.148283213552447,-0.020000000000000018,1.2239760968824307,0.6274890977036356,-0.04356301495228484,0.4676190118107891,0.0,,,0.0,0.0,0.0,,0.0,,,
2022-08-17,0.01809485925999077,-0.04244138399702457,-0.05077047501560905,0.026638795156508396,-1.0904787655594772,-0.11000000000000032,1.205029617169137,0.6204706782498977,-0.0679264955963921,0.1367469397309919,0.0,,,0.0,0.0,0.0,,0.0,,,
2022-08-18,0.02676381682724216,-0.04155542715023497,-0.020874780980641994,0.024674825963073067,-1.3638588989225209,-0.009999999999999787,1.186511417366656,0.6134984835394254,-0.2874334026369446,-0.12247433718296885,0.0,,,0.0,0.0,0.0,,0.0,,,
2022-08-19,0.0029789838326550466,-0.014437525194740175,-0.015776538865312162,0.024478718850494383,-1.6791716934670964,-0.14000000000000012,1.1684012750135577,0.6065713756420665,-0.6886695759877236,-0.43839800272807716,0.0,,,0.0,0.0,0.0,,0.0,,,
2022-08-22,-0.005966868532126135,0.009129433259182917,-0.018280835574795873,0.023878862487737025,-1.78989800834215,-0.23999999999999977,1.1506802134766236,0.5996882424065689,-0.8102342266779079,-0.7047295597343992,0.0,,,0.0,0.0,0.0,,0.0,,,
2022-08-23,0.03816302648815029,0.08003381787591213,0.020539258444674857,0.025339042446521118,-1.1291848255310821,-0.22999999999999998,1.133330402475201,0.592847996502358,-0.7224074328151656,-0.6788444178628807,0.0,,,0.0,0.0,0.0,,0.0,,,
2022-08-24,0.012193333491107516,0.07413229210702887,0.03396606588528073,0.0248823014613547,-0.8502421949175387,-0.21999999999999975,1.1163350680840212,0.5860495744986262,-1.0,-0.9320735044036079,0.0,,,0.0,0.0,0.0,,0.0,,,
2022-08-25,-0.025293488622429194,0.02207498665735752,0.010737017843562846,0.02541566036100107,-0.5687190622632565,-0.1499999999999999,1.0996784111608564,0.5792919359788641,-1.0,-0.7125665973630554,0.0,,,0.0,0.0,0.0,,0.0,,,
2022-08-26,0.005819609053264507,0.02491561187796698,0.019458108615801883,0.02483092424752475,-0.01259649524869566,-0.06000000000000005,1.083345533278016,0.5725740626890575,-1.0,-0.3113304240122764,0.0,,,0.0,0.0,0.0,,0.0,,,
2022-08-29,0.041569619556689474,0.07245209996678259,0.05939321908735451,0.02421629742294391,0.11035152299665452,-0.0900000000000003,1.0673223693510612,0.5658949577178819,-1.0,-0.1897657733220921,0.0,,,0.0,0.0,0.0,,0.0,,,
2022-08-30,-0.0569462083878971,-0.022657134909264798,0.003941263576098919,0.027493648437725393,-0.5120487067946211,-0.06000000000000005,1.0515956262561883,0.5592536447072992,-1.0,-0.2775925671848344,0.0,,,0.0,0.0,0.0,,0.0,,,
2022-08-31,-0.023070729078574104,-0.05792119747894642,-0.01851350965217602,0.02643771310330417,-0.3460348146764325,-0.040000000000000036,1.036152726812835,0.5526491670920641,-1.0,0.0,0.0,,,0.0,0.0,0.0,,0.0,,,
2022-09-01,-0.033381846163767825,-0.06600955502028505,-0.050793398567891224,0.02696768890976068,-1.090537353748533,-0.22999999999999998,1.1331626086438176,0.7438267246832171,-1.0,0.0,1.4098785010264292,,,0.0,0.0,0.0,,0.0,,,
2022-09-02,0.00299746592887562,-0.06883169814467394,-0.046579133904065095,0.02694389698031321,-0.5758717301991734,-0.16000000000000014,1.1157638441769961,0.7346382048017329,-0.4726242290379239,0.5273757709620761,1.4098785010264292,,,0.0,0.0,0.0,,0.0,,,
2022-09-05,0.0,-0.11040131770136341,-0.04438883832207363,0.026505296143311183,-0.5758717301991734,-0.16000000000000014,1.0987153453293,0.725534692284133,-0.4726242290379239,0.5273757709620761,1.4098785010264292,,,0.0,0.0,0.0,,0.0,,,
2022-09-06,0.00011510791379620855,-0.0533400013996701,-0.04223263068226579,0.026509673572728557,-0.8749660427150197,-0.2200000000000002,1.0820013360866805,0.7165136732289309,-0.6495512962188559,0.3504487037811441,1.4098785010264292,,,0.0,0.0,0.0,,0.0,,,
2022-09-07,-0.05854058406689955,-0.08880985638799554,-0.09502120746131748,0.02897850105208873,-1.0570283725260143,-0.1200000000000001,1.0656069342575283,0.7075727095394738,-0.6332785063987774,0.36672149360122264,1.4098785010264292,,,0.0,0.0,0.0,,0.0,,,
2022-09-08,0.019338286950303818,-0.0360897232739239,-0.06960393457165992,0.028637712531838472,-0.14260381380797327,-0.03000000000000025,1.0495180843573306,0.6987094354299476,-0.6992451245915267,0.30075487540847334,0.0,,,0.0,0.0,0.0,,0.0,,,
2022-09-09,0.03816584858712435,-0.0009213406156751702,-0.028474338380679143,0.02992939325895319,-0.010583780316286706,-0.1299999999999999,1.0337214964475006,0.6899215541075853,-0.8323083066300675,-0.3596840775921436,0.0,,,0.0,0.0,0.0,,0.0,,,
2022-09-12,0.011342276603934387,0.010420935988259217,-0.016212119352388754,0.029410661738609508,-0.010583780316286706,-0.1299999999999999,1.0182045903074544,0.6812068346199913,-0.9886779331713831,-0.3596840775921436,0.0,,,0.0,0.0,0.0,,0.0,,,
2022-09-13,-0.005368680437372042,0.004937147637090966,-0.02202949124996323,0.02847388374268186,0.2747521379852014,-0.08999999999999986,1.0029554443925623,0.6725631088572602,-1.0,-0.3504487037811441,0.0,,,0.0,0.0,0.0,,0.0,,,
2022-09-14,0.013311533951308796,0.07678926565529931,-0.008927482493423788,0.02833762657792247,0.3123177679092093,-0.14000000000000012,0.987962749093811,0.6639882686992855,-1.0,-0.36672149360122264,0.0,,,0.0,0.0,0.0,,0.0,,,
2022-09-15,-0.03894950219469617,0.01850147651029932,-0.0448008439317924,0.028900726205106735,-0.24587005731349088,-0.16000000000000014,0.9732157638705147,0.6554802632992872,-1.0,-0.30075487540847334,0.0,,,0.0,0.0,0.0,,0.0,,,
2022-09-16,0.0001175019095409624,-0.01954687016728407,-0.04146412716976844,0.028876244966752115,-0.8821576347834981,-0.1200000000000001,0.9587042778756271,0.6470370964952046,-1.0,-0.1676916933699325,0.0,,,0.0,0.0,0.0,,0.0,,,
2022-09-19,0.007258285201794834,-0.023630861569423622,-0.03164788480218661,0.028961313684490345,-1.3598933620468712,-0.1200000000000001,0.9565081731953746,0.6485931800245633,-1.0,-0.011322066828616917,0.0,,,0.0,0.0,0.0,,0.0,,,
2022-09-20,-0.01504317943685507,-0.03330536056890665,-0.04147279677700322,0.0274269684456592,-0.5630737428892418,-0.1499999999999999,0.9543191145738171,0.6501527586109759,-1.0,0.0,0.0,,,0.0,0.0,0.0,,0.0,,,
2022-09-21,-0.018042188435574147,-0.06465908295578959,-0.05278494165420611,0.02724944531192046,-1.035749841905531,-0.09999999999999964,0.9521370556385246,0.6517158509274389,-1.0,0.0,0.0,,,0.0,0.0,0.0,,0.0,,,
2022-09-22,0.00660940938767407,-0.01910017137341935,-0.04104063360866572,0.027038532829163082,-1.02687047130825,-0.25,0.9499619504364062,0.6532824757792394,-1.0,0.0,0.0,,,0.0,0.0,0.0,,0.0,,,
2022-09-23,-0.05857557869031815,-0.07779325197327847,-0.09126155425393812,0.02939667983976561,-1.9265787631907338,-0.23999999999999977,0.9477937534287655,0.6548526521051913,-1.0,0.0,0.0,,,0.0,0.0,0.0,,0.0,,,
2022-09-26,-0.02611920754438657,-0.11117074471945987,-0.10564166239822548,0.02715761770186795,-2.7545708197078023,-0.3899999999999997,0.9456324194864819,0.6564263989788895,-1.0,0.0,0.0,,,0.0,0.0,0.0,,0.0,,,
2022-09-27,0.023066546817158695,-0.0730610184654461,-0.07483665394121974,0.026017034947133064,-2.6483958415917774,-0.40000000000000036,0.9434779038852306,0.6580037356099763,-1.0,0.0,0.0,,,0.0,0.0,0.0,,0.0,,,
2022-09-28,0.045448219694914194,-0.009570610334957763,-0.025075920045133593,0.028302722921737307,-1.8677444470689197,-0.2100000000000004,0.9413301623007758,0.659584681345421,-0.8379389034800463,0.1620610965199537,0.0,,,0.0,0.0,0.0,,0.0,,,
2022-09-29,-0.011262207420414505,-0.027442227143046338,-0.03313159520154407,0.027528594344494756,-1.0914131858881904,-0.05999999999999961,0.9391891508043329,0.6611692556708186,-0.8539288801200947,0.1460711198799053,0.0,,,0.0,0.0,0.0,,0.0,,,
2022-09-30,-0.021653409477841556,0.009479942069430258,-0.05034592864504539,0.027786839963078007,-0.1803036171498018,-0.14000000000000012,0.9370548258579989,0.6627574782116991,-1.0,0.0,0.0,,,0.0,0.0,0.0,,0.0,,,
2022-10-03,0.05077107980841333,0.08637022942223016,0.002325673207288048,0.030409167430439334,1.0685545553696718,0.20999999999999996,2.4050065372345477,-0.2637905614358816,-1.0,0.0,-1.3972003427447754,,,0.0,0.0,0.0,,0.0,,,
2022-10-04,0.033973293691423656,0.09727697629649512,0.03650657965375004,0.031451868714054816,1.7570263145191611,0.3500000000000001,2.3409697156030242,-0.2555362712639649,-0.7379923579583285,0.2620076420416715,-1.3972003427447754,,,0.0,0.0,0.0,,0.0,,,
2022-10-05,0.014230214882116954,0.06605897148369788,0.047305867343454544,0.02841063249109995,0.9577760359251952,-0.03999999999999959,2.280940935252413,-0.2472626582227194,-0.8452068231861743,-0.0072679197061280565,-1.3972003427447754,,,0.0,0.0,0.0,,0.0,,,
2022-10-06,0.007831604638819378,0.08515278354293176,0.05228187890543534,0.028187173653587083,0.23082284738485948,-0.07000000000000028,2.22450082785552,-0.23896758256808004,-0.8856711165453621,-0.03174223642526741,-1.3972003427447754,,,0.0,0.0,0.0,,0.0,,,
2022-10-07,0.04628359321889075,0.15308978623966407,0.09530399181589999,0.02877471530447036,0.15974616279835763,-0.06000000000000005,2.1712891426837966,-0.2306488557693188,-0.8534355596820057,0.14656444031799432,-1.3972003427447754,,,0.0,0.0,0.0,,0.0,,,
2022-10-10,-0.01643395531664993,0.08588475111460081,0.07699736778685295,0.029033316197376306,0.15974616279835763,-0.06000000000000005,2.1209944295595604,-0.22230423675339456,-0.8534355596820057,0.14656444031799432,0.0,,,0.0,0.0,0.0,,0.0,,,
2022-10-11,-0.019725816902598226,0.03218564052057893,0.05611673899511782,0.029396998248029268,-1.1746534170114842,-0.31000000000000005,2.073345841786446,-0.21393142793817518,-0.6180871264422505,0.11990523151607801,0.0,,,0.0,0.0,0.0,,0.0,,,
2022-10-12,-0.02355448043021724,-0.005599054791755265,0.03325074739484091,0.02974832564833247,-1.0140972524388836,-0.15000000000000036,2.028106562569618,-0.20552807103568424,-0.5508544758311835,0.29435234735499083,0.0,,,0.0,0.0,0.0,,0.0,,,
2022-10-13,0.020864800449408527,0.007434141018833884,0.05181332154198426,0.02868710171720009,-0.37666218989023115,-0.14000000000000012,1.9850684879697578,-0.19709174260481993,-0.6446019787722644,0.24106913777309769,0.0,,,0.0,0.0,0.0,,0.0,,,
2022-10-14,-0.040069462870234496,-0.07891891507029136,0.011450980608474381,0.030214917637933422,-0.8022866819939578,-0.10999999999999988,1.9440478919467286,-0.18861994933110388,-0.6654974651464032,0.1879380945356025,0.0,,,0.0,0.0,0.0,,0.0,,,
2022-10-17,-0.0017536685385151074,-0.06423862829215654,0.00985503169369828,0.03017274336423173,-0.8022866819939578,-0.10999999999999988,1.8963386451453679,-0.18110075695751127,-0.5216420680359215,0.1879380945356025,0.0,,,0.0,0.0,0.0,,0.0,,,
2022-10-18,-0.0313788520984577,-0.07589166348801601,-0.020549317147940727,0.030811253830414737,-0.19676635796594955,-0.07999999999999963,1.851065237551327,-0.17355829874460102,-0.4858490301341886,0.13223809630806188,0.0,,,0.0,0.0,0.0,,0.0,,,
2022-10-19,0.03243142222078088,-0.019905760837017894,0.010332927796842917,0.03140114362689604,-0.19407232725261458,-0.22999999999999954,1.8080090686224155,-0.16599090724852206,-0.5420589053685726,0.008795570462610924,0.0,,,0.0,0.0,0.0,,0.0,,,
2022-10-20,0.005013710729933507,-0.035756850556492914,0.01387724618366537,0.03138963483865771,-0.21655290984166076,-0.27,1.7669779489526571,-0.15839687571899813,-0.518816222625545,0.12578575614671939,0.0,,,0.0,0.0,0.0,,0.0,,,
2022-10-21,-0.010875392226265213,-0.006562779912523631,-0.0008525477089147415,0.02824153725222261,0.513509827985903,-0.20999999999999996,1.7278021177158984,-0.1507744555908035,-0.2961365664741889,0.3693608986722143,0.0,,,0.0,0.0,0.0,,0.0,,,
2022-10-24,-0.005541486797527639,-0.010350598171536163,-0.011277322210100138,0.02745599104630157,-0.3020882950186543,-0.23000000000000043,1.6903309706887069,-0.1431218538410454,-0.23625889477152276,0.28538317326439877,0.0,,,0.0,0.0,0.0,,0.0,,,
2022-10-25,0.008711061558806854,0.02973931548572839,-0.006731774092032516,0.027141456332571215,0.42074716628894837,-0.08999999999999986,1.6544303536226348,-0.135437230201707,-0.12371093852411001,0.3621380916100786,0.0,,,0.0,0.0,0.0,,0.0,,,
2022-10-26,0.029904670259937483,0.027212563524884992,0.01978456019891528,0.02609968405419523,1.4988691306948576,0.09999999999999964,1.6199803089519447,-0.12771869421603343,-0.33160825609013506,0.21045064927843754,0.0,,,0.0,0.0,0.0,,0.0,,,
2022-10-27,0.013221278526080127,0.03542013132103161,0.028393328458680145,0.025950106916288233,1.0174586657417106,0.28000000000000025,1.586873188681222,-0.11996430212638073,-0.14728864412359252,0.3715275785019525,0.0,,,0.0,0.0,0.0,,0.0,,,
2022-10-28,-0.013335037698035457,0.03296048584926137,0.010029861905339388,0.025570860371711603,0.3602940312594338,0.1900000000000004,1.5550120650819028,-0.11217205358008772,-0.2001946554995626,0.09594191097462629,0.0,,,0.0,0.0,0.0,,0.0,,,
2022-10-31,-0.01570863007248402,0.022793342574304987,-0.007383211528405376,0.023553038700263613,0.31906484709880445,0.15000000000000036,1.5243093851496787,-0.10433988813876405,-0.41104791234769356,-0.1747890175761708,0.0,,,0.0,0.0,0.0,,0.0,,,
2022-11-01,0.021041370911265567,0.0351236519267637,0.01260031216060753,0.022785548677789376,-0.016957522191973773,0.02999999999999936,3.0247728776318903,0.09384365141940698,-0.4626117808358943,-0.3389008423117843,-0.975788834632918,,,0.0,0.0,0.0,,0.0,,,
2022-11-02,0.018277124800351707,0.023496106467177924,0.029617244242794882,0.02292621657101543,-0.6635445073743362,-0.05999999999999961,2.8905246138964475,0.10078952752048537,-0.48300704353882495,-0.1513987874486899,-0.975788834632918,,,0.0,0.0,0.0,,0.0,,,
2022-11-03,-0.020542901231329402,-0.010268073290231605,0.009232875586808298,0.023371769454139733,-1.1613792276097934,-0.17999999999999972,2.7706306225445805,0.10778755093552482,-0.5018520349451067,-0.3545633908215141,-0.975788834632918,,,0.0,0.0,0.0,,0.0,,,
2022-11-04,0.049130358083242065,0.05219732249104592,0.05837942800217544,0.02367618282655044,0.052431542249842256,-0.15000000000000036,2.6626291059351312,0.11483949112843667,-0.37648382000644587,-0.17628916450688326,-0.975788834632918,,,0.0,0.0,0.0,,0.0,,,
2022-11-07,-0.0088937679511778,0.059012184612352137,0.04912484501485004,0.023460040772421604,1.0309359130368678,-0.1200000000000001,2.564612527695069,0.12194717833746198,-0.37648382000644587,-0.17628916450688326,-0.975788834632918,,,0.0,0.0,0.0,,0.0,,,
2022-11-08,-0.0318787370979523,0.006092076603134267,0.017492938890516285,0.02415479467880683,1.385963907010046,-0.0699999999999994,2.4750766772325505,0.12911250670107507,-0.3900188326210862,0.0725929482148081,0.0,,,0.0,0.0,0.0,,0.0,,,
2022-11-09,-0.03525602640291936,-0.0474410746001368,-0.016931179240147642,0.02487989988349154,1.0410685601850544,-0.020000000000000462,2.392817131622314,0.13633743757458622,-0.35102283199494977,0.13198421154387519,0.0,,,0.0,0.0,0.0,,0.0,,,
2022-11-10,0.007428937242210942,-0.019469236126596456,-0.00799854056532201,0.024440741680853233,2.7071729668115885,0.31999999999999984,2.316856468766304,0.14362400305164136,0.14176311771858474,0.6436151526636914,0.0,,,0.0,0.0,0.0,,0.0,,,
2022-11-11,0.02838929752993291,-0.04021029667990561,0.018471520377216777,0.02353227410021886,2.7071729668115885,0.31999999999999984,2.2463919871279763,0.15097430970604064,0.14176311771858474,0.6436151526636914,0.0,,,0.0,0.0,0.0,,0.0,,,
2022-11-14,-0.03535230581787907,-0.06666883454660688,-0.017120090164087998,0.02496400016664145,2.2789855129835335,0.33999999999999986,2.1807574343674516,0.15839054257065893,0.05686644901548269,0.6436151526636914,0.0,,,0.0,0.0,0.0,,0.0,,,
2022-11-15,0.012153630703836349,-0.02263646674481823,-0.007382388323792455,0.023938863196736337,2.0647441356968277,0.33999999999999986,2.119394512958441,0.16587496937172522,0.07019373971799012,0.4602125723390763,0.0,,,0.0,0.0,0.0,,0.0,,,
2022-11-16,-0.015419701494710836,-0.002800141836609704,-0.022825462496268933,0.02315963777855657,2.146586012266427,0.4500000000000002,2.070418838336068,0.16473643389184314,0.2403009223125292,0.591323754307479,0.0,,,0.0,0.0,0.0,,0.0,,,
2022-11-17,-0.04724911595187464,-0.05747819503069529,-0.0674848097918197,0.02540640426242636,0.5832993863889357,0.04999999999999982,2.0242613224583486,0.16359835965119052,0.23495887641594881,0.09319575869736407,0.0,,,0.0,0.0,0.0,,0.0,,,
2022-11-18,-0.019293202934679066,-0.10516069549530727,-0.08376735353475251,0.025619721387267792,0.5832993863889357,0.04999999999999982,1.9806775438798558,0.16246074206960637,-0.025442186291037148,0.09319575869736407,0.0,,,0.0,0.0,0.0,,0.0,,,
2022-11-21,-0.004380208492560378,-0.07418859816998857,-0.08519496675081584,0.025614999207716888,-1.0315350606063367,0.04999999999999982,1.9394549871207647,0.16132357657514965,0.026191571380351903,-0.030674877635130788,0.0,,,0.0,0.0,0.0,,0.0,,,
2022-11-22,0.015185753609239683,-0.07115647526458524,-0.06738035246760088,0.025810338841845793,-0.9732686383992162,0.040000000000000036,1.9004082672827687,0.16018685860400347,-0.06745525232278655,-0.13764899204077669,0.0,,,0.0,0.0,0.0,,0.0,,,
2022-11-23,-0.037892380213080834,-0.09362915398295524,-0.09925401948305623,0.02576468554569459,-0.38586424424711385,-0.040000000000000036,1.8633752542160802,0.159050583600382,-0.09785101593726611,-0.3381519382497953,0.0,,,0.0,0.0,0.0,,0.0,,,
2022-11-24,0.0,-0.046380038031080595,-0.09257424235912559,0.025412252453901604,-0.38586424424711385,-0.040000000000000036,1.8282139116248248,0.15791474701643488,-0.09785101593726611,-0.3381519382497953,0.0,,,0.0,0.0,0.0,,0.0,,,
2022-11-25,-0.02152851917834475,-0.04861535427474628,-0.10701331033952499,0.025590607766364744,0.41484864241629893,0.13999999999999968,1.794799710601745,0.15677934431215465,-0.01519233736113065,0.010249848929906498,0.0,,,0.0,0.0,0.0,,0.0,,,
2022-11-28,0.012506676828095031,-0.03172846895409087,-0.08882794765851365,0.025866680175930478,0.8802663012055234,0.14000000000000012,1.7630235100009028,0.15564437095528263,0.07638718439077956,0.05019561301042766,0.0,,,0.0,0.0,0.0,,0.0,,,
2022-11-29,0.012352189990951778,-0.034562032572378776,-0.07036261276862898,0.025464106503196134,0.46282694699223415,0.009999999999999787,1.7327898209664114,0.15450982242121622,0.09613618868383947,0.16359144100662604,0.0,,,0.0,0.0,0.0,,0.0,,,
2022-11-30,0.0296084620717183,0.03293880971242036,-0.035207572661546394,0.02615210736045261,0.1938469941999421,0.029999999999999805,1.7040153920726149,0.1533756941929164,0.3942234854819863,0.49207450141925246,0.0,,,0.0,0.0,0.0,,0.0,,,
2022-12-01,0.008283412635168297,0.041222222347588655,-0.022818897684339312,0.026076358300850963,0.1938469941999421,0.029999999999999805,2.917886480659453,1.1878194472956622,0.8504470324500878,0.49207450141925246,-0.8906395196222716,,,0.0,0.0,0.0,,0.0,,,
2022-12-02,-0.015384918839479234,0.04736582268645417,-0.030872790335643607,0.02294689648006282,1.0770350887718827,0.17000000000000037,2.8163519922255422,1.1711320626440334,0.7567361931971397,0.7719285305582704,-0.8906395196222716,,,0.0,0.0,0.0,,0.0,,,
2022-12-05,-0.03888068594782901,-0.004021540089469866,-0.06092310419546454,0.024009449027910544,0.7805623155387575,0.08999999999999986,2.724167996284537,1.1547865881378816,0.6719057774421967,0.5955185930514172,-0.8906395196222716,,,0.0,0.0,0.0,,0.0,,,
2022-12-06,-0.03545813978803469,-0.05183186986845634,-0.08737190176098686,0.024202859212048882,0.5194826198938296,0.2400000000000002,2.640018701383055,1.1387685076447691,0.7608899655370519,0.6647537768532125,-0.8906395196222716,,,0.0,0.0,0.0,,0.0,,,
2022-12-07,-0.03063277942203335,-0.11207311136220799,-0.10922650130955258,0.023959840712007,0.6126257412917169,0.26000000000000023,2.5628417366433527,1.1230641181566743,0.8601047632778257,0.4658812777958394,-0.8906395196222716,,,0.0,0.0,0.0,,0.0,,,
2022-12-08,-0.007667145665512187,-0.12802366966288847,-0.10736066295621072,0.023658285004581708,-0.3366269276952938,0.04999999999999982,2.491769465617937,1.1076604709626394,0.07775834670066617,-0.7726886857494216,0.0,,,0.0,0.0,0.0,,0.0,,,
2022-12-09,-0.006176325080321732,-0.11881507590373097,-0.10227572288716669,0.02194251238535147,-0.3359555184730523,-0.06000000000000005,2.426086220636248,1.092545317922669,0.07775834670066617,-0.7726886857494216,0.0,,,0.0,0.0,0.0,,0.0,,,
2022-12-12,0.029823973380996627,-0.050110416574905337,-0.06444929831674706,0.022991101667635138,-0.10844890344297031,-0.009999999999999787,2.365196610169723,1.0777070623266873,0.029196735258708615,-0.6427090421834881,0.0,,,0.0,0.0,0.0,,0.0,,,
2022-12-13,0.0298891393276719,0.015236862540801255,-0.027444483230844696,0.024123587434249003,0.950909249051568,-0.0,2.308601682334661,1.0631347138816991,0.45944506347256986,-0.30144490206448205,0.0,,,0.0,0.0,0.0,,0.0,,,
2022-12-14,0.024760549680652666,0.07063019164348727,0.002422729649270927,0.025050912599020925,0.7642504773510805,-0.07000000000000028,2.2558807639421277,1.0488178474220284,0.3816585682506871,-0.4784461950271386,0.0,,,0.0,0.0,0.0,,0.0,,,
2022-12-15,-0.015255527624963072,0.06304180968403639,-0.009325814192575166,0.023169001363287388,-0.11166913912652454,0.040000000000000036,2.2066774688387913,1.0347465649826852,0.6483334551102544,0.5705751084095882,0.0,,,0.0,0.0,0.0,,0.0,,,
2022-12-16,-0.02420330911558466,0.04501482564877346,-0.029776634215997078,0.023370221233215225,-0.1882043880049089,0.08999999999999986,2.1463588521925883,1.0223258218654936,1.0,0.5705751084095882,0.0,,,0.0,0.0,0.0,,0.0,,,
2022-12-19,0.012041890226220708,0.02723274249399754,-0.014803359833552854,0.02363400949277825,0.19866190334230094,0.040000000000000036,2.0897743822622226,1.0104322857674581,0.7408379048739635,0.7116411696152549,0.0,,,0.0,0.0,0.0,,0.0,,,
2022-12-20,0.011898606798495415,0.009242209964821058,0.00019098846170262362,0.023512504370392075,-0.23504443603696856,-0.18000000000000016,2.0365362848298894,0.9990927902236728,0.70574769203171,0.2463026285591401,0.0,,,0.0,0.0,0.0,,0.0,,,
2022-12-21,0.028503030731391377,0.012984691015559768,0.028469990142632184,0.023023075591600738,-0.3777624184675199,-0.18999999999999995,1.986311400002468,0.988341503179447,0.8231063200364327,0.4414477517857456,0.0,,,0.0,0.0,0.0,,0.0,,,
2022-12-22,-0.010270985143963962,0.01796923349655888,0.018488525205403228,0.02314257714504073,0.2529540545678999,-0.22999999999999998,1.9388116926687795,0.978221498575187,0.8231063200364327,0.4414477517857456,0.0,,,0.0,0.0,0.0,,0.0,,,
2022-12-23,0.026362558209912734,0.06853510082205627,0.04274604975263774,0.023306379410514,0.5513226607311017,-0.27,1.8937867088485327,0.968786808459414,0.3697620021438155,-0.6302379978561845,0.0,,,0.0,0.0,0.0,,0.0,,,
2022-12-27,-0.000377145016727809,0.056116065579107755,0.0409080621654736,0.023181465475789458,0.6313684683030396,-0.27,1.851017523559357,0.9601051304949191,0.5703040551104883,-0.1705338497634752,0.0,,,0.0,0.0,0.0,,0.0,,,
2022-12-28,-0.007192913843817372,0.03702454493679497,0.03323156094295854,0.023110025151716517,0.10496521492078248,-0.18999999999999995,1.810311844101784,0.9522614436303232,0.2560469498374729,-0.44970074219423706,0.0,,,0.0,0.0,0.0,,0.0,,,
2022-12-29,-0.007117467768863683,0.0014040464365399075,0.027466802287425374,0.022111523555645923,0.511192089157253,-0.1499999999999999,1.771500017216493,0.9453629041198311,-0.33343967937237146,-1.156545999408804,0.0,,,0.0,0.0,0.0,,0.0,,,
2022-12-30,0.023447437482408517,0.03512246906291239,0.0515087476408036,0.02271119020662176,0.6677743065184649,-0.20999999999999996,1.7344317498020696,0.9395455812703422,-0.48429667431665496,-1.156545999408804,0.0,,,0.0,0.0,0.0,,0.0,,,
2023-01-02,0.0,0.008759910852999653,0.051334009569798056,0.02244282495591155,0.6677743065184649,-0.20999999999999996,1.80334618447902,-1.5138966691865652,-0.48429667431665496,-1.156545999408804,1.120418273057755,,,0.0,0.0,0.0,,0.0,,,
2023-01-03,-0.04237544736792742,-0.03323839149819996,0.008958562201870635,0.02277407218719001,-0.27645931670361445,0.04999999999999982,1.7652413880127513,-1.5594303996382035,-0.22481378914988068,-0.795117844260369,1.120418273057755,,,0.0,0.0,0.0,,0.0,,,
2023-01-04,-0.05463066261143634,-0.08067614026581893,-0.04471347426839589,0.024669776154047685,0.4153023379710241,0.18999999999999995,1.7288392898466602,-1.6082052971083993,-0.3774246306952507,-0.6334715805327236,1.120418273057755,,,0.0,0.0,0.0,,0.0,,,
2023-01-05,0.01133040583531475,-0.0622282666616405,-0.034522601554778376,0.023781658946230137,-0.3649584037837217,0.1200000000000001,1.6940117369028278,-1.6606520447597566,-0.5289545165653453,-0.19551483719297386,1.120418273057755,,,0.0,0.0,0.0,,0.0,,,
2023-01-06,0.0013564842014890388,-0.08431921994255998,-0.03475683196833668,0.023691211921825904,0.2803362717581859,0.33000000000000007,1.6606443186171052,-1.717286499932697,0.3361607871454347,0.8204574614620896,1.120418273057755,,,0.0,0.0,0.0,,0.0,,,
2023-01-09,0.011590426247084729,-0.07272879369547525,-0.02564545790266859,0.023717727523421914,0.2803362717581859,0.33000000000000007,1.6286345941723606,-1.7787327163840143,0.7313441703812991,0.8204574614620896,0.0,,,0.0,0.0,0.0,,0.0,,,
2023-01-10,0.006544263756711466,-0.02380908257083636,-0.02041626084616155,0.02286086677497688,1.5088807073441513,0.18000000000000016,1.5978906003360487,-1.8457540703748523,-0.07229603965630856,0.1525177494935721,0.0,,,0.0,0.0,0.0,,0.0,,,
2023-01-11,0.030029136316614746,0.06085071635721473,0.008290808920802917,0.02287009602518218,1.1023795728093977,0.1499999999999999,1.5683295900733458,-1.9192960957464031,0.10778982715638567,0.48521445785163636,0.0,,,0.0,0.0,0.0,,0.0,,,
2023-01-12,0.012580396984009035,0.062100707505909014,0.020158146989993853,0.022369803728900725,2.1948097364737684,0.2799999999999998,1.5398769622434045,-2.000546621017022,0.39234566170143825,0.9213001782667836,0.0,,,0.0,0.0,0.0,,0.0,,,
2023-01-13,0.018578733434444494,0.07932295673886447,0.03633210845664969,0.02237797668222298,1.5839260289449153,0.05999999999999961,1.512465350582709,-2.091022131083237,-0.17728626220739596,-0.5134470493528307,0.0,,,0.0,0.0,0.0,,0.0,,,
2023-01-16,0.0,0.06773253049177974,0.032717171033080916,0.021500558019787414,1.5839260289449153,0.05999999999999961,1.4860338463826774,-2.19269504721509,-0.17728626220739596,-0.5134470493528307,0.0,,,0.0,0.0,0.0,,0.0,,,
2023-01-17,0.003999005579285786,0.06518727231435406,0.033503383421146005,0.0214096700768854,0.8617169639820177,0.08000000000000007,1.4584188646982859,-2.1303522078208057,0.24382387836780334,0.3161199180241119,0.0,,,0.0,0.0,0.0,,0.0,,,
2023-01-18,-0.008768689530745277,0.026389446466994038,0.022555265515641132,0.02146706313909386,0.9037011885680402,0.16999999999999993,1.4317072566732807,-2.0719136003201046,0.5018001729761823,0.3940103458197966,0.0,,,0.0,0.0,0.0,,0.0,,,
2023-01-19,0.010637732502105202,0.024446781985090205,0.031906834554451535,0.020670998779345712,-0.15817882497164426,0.040000000000000036,1.4058438501796953,-2.0169617283586416,0.4878257776553332,0.09548011595389494,0.0,,,0.0,0.0,0.0,,0.0,,,
2023-01-20,0.012125860034024605,0.017993908584670315,0.04162668886628218,0.020618545592049953,-0.15213905156867824,0.010000000000000231,1.3807781232620748,-1.9651390048739066,0.5434612471729958,0.7207475093803918,0.0,,,0.0,0.0,0.0,,0.0,,,
2023-01-23,0.003805319757913317,0.021799228342583632,0.04415386482460093,0.019841429605011812,-0.15213905156867824,0.010000000000000231,1.3564637226283582,-1.916137104841933,0.5434612471729958,0.7207475093803918,0.0,,,0.0,0.0,0.0,,0.0,,,
2023-01-24,-0.018424014187679916,-0.0006237914243820697,0.02535405029587423,0.02032513976204753,0.09755721105492166,0.06999999999999984,1.3328580436047903,-1.8696885444508882,0.6372697615076914,0.3934458831398881,0.0,,,0.0,0.0,0.0,,0.0,,,
2023-01-25,0.0002495632655827862,0.008394461371945994,0.02485568936493987,0.020247255562823436,0.0897749747009291,-0.08999999999999986,1.309921862751924,-1.8255599563561964,0.6427420796671822,0.14094190669099993,0.0,,,0.0,0.0,0.0,,0.0,,,
2023-01-26,0.010672724786838117,0.008429453656678909,0.033890980327476505,0.02027428826335871,0.4930160930418426,-0.10000000000000009,1.287619015804242,-1.7835466713281194,0.5735106744003043,0.08568489674497115,0.0,,,0.0,0.0,0.0,,0.0,,,
2023-01-27,-0.016553990566057664,-0.02025039694340336,0.01769962733954067,0.019980430526705034,0.35718894063273554,-0.040000000000000036,1.2659161147981572,-1.74346831641568,0.7755359868797838,0.23207473970678794,0.0,,,0.0,0.0,0.0,,0.0,,,
2023-01-30,-0.022592660399640252,-0.04664837710095693,-0.0034007624619967203,0.02058826373658029,0.208236461272715,-0.029999999999999805,1.2447822992453914,-1.705165211539935,0.7755359868797838,0.23207473970678794,0.0,,,0.0,0.0,0.0,,0.0,,,
2023-01-31,0.01237497453319758,-0.015849388380079432,0.007728961574247961,0.018388556767549056,0.09706471596815369,-0.06000000000000005,1.2241890170327288,-1.6684953987087392,0.7829587958023754,0.14568903429468394,0.0,,,0.0,0.0,0.0,,0.0,,,
2023-02-01,-0.031687349750424865,-0.04778630139608708,-0.026350804316179754,0.015149709208568505,0.28805920217602754,0.06999999999999984,1.6708949846232604,-0.5274894783543108,1.0,0.3572579203328178,-0.4822899755130172,,,0.0,0.0,0.0,,0.0,,,
2023-02-02,-0.006960432592661547,-0.06541945877558675,-0.03478911112744587,0.015133824914100315,0.5704035422320453,0.0900000000000003,1.6386745767556723,-0.518232501045023,1.0,0.42648932559969566,-0.4822899755130172,,,0.0,0.0,0.0,,0.0,,,
2023-02-03,-0.033365458509842405,-0.08223092671937149,-0.0678963467203273,0.017022250004176086,-0.4937677794660811,-0.009999999999999787,1.6077424093946018,-0.5090136653248082,-0.2533266495296576,-1.0288626364094413,-0.4822899755130172,,,0.0,0.0,0.0,,0.0,,,
2023-02-06,0.009762789406296157,-0.04987547691343508,-0.05778395255502922,0.016960086421449874,-1.3841590037621199,-0.08000000000000007,1.5780141777228187,-0.4998305837589222,-1.0,-1.0288626364094413,-0.4822899755130172,,,0.0,0.0,0.0,,0.0,,,
2023-02-07,0.040071476816814666,-0.022178974629817994,-0.019039231632218545,0.019187963344525025,-1.1491828052062392,-0.1499999999999999,1.5494139582872735,-0.4906808900119954,-0.9481606304389973,-1.7311194262413727,-0.4822899755130172,,,0.0,0.0,0.0,,0.0,,,
2023-02-08,0.01709443335929972,0.026602808479906592,-0.0026248190190569787,0.018370182494296658,-1.2794001984389514,-0.23999999999999977,1.5218732705339897,-0.4815622357537041,-1.0,-2.0,0.0,,,0.0,0.0,0.0,,0.0,,,
2023-02-09,-0.0052386243869122495,0.02832461668565589,-0.007652513083560741,0.018193903001423203,-1.3824327944155002,-0.27,1.4953302773526047,-0.47247228758500953,-1.0,-2.0,0.0,,,0.0,0.0,0.0,,0.0,,,
2023-02-10,0.021042733592124385,0.08273280878762268,0.013477950823087781,0.018335624259802064,-0.529162953572726,-0.2100000000000004,1.4697291031119986,-0.4634087239753723,-1.0,-0.7466733504703424,0.0,,,0.0,0.0,0.0,,0.0,,,
2023-02-13,0.00525460986340498,0.0782246292447315,0.018557560507846738,0.018374552738794396,0.4630789523896395,-0.0900000000000003,1.4450192517951035,-0.4543692322012956,-1.0,-0.7466733504703424,0.0,,,0.0,0.0,0.0,,0.0,,,
2023-02-14,-0.013568047339458822,0.024585105088458015,0.005692865635678501,0.01860061947048831,0.35281164959803935,-0.10000000000000009,1.4211551111714709,-0.44535150527644224,-1.0,-0.05183936956100266,0.0,,,0.0,0.0,0.0,,0.0,,,
2023-02-15,-0.005962592990456095,0.0015280787387021988,0.00029332028549955425,0.01854708671842671,-0.259772472274844,-0.18000000000000016,1.3980955316661174,-0.43635323886340266,-1.0,0.0,0.0,,,0.0,0.0,0.0,,0.0,,,
2023-02-16,-0.0012732367393617494,0.005493466386252699,0.00017867964848772289,0.018358774501040287,-0.4059074114359351,-0.18999999999999995,1.3758034708356972,-0.4273721281569656,-1.0,0.0,0.0,,,0.0,0.0,0.0,,0.0,,,
2023-02-17,-0.027774180821638517,-0.0433234480275102,-0.024441903028018075,0.018996065152825013,-0.3418457673800557,-0.07999999999999963,1.3539054252356537,-0.41685730450759156,-1.0,0.0,0.0,,,0.0,0.0,0.0,,0.0,,,
2023-02-20,0.0,-0.04857805789091518,-0.021098038894989735,0.018941674958552625,-0.3418457673800557,-0.07999999999999963,1.3327076956382409,-0.4063306984862192,-1.0,0.0,0.0,,,0.0,0.0,0.0,,0.0,,,
2023-02-21,-0.0023606568339733514,-0.03737066738542971,-0.020917999463619275,0.018606179156005657,-0.5859598125128818,-0.18000000000000016,1.3121821243371912,-0.395787782284223,-1.0,0.0,0.0,,,0.0,0.0,0.0,,0.0,,,
2023-02-22,-0.02944720132630163,-0.06085527572127525,-0.04633966629498332,0.019533625162654052,-0.31812525268626324,-0.1200000000000001,1.2923036754511978,-0.38522390327590184,-1.0,0.0,0.0,,,0.0,0.0,0.0,,0.0,,,
2023-02-23,0.019285451066801684,-0.040296587915111814,-0.02345931704724169,0.019964892867696,-0.5184074059623844,-0.020000000000000018,1.2730502980631404,-0.37463426951404827,-1.0,0.0,0.0,,,0.0,0.0,0.0,,0.0,,,
2023-02-24,0.012260386916421062,-0.0002620201770522357,-0.009044750824005021,0.020020095916669662,-0.8423708820879838,-0.13000000000000034,1.2544028295139746,-0.36401393409160454,-1.0,0.0,0.0,,,0.0,0.0,0.0,,0.0,,,
2023-02-27,-0.008421102396408031,-0.008683122573460267,-0.016020251813759323,0.019502741686555355,-0.8423708820879838,-0.13000000000000034,1.23634493867839,-0.3533577782247013,-1.0,0.0,0.0,,,0.0,0.0,0.0,,0.0,,,
2023-02-28,0.017940637022501704,0.011618171283014789,0.0030877034909311263,0.019748485383272472,-0.5873545913968492,0.03000000000000025,1.2188631102284377,-0.34266049289351186,-1.0,0.0,0.0,,,0.0,0.0,0.0,,0.0,,,
2023-03-01,0.008271987196204478,0.0493373598055209,0.010529042121993015,0.018478780946868695,0.1689853184694612,-0.07999999999999963,2.501045644256673,1.798282867769643,-1.0,0.0,-0.20164056123699314,,,0.0,0.0,0.0,,0.0,,,
2023-03-02,0.006031458772198128,0.03608336751091734,0.015080257760804905,0.01841873985561172,-0.0335288910030318,-0.20000000000000018,2.4334229163291607,1.7783843414258502,-1.0,0.0,-0.20164056123699314,,,0.0,0.0,0.0,,0.0,,,
2023-03-03,0.019260605541814968,0.04308358613631125,0.03022931696665232,0.016872888270197894,0.6530496075862091,-0.020000000000000018,2.370752504948474,1.758966508395028,-1.0,0.0,-0.20164056123699314,,,0.0,0.0,0.0,,0.0,,,
2023-03-06,0.00974155324529935,0.06124624177801863,0.035860385684031826,0.01687251458500592,0.7488831829553511,-0.06000000000000005,2.312504362901942,1.7400089571856558,-0.9324097852953405,0.06759021470465953,-0.20164056123699314,,,0.0,0.0,0.0,,0.0,,,
2023-03-07,-0.0364505045098209,0.006855100245696022,-0.0008745042873750108,0.016964627912548876,-0.10565867303584664,-0.050000000000000266,2.2582319547972762,1.7214924731660597,-1.0,0.0,-0.20164056123699314,,,0.0,0.0,0.0,,0.0,,,
2023-03-08,-0.011929602059412403,-0.013346489009920859,-0.011637290037438852,0.01669014435504696,-0.6767538693261521,0.029999999999999805,2.2075569854418067,1.703398949592587,-1.0,0.0,0.0,,,0.0,0.0,0.0,,0.0,,,
2023-03-09,-0.012337733611286872,-0.03171568139340586,-0.02245325187815883,0.016855964675997547,-0.26054609007497564,0.1499999999999999,2.160157545926878,1.6857113065983664,-0.7652977220624666,0.2347022779375334,0.0,,,0.0,0.0,0.0,,0.0,,,
2023-03-10,0.012598591836321837,-0.03837769509889899,-0.007910681183479262,0.016359465226813814,-0.3874171801593329,0.27,2.11575883310439,1.6684134173138903,-0.1829735594947514,0.8170264405052486,0.0,,,0.0,0.0,0.0,,0.0,,,
2023-03-13,-0.024823033197011846,-0.07294228154121019,-0.029285853369112935,0.01703156228715226,-0.33589243474292374,0.43000000000000016,2.0741258351043195,1.6514900403886597,0.8831065927946848,1.8155163780900252,0.0,,,0.0,0.0,0.0,,0.0,,,
2023-03-14,-0.04750088869048508,-0.08399266572187436,-0.0716422389806679,0.019590662860759885,0.3690033862358888,0.33000000000000007,2.035057541075485,1.6349267582682414,0.7192116604852437,1.7192116604852437,0.0,,,0.0,0.0,0.0,,0.0,,,
2023-03-15,-0.05356109518736041,-0.12562415884982236,-0.11767890597925312,0.0223869130060594,-0.5407937844943422,0.4700000000000002,1.9983823510210643,1.6187099206550823,1.0,2.0,0.0,,,0.0,0.0,0.0,,0.0,,,
2023-03-16,0.010885662067372515,-0.10240076317116298,-0.09987676066344342,0.02272810188727558,-0.22750889697296106,0.3700000000000001,1.9639544468208276,1.6028265926460052,0.8394629155461113,1.604760637608578,0.0,,,0.0,0.0,0.0,,0.0,,,
2023-03-17,-0.023837089846731274,-0.1388364448542161,-0.11699422181048114,0.022554325105002875,-0.2657492735609335,0.31000000000000005,1.9316509485175448,1.587264507095695,1.0,1.1829735594947515,0.0,,,0.0,0.0,0.0,,0.0,,,
2023-03-20,0.0133950507071523,-0.10061836095005194,-0.097549294938994,0.022959609370539067,-0.10290372132613079,0.07999999999999963,1.901369727666067,1.5720120208049,1.0,1.1829735594947515,0.0,,,0.0,0.0,0.0,,0.0,,,
2023-03-21,0.024678188924019295,-0.02843928333554757,-0.0681731721385388,0.02396244679572115,0.09775720349942674,0.050000000000000266,1.8629475831210427,1.5411164746721853,0.8261204511832156,0.10690879069797199,0.0,,,0.0,0.0,0.0,,0.0,,,
2023-03-22,0.02239272058368247,0.047514532435495305,-0.04367451377392051,0.023948175094641366,1.217120268221794,0.029999999999999805,1.8264327358411845,1.5113192963920807,1.0,0.0,0.0,,,0.0,0.0,0.0,,0.0,,,
2023-03-23,-0.013346783387680361,0.02328208698044243,-0.05328374765794042,0.023521892013223644,1.613018506910402,0.18000000000000016,1.7916897850269429,1.4825470269767895,1.0,0.1605370844538887,0.0,,,0.0,0.0,0.0,,0.0,,,
2023-03-24,-0.010056111176124816,0.03706306565104889,-0.058486484425777974,0.02325080374536643,0.9085726648366377,0.010000000000000231,1.7585993989241786,1.4547327828852101,1.0,0.0,0.0,,,0.0,0.0,0.0,,0.0,,,
2023-03-27,0.04998576943234312,0.0736537843762397,-0.006567684176584265,0.02625325293292297,0.628025990359804,-0.05999999999999961,1.727056351320591,1.4278155103858736,1.0,0.0,0.0,,,0.0,0.0,0.0,,0.0,,,
2023-03-28,0.005342112560646761,0.05431770801286717,0.0013373854240059657,0.0259000725445885,0.9777014586114574,0.040000000000000036,1.696967899983973,1.4017393406177208,1.0,0.17387954881678436,0.0,,,0.0,0.0,0.0,,0.0,,,
2023-03-29,-0.0031470231897374745,0.02877796423944723,0.0013242697935078596,0.02577420867664866,0.7427353452985619,-0.08999999999999986,1.668252449602324,1.376453029637097,1.0,0.0,0.0,,,0.0,0.0,0.0,,0.0,,,
2023-03-30,0.01900423693767994,0.06112898456480753,0.022813775382154233,0.02617709492782986,0.29300585260194634,-0.16999999999999993,1.6408384546926138,1.3519094705020929,1.0,0.0,0.0,,,0.0,0.0,0.0,,0.0,,,
2023-03-31,0.017329145991221928,0.08851424173215428,0.04272476300187211,0.026096084738354522,0.912835651395727,-0.10000000000000009,1.6146635281904944,1.3280652666699058,1.0,0.0,0.0,,,0.0,0.0,0.0,,0.0,,,
2023-04-03,0.060881120762696916,0.09940959306250807,0.10363074701719466,0.029632863957999963,0.7764392232780359,0.09999999999999964,1.5528486887123305,-0.4653661193642271,1.0,0.0,0.18077681907211485,,,0.0,0.0,0.0,,0.0,,,
2023-04-04,0.0035995818671530344,0.09766706236901435,0.10525268781812436,0.02836800893816612,0.47763916941907514,0.19999999999999973,1.5299565871948653,-0.4651449663058507,1.0,0.0,0.18077681907211485,,,0.0,0.0,0.0,,0.0,,,
2023-04-05,-0.001239772040770859,0.09957431351798096,0.10150078321019773,0.02819234816274177,0.35957162115434205,0.27,1.5081003199760208,-0.4649238690010466,1.0,0.0,0.18077681907211485,,,0.0,0.0,0.0,,0.0,,,
2023-04-06,0.0011158639803934278,0.08168594056069445,0.09943183474385275,0.02797907345790735,0.0842491026549319,0.25,1.4872536109256909,-0.4647028274043007,1.0,0.0,0.18077681907211485,,,0.0,0.0,0.0,,0.0,,,
2023-04-10,-0.011967233322693893,0.052389561246778626,0.08550808023237,0.028083085131925596,-0.36410796898798115,0.06999999999999984,1.467396796445976,-0.46448184147014066,0.04142429850942663,-0.9585757014905734,0.18077681907211485,,,0.0,0.0,0.0,,0.0,,,
2023-04-11,0.022199708721609923,0.013708149205691633,0.10340013066926179,0.02768870084531188,-0.17130348205336432,-0.0,1.4485169143771626,-0.4642609111531362,0.23380551789386939,-0.7661944821061306,0.0,,,0.0,0.0,0.0,,0.0,,,
2023-04-12,0.020997191092010148,0.031105758430548747,0.11666475948742683,0.0250540831365726,0.11666750600123343,-0.06000000000000005,1.4306079369297076,-0.4640400364078981,-0.027388747219541886,-1.027388747219542,0.0,,,0.0,0.0,0.0,,0.0,,,
2023-04-13,-0.013299676146526274,0.019045854324793332,0.09361945011501493,0.021189406575372424,0.7576157652480875,-0.15000000000000036,1.413671166066806,-0.4638192171890786,0.24535331695592608,-0.7546466830440739,0.0,,,0.0,0.0,0.0,,0.0,,,
2023-04-14,0.004372122582747551,0.022302112927147455,0.08857161644610834,0.02122099470652626,0.37759665803906994,-0.2200000000000002,1.3977158182559524,-0.46359845345137074,-0.3674887762862925,-1.3674887762862924,0.0,,,0.0,0.0,0.0,,0.0,,,
2023-04-17,-0.020692504457297645,0.013576841792543703,0.05830192646768406,0.02097180621723058,0.4308200355941927,-0.18999999999999995,1.3827598364815805,-0.46337774514950936,-0.3537344885670157,-0.39515878707644236,0.0,,,0.0,0.0,0.0,,0.0,,,
2023-04-18,0.0003710804668717316,-0.008251786462194488,0.04974701992544439,0.021049079927259063,0.3513078457357821,-0.1499999999999999,1.368830981992503,-0.46315709223827056,-0.027245980826055966,-0.26105149871992533,0.0,,,0.0,0.0,0.0,,0.0,,,
2023-04-19,-0.02124814347825943,-0.050497121032464065,0.02186920605818532,0.02173415506936317,-0.25209448501297693,-0.18999999999999995,1.3559682780896005,-0.4629364946724714,-0.3822585023241822,-0.3548697551046403,0.0,,,0.0,0.0,0.0,,0.0,,,
2023-04-20,-0.02390653961558531,-0.0611039845015231,-0.006352040936434378,0.02242167857261231,-0.6152468716081883,-0.08999999999999986,1.3340753663142249,-0.4604733654759317,-0.5184819534642353,-0.7638352704201614,0.0,,,0.0,0.0,0.0,,0.0,,,
2023-04-21,0.007476188470114664,-0.05799991861415599,-0.004231708438243942,0.022038588918667487,-0.38281392634995637,-0.04999999999999982,1.3128500689584943,-0.4580160972703084,-0.5592375778987259,-0.19174880161243335,0.0,,,0.0,0.0,0.0,,0.0,,,
2023-04-24,0.011364484182029955,-0.025942929974828388,0.0007058900039531579,0.021769028476392883,0.06271027434068266,0.08000000000000007,1.2922637721967545,-0.4555646351365567,-0.2450407020284517,0.10869378653856401,0.0,,,0.0,0.0,0.0,,0.0,,,
2023-04-25,-0.02169115398102317,-0.04800516442272329,-0.02382830354623433,0.020052943289701544,-0.42659873775134916,0.18000000000000016,1.2722906994176808,-0.4531189246430268,0.21529527873615945,0.24254125956221542,0.0,,,0.0,0.0,0.0,,0.0,,,
2023-04-26,-0.03660314806618814,-0.063360169010652,-0.06117722815024429,0.0218873626909201,-0.01659639740827501,0.16999999999999993,1.252907757657971,-0.4506789118386361,0.2405100177933535,0.6227685201175357,0.0,,,0.0,0.0,0.0,,0.0,,,
2023-04-27,0.006172030863648814,-0.03328159853141788,-0.056216926527087985,0.021899320313390293,-0.2601580424429484,0.010000000000000231,1.2340944176836626,-0.44824454324614516,0.04006412268971001,0.5585460761539454,0.0,,,0.0,0.0,0.0,,0.0,,,
2023-04-28,0.026661206985289176,-0.014096580016243365,-0.03115029728467089,0.022290186064952495,0.07283443283433444,0.1299999999999999,1.2158326266365775,-0.4458157658555393,0.026608074877808016,0.5858456527765339,0.0,,,0.0,0.0,0.0,,0.0,,,
2023-05-01,-0.014694570367768556,-0.040155634566041876,-0.04583825957736121,0.02225058164719367,-0.2010001350627011,-0.06999999999999984,2.218290771780862,-0.8402457544950833,-0.22621357096277694,0.018827131065674768,-0.21522628536323474,,,0.0,0.0,0.0,,0.0,,,
2023-05-02,-0.054316907328074926,-0.07278138791309363,-0.09438865742582081,0.02050088969476036,0.002090073821403582,-0.040000000000000036,2.1663702462217156,-0.8324529357695282,-0.17237960130907182,-0.38767488004523126,-0.21522628536323474,,,0.0,0.0,0.0,,0.0,,,
2023-05-03,-0.04364017714496793,-0.07981841699187342,-0.12990033714056626,0.02202935168909072,0.16719352881428007,0.050000000000000266,2.1176618970859624,-0.8247344865145987,-0.13171880749106704,-0.37222882528442053,-0.21522628536323474,,,0.0,0.0,0.0,,0.0,,,
2023-05-04,-0.0005832604423154919,-0.08657370829783773,-0.12238792573258284,0.02204064295357162,0.320941674523445,0.1599999999999997,2.0718806254180624,-0.817088677554956,0.091073543129115,0.05100942043940499,-0.21522628536323474,,,0.0,0.0,0.0,,0.0,,,
2023-05-05,0.03974790564122088,-0.07348700964190602,-0.07647595032410326,0.02445139397276119,0.5619636183076038,-0.0,2.028780742691218,-0.8095138300807536,0.06489113149202799,0.038283056614219976,-0.21522628536323474,,,0.0,0.0,0.0,,0.0,,,
2023-05-08,0.02519164359191972,-0.03360079568221774,-0.04697818081065641,0.025381310595486407,0.7263685340767823,0.06999999999999984,1.9881499162106606,-0.8020083136867753,-0.0,0.22621357096277694,0.0,,,0.0,0.0,0.0,,0.0,,,
2023-05-09,0.0074896516785321054,0.028205763324389288,-0.03444690035844378,0.02477877851954928,0.6576345722156596,-0.08999999999999986,1.9498043135521956,-0.794570544502866,0.02613041715104546,0.1985100184601173,0.0,,,0.0,0.0,0.0,,0.0,,,
2023-05-10,-0.015724669394315605,0.05612127107504161,-0.043293847954761766,0.02409897562632073,0.4507094749725771,-0.050000000000000266,1.913584693516182,-0.7871989834106332,0.06556573312976419,0.19728454062083123,0.0,,,0.0,0.0,0.0,,0.0,,,
2023-05-11,-0.023566592984717083,0.03313793853264002,-0.05946937329957169,0.02435100597001912,0.013608127916397983,-0.020000000000000018,1.8793532542650646,-0.779892134341721,0.092194677011094,0.001121133881979,0.0,,,0.0,0.0,0.0,,0.0,,,
2023-05-12,-0.01178070540451337,-0.01839067251309423,-0.06305136966481495,0.024207772703668452,-0.6851683778303252,-0.020000000000000018,1.8469910960931466,-0.7726485426532419,0.13266241871707235,0.06777128722504436,0.0,,,0.0,0.0,0.0,,0.0,,,
2023-05-15,0.015161466477775498,-0.028420849627238454,-0.041483892694524016,0.024558883525996753,-0.49327055497785377,0.020000000000000018,1.816396191526041,-0.7654667935762309,0.25362974863642307,0.25362974863642307,0.0,,,0.0,0.0,0.0,,0.0,,,
2023-05-16,-0.0035218744581007044,-0.039432375763871264,-0.03840510891385929,0.024517735755245493,-0.29489016940196233,-0.010000000000000231,1.787481782570531,-0.7583455107332314,0.1759570865413806,0.14982666939033512,0.0,,,0.0,0.0,0.0,,0.0,,,
2023-05-17,0.027421858792497922,0.003714152422942263,-0.006816091996134865,0.02538732832481426,-0.8606383194025735,-0.13999999999999968,1.760175146370245,-0.7512833547213702,0.1648729112707738,0.09930717814100962,0.0,,,0.0,0.0,0.0,,0.0,,,
2023-05-18,-0.013408176544451145,0.013872568863208201,-0.016582028568914886,0.02506418582298181,-0.8891013464638942,-0.2599999999999998,1.7344166880697958,-0.7442790217574905,-0.1395717252528102,-0.23176640226390421,0.0,,,0.0,0.0,0.0,,0.0,,,
2023-05-19,-0.004323275682912353,0.021329998584809218,-0.01667309107250592,0.024927196940944737,-0.341802724536322,-0.2400000000000002,1.7101593347440514,-0.7373312423821151,-0.1574853466332645,-0.2901477653503368,0.0,,,0.0,0.0,0.0,,0.0,,,
2023-05-22,0.0061307144787514645,0.012299246585785184,-0.0060484749292690765,0.024781892246599997,-0.7776886358601187,-0.2200000000000002,1.6751521048999576,-0.7241662818290457,-0.2500997605785925,-0.5037295092150156,0.0,,,0.0,0.0,0.0,,0.0,,,
2023-05-23,0.012698583337127367,0.028519704381013256,0.009424523206437385,0.02471884518122201,-0.9617006351201551,-0.16000000000000014,1.6415819257781754,-0.7111005467988456,-0.6083124972478672,-0.7842695837892477,0.0,,,0.0,0.0,0.0,,0.0,,,
2023-05-24,0.019423361050766808,0.02052120663928214,0.02882097359993363,0.02384248133363096,-0.7258772479871611,-0.16000000000000014,1.6093460257036825,-0.6981269554497348,-0.6521416334741886,-0.8170145447449624,0.0,,,0.0,0.0,0.0,,0.0,,,
2023-05-25,-0.03434694878239597,-0.0004175655986626836,-0.003526936857428886,0.024986864687793025,-0.6267872221010107,-0.18000000000000016,1.5783519484658428,-0.6852385010246966,-0.7118876330441467,-0.5723159077913365,0.0,,,0.0,0.0,0.0,,0.0,,,
2023-05-26,0.0116264285418346,0.015532138626084269,0.010850268931610785,0.02429583697234176,-0.7140883205273951,-0.09999999999999964,1.5485162922653555,-0.6724282306080845,-0.8582211111011995,-0.700735764467935,0.0,,,0.0,0.0,0.0,,0.0,,,
2023-05-29,0.0,0.009401424147332804,0.012866317660426674,0.024137307061005257,-0.7140883205273951,-0.09999999999999964,1.5197636368475662,-0.6596892235539207,-0.8582211111011995,-0.700735764467935,0.0,,,0.0,0.0,0.0,,0.0,,,
2023-05-30,-0.045177597312616946,-0.04847475650241151,-0.030752196424145062,0.02316183949555826,-0.19464695928537168,0.010000000000000231,1.4920256271152876,-0.6470145693996524,-0.96968407041556,-0.36137157316769286,0.0,,,0.0,0.0,0.0,,0.0,,,
2023-05-31,-0.019920687821052496,-0.08781880537423081,-0.05029977548334941,0.021436742580558783,-0.4075527577459992,0.08999999999999986,1.4652401876208199,-0.6343973450641938,-1.0,-0.34785836652581137,0.0,,,0.0,0.0,0.0,,0.0,,,
2023-06-01,0.02909243454566912,-0.024379422046165722,-0.022318016925231277,0.02242565078779336,0.6555705706575599,0.2200000000000002,2.6300810991606447,-0.24413933206539698,-1.0,-0.2881123669558533,-0.4897747418766252,,,0.0,0.0,0.0,,0.0,,,
2023-06-02,0.023125678063592225,-0.012880172524408096,0.0005280965296909912,0.021192471764732414,0.5185260100273092,0.10999999999999988,2.542276770425102,-0.2331345799748361,-1.0,-0.14177888889880053,-0.4897747418766252,,,0.0,0.0,0.0,,0.0,,,
2023-06-05,0.005698813115743384,-0.0071813594086647115,0.006921986560573856,0.020420647940124503,0.5185260100273092,0.10999999999999988,2.461600122974549,-0.22203048928849284,-1.0,-0.14177888889880053,-0.4897747418766252,,,0.0,0.0,0.0,,0.0,,,
2023-06-06,-0.005698813115743384,0.03229742478820885,0.0025776735996831945,0.020355272428625146,0.4834324032430004,-0.010000000000000231,2.3871168505406706,-0.2108190148054149,-1.0,-0.03031592958443996,-0.4897747418766252,,,0.0,0.0,0.0,,0.0,,,
2023-06-07,0.01095179727118456,0.0631699098804459,0.013550147692445336,0.020237753536537284,0.9152970003191041,-0.1499999999999999,2.318057376685091,-0.19949160857101156,-1.0,0.0,-0.4897747418766252,,,0.0,0.0,0.0,,0.0,,,
2023-06-08,-0.017244204245783656,0.01683327108899313,-0.003989499168706168,0.019897114039490623,0.3980871160216837,-0.1200000000000001,2.2537813859712577,-0.18803916733977935,-1.0,0.0,0.0,,,0.0,0.0,0.0,,0.0,,,
2023-06-09,-0.01583519586533999,-0.022127602839939087,-0.019917413126373518,0.020046721738901235,0.47723051308738995,-0.06000000000000005,2.193751283058029,-0.17645197360419637,-1.0,0.0,0.0,,,0.0,0.0,0.0,,0.0,,,
2023-06-12,-0.04443880710524617,-0.07226522306092864,-0.06146892464479592,0.022021436834690964,0.3059877604895789,-0.040000000000000036,2.1375120408638817,-0.1647196292055336,-1.0,0.0,0.0,,,0.0,0.0,0.0,,0.0,,,
2023-06-13,0.03369294827468927,-0.032873461670495985,-0.0267494219199218,0.02348840063576022,0.6517364914088164,-0.13999999999999968,2.084675697534261,-0.15283098036497875,-1.0,0.0,0.0,,,0.0,0.0,0.0,,0.0,,,
2023-06-14,-0.016704579003451236,-0.06052983794513178,-0.04022112458339233,0.022735927326280287,0.9035616849798478,-0.040000000000000036,2.034909287294286,-0.1407740327588199,-1.0,0.0,0.0,,,0.0,0.0,0.0,,0.0,,,
2023-06-15,0.03384295907005086,-0.009442674629297265,-0.005507845954084267,0.02404050614953396,0.8522955360488194,0.009999999999999787,1.9879253428479646,-0.12853585500041817,-0.7361823947844373,0.26381760521556274,0.0,,,0.0,0.0,0.0,,0.0,,,
2023-06-16,0.01629249521922116,0.022685016455263884,0.010624180279287465,0.024324951005764265,0.848849807673302,-0.020000000000000018,1.9434743479479548,-0.1161024685728916,-0.8009921640794742,0.19900783592052584,0.0,,,0.0,0.0,0.0,,0.0,,,
2023-06-19,0.0,0.06712382356051005,0.010770247017373613,0.02428435084497261,0.848849807673302,-0.020000000000000018,1.9013386861949126,-0.10345872186503328,-0.8009921640794742,0.19900783592052584,0.0,,,0.0,0.0,0.0,,0.0,,,
2023-06-20,-0.017993175901238168,0.015437699384582615,-0.005542274183857998,0.02439941682752417,0.21134341080912833,0.09999999999999964,1.8603539237992661,-0.11317842291273894,-0.7779548498522,0.22204515014780002,0.0,,,0.0,0.0,0.0,,0.0,,,
2023-06-21,0.02838755955709793,0.06052983794513178,0.02407773014792891,0.024884998095450913,0.04125412541253759,0.10999999999999988,1.8213633585832734,-0.12303011966874018,-0.6675390329443003,0.3324609670556997,0.0,,,0.0,0.0,0.0,,0.0,,,
2023-06-22,-0.04252964226292644,-0.015842763387845515,-0.016810332666281624,0.025517321047185453,-0.1713170833751665,-0.07999999999999963,1.7842114571152539,-0.13302015585738203,-0.47075641082745706,0.2654259839569802,0.0,,,0.0,0.0,0.0,,0.0,,,
2023-06-23,-0.00504796629730464,-0.037183224904371315,-0.019382999772914467,0.0253327346563793,-0.6194983212068461,0.029999999999999805,1.748760516427717,-0.14315524325575898,-0.28966279091364494,0.5113293731658293,0.0,,,0.0,0.0,0.0,,0.0,,,
2023-06-26,0.003031836582120029,-0.034151388322251286,-0.014027455829226376,0.025357385817987806,-0.6194983212068461,0.029999999999999805,1.714888270221969,-0.1534424915512003,-0.28966279091364494,0.5113293731658293,0.0,,,0.0,0.0,0.0,,0.0,,,
2023-06-27,-0.024368317478980828,-0.040526529899993946,-0.037112529938323036,0.02389098149583892,0.03623736736786398,-0.029999999999999805,1.6824858966900254,-0.16388944119005933,-0.4675382403457198,0.3104166095064802,0.0,,,0.0,0.0,0.0,,0.0,,,
2023-06-28,0.027103509567853123,-0.04181057988923875,-0.011076986870030225,0.02427115527527114,-0.5147944443976593,0.010000000000000231,1.6514563537063907,-0.17450409958137425,-0.5181948202804186,0.14934421266388165,0.0,,,0.0,0.0,0.0,,0.0,,,
2023-06-29,0.00430354989260362,0.005022612266291304,-0.0066019592443335995,0.023381351475998013,-0.6499083829592189,-0.050000000000000266,1.6217129830724744,-0.1852949810709979,-0.8895742010294868,-0.41881779020202975,0.0,,,0.0,0.0,0.0,,0.0,,,
2023-06-30,0.011103316917019157,0.0211738954806151,0.005273953463107439,0.022900472309366506,-0.1750704981871909,-0.06999999999999984,1.5931783377666648,-0.19627115116245197,-0.5963626905066408,-0.3066998995929959,0.0,,,0.0,0.0,0.0,,0.0,,,
2023-07-03,-0.012105823266644222,0.00603623563185085,-0.005169042193996276,0.022981587213074396,-0.11404471594216314,-0.13999999999999968,1.3663540409953914,0.5805561572456838,-0.7527542582616663,-0.3066998995929959,0.5768680638084889,,,0.0,0.0,0.0,,0.0,,,
2023-07-04,0.0,0.030404553110831678,-0.0037911552402425386,0.02296423496029047,-0.11404471594216314,-0.13999999999999968,1.345063060368689,0.568059058120993,-0.7527542582616663,-0.3066998995929959,0.5768680638084889,,,0.0,0.0,0.0,,0.0,,,
2023-07-05,0.028254457559331314,0.03155550110230987,0.024976056258435797,0.023765135104890454,-0.00846334199777754,-0.2400000000000002,1.3244642138782303,0.5555710723587871,-0.583140868394709,-0.06494604811429039,0.5768680638084889,,,0.0,0.0,0.0,,0.0,,,
2023-07-06,0.00013928546578600987,0.02739123667549226,0.02475892117798928,0.023436617463885652,-0.24454725710507663,-0.19999999999999973,1.3045323777211604,0.5430840505211887,-0.7055577038393878,0.18401649719009905,0.5768680638084889,,,0.0,0.0,0.0,,0.0,,,
2023-07-07,0.028286933370239353,0.044574853128712455,0.05048332754021789,0.02390423075854783,0.23835335948378944,-0.24999999999999956,1.2852455827520926,0.530589541989655,-0.5149536532410346,0.08140903726560622,0.5768680638084889,,,0.0,0.0,0.0,,0.0,,,
2023-07-10,-0.01184896396087698,0.0448317124344797,0.03444234441411087,0.02152390774135853,0.2156663890098165,-0.1499999999999999,1.2665849242037797,0.5180787447699224,-0.4351308042762686,0.3176234539853977,0.0,,,0.0,0.0,0.0,,0.0,,,
2023-07-11,0.02489642862872632,0.06972814106320602,0.05558657985990578,0.020972152337562243,0.2156663890098165,-0.1499999999999999,1.2485345153044867,0.5055424491637799,-0.30002555182939633,0.3176234539853977,0.0,,,0.0,0.0,0.0,,0.0,,,
2023-07-12,0.012219570297212101,0.053693253801086804,0.06260774950915415,0.020478716712980936,1.4326136191298966,0.0900000000000003,1.2310814863096093,0.4929709741543036,0.028410045154051444,0.6115509135487605,0.0,,,0.0,0.0,0.0,,0.0,,,
2023-07-13,0.014937384654610142,0.06849135298991094,0.07329201223657122,0.01949985826006039,2.2001463871012428,0.29000000000000004,1.2142160319698239,0.4803540951118044,0.04272752436660232,0.7482852282059901,0.0,,,0.0,0.0,0.0,,0.0,,,
2023-07-14,-0.019303337213878002,0.02090108240579358,0.051515344717155465,0.019962137931009483,1.7046241857098021,0.22999999999999954,1.1979315122116678,0.46768096112792906,-0.05678030526898324,0.45817334797205134,0.0,,,0.0,0.0,0.0,,0.0,,,
2023-07-17,-0.01698242324626964,0.01576762312040092,0.03290871232766257,0.020428618874483155,1.5368022139501725,0.19999999999999973,1.1822246129245295,0.45493999990762113,-0.05678030526898324,0.45817334797205134,0.0,,,0.0,0.0,0.0,,0.0,,,
2023-07-18,0.0213483758055375,0.012219570297212101,0.05066580140463728,0.020334122194846566,1.4385047635731452,0.1900000000000004,1.1670955763838546,0.442118807669637,-0.08665936813639062,0.2133661836930057,0.0,,,0.0,0.0,0.0,,0.0,,,
2023-07-19,-0.005294519316974444,-0.005294519316974444,0.04346409930280348,0.019552133097105823,0.24847307641631122,0.10999999999999988,1.1525485142018568,0.42920402089463183,-0.0881408250195114,-0.11655087017356285,0.0,,,0.0,0.0,0.0,,0.0,,,
2023-07-20,0.0037091047954334044,-0.01652279917615118,0.042954083960459855,0.01651975958857216,-0.35124518808600236,-0.0900000000000003,1.1353929525552569,0.42187816738179384,-0.04422961083405976,-0.08695713520066209,0.0,,,0.0,0.0,0.0,,0.0,,,
2023-07-21,0.01886106992196357,0.02164160795969039,0.05640058193368258,0.01667818048617771,-0.7650818522242808,-0.009999999999999787,1.1186799619590018,0.4145732167733753,-0.1631697439118824,-0.10638943864289917,0.0,,,0.0,0.0,0.0,,0.0,,,
2023-07-24,0.021437185725689645,0.060061216931649675,0.07150292825345339,0.017043568416242997,-0.5854344056478888,-0.04999999999999982,1.1023987849694,0.40728798791014664,-0.2377863094718434,-0.10638943864289917,0.0,,,0.0,0.0,0.0,,0.0,,,
2023-07-25,0.011239620753761947,0.04995246187987412,0.0746273126896595,0.015453083556937227,-0.7093271261869205,-0.11000000000000032,1.0865405073166234,0.4000213079063168,-0.16571305677792977,-0.07905368864153915,0.0,,,0.0,0.0,0.0,,0.0,,,
2023-07-26,-0.010731748726593437,0.04451523247025513,0.05767209056023237,0.015321531156568135,-0.3526317852644567,-0.10999999999999988,1.0710981075694954,0.3927720112017746,-0.17005959470396856,-0.08191876968445716,0.0,,,0.0,0.0,0.0,,0.0,,,
2023-07-27,0.0164918447928315,0.057297972467653224,0.06733104720521776,0.01548269431322923,-0.2543481976653661,-0.1599999999999997,1.056066538296796,0.38553893862189875,-0.06459385658204538,-0.020364245747985614,0.0,,,0.0,0.0,0.0,,0.0,,,
2023-07-28,0.006099477427610189,0.044536379973299844,0.06684782845945314,0.015450450597536311,0.1304033006109817,-0.1200000000000001,1.0414428434812735,0.37832093644317316,-0.0,0.1631697439118824,0.0,,,0.0,0.0,0.0,,0.0,,,
2023-07-31,0.01502676384550039,0.03812595809311059,0.07393526677597162,0.014904687898165772,-0.009931042912292298,-0.11000000000000032,1.0272263185190946,0.37111685546281664,0.1022716225943936,0.340057932066237,0.0,,,0.0,0.0,0.0,,0.0,,,
2023-08-01,-0.005270588900136097,0.021615748439212545,0.060988881791860905,0.015097794714346828,-0.6086215015718377,-0.13999999999999968,0.5514669712635281,-0.910703268745492,0.1022716225943936,0.340057932066237,0.05826532709976018,,,0.0,0.0,0.0,,0.0,,,
2023-08-02,-0.023375427123544235,0.008972070042261748,0.03251915281848472,0.015791969318949425,-1.1606657608695725,-0.2200000000000002,0.5386724282394275,-0.9052336395563437,0.11003088981676329,0.2800904845207318,0.05826532709976018,,,0.0,0.0,0.0,,0.0,,,
2023-08-03,0.025585101482001882,0.01806532673143213,0.05173766164984439,0.016385625614841425,-1.2744520916282198,-0.1900000000000004,0.5258497902178847,-0.8998047914449555,0.1751065821560332,0.23970043873807856,0.05826532709976018,,,0.0,0.0,0.0,,0.0,,,
2023-08-04,0.015453249050398021,0.027419098354219962,0.0614660022655924,0.01571977739163418,-0.8769993547729893,-0.08999999999999986,0.512987843649508,-0.8944160643466859,0.3305098207834444,0.3305098207834444,0.05826532709976018,,,0.0,0.0,0.0,,0.0,,,
2023-08-07,-0.010682305998695796,0.0017100285100237755,0.0450004549341374,0.015653155497510497,-1.0666748144055438,-0.11999999999999966,0.5000746168759369,-0.8890668124782554,0.1994629218115536,0.09719129921716,0.05826532709976018,,,0.0,0.0,0.0,,0.0,,,
2023-08-08,0.01188901544885379,0.018869632859013663,0.051756599709225526,0.015076840330401627,-0.8997771851791736,0.03000000000000025,0.48709725057995124,-0.8837564039354759,0.3321874854192308,0.09719129921716,0.0,,,0.0,0.0,0.0,,0.0,,,
2023-08-09,0.017691114034332323,0.05993617401689022,0.06404126588293657,0.015260720904243326,-0.2931330313581837,0.08000000000000007,0.4740418444449719,-0.8784842203047306,-0.17713919768069564,-0.2871700874974589,0.0,,,0.0,0.0,0.0,,0.0,,,
2023-08-10,-0.018897823484490317,0.015453249050398021,0.04142875494477938,0.01600578880770788,0.19950366971169808,0.11000000000000032,0.46089327417754494,-0.8732496562876435,-0.6084587566252335,-0.7835653387812667,0.0,,,0.0,0.0,0.0,,0.0,,,
2023-08-11,0.004457570178375114,0.004457570178375114,0.04098359229987558,0.015061302122577874,-0.6781629509935216,-0.11000000000000032,0.44763497132968383,-0.8680521193384171,-0.4115969441538338,-0.7421067649372781,0.0,,,0.0,0.0,0.0,,0.0,,,
2023-08-14,-0.008207650179544501,0.006932225997526409,0.027434470643715514,0.014507866949561497,-0.8327112072548992,-0.10000000000000053,0.434248656042916,-0.8628910293133354,-0.6235015938173375,-0.8229645156288911,0.0,,,0.0,0.0,0.0,,0.0,,,
2023-08-15,-0.01859380785535336,-0.023550597306680743,0.005496300494790773,0.014931410857689616,-0.47809817227748574,-0.1900000000000004,0.4207140096833772,-0.8577658181319466,-0.5380636233461427,-0.8702511087653735,0.0,,,0.0,0.0,0.0,,0.0,,,
2023-08-16,-0.020079242905978845,-0.06132095424699191,-0.017188068525308964,0.01572644299513384,-0.7357963105560916,-0.28000000000000025,0.4070082700020616,-0.8526759294494736,-0.7168384111562421,-0.5396992134755465,0.0,,,0.0,0.0,0.0,,0.0,,,
2023-08-17,0.012643342984949513,-0.02977978777755208,-0.007596563563955883,0.0158855365774563,-1.1464600392251834,-0.20999999999999996,0.3958591347224563,-0.8398760298380589,-0.4396693928875273,0.1687893637377062,0.0,,,0.0,0.0,0.0,,0.0,,,
2023-08-18,0.010641030869977364,-0.02359632708594983,0.0004036312350237381,0.015557940530503085,-0.6731769135344345,-0.09999999999999964,0.3846715953305759,-0.8273291590853054,-0.3159096412927023,0.09568730286113147,0.0,,,0.0,0.0,0.0,,0.0,,,
2023-08-21,-0.006544445164492707,-0.021933122070898037,-0.007382568455956751,0.015027796709908873,-0.32497033042535595,-0.14999999999999947,0.37343927142439,-0.8150401629957281,-0.5019060725735228,0.12159552124381467,0.0,,,0.0,0.0,0.0,,0.0,,,
2023-08-22,-0.004594283861832693,-0.007933598077377368,-0.01242691161349807,0.014889814945892085,-0.11870625982113303,-0.1299999999999999,0.3621555003095449,-0.8030162752319739,-0.5382505742177678,-0.00018695087162512447,0.0,,,0.0,0.0,0.0,,0.0,,,
2023-08-23,-0.018337615076522873,-0.006191970247921397,-0.030834292668232344,0.015282388575464118,0.2695357321791936,0.08999999999999986,0.3508133051583691,-0.7912675603660592,-0.4282232445837323,0.28861516657250985,0.0,,,0.0,0.0,0.0,,0.0,,,
2023-08-24,0.0020260865484829083,-0.016809226684388,-0.028154684185744294,0.014798926384172427,0.23961992695242795,0.0699999999999994,0.33940535976208625,-0.7798074822947766,-0.24684162145263047,0.19282777143489685,0.0,,,0.0,0.0,0.0,,0.0,,,
2023-08-25,0.009818810002226286,-0.01763144755213908,-0.017868318878242917,0.014911195519198511,-0.06775602185795648,0.009999999999999787,0.32792394937692015,-0.7686536384443482,-0.5718996292433114,-0.25598998795060907,0.0,,,0.0,0.0,0.0,,0.0,,,
2023-08-28,0.00337648041660632,-0.007710521971040052,-0.013441768984917779,0.014495820657057444,0.12219550118003353,0.13999999999999968,0.3163609270818619,-0.7578287160364874,-0.37211407429829796,0.12979199827522486,0.0,,,0.0,0.0,0.0,,0.0,,,
2023-08-29,0.013146660883299965,0.010030422774092607,-0.0001659011140704436,0.014795486737412931,0.0735322220689727,0.21999999999999975,0.3047076649666126,-0.7473617498633996,0.19443466799235173,0.7326852422101195,0.0,,,0.0,0.0,0.0,,0.0,,,
2023-08-30,0.005774326505650684,0.034142364356266164,0.004280144697668575,0.013786342743157156,0.19744948583987343,0.07000000000000028,0.2929549993489665,-0.7372897955058808,-0.08032263826161487,0.3479006063221174,0.0,,,0.0,0.0,0.0,,0.0,,,
2023-08-31,0.024205465930170256,0.05632174373795351,0.02722631171151768,0.013661468593090581,0.008649698840779152,0.14000000000000057,0.28109316907706655,-0.7276601842353313,0.21197390156398752,0.458815523016618,0.0,,,0.0,0.0,0.0,,0.0,,,
2023-09-01,0.02269869294476745,0.06920162668049468,0.04830343354524658,0.014145174612077378,-0.20354532306285922,0.07000000000000028,0.3195023491652624,0.6590752738699045,-0.39542390547730005,0.17647572376601134,-0.013034632086095232,,,0.0,0.0,0.0,,0.0,,,
2023-09-04,0.0,0.06582514626388836,0.046147747134273054,0.013854833565034303,-0.20354532306285922,0.07000000000000028,0.3073709667135402,0.6936240636845584,-0.39542390547730005,0.17647572376601134,-0.013034632086095232,,,0.0,0.0,0.0,,0.0,,,
2023-09-05,0.013237536542346717,0.06591602192293511,0.05716217121097156,0.013907874770296622,-0.9708406885019949,-0.14999999999999947,0.29511731265106284,0.7309145237325395,-0.9346895259325482,-1.1291241939249,-0.013034632086095232,,,0.0,0.0,0.0,,0.0,,,
2023-09-06,0.009757294882200895,0.06989899029948532,0.06509304458513032,0.01355205983515918,-1.7308088822701073,-0.17999999999999972,0.2827291239593516,0.7713990790324641,-1.0,-0.9196773617383851,-0.013034632086095232,,,0.0,0.0,0.0,,0.0,,,
2023-09-07,-0.00768308349092095,0.038010440878394114,0.05502280258648806,0.01286397668091954,-1.4371386982740653,-0.17999999999999972,0.27019316960517686,0.8156433841377768,-0.572170445900334,-0.7841443474643215,-0.013034632086095232,,,0.0,0.0,0.0,,0.0,,,
2023-09-08,0.0073403242759111365,0.0226520722095378,0.05983183064980224,0.012904482611581228,-0.9841916544522711,-0.08000000000000007,0.2574951241175685,0.8643658583698192,-0.43157913972115053,-0.036155234243850476,0.0,,,0.0,0.0,0.0,,0.0,,,
2023-09-11,-0.0025171638004817254,0.020134908409056074,0.054498846317770244,0.012716608814559867,-0.9841916544522711,-0.08000000000000007,0.2446194213166031,0.9184955789334913,-0.04787046247057796,-0.036155234243850476,0.0,,,0.0,0.0,0.0,,0.0,,,
2023-09-12,0.01760109027896828,0.024498462145677635,0.06747437115847266,0.012068356048162521,0.11792365431569918,-0.0,0.23154908429536317,0.9792595606274863,-0.29139740033376227,0.6432921255987859,0.0,,,0.0,0.0,0.0,,0.0,,,
2023-09-13,-0.003608483843377641,0.011132683420099099,0.058416783923698645,0.010787826602827882,0.6664637133401818,0.04999999999999982,0.21826552684385328,1.0483188886585069,0.04959953930551119,1.049599539305511,0.0,,,0.0,0.0,0.0,,0.0,,,
2023-09-14,0.018357354548672156,0.037173121459692204,0.07103933450278799,0.011060599159661249,0.584898419716473,-0.020000000000000462,0.20474832033987997,1.1279897678209592,-0.2957103956349237,0.27646005026541026,0.0,,,0.0,0.0,0.0,,0.0,,,
2023-09-15,0.006742964807014751,0.03657576199079582,0.07224239864336823,0.011003793129662385,0.6137887205559855,-0.07000000000000028,0.19097491863646573,1.221620269557002,-0.49508845352179737,-0.06350931380064684,0.0,,,0.0,0.0,0.0,,0.0,,,
2023-09-18,0.007791534616044871,0.046884460407322415,0.07377723360395194,0.010635957450865707,0.11933547939403377,-0.03000000000000025,0.17692033153899853,1.3342718105844604,-0.40440817187242056,-0.3565377094018426,0.0,,,0.0,0.0,0.0,,0.0,,,
2023-09-19,-0.0030654720742946395,0.026217898054059496,0.06437862128481875,0.01055908291030767,0.10454171074100183,-0.10000000000000053,0.16225013021295645,1.3128990086474768,-0.2989690411952217,-0.00757164086145945,0.0,,,0.0,0.0,0.0,,0.0,,,
2023-09-20,-0.010138945130950816,0.01968743676648632,0.047496602411751354,0.009672840232987884,0.07442904004711925,-0.09999999999999964,0.14721100822103322,1.2920778256963255,-0.8337834157651148,-0.883382955070626,0.0,,,0.0,0.0,0.0,,0.0,,,
2023-09-21,-0.007225866580064633,-0.005895784362250467,0.03399025974599734,0.010121145969520271,-0.2584141307082177,-0.20000000000000018,0.1317635294398549,1.2717800726721193,-0.6602015708781679,-0.3644911752432442,0.0,,,0.0,0.0,0.0,,0.0,,,
2023-09-22,0.004452862751114672,-0.008185886418150545,0.03243094377397693,0.010093497159039178,-0.27359961715855974,-0.11000000000000032,0.11586282392121439,1.2519794798530615,-0.32072099111944635,0.17436746240235101,0.0,,,0.0,0.0,0.0,,0.0,,,
2023-09-25,-0.003895169356480821,-0.019872590390676237,0.022887178183016665,0.010321821057652053,-0.7595273025517768,-0.22999999999999954,0.09945752042142239,1.2326515295845866,-0.492231634117082,-0.08782346224466142,0.0,,,0.0,0.0,0.0,,0.0,,,
2023-09-26,0.007885863046415587,-0.00892125526996601,0.02538748488679765,0.010186834637215434,-1.0809271692616251,-0.1899999999999995,0.08248840882156837,1.213773306455065,-0.7581445085819819,-0.4591754673867602,0.0,,,0.0,0.0,0.0,,0.0,,,
2023-09-27,0.035751077479141635,0.03696876734012644,0.05425416847463005,0.012244534441943983,-1.6737927066386327,-0.2600000000000007,0.06488674694179301,1.1953233628023157,-0.8712450867208034,-0.03746167095568853,0.0,,,0.0,0.0,0.0,,0.0,,,
2023-09-28,-0.02125329471860926,0.022941339201581812,0.02838941789714955,0.01305258370883414,-0.8073857615785052,-0.09999999999999964,0.0465720932500348,1.1772815977265765,-0.822175318927409,-0.16197374804924114,0.0,,,0.0,0.0,0.0,,0.0,,,
2023-09-29,-0.010082277187186683,0.008406199263280456,0.015334733357689423,0.012715628455471004,-0.6394274363822783,-0.14999999999999947,0.027449498681628215,1.1596291480316048,-0.6866733939715874,-0.3659524028521411,0.0,,,0.0,0.0,0.0,,0.0,,,
2023-10-02,-0.02193729751970963,-0.009635928899948354,-0.00847810663830817,0.013878519702559131,-0.7699343975275719,-0.14000000000000057,0.8566567558105561,0.5433073023150391,-0.6866733939715874,-0.3659524028521411,-0.5070511159216973,,,0.0,0.0,0.0,,0.0,,,
2023-10-03,0.0046054560481039175,-0.012916335898260023,-0.0053165890417794515,0.013638731133722755,-1.0701029278003205,-0.25,0.8487378395625598,0.5367601498980294,-0.8549064996187492,-0.0967619910367673,-0.5070511159216973,,,0.0,0.0,0.0,,0.0,,,
2023-10-04,-0.0577848831782779,-0.10645229655567956,-0.061168301768609545,0.018841623683360835,-0.4919932189333176,-0.1200000000000001,0.8416619234415329,0.5302468766780108,-0.1654294840240754,0.7058156026967279,-0.5070511159216973,,,0.0,0.0,0.0,,0.0,,,
2023-10-05,-0.022939815749229098,-0.1081388175862994,-0.08141211045347418,0.01938760880756394,-1.1140563206027299,-0.1299999999999999,0.8355662894001226,0.5237665948910536,-0.3984586666420106,0.42371665228539845,-0.5070511159216973,,,0.0,0.0,0.0,,0.0,,,
2023-10-06,0.005814674166161993,-0.09224186623295072,-0.07282514671746121,0.019349004459702907,-0.8573458580285687,-0.1900000000000004,0.8306294051610209,0.5173184330820905,-0.4488218478633498,0.23785154610823767,-0.5070511159216973,,,0.0,0.0,0.0,,0.0,,,
2023-10-09,0.04244888638184019,-0.0278556823314009,-0.029852273274885377,0.0218332048903501,-0.8573458580285687,-0.1900000000000004,0.8270866545241206,0.51090153548794,-0.4488218478633498,0.23785154610823767,0.0,,,0.0,0.0,0.0,,0.0,,,
2023-10-10,-0.004757769346202423,-0.03721890772570724,-0.03296811257909393,0.02142489751075375,0.6920074193277337,0.14999999999999947,0.825253995851361,0.5045150614406078,0.09472253320753293,0.9496290328262822,0.0,,,0.0,0.0,0.0,,0.0,,,
2023-10-11,-0.029271533980443465,-0.008705558527872803,-0.05931456401069113,0.0222995120390379,0.6674239813066252,0.15000000000000036,0.825564683889674,0.49815818478987245,-0.14719073781576458,0.018238746208310813,0.0,,,0.0,0.0,0.0,,0.0,,,
2023-10-12,-0.006971182077782245,0.007263075143574049,-0.06209423670830372,0.021739423999306732,0.5562581870922623,0.019999999999999574,0.8286284243828861,0.49183009334419453,-0.2978065078852108,0.10065215875679978,0.0,,,0.0,0.0,0.0,,0.0,,,
2023-10-13,0.05605218566313752,0.05750058664054958,-0.004316002707802191,0.025513276898880395,-0.1938287708045605,0.15000000000000036,0.8353309912021607,0.48552998832905286,-0.10042801977088886,0.3483938280924609,0.0,,,0.0,0.0,0.0,,0.0,,,
2023-10-16,-0.011815451479501249,0.0032362487792081396,-0.013425056545163017,0.02550501358305229,-0.1938287708045605,0.15000000000000036,0.8215180680012257,0.47405141602503564,-0.20231295558571027,0.3483938280924609,0.0,,,0.0,0.0,0.0,,0.0,,,
2023-10-17,0.0,0.007994018125410562,-0.010871932506735682,0.02551195224261469,-0.15618873456211269,-0.16999999999999993,0.8078749250134651,0.462561888835068,-0.5400675752505213,-0.6347901084580543,0.0,,,0.0,0.0,0.0,,0.0,,,
2023-10-18,0.018974166217021526,0.056239718322875554,0.00919970218131283,0.025884190784537242,-0.8512686762287558,-0.33000000000000007,0.794395377464897,0.4510551774250609,-0.3375956242427228,-0.19040488642695824,0.0,,,0.0,0.0,0.0,,0.0,,,
2023-10-19,0.011818472864516316,0.07502937326517412,0.021163426544626773,0.02599692821205539,-0.4771524412365613,-0.28000000000000025,0.7810737416956659,0.43952483905268425,-0.0949051966972293,0.2029013111879815,0.0,,,0.0,0.0,0.0,,0.0,,,
2023-10-20,-0.006961627037775919,0.012015560564260674,0.014917775495094432,0.026015957698839735,-0.013430920568247018,-0.2999999999999998,0.7679048594247988,0.42796418956075355,0.14302961470510867,0.24345763447599753,0.0,,,0.0,0.0,0.0,,0.0,,,
2023-10-23,0.0,0.023831012043761923,0.01543899301551388,0.026005483003535054,0.027489792691282045,-0.15000000000000036,0.7548841327366329,0.41636627261567777,0.19190772814875,0.3942206837344603,0.0,,,0.0,0.0,0.0,,0.0,,,
2023-10-24,-0.058106667764527664,-0.03427565572076574,-0.038846830688048506,0.02890735851384709,-0.4234885908242614,-0.0,0.7420075720937823,0.40472382577596183,0.09627075795830804,0.6363383332088294,0.0,,,0.0,0.0,0.0,,0.0,,,
2023-10-25,0.01951223732851748,-0.03373758460926979,-0.014701807291033653,0.027949562528347016,0.02237212352643736,-0.040000000000000036,0.729271860400137,0.393029242908545,0.09667815848160624,0.43427378272432904,0.0,,,0.0,0.0,0.0,,0.0,,,
2023-10-26,-0.025861465007176676,-0.07141752248096278,-0.03570007771528427,0.02811230916484457,-0.16833874537551807,0.1200000000000001,0.7166744370950044,0.381274532390303,0.09736433912289719,0.19226953582012649,0.0,,,0.0,0.0,0.0,,0.0,,,
2023-10-27,0.027616569886424358,-0.0368393255567625,-0.00510525559961561,0.02899398551808602,-0.006471863573120906,0.08999999999999986,0.7042136075490586,0.36945127043542986,0.202942070976716,0.05991245627160732,0.0,,,0.0,0.0,0.0,,0.0,,,
2023-10-30,-0.03849149581420974,-0.07533082137097225,-0.0397907892698548,0.02978909702150588,-0.09976915202709602,-0.019999999999999574,0.6918886847886077,0.3575505487729396,0.4826696875168899,0.29076195936813987,0.0,,,0.0,0.0,0.0,,0.0,,,
2023-10-31,-0.015796569210008826,-0.03302072281645341,-0.05076129507298699,0.029835184365069153,-0.15755215073243178,-0.04999999999999982,0.679700172993103,0.34556291575755904,0.4618411016088335,0.3655703436505255,0.0,,,0.0,0.0,0.0,,0.0,,,
2023-11-01,-0.0071844728700929394,-0.059717433015063826,-0.05564972505161325,0.027130805683134612,-0.004119976960437199,0.1800000000000006,1.0310286359429408,1.0712563512637494,0.6106790684676847,0.5140009099860785,0.683862656348555,,,0.0,0.0,0.0,,0.0,,,
2023-11-02,0.024801762374302427,-0.009054205633584722,-0.030938998692021435,0.027318486609116004,0.9068886767134576,0.1900000000000004,1.0195992862936427,1.0547942912797876,0.3211722022988562,0.223807863175959,0.683862656348555,,,0.0,0.0,0.0,,0.0,,,
2023-11-03,-0.023931926966864303,-0.06060270248687338,-0.0534746316169441,0.02779605633180203,1.507523054521931,0.2699999999999996,1.0087799428753017,1.0386822024471352,1.0,0.797057929023284,0.683862656348555,,,0.0,0.0,0.0,,0.0,,,
2023-11-06,0.003843059338437982,-0.01826814733422566,-0.04630498688439566,0.0258643472226058,1.4255199841824995,0.20999999999999996,0.9986142250534963,1.0229093932512563,1.0,0.797057929023284,0.683862656348555,,,0.0,0.0,0.0,,0.0,,,
2023-11-07,-0.043625351088963704,-0.04609692921318054,-0.08466037349210964,0.02739259645585798,1.4201801731962505,0.2999999999999998,0.9891568628935131,1.0074663703777391,0.31019800743194087,-0.15164309417689265,0.683862656348555,,,0.0,0.0,0.0,,0.0,,,
2023-11-08,-0.026720646723759955,-0.06563310306684755,-0.10623860009745378,0.027280669414374018,1.3729459529760235,0.27999999999999936,0.9804764107075206,0.9923448469016142,0.3696847158761187,-0.24099435259156604,0.0,,,0.0,0.0,0.0,,0.0,,,
2023-11-09,0.005427960636045448,-0.08500690480510453,-0.09628817647868448,0.02737763704406941,0.6133536455357858,0.04999999999999982,0.9726588647268539,0.9775377670562531,0.1861669268047638,-0.13500527549409239,0.0,,,0.0,0.0,0.0,,0.0,,,
2023-11-10,0.018704357995862786,-0.042370619842377444,-0.07119396411673407,0.0241068011094137,0.6133536455357858,-0.040000000000000036,0.9658125523008978,0.9630393496112691,-0.0,-1.0,0.0,,,0.0,0.0,0.0,,0.0,,,
2023-11-13,0.014025836312754336,-0.03218784286806109,-0.05207033782750514,0.024490163491499073,-0.6395480746150373,0.040000000000000036,0.9600748432756621,0.9488451525820494,0.4410030189997469,-1.0,0.0,,,0.0,0.0,0.0,,0.0,,,
2023-11-14,0.0,0.011437508220902615,-0.046972547851030555,0.024490163491499073,0.5960957652380361,0.13999999999999968,0.9556215277896457,0.9349521628656919,1.0,0.6898019925680592,0.0,,,0.0,0.0,0.0,,0.0,,,
2023-11-15,-0.020656556829857564,0.017501598114805006,-0.060549778552069,0.02403909150740028,0.8335476515366258,-0.040000000000000036,0.9526801883012727,0.9213589155128994,1.0,0.6303152841238813,0.0,,,0.0,0.0,0.0,,0.0,,,
2023-11-16,-0.05029142093779626,-0.0382177834590367,-0.10065637867093091,0.02544028806016877,0.7800825526639743,0.16999999999999993,0.9567894934135966,0.9064205430934593,1.0,0.8138330731952362,0.0,,,0.0,0.0,0.0,,0.0,,,
2023-11-17,0.04019628440120915,-0.01672585705369034,-0.052633169022736404,0.027828071996297166,0.7800825526639743,0.16999999999999993,0.9609254686382643,0.8916899057167672,1.0,1.0,0.0,,,0.0,0.0,0.0,,0.0,,,
2023-11-20,0.022282503773351614,-0.008469189593093063,-0.023637865191067142,0.028593449459603605,1.7750256480628446,0.20999999999999996,0.9650884598442918,0.8771573044121367,0.8750294667356783,0.43402644773593135,0.0,,,0.0,0.0,0.0,,0.0,,,
2023-11-21,0.0021883255176788907,-0.006280864075414172,-0.017751489279181243,0.02594553787409958,0.9278121137206274,0.03000000000000025,0.9692788191859131,0.8628134350057467,0.8724365569584814,-0.12756344304151856,0.0,,,0.0,0.0,0.0,,0.0,,,
2023-11-22,-0.0086524721375687,0.005723220616874691,-0.02129767554923756,0.025377584464313915,0.32599655254722526,0.11000000000000032,0.9734969052512745,0.8486493582538062,1.0,0.0,0.0,,,0.0,0.0,0.0,,0.0,,,
2023-11-23,0.0,0.05601464155467095,-0.017484462932086053,0.024919100682059388,0.32599655254722526,0.11000000000000032,0.9777430832154621,0.8346564719344138,1.0,0.0,0.0,,,0.0,0.0,0.0,,0.0,,,
2023-11-24,-0.02044096328497247,-0.004622606131510665,-0.0317093369413346,0.024030073851182773,0.5272752398266634,-0.02999999999999936,0.9820177249980246,0.8208264846943804,0.39258537485268347,-0.6074146251473165,0.0,,,0.0,0.0,0.0,,0.0,,,
2023-11-27,-0.009042614808027594,-0.03594772471288987,-0.03600830652394915,0.022820085896682062,0.06677571426313422,0.03000000000000025,0.9863212094251105,0.8071513914651725,1.0,0.12497053326432173,0.0,,,0.0,0.0,0.0,,0.0,,,
2023-11-28,0.02049387518319179,-0.017642175047376973,-0.012585308335004264,0.023332026302645772,0.5270989759956657,0.07000000000000028,0.9906539223964286,0.7936234502777156,1.0,0.12756344304151856,0.0,,,0.0,0.0,0.0,,0.0,,,
2023-11-29,0.018798764522834688,0.009809061613026415,0.007843417323937452,0.02380128505937609,0.716190394116023,0.15000000000000036,0.9950162570571622,0.7802351603191718,1.0,0.0,0.0,,,0.0,0.0,0.0,,0.0,,,
2023-11-30,-0.024705456238224954,-0.014896394625198539,-0.012756716847554195,0.02347990907228831,0.716190394116023,0.15000000000000036,0.9994086139750245,0.7669792410863348,1.0,0.0,0.0,,,0.0,0.0,0.0,,0.0,,,
2023-12-01,-0.02519629391888678,-0.01965172525911285,-0.03378447035210641,0.02353773160316339,0.22302544286896264,0.25,0.28737235793292204,-0.1542828854430771,1.0,0.6074146251473165,0.9290952615338854,,,0.0,0.0,0.0,,0.0,,,
2023-12-04,-0.014003355738484657,-0.024612466189569915,-0.04272696492241046,0.02355629819315867,-0.24939046208383164,0.10999999999999943,0.2974141434493326,-0.16118179573125832,1.0,0.0,0.9290952615338854,,,0.0,0.0,0.0,,0.0,,,
2023-12-05,-0.009906520202791924,-0.05501286157555363,-0.04925856550132934,0.021791472327191395,-1.004177592850275,0.16000000000000014,0.30762047470711057,-0.16813754910753176,1.0,0.0,0.9290952615338854,,,0.0,0.0,0.0,,0.0,,,
2023-12-06,-0.04150207454231758,-0.1153137006407059,-0.08664664902884756,0.022849887130301862,-0.598835379945406,0.14999999999999947,0.317998756215951,-0.17515196209912098,1.0,0.0,0.9290952615338854,,,0.0,0.0,0.0,,0.0,,,
2023-12-07,-0.0005767012847259778,-0.09118494568720692,-0.08280912620273462,0.022757173853964145,-0.2976462741406172,0.23000000000000043,0.3285568357771187,-0.18222691526335616,1.0,0.0,0.9290952615338854,,,0.0,0.0,0.0,,0.0,,,
2023-12-08,0.026892137733384835,-0.039096514034935304,-0.05191215334538768,0.023262979106202966,-0.6822441438557147,-0.010000000000000675,0.3393030403084014,-0.1893643564395402,1.0,0.0,0.0,,,0.0,0.0,0.0,,0.0,,,
2023-12-11,0.0012627150046764513,-0.023830443291774195,-0.04600644715134461,0.022914779015942084,-0.37784493914387873,0.04999999999999982,0.3502462152748972,-0.19656630419989163,0.9251036956391498,-0.07489630436085015,0.0,,,0.0,0.0,0.0,,0.0,,,
2023-12-12,-0.038738496292139324,-0.052662419381121595,-0.07816502743951048,0.02410783602233887,0.09073501154470698,-0.020000000000000462,0.3613957681643052,-0.20383485151433245,0.20704815363195916,-0.7929518463680408,0.0,,,0.0,0.0,0.0,,0.0,,,
2023-12-13,0.012456708001989725,0.0012963631631857098,-0.060784066675140025,0.024226979542315685,-0.5174499350387496,0.08000000000000007,0.3727617165081872,-0.21117216964516286,1.0,0.0,0.0,,,0.0,0.0,0.0,,0.0,,,
2023-12-14,0.029920700633089936,0.031793765081001624,-0.02994971935821411,0.022925825272022565,0.8565413473984096,0.21999999999999975,0.3843547410240581,-0.21858051228908737,1.0,0.0,0.0,,,0.0,0.0,0.0,,0.0,,,
2023-12-15,-0.002097756170997833,0.002803871176618955,-0.029019126816764107,0.02078487837439195,0.8467158603751024,0.3200000000000003,0.396186244538655,-0.22606221998555764,1.0,0.0,0.0,,,0.0,0.0,0.0,,0.0,,,
2023-12-18,0.01445473395430863,0.015995890126251133,-0.011144655659057534,0.020352379194535173,0.8415758480879831,0.28000000000000025,0.3973734025888535,-0.21737360825369192,1.0,0.07489630436085015,0.0,,,0.0,0.0,0.0,,0.0,,,
2023-12-19,0.013296063191044816,0.06803044960943527,0.005015757851719371,0.020662661420030023,1.009680838105531,0.27,0.3985621503468132,-0.20864922688858145,1.0,0.7929518463680408,0.0,,,0.0,0.0,0.0,,0.0,,,
2023-12-20,0.010564909320216032,0.06613865092766158,0.017484148418776435,0.02082551981408668,1.3318245484581603,0.18000000000000016,0.399752495106207,-0.19988626883430094,1.0,0.0,0.0,,,0.0,0.0,0.0,,0.0,,,
2023-12-21,-0.004456154831895098,0.031761795462676545,0.01515428257531859,0.020827920621370226,0.21034003159700054,0.029999999999999805,0.400944444197392,-0.19108183728210285,1.0,0.0,0.0,,,0.0,0.0,0.0,,0.0,,,
2023-12-22,-0.0044761010644354116,0.029383450569238967,0.012006227388291713,0.020390392154033512,0.5643144794226118,0.010000000000000231,0.40213800498766306,-0.18223293899861454,1.0,0.0,0.0,,,0.0,0.0,0.0,,0.0,,,
2023-12-26,0.026957979296508228,0.041886695911438565,0.03849222285698328,0.021244660331320445,0.8528882447031205,0.06000000000000005,0.4033331848815269,-0.17333647718486034,0.9276217679494881,-0.07237823205051186,0.0,,,0.0,0.0,0.0,,0.0,,,
2023-12-27,-0.019508903069361594,0.009081729651032155,0.02051147487243199,0.021143276713670167,0.8289582063765288,0.14000000000000012,0.4045299913209799,-0.164389243820895,0.8310462748539426,-0.16895372514605744,0.0,,,0.0,0.0,0.0,,0.0,,,
2023-12-28,-0.03208391452128634,-0.033567094190470215,-0.007500150611837952,0.021624478425464836,0.9478558014446636,0.020000000000000018,0.40572843178576157,-0.15538791144604866,0.8610602894608599,-0.13893971053914012,0.0,,,0.0,0.0,0.0,,0.0,,,
2023-12-29,-0.0016734071678001783,-0.030784346526375295,-0.006252871196142706,0.02107411302690527,0.7509420299572245,0.010000000000000231,0.4069285137936449,-0.14632902431931236,0.5884888339153904,-0.13893971053914012,0.0,,,0.0,0.0,0.0,,0.0,,,
2024-01-02,-0.01788402238074127,-0.044192267842681154,-0.02158182057029645,0.02072790114011471,-0.17310236220473563,-0.050000000000000266,1.3675916676672384,-1.9486446739272942,0.4200722521925458,-0.5799277478074543,-2.114914020366432,,,0.0,0.0,0.0,,0.0,,,
2024-01-03,0.03243225264603389,-0.038717994493155494,0.011083724663099481,0.021943118235834155,-0.6798864472715715,-0.020000000000000018,1.3514677500837535,-1.9026743677774416,0.46546505341560823,-0.4621567145338799,-2.114914020366432,,,0.0,0.0,0.0,,0.0,,,
2024-01-04,-0.0070398523884041,-0.026248943812198,0.004133831471337501,0.02188589470644638,-0.9689135658872194,-0.20000000000000018,1.335680660544724,-1.8590298206715372,0.3430643179269969,-0.4879819569269457,-2.114914020366432,,,0.0,0.0,0.0,,0.0,,,
2024-01-05,0.02219269163089166,0.028027662339979997,0.023231743990211662,0.02010440829315123,-0.8256031564795041,-0.20999999999999996,1.3202171329780943,-1.8175093531362012,0.5300886210125862,-0.33097166844827364,-2.114914020366432,,,0.0,0.0,0.0,,0.0,,,
2024-01-08,-0.04205904169426766,-0.012357972186487487,-0.01984795979559717,0.022500182409022757,-0.7007214948725249,-0.1299999999999999,1.3050646165230575,-1.7779352642393351,0.5979116808380771,0.00942284692268669,-2.114914020366432,,,0.0,0.0,0.0,,0.0,,,
2024-01-09,0.02055872702103656,0.026084777215290345,6.775669517011806e-06,0.022158879751618104,-0.3337005716508745,-0.0699999999999994,1.2902112264015153,-1.7401503082400074,0.6384468573949591,0.2183746052024133,0.0,,,0.0,0.0,0.0,,0.0,,,
2024-01-10,-0.012116296125753934,-0.018463771556497477,-0.012144561455639469,0.022342313870291893,-0.054805598859775095,-0.1299999999999999,1.2756456988563853,-1.7040147880900143,0.15742179184374638,-0.30804326157186185,0.0,,,0.0,0.0,0.0,,0.0,,,
2024-01-11,0.009066245237753456,-0.002357673930339921,-0.005503594293782221,0.02045317062379251,-0.22638203389375722,0.010000000000000231,1.2613573497644293,-1.6694041424610653,0.1928408174576333,-0.15022350046936359,0.0,,,0.0,0.0,0.0,,0.0,,,
2024-01-12,0.009122385307240855,-0.015427980253990725,0.0013602290722998234,0.02038056008252108,-0.12229034743860279,0.08999999999999986,1.2473360365742594,-1.6362069306435347,0.5188418470916999,-0.011246773920886355,0.0,,,0.0,0.0,0.0,,0.0,,,
2024-01-15,0.0,0.026631061440276937,0.0005977021627954215,0.01931337432015695,-0.12229034743860279,0.08999999999999986,1.2335721232580723,-1.6043231405101994,0.5188418470916999,-0.011246773920886355,0.0,,,0.0,0.0,0.0,,0.0,,,
2024-01-16,-0.003859944136299198,0.002212390282941179,-0.003936659484743643,0.0193311214570088,-0.7598611475549522,-0.05000000000000071,1.2200564479987461,-1.5736627605915259,0.32930344933210004,-0.30914340806285906,0.0,,,0.0,0.0,0.0,,0.0,,,
2024-01-17,0.002207506415210503,0.016536192823905616,-0.0017912092038177008,0.019063752309337337,-1.067789788696527,-0.05999999999999961,1.206780293363317,-1.544144569470588,-0.0,-0.15742179184374638,0.0,,,0.0,0.0,0.0,,0.0,,,
2024-01-18,0.020731784531042408,0.028201732117194567,0.018506733125939867,0.019404883571096737,-0.8323352094725678,-0.1599999999999997,1.187438046675502,-1.540635888573609,-0.017693765683044992,-0.21053458314067827,0.0,,,0.0,0.0,0.0,,0.0,,,
2024-01-19,-0.009085424215234283,0.009993922594719429,0.009969983386193704,0.019362350544408033,-0.9287734033831319,-0.1900000000000004,1.1685685861212054,-1.537143896580802,-0.14307657250854627,-0.6619184196002461,0.0,,,0.0,0.0,0.0,,0.0,,,
2024-01-22,0.023958077267246303,0.03395199986196573,0.03305602352397141,0.02008934753392996,-0.9287734033831319,-0.1900000000000004,1.1501519501510962,-1.533668450253602,-0.14307657250854627,-0.6619184196002461,0.0,,,0.0,0.0,0.0,,0.0,,,
2024-01-23,-0.010965608674727179,0.02684633532353775,0.02154285310028925,0.020232175251882232,-0.4347469104522439,-0.0699999999999994,1.1321697932983261,-1.530209408075216,-0.09254349654618013,-0.4218469458782802,0.0,,,0.0,0.0,0.0,,0.0,,,
2024-01-24,0.00963475939658398,0.03427358830491123,0.03149621174291539,0.01939552268152373,0.45323784990440874,-0.08000000000000007,1.1146053009892083,-1.526766630224021,-0.2618760245168915,-0.2618760245168915,0.0,,,0.0,0.0,0.0,,0.0,,,
2024-01-25,0.02978245703324589,0.04332426080711471,0.059132700017072715,0.019952395478079168,0.04830857932243138,-0.0,1.0974431200908472,-1.52333997854747,-0.03785538323223691,-0.020161617549191917,0.0,,,0.0,0.0,0.0,,0.0,,,
2024-01-26,0.008367172455183258,0.06077685747753225,0.06333134936434348,0.018280083446085487,0.022296969104185216,-0.0,1.0806693047479425,-1.5199293165364756,-0.20903788123217176,-0.06596130872362549,0.0,,,0.0,0.0,0.0,,0.0,,,
2024-01-29,-0.01589283402757058,0.02092594618271537,0.04398096357185022,0.018788697415539346,-0.19565934712786337,0.03000000000000025,1.064271277403875,-1.5165345093002869,-0.20903788123217176,-0.06596130872362549,0.0,,,0.0,0.0,0.0,,0.0,,,
2024-01-30,0.013454277983756313,0.04534583284119886,0.0524107747724587,0.018213146142096345,0.41089974327023215,0.08000000000000007,1.0482378052636805,-1.5131554235418245,-0.058543896742360726,0.033999599803819405,0.0,,,0.0,0.0,0.0,,0.0,,,
2024-01-31,-0.025640761761866138,0.010070311682748745,0.024649196947838625,0.018242808130393973,0.0485511023175178,0.1899999999999995,1.0325589928548182,-1.5097919275334792,0.11878661357080397,0.3806626380876955,0.0,,,0.0,0.0,0.0,,0.0,,,
2024-02-01,-0.027128008192689457,-0.0468401535431866,-0.003595219517389836,0.019296304656916063,0.41181450801988095,0.2699999999999996,0.7349337871826749,-4.0228031309330285,0.36564634232045745,0.40350172555269437,0.9219282724149069,,,0.0,0.0,0.0,,0.0,,,
2024-02-02,-0.02108223187782432,-0.07628955787619418,-0.023630113492317584,0.01923474658682397,-0.23603579254385387,0.1200000000000001,0.7218080150315597,-3.776445697815389,0.08487325467563747,0.29391113590780926,0.9219282724149069,,,0.0,0.0,0.0,,0.0,,,
2024-02-05,0.006893726459986205,-0.0535029973886374,-0.018136687537147367,0.01668724068006432,-0.4097512862648811,-0.08999999999999986,0.708787136040193,-3.5676717080432394,-0.22288323985949862,0.29391113590780926,0.9219282724149069,,,0.0,0.0,0.0,,0.0,,,
2024-02-06,0.007255833051481808,-0.0597014423209119,-0.011616010292004653,0.01613953895220133,-0.2954333450799096,-0.03000000000000025,0.6958650526085042,-3.387676999983875,-0.06807777529693008,-0.009533878554569358,0.9219282724149069,,,0.0,0.0,0.0,,0.0,,,
2024-02-07,0.007474384188921768,-0.026586296370123996,-0.005856315925155009,0.015911394921933688,-0.3917527656433384,-0.09999999999999964,0.6830359131532939,-3.230302196450094,-0.09405968968882208,-0.21284630325962606,0.9219282724149069,,,0.0,0.0,0.0,,0.0,,,
2024-02-08,0.0314524860212968,0.03199419784386226,0.022762168234892854,0.01719166145151841,-0.6201930468240358,-0.28000000000000025,0.6702941264947286,-3.0910911799387444,-0.48379782857254305,-0.8494441708930005,0.0,,,0.0,0.0,0.0,,0.0,,,
2024-02-09,0.008101442454641727,0.06117787217632831,0.028080655970915025,0.017173512796461853,-0.11331491621313639,-0.13999999999999968,0.65763438456755,-2.9667293736226843,-0.8561725153854137,-0.9410457700610512,0.0,,,0.0,0.0,0.0,,0.0,,,
2024-02-12,0.0010405828202229017,0.055324728536565004,0.026286254931507713,0.017166212493197656,0.3388573453427801,-0.0,0.6450516957337643,-2.854693078503173,-0.8561725153854137,-0.9410457700610512,0.0,,,0.0,0.0,0.0,,0.0,,,
2024-02-13,0.012274848868315757,0.060343744353398954,0.034919380289962554,0.017214086320460623,-0.4641249747848075,-0.21999999999999975,0.6325414317722435,-2.7530221128701413,-1.0,-0.93192222470307,0.0,,,0.0,0.0,0.0,,0.0,,,
2024-02-14,-0.015921635926289923,0.03694772423818726,0.016262477970886202,0.017762179443040524,-0.4096608160628623,-0.17999999999999972,0.6200993927255611,-2.660167578467036,-0.6363316331061294,-0.5422719434173073,0.0,,,0.0,0.0,0.0,,0.0,,,
2024-02-15,0.017974234466064942,0.023469472682955406,0.031639323547413944,0.017625305718122628,-0.10926678108156285,-0.08999999999999986,0.6077218953304735,-2.574887069584983,-0.6389759708130286,-0.15517814224048554,0.0,,,0.0,0.0,0.0,,0.0,,,
2024-02-16,0.014756660093651064,0.030124690321964742,0.042606490536083896,0.017599811805891274,-0.09211906906037015,-0.1299999999999999,0.5954058929483206,-2.496170783112404,-0.7729155176053809,0.08325699778003282,0.0,,,0.0,0.0,0.0,,0.0,,,
2024-02-19,0.0,0.02908410750174184,0.04001490129446417,0.016958468050874646,-0.09211906906037015,-0.1299999999999999,0.5831491380535916,-2.423188305243573,-0.7729155176053809,0.08325699778003282,0.0,,,0.0,0.0,0.0,,0.0,,,
2024-02-20,-0.01283616785751196,0.003973090775914123,0.02468067215447256,0.0170421246794403,0.4117010998994419,0.040000000000000036,0.5706053202475099,-2.3458678582099566,-0.9376267508941083,0.062373249105891704,0.0,,,0.0,0.0,0.0,,0.0,,,
2024-02-21,-0.003459546022042126,0.01643518068016192,0.019377780120882093,0.017005005209466083,0.2984344342101597,-0.05000000000000071,0.558079647336865,-2.274220352983402,-1.0,-0.3636683668938706,0.0,,,0.0,0.0,0.0,,0.0,,,
2024-02-22,0.008944603462898826,0.007405549676995804,0.02752093025074931,0.015798662446619163,0.09083251589568908,-0.08999999999999986,0.5455659492555214,-2.2075516529244434,-1.0,-0.3610240291869714,0.0,,,0.0,0.0,0.0,,0.0,,,
2024-02-23,-0.02733890447189058,-0.03469001488854584,0.0011658762921813448,0.016879215500009887,0.09376766913878898,0.040000000000000036,0.5330583138460375,-2.145281222860563,-1.0,-0.2270844823946191,0.0,,,0.0,0.0,0.0,,0.0,,,
2024-02-26,0.014149648678046134,-0.020540366210499705,0.014797251348268148,0.016819268198629035,0.09376766913878898,0.040000000000000036,0.5205512120099866,-2.08691925537758,-1.0,-0.2270844823946191,0.0,,,0.0,0.0,0.0,,0.0,,,
2024-02-27,0.01649126539807888,0.008787067045091135,0.030618393753672812,0.01695536394682208,0.04561233317826874,-0.040000000000000036,0.5080396819394761,-2.032049189547368,-1.0,-0.062373249105891704,0.0,,,0.0,0.0,0.0,,0.0,,,
2024-02-28,-0.004192878260036004,0.008053734807097257,0.024682998325870287,0.015845617863584845,-0.07443949374534853,0.05000000000000071,0.4955195999361624,-1.9803141808628968,-1.0,0.0,0.0,,,0.0,0.0,0.0,,0.0,,,
2024-02-29,-0.0035714323675977155,-0.004462301023399284,0.01819121999925244,0.014395857803259979,-0.06639031560171649,0.08000000000000007,0.48298807996765125,-1.9314065081814817,-1.0,0.0,0.0,,,0.0,0.0,0.0,,0.0,,,
2024-03-01,0.021614947561531928,0.04449155101002322,0.03475096262979527,0.013802718354693617,0.02131581360725887,0.0699999999999994,-1.4456983614088936,-2.5367395147839797,-0.5865412386419382,0.4134587613580618,-0.20298598438930338,,,0.0,0.0,0.0,,0.0,,,
2024-03-04,-0.015500278828207037,0.014841623503770052,0.015315179135009238,0.014534638885526476,0.15463508762655342,0.0600000000000005,-1.4855581649034104,-2.45140035619218,-0.4980247537648454,0.5019752462351545,-0.20298598438930338,,,0.0,0.0,0.0,,0.0,,,
2024-03-05,-0.007521228648105449,-0.009170870542414278,0.00459729890530447,0.014731228739183982,0.0662176651535451,0.17999999999999972,-1.5279421128267738,-2.37278000351537,-0.5152350912802119,0.48476490871978806,-0.20298598438930338,,,0.0,0.0,0.0,,0.0,,,
2024-03-06,0.012462012753616136,0.007484020471237862,0.013613278649086347,0.014849201648946157,0.5474374215705735,0.15999999999999925,-1.573148617273662,-2.300005347792962,-0.4777048926737146,0.5222951073262854,-0.20298598438930338,,,0.0,0.0,0.0,,0.0,,,
2024-03-07,-0.0025306859007905302,0.008524766938045047,0.009335718334566145,0.013343821678114971,0.8181881197269592,0.16000000000000014,-1.6215282807383145,-2.2323547499275223,-0.13626897833394117,0.8637310216660589,-0.20298598438930338,,,0.0,0.0,0.0,,0.0,,,
2024-03-08,-0.011724360120089372,-0.024814540743576252,-0.003144226070516787,0.013581206955629735,0.8562024475440744,0.10000000000000053,-1.6734962875249664,-2.1692258120081944,-0.0,0.5865412386419382,0.0,,,0.0,0.0,0.0,,0.0,,,
2024-03-11,-0.0010260357447524626,-0.010340297660121678,-0.004822515172013375,0.013586785114514605,0.6888278509497692,0.1200000000000001,-1.7295485971187747,-2.110111158409132,-0.16958233968970823,0.3284424140751372,0.0,,,0.0,0.0,0.0,,0.0,,,
2024-03-12,-0.004759157481018406,-0.007578226493034634,-0.009382225692309731,0.013351728919045657,0.5937894487800799,-0.03000000000000025,-1.7902834009606992,-2.0545799749745757,0.2015101514858583,0.7167452427660702,0.0,,,0.0,0.0,0.0,,0.0,,,
2024-03-13,0.027468664970142775,0.007428425723492005,0.01611637119373377,0.014163158134996858,0.41563974236478174,-0.08000000000000007,-1.8564299934601451,-2.002263754902584,-0.1662470207572758,0.3114578719164388,0.0,,,0.0,0.0,0.0,,0.0,,,
2024-03-14,0.019133395214987026,0.02909250683926956,0.03322174028717573,0.014234289941656566,-0.04168368819936763,-0.20000000000000018,-1.9288882909693366,-1.9528451631829886,-0.39132980771670794,-0.25506082938276675,0.0,,,0.0,0.0,0.0,,0.0,,,
2024-03-15,-0.002711030619153121,0.03810583634020581,0.02935606808211677,0.013945136329603978,-0.3544905188580971,-0.21999999999999975,-2.008783978058418,-1.9060492438960657,-0.25501200630013865,-0.25501200630013865,0.0,,,0.0,0.0,0.0,,0.0,,,
2024-03-18,0.020518550819691228,0.0596504229046495,0.04769404977491831,0.014595325414249587,-0.4463534472848085,-0.2400000000000002,-2.097547157477121,-1.8616364091815105,-0.25501200630013865,-0.25501200630013865,0.0,,,0.0,0.0,0.0,,0.0,,,
2024-03-19,0.009025875102526726,0.07343545548819463,0.053446253602553284,0.014225450382530702,-0.6377801522550408,-0.13999999999999968,-2.197027349413301,-1.8193967983445223,-0.2799973316387296,-0.4815074831245879,0.0,,,0.0,0.0,0.0,,0.0,,,
2024-03-20,-0.02167811200623504,0.02428867851181682,0.029405398620635737,0.015227338295152932,-0.8041565733777123,-0.07999999999999918,-2.138815320476875,-1.7778539831112665,0.1583967885669517,0.3246438093242275,0.0,,,0.0,0.0,0.0,,0.0,,,
2024-03-21,-0.007496194856795313,-0.0023409115599655195,0.020368500704142534,0.01529693394594867,-0.4720519623090391,0.020000000000000462,-2.0840604651314507,-1.7382100483091825,0.22334876654671681,0.6146785742634248,0.0,,,0.0,0.0,0.0,,0.0,,,
2024-03-22,-0.0054421903026842244,-0.005072071243496623,0.012290771633300501,0.01383489740655674,-0.6510781119316134,0.08999999999999986,-2.032413807304133,-1.700309596601813,0.2596330558487112,0.5146450621488499,0.0,,,0.0,0.0,0.0,,0.0,,,
2024-03-25,0.01623851649290753,-0.009352105570280322,0.025789305967307108,0.013933925744241545,-0.37677731407452786,0.08999999999999986,-1.9835738397156624,-1.6640143546470425,0.490420630383826,0.5146450621488499,0.0,,,0.0,0.0,0.0,,0.0,,,
2024-03-26,-0.004034975212179326,-0.022412955884986374,0.020040660626739815,0.013620161864814224,-0.11659329282611708,0.05999999999999961,-1.9372785148714557,-1.6292008085649352,0.46052216771064136,0.7405194993493709,0.0,,,0.0,0.0,0.0,,0.0,,,
2024-03-27,-0.003313496312612685,-0.004048340191364019,0.01496952508836813,0.013601497205089923,-0.0661545751263759,0.0699999999999994,-1.8932988292113995,-1.5957582267656323,0.33153865151421447,0.17314186294726278,0.0,,,0.0,0.0,0.0,,0.0,,,
2024-03-28,0.022125872215549514,0.025573726880980807,0.034052892849000926,0.014268961781504382,-0.21099491261384884,0.0699999999999994,-1.8514336387805606,-1.5635869972548122,0.1658364966079908,-0.05751226993872602,0.0,,,0.0,0.0,0.0,,0.0,,,
2024-04-01,0.006471738791368864,0.037487655975033896,0.03823928762396189,0.013618525120529988,-0.2730553983109951,-0.11000000000000032,-0.9209946640076203,3.169069442279634,-0.3581888179972539,-0.6178218738459651,-0.43979363391469795,,,0.0,0.0,0.0,,0.0,,,
2024-04-02,0.01705596243673213,0.0383051019188585,0.05138209398103921,0.013323243735340442,-0.22639108647064532,-0.11000000000000032,-0.9111891470159459,3.0308636209048365,-0.5170461134338391,-1.0074667438176652,-0.43979363391469795,,,0.0,0.0,0.0,,0.0,,,
2024-04-03,0.0032829200548301074,0.04562299718586793,0.05021165052106724,0.013051483502852242,0.04493112488044293,-0.1200000000000001,-0.9015015105855734,2.9074686112911396,-0.41825457967360663,-0.878776747384248,-0.43979363391469795,,,0.0,0.0,0.0,,0.0,,,
2024-04-04,0.013487008296182879,0.062423501794663494,0.05919404552531926,0.013086551866811005,0.20461304912282596,-0.10999999999999943,-0.8919284409578716,2.7963521611227447,-0.49073730650505404,-0.8222759580192684,-0.43979363391469795,,,0.0,0.0,0.0,,0.0,,,
2024-04-05,0.003688764989658644,0.043986394568772624,0.05806722467852499,0.012984069289029865,0.08169266541938613,-0.1899999999999995,-0.8824667426112509,2.6955506166721963,-0.8514365418211334,-1.0172730384291242,-0.43979363391469795,,,0.0,0.0,0.0,,0.0,,,
2024-04-08,-0.005538262684821937,0.03197639309258182,0.04740407128548707,0.012638400189452854,0.641237179576859,-0.08999999999999986,-0.8731133326700896,2.603514498689947,-0.9042409197137082,-0.5460521017164544,0.0,,,0.0,0.0,0.0,,0.0,,,
2024-04-09,-0.013981353230340332,0.0009390774255093604,0.028945593221209265,0.013285680214106777,0.49355542090705473,-0.0,-0.8638652356300444,2.519002446293362,-0.5482510230832329,-0.03120490964939382,0.0,,,0.0,0.0,0.0,,0.0,,,
2024-04-10,0.011432695687626726,0.009088853058305979,0.03509157141646746,0.013186194785947545,-0.45686738864219034,-0.1899999999999995,-0.8547195783785492,2.4410065837525257,-1.0,-0.5817454203263934,0.0,,,0.0,0.0,0.0,,0.0,,,
2024-04-11,-0.013899657291188916,-0.018297812529065816,0.017973612745976197,0.012761269951690846,-0.7012180226612319,-0.25,-0.8456735854911158,2.3686988660964934,-0.7845098987952797,-0.2937725922902256,0.0,,,0.0,0.0,0.0,,0.0,,,
2024-04-12,0.007499449256580526,-0.014487128262143933,0.022836457921174613,0.012252649091091215,-1.0944524265776856,-0.11000000000000032,-0.8367245747854312,2.3013917708834812,-0.4904969698927893,0.3609395719283441,0.0,,,0.0,0.0,0.0,,0.0,,,
2024-04-15,-0.0029227822291693073,-0.011871647806491303,0.017287659191123517,0.012257603703655067,-1.3990039416611033,-0.20999999999999996,-0.8278699531165429,2.2385090113946764,-0.5964889912115812,0.30775192850212707,0.0,,,0.0,0.0,0.0,,0.0,,,
2024-04-16,-0.0005855829645575739,0.0015241224592914548,0.015131266414897482,0.011522587625590365,-2.0037314174746967,-0.3099999999999996,-0.8191072123977051,2.17956338448235,-0.8456084545200611,-0.29735743143682813,0.0,,,0.0,0.0,0.0,,0.0,,,
2024-04-17,-0.03177893125942255,-0.04168750448775782,-0.016178234338097397,0.01356467181224592,-1.1910568737882876,-0.040000000000000036,-0.8104339258326475,2.124139785310691,-0.9776444126416984,0.022355587358301565,0.0,,,0.0,0.0,0.0,,0.0,,,
2024-04-18,0.00048361746801628414,-0.02730422972855262,-0.01633327283736552,0.012612752783803893,-1.1459762959868725,-0.08000000000000007,-0.8018477443458772,2.0718820221025647,-1.0,-0.21549010120472034,0.0,,,0.0,0.0,0.0,,0.0,,,
2024-04-19,0.004943640622399492,-0.029860038362733654,-0.012650279956208266,0.012496670593517863,-0.6697277340060648,-0.1200000000000001,-0.7933463931987605,2.02248246503148,-1.0,-0.5095030301072108,0.0,,,0.0,0.0,0.0,,0.0,,,
2024-04-22,-0.003494189951918969,-0.030431446085483316,-0.017502517666910578,0.012449179746625143,-0.5194200530937332,0.009999999999999787,-0.7801948345932076,1.9787397198141727,-1.0,-0.40351100878841883,0.0,,,0.0,0.0,0.0,,0.0,,,
2024-04-23,0.006136834132484559,-0.023709028988441183,-0.01221864717518617,0.012010884758690882,0.325445853509565,0.05999999999999961,-0.7671762794197086,1.9370778356626832,-0.8493411811472934,-0.003732726627232341,0.0,,,0.0,0.0,0.0,,0.0,,,
2024-04-24,-0.006619750959448112,0.0014501513115332543,-0.019562122988032726,0.012079955483159995,0.10624228280281534,-0.0600000000000005,-0.7542840480741861,1.8973261517413953,-1.0,-0.022355587358301565,0.0,,,0.0,0.0,0.0,,0.0,,,
2024-04-25,0.009135776967736042,0.010102310811253012,-0.011772534537710655,0.012181295866588693,0.13276239271490242,-0.0600000000000005,-0.7415116478626249,1.859333010991725,-1.0,0.0,0.0,,,0.0,0.0,0.0,,0.0,,,
2024-04-26,0.003344884255873204,0.008503554444726724,-0.008834789401269028,0.011177653141828118,0.13029263042462214,-0.04999999999999982,-0.7288527566105366,1.8229631167922018,-1.0,0.0,0.0,,,0.0,0.0,0.0,,0.0,,,
2024-04-29,-0.014656677556124542,-0.002658933159478849,-0.022842185259450254,0.011566005929828217,0.4193045882160851,-0.009999999999999787,-0.7163012069425767,1.7880953259128942,-0.7483347368960483,0.25166526310395165,0.0,,,0.0,0.0,0.0,,0.0,,,
2024-04-30,-0.008507586559369784,-0.017303353851333192,-0.02942231267107065,0.010899734192245358,-0.21397834304492935,-0.08000000000000007,-0.7038509711406246,1.7546207950943156,-1.0,-0.1506588188527066,0.0,,,0.0,0.0,0.0,,0.0,,,
2024-05-01,-0.036417371686702005,-0.047100974578587085,-0.06192721062294826,0.01326030931817976,-0.10318170721783648,0.020000000000000462,0.11898831655872628,1.2351669832061816,-0.8350715563188363,0.16492844368116366,0.9321098155499641,,,0.0,0.0,0.0,,0.0,,,
2024-05-02,-0.0006331117653699536,-0.05686986331169308,-0.0579418426504148,0.012646871074476122,0.32563107301950556,0.1200000000000001,0.12590650605718878,1.221130423357076,-0.6638618726310941,0.3361381273689059,0.9321098155499641,,,0.0,0.0,0.0,,0.0,,,
2024-05-03,-0.01069665107944573,-0.07091139864701201,-0.06330074318850176,0.01255830707169663,0.6584945883229443,0.16999999999999993,0.13287873392476077,1.207350601952381,-0.24513576125799846,0.3361381273689059,0.9321098155499641,,,0.0,0.0,0.0,,0.0,,,
2024-05-06,0.004725725634902034,-0.05152899545598544,-0.05375046642822845,0.012757817682653282,0.5333555292794667,0.13999999999999968,0.13990678365521636,1.1938183125522719,-0.12504189271856547,0.6232928441774829,0.9321098155499641,,,0.0,0.0,0.0,,0.0,,,
2024-05-07,-0.0012750224856228343,-0.04429643138223849,-0.05083625432571548,0.012593139141231108,0.7255338646163345,0.22000000000000064,0.14699250066610706,1.1805247970140156,-0.24999867075126778,0.7500013292487322,0.9321098155499641,,,0.0,0.0,0.0,,0.0,,,
2024-05-08,0.0077524694048429765,-0.0001265902906935068,-0.03871053901859689,0.012377905401876459,0.6699897900124263,0.14999999999999947,0.15413779546242812,1.1674617175448931,0.4087025642297814,1.2437741205486177,0.0,,,0.0,0.0,0.0,,0.0,,,
2024-05-09,0.0034123255859608292,0.003918847060637276,-0.03179056667421776,0.012281598714098816,0.2246027390099936,0.1299999999999999,0.16134464699338022,1.154621130856411,0.41254491805228266,1.0764067906833767,0.0,,,0.0,0.0,0.0,,0.0,,,
2024-05-10,-0.012696970980022648,0.001918527160060357,-0.0399700698839931,0.0121586192515014,0.10111554600348294,-0.0,0.16861510621662848,1.1419954642353658,0.0316558093326938,0.27679157059069226,0.0,,,0.0,0.0,0.0,,0.0,,,
2024-05-13,0.010929070532190721,0.008121872057349044,-0.025216124219622493,0.012639260580188619,-0.11059033745639546,0.009999999999999787,0.17595129988570213,1.1295774933657534,0.25442933362498443,0.3794712263435499,0.0,,,0.0,0.0,0.0,,0.0,,,
2024-05-14,-0.014000483235946604,-0.004603588692974725,-0.03472098730981976,0.012813067468992134,0.13710859754449967,0.019999999999999574,0.18335543457734096,1.1173603217518993,0.5124434221643784,0.7624420929156462,0.0,,,0.0,0.0,0.0,,0.0,,,
2024-05-15,0.0077881019249144146,-0.004567956172903287,-0.024415616898372683,0.011349826147908623,0.6860480912919464,0.1200000000000001,0.19082980097738259,1.1053373616077597,0.643141287374257,0.2344387231444756,0.0,,,0.0,0.0,0.0,,0.0,,,
2024-05-16,0.00760170897372614,-0.0003785727851379761,-0.014652544013399549,0.011558563799789059,0.7692975146402214,0.07000000000000028,0.19837677844517068,1.0935023160903212,0.6437438332475844,0.23119891519530178,0.0,,,0.0,0.0,0.0,,0.0,,,
2024-05-17,0.010421338587276452,0.022739736782161124,-0.002343726413120528,0.011798194775284765,0.6381234940252778,0.08000000000000007,0.20599883987849227,1.0818491627666063,0.4507080213268988,0.419052211994205,0.0,,,0.0,0.0,0.0,,0.0,,,
2024-05-20,-0.00325284910866408,0.008557817141306323,-0.0037211635509430963,0.011796588272043879,0.6533028589785328,0.040000000000000036,0.21369855690295017,1.0703721382141589,0.48286342941251137,0.22843409578752694,0.0,,,0.0,0.0,0.0,,0.0,,,
2024-05-21,-0.006789916693474396,0.01576838368377853,-0.007989330732279143,0.011688121786545031,0.44806012847179444,0.040000000000000036,0.2214786054119073,1.0590657236641396,0.12872242501975945,-0.383720997144619,0.0,,,0.0,0.0,0.0,,0.0,,,
2024-05-22,-0.021552833259508297,-0.013572551500644181,-0.026273760364645682,0.012417878267014222,-0.15813201509959907,-0.0699999999999994,0.2170983669080535,1.0459860500546483,0.09668095441207478,-0.5464603329621822,0.0,,,0.0,0.0,0.0,,0.0,,,
2024-05-23,-0.009065071141740155,-0.030239331616110476,-0.03116038547377098,0.012124452080691182,-0.43234155725451195,-0.08999999999999986,0.21272053289604162,1.0331177865587589,0.1607717192381548,-0.48297211400942963,0.0,,,0.0,0.0,0.0,,0.0,,,
2024-05-24,0.010996941148198935,-0.029663729055187993,-0.016367601137573295,0.012489592731985254,-0.31492451874617355,-0.040000000000000036,0.20834484763732736,1.0204534893788932,0.09738541046723523,-0.35332261085966354,0.0,,,0.0,0.0,0.0,,0.0,,,
2024-05-27,0.0,-0.026410879946523913,-0.01330459182738064,0.012246413864116191,-0.31492451874617355,-0.040000000000000036,0.2039710554150108,1.007986055783316,0.09738541046723523,-0.35332261085966354,0.0,,,0.0,0.0,0.0,,0.0,,,
2024-05-28,0.026786749148468125,0.007165785895418608,0.014780449845888555,0.013857543167338572,-0.04176988992357078,-0.1299999999999999,0.1995989004581845,0.9957087037161587,0.3287522886293761,0.20002986360961666,0.0,,,0.0,0.0,0.0,,0.0,,,
2024-05-29,-0.007544358680556584,0.02117426047437032,0.007090733039825103,0.011268445994055422,-0.508366366040236,-0.1800000000000006,0.19522812686608473,0.9836149528689733,-0.0,-0.09668095441207478,0.0,,,0.0,0.0,0.0,,0.0,,,
2024-05-30,-0.016800700634384214,0.013438630981726263,-0.009046946276614953,0.01189000680122138,-0.17445914789355754,-0.08000000000000007,0.1908584785319531,0.9716986070910938,-0.17059149119627098,-0.3313632104344258,0.0,,,0.0,0.0,0.0,,0.0,,,
2024-05-31,-0.011878771052808546,-0.009437081219281218,-0.02020359001281058,0.011945319317781188,-0.39533881720676955,-0.04999999999999982,0.1864896990665846,0.9599537380278168,-0.2840817198347675,-0.38146713030200274,0.0,,,0.0,0.0,0.0,,0.0,,,
2024-06-03,-0.03664188765750698,-0.046078968876788196,-0.0540549696890853,0.014301469427929125,-0.39533881720676955,-0.04999999999999982,2.1581222447432866,0.5848433273550667,-0.0,-0.38146713030200274,0.8384713670209432,,,0.0,0.0,0.0,,0.0,,,
2024-06-04,-0.013155407735274238,-0.08602112576053056,-0.06382585018064368,0.014480814532741975,-1.066952153504075,0.20999999999999996,2.0980529068877485,0.5791594463837909,0.18957312612915725,-0.13917916250021886,0.8384713670209432,,,0.0,0.0,0.0,,0.0,,,
2024-06-05,0.01113234412802111,-0.06734442295195286,-0.04947797254506625,0.014636510735176994,-0.3027075875809748,0.3200000000000003,2.04164299027359,0.5735064434182148,0.46262859748548835,0.46262859748548835,0.8384713670209432,,,0.0,0.0,0.0,,0.0,,,
2024-06-06,0.019784096693550524,-0.030759625624018128,-0.0272969308993396,0.01546128307517347,-0.3371594480489959,0.2699999999999996,1.9885105341672678,0.5678836934795193,0.3098982908892045,0.4804897820854755,0.8384713670209432,,,0.0,0.0,0.0,,0.0,,,
2024-06-07,-0.00026476039339229374,-0.019145614964601876,-0.02578635686988573,0.015274164451429898,-1.1883896542121963,0.08000000000000007,1.9383271162673086,0.562290583509234,-0.0,0.2840817198347675,0.8384713670209432,,,0.0,0.0,0.0,,0.0,,,
2024-06-10,0.028839997098720538,0.04633626979162564,0.003933428323353638,0.01653156223471912,-1.2763289849114345,-0.05999999999999961,1.89080854882869,0.556726512004994,-0.07794175146538083,-0.07794175146538083,0.0,,,0.0,0.0,0.0,,0.0,,,
2024-06-11,0.002056027452625564,0.06154770497952544,0.006066418336070356,0.01624829423216545,-1.066851577828909,-0.05999999999999961,1.8457074787416905,0.55119088866825,-0.0,-0.18957312612915725,0.0,,,0.0,0.0,0.0,,0.0,,,
2024-06-12,0.007672671911660878,0.05808803276316521,0.013821824308483777,0.01624537370993496,-1.0573400503860464,-0.019999999999999574,1.8028074473691829,0.5456831340634305,-0.08095973012510012,-0.5435883276105885,0.0,,,0.0,0.0,0.0,,0.0,,,
2024-06-13,0.0015274952053507818,0.03983143127496547,0.015735764263006047,0.016150653469633548,-1.3501531813423506,0.040000000000000036,1.761918081414097,0.5402026792880888,0.4097765435637877,0.09987825267458317,0.0,,,0.0,0.0,0.0,,0.0,,,
2024-06-14,-0.0021646408146720475,0.037931550853685714,0.014586867167603934,0.015951343779645015,-0.5021489449529959,0.22999999999999954,1.722871168671161,0.5347489656535759,0.6681165668019337,0.6681165668019337,0.0,,,0.0,0.0,0.0,,0.0,,,
2024-06-17,0.023681671006679395,0.03277322476164457,0.03793755588778591,0.016863455090320747,-0.26349238373852835,0.1899999999999995,1.6855174323436135,0.5293214443758114,0.3071601159987536,0.38510186746413444,0.0,,,0.0,0.0,0.0,,0.0,,,
2024-06-18,0.015318397126767636,0.04603559443578664,0.05181955503704305,0.017095125125994377,0.04619667529057736,0.16999999999999993,1.6497238614660965,0.5239195762757385,0.5923456971829326,0.5923456971829326,0.0,,,0.0,0.0,0.0,,0.0,,,
2024-06-19,0.0,0.038362922524125764,0.04930551539655692,0.01622693507007435,0.04619667529057736,0.16999999999999993,1.6307373841408912,0.5159416797314185,0.5923456971829326,0.5923456971829326,0.0,,,0.0,0.0,0.0,,0.0,,,
2024-06-20,0.007328724630607297,0.04416415194938228,0.053300510598061734,0.01602403223394482,-0.13586134885725798,-0.009999999999999787,1.612201855391156,0.5080014585819946,1.0,0.5902234564362123,0.0,,,0.0,0.0,0.0,,0.0,,,
2024-06-21,-0.01768001853617207,0.028648774227882257,0.0337206106170056,0.016575754266421466,0.048965365057740406,-0.04999999999999982,1.594098134233782,0.5000973910091566,1.0,0.33188343319806635,0.0,,,0.0,0.0,0.0,,0.0,,,
2024-06-24,0.011086588056340219,0.01605369127754308,0.04235298782564456,0.016693833351899424,0.4237799724724156,0.03000000000000025,1.5764082001267503,0.492227977987329,1.0,0.33188343319806635,0.0,,,0.0,0.0,0.0,,0.0,,,
2024-06-25,-0.009848657717511422,-0.009113363566735977,0.03188188960373051,0.01587314493198069,0.028956843816940747,-0.010000000000000675,1.559115069764986,0.48439174185592354,1.0,0.4076543028170674,0.0,,,0.0,0.0,0.0,,0.0,,,
2024-06-26,0.0008656403186932948,-0.008247723248042682,0.03170458946805965,0.015756375491018628,0.028956843816940747,-0.010000000000000675,1.5422027213139922,0.4765872249278606,1.0,0.4076543028170674,0.0,,,0.0,0.0,0.0,,0.0,,,
2024-06-27,0.01032965407168529,-0.005246793806964689,0.03963478535007692,0.015300582580665722,-0.11747938675599201,-0.040000000000000036,1.5256560253074232,0.46881298813129013,1.0,0.0,0.0,,,0.0,0.0,0.0,,0.0,,,
2024-06-28,-0.0024497807450245546,0.009983443984182827,0.03431409689999487,0.01497937303494632,-0.08194436163166952,-0.11000000000000032,1.5094606815264209,0.4610676096815556,0.8966149290950539,-0.10338507090494609,0.0,,,0.0,0.0,0.0,,0.0,,,
2024-07-01,0.022314775061543557,0.021211630989386165,0.050810131120527124,0.012367740912606392,-0.6096392846317134,-0.23000000000000043,1.6566382032258566,0.7092357929508102,0.24878984809685806,-0.10338507090494609,-1.696109397222123,,,0.0,0.0,0.0,,0.0,,,
2024-07-02,-0.006859645407041981,0.024200643299855606,0.03781695675606489,0.011931825251558842,-0.2823908337549197,-0.1999999999999993,1.6351587460112662,0.6985735550356573,0.14927390885810954,-0.8507260911418905,-1.696109397222123,,,0.0,0.0,0.0,,0.0,,,
2024-07-03,0.012838378988110577,0.03617338196927289,0.044436505043749186,0.011975461656672055,0.3888620634154294,-0.040000000000000036,1.614249713332355,0.6880032375258457,0.04987073892084136,-0.9501292610791586,-1.696109397222123,,,0.0,0.0,0.0,,0.0,,,
2024-07-04,0.0,0.0258437278975876,0.0392068791780007,0.011607413342649836,0.3888620634154294,-0.040000000000000036,1.5938840191728934,0.6775212112309971,0.04987073892084136,-0.9501292610791586,-1.696109397222123,,,0.0,0.0,0.0,,0.0,,,
2024-07-05,-0.00862074304390692,0.019672765598705233,0.025774309400870443,0.011960597947342532,0.5910137887115585,0.08000000000000007,1.5740363465877887,0.6671239461445029,1.0,0.10338507090494609,-1.696109397222123,,,0.0,0.0,0.0,,0.0,,,
2024-07-08,-0.010030901679477289,-0.012672911142315613,0.01287512592708051,0.010967580069243454,0.8910817110118541,0.20000000000000018,1.5546830013830268,0.6568080054148718,1.0,0.751210151903142,0.0,,,0.0,0.0,0.0,,0.0,,,
2024-07-09,-0.011237445724448847,-0.01705071145972248,-0.0005659279328273925,0.01141316047651856,0.7117128496914926,0.1299999999999999,1.5358017803365105,0.6465700395972225,0.8758630345084396,0.7265891256503301,0.0,,,0.0,0.0,0.0,,0.0,,,
2024-07-10,0.008439900872496686,-0.02144918957533637,0.0056320033561680916,0.01143378112550352,0.4744831018413831,0.08000000000000007,1.5173718522811708,0.6364067811622699,0.5891483891269803,0.5392776502061389,0.0,,,0.0,0.0,0.0,,0.0,,,
2024-07-11,0.006313765510236102,-0.015135424065100267,0.009464485767659347,0.011468077650483495,0.4744831018413831,0.08000000000000007,1.499373650591564,0.6263150392416291,0.7808331592455435,0.5392776502061389,0.0,,,0.0,0.0,0.0,,0.0,,,
2024-07-12,-0.004974832804577112,-0.011489513825770459,0.002148879463832465,0.011544954448991238,0.8388661134696496,0.10000000000000053,1.4817887758027926,0.6162916945895895,0.9016101954764921,-0.09838980452350787,0.0,,,0.0,0.0,0.0,,0.0,,,
2024-07-15,-0.00365586563653153,-0.0051144777828247,-0.002480882839789089,0.01045187522931098,0.5860198317736431,0.04999999999999982,1.464599907251475,0.6063336947426949,1.0,0.0,0.0,,,0.0,0.0,0.0,,0.0,,,
2024-07-16,-0.014139290082873401,-0.008016322141249255,-0.016121185229269308,0.010399514598710583,0.5515890090602604,0.1299999999999999,1.447790722766556,0.5964380493595399,0.9561385268870964,0.08027549237865683,0.0,,,0.0,0.0,0.0,,0.0,,,
2024-07-17,0.025549950427935286,0.009093727414189345,0.008650255370660886,0.011921908987181654,0.5450951582724128,0.1200000000000001,1.4313458255567242,0.5866018257241317,0.9561385268870964,0.08027549237865683,0.0,,,0.0,0.0,0.0,,0.0,,,
2024-07-18,-0.00036216575515091165,0.0024177961488023314,0.007894124306794481,0.011823136775772122,-0.01783837939544064,-0.0,1.4152506775439142,0.5768221443970204,0.8211245420561358,0.0402913828105923,0.0,,,0.0,0.0,0.0,,0.0,,,
2024-07-19,-0.0330192623274419,-0.025626633374062457,-0.02475214113980062,0.013443752159097875,-0.5770971019369409,-0.07000000000000028,1.3945993745523715,0.564713285362644,0.7105434556317861,-0.191066739844706,0.0,,,0.0,0.0,0.0,,0.0,,,
2024-07-22,-0.004377469312718318,-0.026348237050249246,-0.02798341070321886,0.013192325977426684,-0.47498791125188955,-0.02999999999999936,1.374479894617164,0.5526251277046111,0.7077335085602736,-0.2922664914397264,0.0,,,0.0,0.0,0.0,,0.0,,,
2024-07-23,-0.03598704011981013,-0.048195987087185976,-0.061517331953614196,0.015236214581166193,-0.5360704787233939,-0.08000000000000007,1.3548663565803318,0.5405509914506645,0.8357912551550394,-0.12034727173205706,0.0,,,0.0,0.0,0.0,,0.0,,,
2024-07-24,0.00815274654840703,-0.06559319096671423,-0.05127582184727775,0.015405941409174834,-0.8484467588435907,-0.1200000000000001,1.3357345906072262,0.5284840381752164,1.0,-0.12034727173205706,0.0,,,0.0,0.0,0.0,,0.0,,,
2024-07-25,0.00885358962201721,-0.05637743558954611,-0.04025966544484749,0.0153467408536176,-0.6007774191735704,-0.0699999999999994,1.3170619943522557,0.5164172421185239,0.9194417097462851,0.09831716769014931,0.0,,,0.0,0.0,0.0,,0.0,,,
2024-07-26,-0.014410954490347017,-0.037769127752451226,-0.05190999446751565,0.015589662005547344,-0.42631976418425754,0.04999999999999982,1.2988274036386276,0.5043433587024417,1.0,0.2894565443682139,0.0,,,0.0,0.0,0.0,,0.0,,,
2024-07-29,-0.017650977969315917,-0.051042636409048825,-0.06480205931760885,0.014744842956906402,-0.748272156809282,0.08999999999999986,1.2810109759505355,0.49225489000705974,1.0,0.2922664914397264,0.0,,,0.0,0.0,0.0,,0.0,,,
2024-07-30,-0.014348592126013138,-0.02940418841525183,-0.07401729098845156,0.014895322709553451,-0.7304008694785313,0.09999999999999964,1.2635940852625052,0.48014404670112704,1.0,0.16420874484496062,0.0,,,0.0,0.0,0.0,,0.0,,,
2024-07-31,0.04167269640056759,0.004115761436908727,-0.028652950003336564,0.01783225165188407,-0.06458531452966376,0.1900000000000004,1.2465592269233083,0.4680027058328211,1.0,0.0,0.0,,,0.0,0.0,0.0,,0.0,,,
2024-08-01,-0.020750323041224483,-0.025488151226332967,-0.04467411230795282,0.018205892996471216,-0.27580657434795874,0.27999999999999936,2.781174505450075,0.7174275644932607,1.0,0.0,0.517633645181037,,,0.0,0.0,0.0,,0.0,,,
2024-08-02,-0.03724651325411088,-0.04832370999009683,-0.0757601763149447,0.01959980977628809,0.16487159583413735,0.40000000000000036,2.674597955585582,0.7041896925385794,1.0,0.0,0.517633645181037,,,0.0,0.0,0.0,,0.0,,,
2024-08-05,-0.00792029266689731,-0.038593024687678223,-0.07762555018535178,0.01958354872869959,0.45150927346075953,0.3900000000000001,2.577757909878165,0.6910346785898606,1.0,0.0,0.517633645181037,,,0.0,0.0,0.0,,0.0,,,
2024-08-06,0.0035582355867322946,-0.02068619697493279,-0.06875217986768778,0.019656793091155162,0.5087480035885106,0.25000000000000044,2.489205996282599,0.6779548253542274,1.0,0.0,0.517633645181037,,,0.0,0.0,0.0,,0.0,,,
2024-08-07,0.02735466660486363,-0.03500422677063675,-0.03702811681851159,0.02077653949540003,0.054595174757132714,0.1299999999999999,2.4077791373073385,0.6649424204333426,1.0,0.0,0.517633645181037,,,0.0,0.0,0.0,,0.0,,,
2024-08-08,0.0126801329127888,-0.0015737708166234654,-0.02029690583153787,0.020996437348087062,0.3412467818902587,-0.0,2.332531050367784,0.6519897061443011,0.8431452931039485,0.0,0.0,,,0.0,0.0,0.0,,0.0,,,
2024-08-09,0.008495117415437292,0.04416785985292471,-0.008424207852916865,0.021180476319685216,0.43776489635785065,-0.14000000000000012,2.262682843558588,0.6390888475216671,0.7140127185117819,-0.28598728148821806,0.0,,,0.0,0.0,0.0,,0.0,,,
2024-08-12,0.04105101566407132,0.09313916818389334,0.033769044309308605,0.023393123622807727,0.2899366962105909,-0.1200000000000001,2.197586717015537,0.6262318980656074,0.746357032111816,-0.25364296788818397,0.0,,,0.0,0.0,0.0,,0.0,,,
2024-08-13,-0.02159038476239772,0.06799054783476333,0.013693450779041605,0.023668715582036703,0.5164443783096551,0.04999999999999982,2.1366988487046332,0.6134107627335401,0.8391908377200475,-0.16080916227995246,0.0,,,0.0,0.0,0.0,,0.0,,,
2024-08-14,-0.017640320946429533,0.022995560283470162,-0.00027256536654007846,0.02303111892422566,0.922636437058244,0.1299999999999999,2.0795588379411014,0.600617157589054,0.7854499576163182,-0.2145500423836818,0.0,,,0.0,0.0,0.0,,0.0,,,
2024-08-15,0.01521235987892755,0.025527787249608913,0.017835373031532598,0.02340920183936518,0.6984396492086486,0.07000000000000028,2.025773910426825,0.587842565418135,0.618857135640141,-0.22428815746380748,0.0,,,0.0,0.0,0.0,,0.0,,,
2024-08-16,-0.019508402416704484,-0.0024757325825328635,0.000547006138436501,0.02267765687940365,0.4314734852059243,0.04999999999999982,1.9750066334774616,0.5750781864939096,0.6985306562567437,-0.015482062255038231,0.0,,,0.0,0.0,0.0,,0.0,,,
2024-08-19,-0.030196970602614392,-0.07372371884921858,-0.026138953876075455,0.023525986027522976,1.088780753836216,0.040000000000000036,1.9305046852122785,0.5627173178997613,0.7083886021190796,-0.03796842999273642,0.0,,,0.0,0.0,0.0,,0.0,,,
2024-08-20,-0.004447147009911667,-0.05658048109673253,-0.028652084953378676,0.022257363024358604,1.0094736722307762,0.03000000000000025,1.8882946467353134,0.5503901774262535,0.6576155766049658,-0.1815752611150817,0.0,,,0.0,0.0,0.0,,0.0,,,
2024-08-21,-0.028912063826032508,-0.0678522239763355,-0.05377689232808258,0.022906901108561015,0.47063743519750734,0.040000000000000036,1.8481863867805848,0.538094626037622,0.7177876523499552,-0.06766230526636297,0.0,,,0.0,0.0,0.0,,0.0,,,
2024-08-22,0.014902994188729757,-0.0681615896665333,-0.035389111916358296,0.02312153355448016,0.1809365628905435,0.06000000000000005,1.810012544165405,0.5258298398744259,0.6701942171439657,0.051337081503824655,0.0,,,0.0,0.0,0.0,,0.0,,,
2024-08-23,0.024622456024272488,-0.024030731225556323,-0.009233540194823142,0.023788494035682086,0.7659488942557524,0.08000000000000007,1.773625285075496,0.5135967931206521,0.7287403968807978,0.030209740624054127,0.0,,,0.0,0.0,0.0,,0.0,,,
2024-08-26,0.03402627105723521,0.04019251043429328,0.023741984108347935,0.02473343583940305,0.15137989543710928,0.040000000000000036,1.7388936272748192,0.5013989483775606,0.706724736981887,-0.0016638651371926327,0.0,,,0.0,0.0,0.0,,0.0,,,
2024-08-27,-0.02471521682414579,0.01992444062005916,-0.0015056482349562472,0.025177774258684317,-0.07752141693382342,-0.010000000000000231,1.7057012205483055,0.48924325716439276,0.8032084078383706,0.14559283123340472,0.0,,,0.0,0.0,0.0,,0.0,,,
2024-08-28,-0.013462382591968414,0.03537412185412325,-0.012743692396456119,0.02339120823615743,-0.033482829791520174,-0.04999999999999982,1.6739444973912199,0.4771416336877984,0.6988584621610078,-0.018929190188947453,0.0,,,0.0,0.0,0.0,,0.0,,,
2024-08-29,0.01848088229528866,0.038952009960682155,0.005999968062476491,0.023400813658925032,0.10566954281782115,-0.010000000000000231,1.6435311266905648,0.4651131682004476,0.43592713328636934,-0.23426708385759631,0.0,,,0.0,0.0,0.0,,0.0,,,
2024-08-30,-0.0315829809812298,-0.017253427044820135,-0.025603411368753548,0.022959825532870837,-0.7134053517339423,-0.10000000000000009,1.6143787174928188,0.4531875280661889,-0.04532128515479587,-0.7740616820355937,0.0,,,0.0,0.0,0.0,,0.0,,,
2024-09-02,0.0,-0.05127969810205535,-0.02601982445210016,0.02288383418184779,-0.7134053517339423,-0.10000000000000009,2.1946144353497696,-2.6782429449319385,-0.04532128515479587,-0.7740616820355937,-0.7954414557895362,,,0.0,0.0,0.0,,0.0,,,
2024-09-03,-0.04462482000161039,-0.07118930127951995,-0.0686519047576386,0.024976292714305664,-0.7499146612049756,-0.009999999999999787,2.141848499145115,-2.7085826652487017,0.16882700462426348,-0.6343814032141071,-0.7954414557895362,,,0.0,0.0,0.0,,0.0,,,
2024-09-04,-0.016339764422212077,-0.07406668310976361,-0.08081420793242522,0.024172184377507584,-0.5087194397112915,0.06999999999999984,2.092276120737471,-2.7398535097942927,0.3647226786516885,-0.3341357835093193,-0.7954414557895362,,,0.0,0.0,0.0,,0.0,,,
2024-09-05,-0.0007228045128568894,-0.09327036991790916,-0.0766894043265749,0.023864055429966367,-0.17998368693310507,0.14000000000000012,2.0456050630871867,-2.77210539671656,0.435189659679443,-0.000737473606926331,-0.7954414557895362,,,0.0,0.0,0.0,,0.0,,,
2024-09-06,-0.021635107866632808,-0.08332249680331216,-0.09197039281039654,0.023928368969263782,-0.14134339168550003,0.18999999999999995,2.0015827502916737,-2.8053920847304563,0.5745151979921994,0.6198364831469952,-0.7954414557895362,,,0.0,0.0,0.0,,0.0,,,
2024-09-09,0.015251798798850302,-0.06807069800446186,-0.06907451378547425,0.021842810308358655,-0.14134339168550003,0.18999999999999995,1.9599900224347775,-2.8397715620202173,0.48231204794898713,0.6198364831469952,0.0,,,0.0,0.0,0.0,,0.0,,,
2024-09-10,-0.04403507798511086,-0.06748095598796233,-0.10434327688337763,0.02313538640283047,-0.1840674175422663,0.18999999999999995,1.920636110412882,-2.8753064844092444,0.48848538240810735,0.31965837778384387,0.0,,,0.0,0.0,0.0,,0.0,,,
2024-09-11,0.02344914296474787,-0.027692048601002384,-0.07418229222697992,0.02410977800657892,-0.21303618186923057,0.1200000000000001,1.8833545683651411,-2.9120646703502278,0.45165732541023257,0.08693464675854407,0.0,,,0.0,0.0,0.0,,0.0,,,
2024-09-12,0.024362813420578,-0.002606430667567494,-0.04356515979183584,0.02462895552077238,0.00898301638256882,0.04999999999999982,1.847999966209224,-2.9501196616564824,0.616975191377016,0.18178553169757294,0.0,,,0.0,0.0,0.0,,0.0,,,
2024-09-13,-0.004650495229219231,0.014378181969846082,-0.04270423136586299,0.024431415501189532,0.6889846537648014,0.06000000000000005,1.8144451924677751,-2.989551360551929,0.680684251223508,0.10616905323130854,0.0,,,0.0,0.0,0.0,,0.0,,,
2024-09-16,0.020758998298252784,0.019885381469248564,-0.01898160785746139,0.024378507043393415,0.9925388459168905,0.07000000000000028,1.7767830959403466,-2.8634026122795206,0.6901883658588822,0.20787631790989508,0.0,,,0.0,0.0,0.0,,0.0,,,
2024-09-17,0.015572228603548233,0.07949268805790766,-0.001446722824437252,0.02472294776465741,1.1413975290857192,-0.0,1.7408261191030643,-2.750192249797212,0.5492855973474677,0.060800214939360386,0.0,,,0.0,0.0,0.0,,0.0,,,
2024-09-18,-0.003940891799876667,0.05210265329328312,-0.004673516796145805,0.02390741314435504,0.9884716319392917,-0.050000000000000266,1.7064486961213519,-2.647792904074012,0.4270489172774709,-0.02460840813276166,0.0,,,0.0,0.0,0.0,,0.0,,,
2024-09-19,0.01455996601747156,0.04229980589017668,0.010617698458056601,0.023895739811592088,0.9281106284347862,-0.04999999999999982,1.6735388885262366,-2.5545381652297396,0.5531425014141109,-0.06383268996290503,0.0,,,0.0,0.0,0.0,,0.0,,,
2024-09-20,-0.00041704317001123314,0.046533257949384677,0.012183879484489957,0.023141510630214565,0.20541678893857274,-0.06999999999999984,1.6419966589329114,-2.469101540652856,0.4863022838304422,-0.19438196739306574,0.0,,,0.0,0.0,0.0,,0.0,,,
2024-09-23,-0.021787354184907848,0.003986905466224044,-0.004829569241866061,0.021902682542700377,0.055392040665824815,-0.1200000000000001,1.6117324204261116,-2.3904121429742218,0.4795307971481326,-0.2106575687107496,0.0,,,0.0,0.0,0.0,,0.0,,,
2024-09-24,0.016769222662061267,0.005183899524737079,0.014639336904437528,0.021879123771335933,0.38979269442966924,-0.0900000000000003,1.5826658134039187,-2.3175946204431397,0.48435617487694965,-0.06492942247051808,0.0,,,0.0,0.0,0.0,,0.0,,,
2024-09-25,-0.02647942319009111,-0.017354631865477366,-0.008489550771505705,0.022403469238073882,0.09632960354322151,-0.08999999999999986,1.5547246715484966,-2.249925498599594,0.4334437706289049,0.006394853351433971,0.0,,,0.0,0.0,0.0,,0.0,,,
2024-09-26,-0.029413885206293067,-0.06132848308924199,-0.03215816208857181,0.02250658991218309,0.18745996691008626,-0.06000000000000005,1.5278441463172017,-2.186800883571573,0.38843830455748457,-0.16470419685662635,0.0,,,0.0,0.0,0.0,,0.0,,,
2024-09-27,0.007508316465622222,-0.053403123453608536,-0.020859136606063977,0.021831953010434484,0.24224662535048402,-0.020000000000000018,1.5019659654491306,-2.1277121895691704,0.5229637662864606,0.03666148245601836,0.0,,,0.0,0.0,0.0,,0.0,,,
2024-09-30,-0.00014668133506301473,-0.0317624506037637,-0.017207774857490143,0.021830637162954768,0.11850419541086232,-0.06000000000000005,1.477037805854092,-2.0722276357409366,0.5229637662864606,0.03666148245601836,0.0,,,0.0,0.0,0.0,,0.0,,,
2024-10-01,0.02405913148325034,-0.02447254178257463,0.007215202135155252,0.020427380827074747,-0.4614910867826172,-0.0,0.9775256233954474,-0.06462261035058174,0.4092175409155813,-0.07513863396136833,0.2057065994637397,,,0.0,0.0,0.0,,0.0,,,
2024-10-02,0.0038590771826001458,0.005865958590116627,0.010428182746909265,0.020092527142509725,-0.10515073939003639,-0.0,0.9624216152664119,-0.055483020635235636,0.20232779757344913,-0.23111597305545575,0.2057065994637397,,,0.0,0.0,0.0,,0.0,,,
2024-10-03,0.05021568116065289,0.08549552495706259,0.057450843053040934,0.02293700371907787,-0.8599379741242252,-0.06000000000000005,0.9475945755586703,-0.04626021109988847,0.07948130888325487,-0.3089569956742297,0.2057065994637397,,,0.0,0.0,0.0,,0.0,,,
2024-10-04,0.009048613295727037,0.0870358217871674,0.06177224943612725,0.02220335927926184,-0.915357882142942,-0.22999999999999998,0.9330371821495173,-0.03694981956679654,-0.4395206604176215,-0.9624844267040821,0.2057065994637397,,,0.0,0.0,0.0,,0.0,,,
2024-10-07,0.036434864283157786,0.1236173674053882,0.09242075353243084,0.023214068432724312,-0.9380276766397522,-0.2200000000000002,0.9187430899670889,-0.02754727182581627,-0.5170880910815866,-0.9624844267040821,0.2057065994637397,,,0.0,0.0,0.0,,0.0,,,
2024-10-08,-0.04738461883590883,0.05217361708622903,0.039417251552207766,0.023601274305812114,-0.8007356512263586,-0.2999999999999998,0.9047069703967027,-0.018047765602047055,-0.6672735230849143,-1.0764910640004957,0.0,,,0.0,0.0,0.0,,0.0,,,
2024-10-09,-0.0044956141378635905,0.04381892576576529,0.03069999212515917,0.023315594787763395,-1.0773004399024622,-0.2699999999999996,0.8909245682189378,-0.008446253088506344,-0.649881908217699,-0.8522097057911481,0.0,,,0.0,0.0,0.0,,0.0,,,
2024-10-10,0.03501598598823197,0.02861923059334437,0.06096167419582432,0.0239139603655541,-0.7987245301126711,-0.23999999999999977,0.8773927792382943,0.0012625781143132827,-0.6175228019553873,-0.6970041108386422,0.0,,,0.0,0.0,0.0,,0.0,,,
2024-10-11,-0.0038306631612323727,0.01573995413638496,0.05233571551362548,0.02389768796729557,-0.6224855731113754,-0.10000000000000009,0.8641097527226441,0.011084325830523021,-0.7195701312191981,-0.2800494708015766,0.0,,,0.0,0.0,0.0,,0.0,,,
2024-10-14,-0.023161889562234528,-0.043856799709007355,0.026574574823448494,0.024366934547233845,-0.6224855731113754,-0.10000000000000009,0.8510750240269017,0.02102489611450868,-0.7195701312191981,-0.2800494708015766,0.0,,,0.0,0.0,0.0,,0.0,,,
2024-10-15,-0.04501833482395057,-0.04149051569704909,-0.018013482957068838,0.02635464406676803,-0.6928767960868276,0.009999999999999787,0.8382896844277802,0.031090528259139483,-0.7375378437632556,-0.07026432067834132,0.0,,,0.0,0.0,0.0,,0.0,,,
2024-10-16,-0.002695610627084122,-0.03969051218626962,-0.02034108059935935,0.0263473835691433,-0.8474790062995341,0.040000000000000036,0.8242915282379133,0.03586540691731886,-0.6809873130797497,-0.031105404862050712,0.0,,,0.0,0.0,0.0,,0.0,,,
2024-10-17,0.003969947082723024,-0.07073655109177857,-0.015473619585106846,0.02613716220376758,-0.8262717199953418,-0.0,0.810457896389644,0.04065574972869189,-0.8267669171363514,-0.20924411518096409,0.0,,,0.0,0.0,0.0,,0.0,,,
2024-10-18,-0.020731316495564478,-0.08763720442611067,-0.03429170848286134,0.026509570367395728,-0.7627225454441833,-0.0,0.7967815590093319,0.04546199181093804,-0.9353742065338567,-0.21580407531465862,0.0,,,0.0,0.0,0.0,,0.0,,,
2024-10-21,0.019173573491337415,-0.04530174137253873,-0.015252953777528333,0.02647558109593623,-0.7627225454441833,-0.0,0.7832556640487239,0.05028457573035527,-1.0,-0.21580407531465862,0.0,,,0.0,0.0,0.0,,0.0,,,
2024-10-22,0.021451926717951153,0.021168520169362992,0.005830018951624716,0.026650556235322018,-0.727295397061356,-0.16999999999999993,0.7698737372765169,0.055123951756473125,-1.0,-0.2624621562367444,0.0,,,0.0,0.0,0.0,,0.0,,,
2024-10-23,-0.01848015632879374,0.005383974467653374,-0.013419054709033595,0.0262839204342624,-0.6210282956824242,-0.22000000000000064,0.7566296878523394,0.059980578125289015,-1.0,-0.3190126869202503,0.0,,,0.0,0.0,0.0,,0.0,,,
2024-10-24,-0.008229331345362745,-0.006815303960432395,-0.023476531079305474,0.025416087568582917,-0.32269188685720707,-0.1200000000000001,0.7435178204316385,0.06485492131151742,-1.0,-0.17323308286364858,0.0,,,0.0,0.0,0.0,,0.0,,,
2024-10-25,0.022400034977130723,0.036316047512262806,-0.003649227052660464,0.025806387197116764,-0.558431549768601,-0.16999999999999993,0.7305328550565676,0.06974745631026313,-1.0,-0.06462579346614328,0.0,,,0.0,0.0,0.0,,0.0,,,
2024-10-28,-0.06325764774105469,-0.0461151737201293,-0.06632405742390013,0.029718430073503457,-0.26663838805485174,-0.08999999999999986,0.7176699564876786,0.07465866692854434,-1.0,0.0,0.0,,,0.0,0.0,0.0,,0.0,,,
2024-10-29,-0.0025261919965320345,-0.07009329243461249,-0.06693816587662926,0.029147292665715932,-0.3621071177961399,-0.08000000000000007,0.7049247751579588,0.07958904608712267,-1.0,0.0,0.0,,,0.0,0.0,0.0,,0.0,,,
2024-10-30,0.020616250720925322,-0.030996885384893424,-0.04524769028881703,0.029559848417139257,-0.0980006111003684,-0.04999999999999982,0.6922935026326879,0.0845390961331114,-1.0,0.0,0.0,,,0.0,0.0,0.0,,0.0,,,
2024-10-31,0.009429242271476568,-0.013338311768054112,-0.03270490120599323,0.027143284341658667,-0.22977575781426562,-0.07000000000000028,0.6797729454038043,0.08950932916386156,-1.0,0.0,0.0,,,0.0,0.0,0.0,,0.0,,,
2024-11-01,0.0033153183519596396,-0.032423028393225195,-0.025989371295500163,0.02703814892397192,-0.15817286665247288,-0.1200000000000001,0.11595626024764484,-1.7855806895529278,-0.6869581407194718,0.3130418592805282,-0.5632052637729701,,,0.0,0.0,0.0,,0.0,,,
2024-11-04,0.028094923905651825,0.05892954325348132,0.0059227611875618535,0.02644935678034121,0.1741079870136053,-0.02999999999999936,0.10027342118633302,-1.745522941928558,-0.4346519094916167,0.5653480905083833,-0.5632052637729701,,,0.0,0.0,0.0,,0.0,,,
2024-11-05,0.0072494392493238635,0.06870517449933722,0.014257706110033297,0.024459320094401417,0.24667390670599643,0.020000000000000462,0.08410918892180974,-1.7072408062489624,-0.49636600090327315,0.5036339990967269,-0.5632052637729701,,,0.0,0.0,0.0,,0.0,,,
2024-11-06,-0.004175952616431111,0.043912971161980785,0.011151276090679119,0.024457078798237858,-0.7116114771186011,-0.1299999999999999,0.06740963822555761,-1.6705924252130242,-0.6417703134115571,0.3582296865884429,-0.5632052637729701,,,0.0,0.0,0.0,,0.0,,,
2024-11-07,0.00930239266231414,0.04378612155281836,0.022808871016365195,0.02309839207860488,0.019070696192591274,-0.02999999999999936,0.05011260949098393,-1.6354511873727846,-0.520202132341352,0.47979786765864796,-0.5632052637729701,,,0.0,0.0,0.0,,0.0,,,
2024-11-08,-0.027744528633655285,0.012726274567203433,-0.0013847620802964755,0.023787464496536993,-0.6197539252417394,0.07000000000000028,0.03214593840686728,-1.6017036707995562,-0.6868209669416796,0.00013717377779220996,0.0,,,0.0,0.0,0.0,,0.0,,,
2024-11-11,-0.03381336436577875,-0.049182013704227145,-0.031114657168903825,0.02436194088876593,-0.6197539252417394,0.07000000000000028,0.013425192574833036,-1.569247915946138,-0.6868209669416796,0.00013717377779220996,0.0,,,0.0,0.0,0.0,,0.0,,,
2024-11-12,0.0011750882668266627,-0.055256364686724346,-0.028165770779446042,0.022386411182203685,-1.7847795159016355,-0.16999999999999993,-0.006149257265218326,-1.5379919671292348,-0.8323565725403769,-0.3359905716371037,0.0,,,0.0,0.0,0.0,,0.0,,,
2024-11-13,0.004540469169919348,-0.04653994290037389,-0.022213307476745214,0.022429162052726867,-0.9973469314696892,-0.020000000000000462,-0.026696077550123713,-1.5078526345678367,-0.7080534163621689,-0.0662831029506118,0.0,,,0.0,0.0,0.0,,0.0,,,
2024-11-14,0.003937874263897356,-0.05190446129879067,-0.01686183543912456,0.022428758144920628,-1.784411941494679,-0.1200000000000001,-0.048358081841455264,-1.478754438573885,-0.7679996012603792,-0.2477974689190272,0.0,,,0.0,0.0,0.0,,0.0,,,
2024-11-15,-0.02475811691913954,-0.048918049584274925,-0.040005014563362806,0.022628482526948077,-1.0381339230186581,-0.1299999999999999,-0.071309142077833,-1.4506287050083007,-0.7093107525077191,-0.022489785566039533,0.0,,,0.0,0.0,0.0,,0.0,,,
2024-11-18,0.03143157850592537,0.0163268932874292,-0.007571398513265493,0.023374877778179034,-1.0381339230186581,-0.1299999999999999,-0.0822014675416339,-1.4240155852466658,-0.5207910445195024,-0.022489785566039533,0.0,,,0.0,0.0,0.0,,0.0,,,
2024-11-19,0.0033201040963675155,0.018471909116970053,-0.0023426657416463215,0.022802787871394486,0.29721667000588425,0.040000000000000036,-0.09326903730645403,-1.3982275654588716,-0.4550676007239923,0.37728897181638454,0.0,,,0.0,0.0,0.0,,0.0,,,
2024-11-20,-0.007522095354850045,0.006409344592200661,-0.00850403546994194,0.02251346624370671,0.06080789431399669,0.03000000000000025,-0.10452170967188787,-1.3732148361851297,-0.4463031741908183,0.2617502421713506,0.0,,,0.0,0.0,0.0,,0.0,,,
2024-11-21,0.01770212448393682,0.020173594812240125,0.009262241849084418,0.022841397751459457,-0.08125888276910853,-0.0,-0.11597002879737281,-1.3489315784180163,-0.49150378758518626,0.276495813675193,0.0,,,0.0,0.0,0.0,,0.0,,,
2024-11-22,0.016131664380917066,0.06106337611229673,0.02577147759490206,0.022558181747489015,-0.46215149489929885,0.019999999999999574,-0.12762529114178184,-1.3253355554878659,-0.4626241938214354,0.24668655868628375,0.0,,,0.0,0.0,0.0,,0.0,,,
2024-11-25,-0.032817897332741985,-0.003186099726370628,-0.00819083589335623,0.01880747546628728,-0.30828288094024714,0.15000000000000036,-0.13949961991056334,-1.3023877546857798,-0.16016979799791642,0.360621246521586,0.0,,,0.0,0.0,0.0,,0.0,,,
2024-11-26,-0.0024689577569745325,-0.008975161579712676,-0.011807071517824674,0.018806891902931753,-0.8154310859070479,0.08999999999999986,-0.1516060486847227,-1.2800520715981263,-0.17657741707081218,0.2784901836531801,0.0,,,0.0,0.0,0.0,,0.0,,,
2024-11-27,-0.0007273256557445151,-0.0021803918806071465,-0.012614496222228766,0.018241047262896097,0.04689470365699666,0.16000000000000014,-0.16395861560963737,-1.2582950312471206,-0.07042506227776311,0.37587811191305515,0.0,,,0.0,0.0,0.0,,0.0,,,
2024-11-28,0.0,-0.019882516364543967,-0.012223133157315047,0.018108059714803827,0.04689470365699666,0.16000000000000014,-0.1765724697664067,-1.237085541054273,-0.07042506227776311,0.37587811191305515,0.0,,,0.0,0.0,0.0,,0.0,,,
2024-11-29,-0.010532572499893256,-0.04654675324535429,-0.021671948049701406,0.018223251693904978,0.6992952133501484,0.23000000000000043,-0.18946399164381963,-1.2163946714056983,0.1410946354249268,0.6037188292463622,0.0,,,0.0,0.0,0.0,,0.0,,,
2024-12-02,0.001469507979360074,-0.01225934793325223,-0.017787411666520647,0.016904264823655337,-0.10425623726326716,0.07999999999999918,-1.0096637218481808,-2.491335487241315,-0.0,0.16016979799791642,1.2837943264245588,,,0.0,0.0,0.0,,0.0,,,
2024-12-03,0.026660518479762807,0.01687012830348511,0.010317581255542052,0.018009464188898937,0.3716547346349075,0.0699999999999994,-1.0200362508199934,-2.407570311177557,0.03585878415259748,0.21243620122340967,1.2837943264245588,,,0.0,0.0,0.0,,0.0,,,
2024-12-04,-0.020220215188767376,-0.002622761229537751,-0.00765594636231004,0.018488505328762287,0.04975536289479887,0.05999999999999961,-1.030586808401984,-2.330301389147443,0.2542336921812516,0.3246587544590147,1.2837943264245588,,,0.0,0.0,0.0,,0.0,,,
2024-12-05,-0.0035077498697182463,-0.0061305110992559975,-0.008276501534510317,0.0182881552015521,0.04975536289479887,0.05999999999999961,-1.0413213437291866,-2.25869109345384,0.11024266933287497,0.3246587544590147,1.2837943264245588,,,0.0,0.0,0.0,,0.0,,,
2024-12-06,-0.016236519047640563,-0.011834457647003305,-0.022201226363934623,0.017634254179393398,-0.0854796736920127,0.02999999999999936,-1.052246088748754,-2.1920457701410685,0.3004076816094693,0.15931304618454248,1.2837943264245588,,,0.0,0.0,0.0,,0.0,,,
2024-12-09,0.017260884396598897,0.003956918770235518,-0.005182260187238441,0.016493512872882143,0.41619732047901703,-0.009999999999999787,-1.0633675758414602,-2.1297853534330256,0.3004076816094693,0.15931304618454248,0.0,,,0.0,0.0,0.0,,0.0,,,
2024-12-10,0.003212619585527321,-0.019490980123999968,-0.002313435387547358,0.016505868261803402,-0.0003938356838650847,0.010000000000000675,-1.0746926568068327,-2.0714204720538696,0.37391596330379323,0.33805717915119576,0.0,,,0.0,0.0,0.0,,0.0,,,
2024-12-11,0.02448278967658446,0.02521202474135187,0.02082844347786672,0.01735333161632106,-0.07171178960754254,-0.0699999999999994,-1.0862285233385192,-2.016534957120215,0.2416273506742567,-0.012606341506994884,0.0,,,0.0,0.0,0.0,,0.0,,,
2024-12-12,-0.0038486256612948466,0.024871148949775268,0.016028232001660925,0.017379328065419607,-0.41683606399185447,-0.15000000000000036,-1.097982729130319,-1.9647723067200107,0.3310411123485247,0.22079844301564971,0.0,,,0.0,0.0,0.0,,0.0,,,
2024-12-13,0.017975149603017826,0.05908281760043366,0.030915132463659845,0.016664311285997706,-0.49065420560747697,-0.25,-1.1099632137687958,-1.9158250907467353,0.12835979558617097,-0.17204788602329832,0.0,,,0.0,0.0,0.0,,0.0,,,
2024-12-16,-0.008169059513387644,0.033652873690447116,0.021637855710219256,0.015425983367395575,-0.5297077918230864,-0.1899999999999995,-1.1183092013043427,-1.870216524390805,0.0886444586765624,-0.17204788602329832,0.0,,,0.0,0.0,0.0,,0.0,,,
2024-12-17,-0.008949558988013528,0.021490695116906267,0.012193562636372057,0.01557663142043005,-0.4310908417810788,-0.1800000000000006,-1.1267661497521153,-1.8268685532380515,0.04697432123324036,-0.3269416420705529,0.0,,,0.0,0.0,0.0,,0.0,,,
2024-12-18,0.007109371618987836,0.004117277059309643,0.018076626820834996,0.015523797293653297,-0.6255503621254821,-0.2400000000000002,-1.1353368812915205,-1.7855848346834404,-0.09884980524163875,-0.34047715591589545,0.0,,,0.0,0.0,0.0,,0.0,,,
2024-12-19,-0.009538117723230322,-0.001572215002625832,0.008674213773436357,0.01519365540652158,-1.3240849556852785,-0.25,-1.1440243199307285,-1.7461921007558412,0.05180924671696608,-0.2792318656315586,0.0,,,0.0,0.0,0.0,,0.0,,,
2024-12-20,-0.006457653207966096,-0.026005017813609754,0.0034817311207469004,0.014753986082961492,-0.4582529518590839,-0.11999999999999922,-1.1528314963033914,-1.7085367782271819,0.19523665780012542,0.06687686221395445,0.0,,,0.0,0.0,0.0,,0.0,,,
2024-12-23,-0.003172317007918757,-0.021008275308140867,9.230565186335582e-05,0.01277341321950212,-0.8119828363140291,-0.20000000000000018,-1.1617615527449696,-1.672482195828309,-0.2653995699208618,-0.3540440285974242,0.0,,,0.0,0.0,0.0,,0.0,,,
2024-12-24,0.012344063732535382,0.0002853474124080435,0.01147860984895921,0.01303622166846137,-0.6536250149995038,-0.1899999999999995,-1.1708177486681428,-1.6379062617338092,-0.25745389978090705,-0.3044282210141474,0.0,,,0.0,0.0,0.0,,0.0,,,
2024-12-26,-0.0068709116572511775,-0.01369493586383097,0.003957117956343126,0.01314990460339582,-0.5414370527523138,-0.08000000000000007,-1.180003466258392,-1.6046995205283046,-0.25745389978090705,-0.3044282210141474,0.0,,,0.0,0.0,0.0,,0.0,,,
2024-12-27,0.013978262115903028,0.00982144397530238,0.016585886731086852,0.013480813050536795,0.14505980413039854,-0.04999999999999982,-1.189322216512575,-1.572763518524158,-0.7234279629799512,-0.7752372096969172,0.0,,,0.0,0.0,0.0,,0.0,,,
2024-12-30,0.00550887755209839,0.021787974735366866,0.01994319843942538,0.013211168863267288,-0.7252156099239349,-0.03000000000000025,-1.1987776456451789,-1.5420094212697926,-0.28640215969150273,-0.4816388174916282,0.0,,,0.0,0.0,0.0,,0.0,,,
2024-12-31,0.010230626685637567,0.03519091842892319,0.027584203345989877,0.013332060355336966,-0.7602369719591495,0.009999999999999787,-1.208373541889039,-1.5123568385849353,-0.3344709853338354,-0.06907141541297362,0.0,,,0.0,0.0,0.0,,0.0,,,
2025-01-02,0.019469030545927524,0.04231588524231533,0.04482318650953587,0.012732166745061129,-0.8743338863015149,0.019999999999999574,-1.919184439936288,1.1688448285150843,-0.4360826943349602,-0.17862879455405317,1.1231493156752315,,,0.0,0.0,0.0,,0.0,,,
2025-01-03,0.011285727236064247,0.060472524135630756,0.05230356924197643,0.01171686404549532,-0.873197753654753,-0.019999999999999574,-1.9083436896591055,1.1655472127553106,-0.8151322229547265,-0.17862879455405317,1.1231493156752315,,,0.0,0.0,0.0,,0.0,,,
2025-01-06,-0.005423006782803164,0.041071255236924564,0.043170980801205516,0.011787394841528876,-0.06850914752822845,-0.0,-1.897644625827752,1.162265353183327,-0.6819728271934524,0.04145513578649873,1.1231493156752315,,,0.0,0.0,0.0,,0.0,,,
2025-01-07,0.009336377946688401,0.044898755631514575,0.04751913224020843,0.010860420937694236,0.1610768472409374,-0.1200000000000001,-1.8870840140653924,1.15899910519513,-0.7109167533093531,-0.4245145936178504,1.1231493156752315,,,0.0,0.0,0.0,,0.0,,,
2025-01-08,-0.012604354711304389,0.02206377423457262,0.03141981297661456,0.011133898624126186,0.15393243217111108,-0.08999999999999986,-1.8766587228364469,1.1557483260324755,-0.6555672262218982,-0.3210962408880628,1.1231493156752315,,,0.0,0.0,0.0,,0.0,,,
2025-01-09,0.008150004361923813,0.010744748050568909,0.03582798354742778,0.011181942824792332,0.13679922261582433,-0.10999999999999943,-1.8663657192713603,1.152512874752517,-0.48171055853717665,-0.04562786420221643,0.0,,,0.0,0.0,0.0,,0.0,,,
2025-01-10,0.03522192779160349,0.03468094860610815,0.06677112064216928,0.012419686567503705,-0.31895622752571295,-0.16999999999999993,-1.8562020651968985,1.1492926121980573,-0.8387995759764688,-0.023667353021742277,0.0,,,0.0,0.0,0.0,,0.0,,,
2025-01-13,0.02896141664182572,0.06906537203073704,0.08981324447197903,0.013416556655567922,-1.1695374130607172,-0.16999999999999993,-1.8461649133601266,1.146087400968391,-0.8515094372548211,-0.16953661006136866,0.0,,,0.0,0.0,0.0,,0.0,,,
2025-01-14,-0.016888835407556257,0.04284015867649238,0.06874831550293514,0.014019099781001226,-0.5972957632587761,-0.11000000000000032,-1.8362515038349503,1.14289710539073,-0.7001960735128135,0.010720679796539567,0.0,,,0.0,0.0,0.0,,0.0,,,
2025-01-15,0.03224857335623099,0.08769308674402776,0.09479991365419682,0.01502305260130273,-0.10125621230492321,0.009999999999999787,-1.8264591606008849,1.1397215914921959,0.4834592519408611,1.1390264781627593,0.0,,,0.0,0.0,0.0,,0.0,,,
2025-01-16,-0.01713751619467363,0.06240556618743032,0.07187482011488644,0.015559527354525926,-0.11857735025646576,0.0699999999999994,-1.816785288284432,1.1365607269723654,0.5663880111264064,1.048098569663583,0.0,,,0.0,0.0,0.0,,0.0,,,
2025-01-17,-0.010219813016860257,0.01696382537896657,0.05673388898518272,0.01595941120220955,0.29299341477088126,0.15999999999999925,-1.807227369053912,1.133414381176357,0.19372098737498264,1.0325205633514514,0.0,,,0.0,0.0,0.0,,0.0,,,
2025-01-20,0.0,-0.011997591262859153,0.051335864986177704,0.01564398729382073,0.29299341477088126,0.15999999999999925,-1.7662682348059964,1.134443331403986,0.19372098737498264,1.0325205633514514,0.0,,,0.0,0.0,0.0,,0.0,,,
2025-01-21,-0.025884257088176987,-0.020993012943479883,0.021024914093005442,0.01696607576684614,0.7467081770767381,0.20999999999999996,-1.7271588536067624,1.1354738760788505,-0.0,0.7001960735128135,0.0,,,0.0,0.0,0.0,,0.0,,,
2025-01-22,-0.005947285090619481,-0.059188871390330355,0.010789683601527322,0.017042665133191286,0.6725527284434873,0.0600000000000005,-1.6897492689413707,1.1365060199457484,-0.0,0.7001960735128135,0.0,,,0.0,0.0,0.0,,0.0,,,
2025-01-23,-0.010929070532189833,-0.05298042572784656,-0.0032636756182862214,0.01725683823941794,0.9423962421583054,-0.040000000000000036,-1.653905884073551,1.1375397677692591,0.06960166843528748,-0.4967863426911189,0.0,,,0.0,0.0,0.0,,0.0,,,
2025-01-24,0.0005359056934253204,-0.04222470701756098,-0.006222399480019014,0.01710989788002757,1.5637223821280855,-0.019999999999999574,-1.6195092237790896,1.1385751243338476,0.2794258194867136,0.08570483211173094,0.0,,,0.0,0.0,0.0,,0.0,,,
2025-01-27,-0.020158972590499147,-0.06238367960806013,-0.028169139890354522,0.017701534734177765,1.5637223821280855,-0.019999999999999574,-1.5864520594032836,1.1396120944439743,0.4889951841017503,0.08570483211173094,0.0,,,0.0,0.0,0.0,,0.0,,,
2025-01-28,0.008166644000272782,-0.028332778519610358,-0.02192315203232731,0.017740872411530512,0.10388186436018909,0.020000000000000462,-1.5546378294802137,1.1406506829242018,0.41913872923006723,0.41913872923006723,0.0,,,0.0,0.0,0.0,,0.0,,,
2025-01-29,-0.0157117789100214,-0.03809727233901228,-0.038258466804812485,0.018047057289730942,-0.0012466865409344052,0.04999999999999982,-1.5239793023315795,1.1416908946193047,0.41913872923006723,0.41913872923006723,0.0,,,0.0,0.0,0.0,,0.0,,,
2025-01-30,0.0015135881802592621,-0.025654613626563183,-0.036470642368732875,0.01749849450260216,0.09031620029292808,0.13000000000000078,-1.4943974379703773,1.1427327343943787,0.4840387351857785,0.414437066750491,0.0,,,0.0,0.0,0.0,,0.0,,,
2025-01-31,-0.0027536847911280304,-0.028944204111116534,-0.0382481203026801,0.01729071631327424,-0.801577893176808,0.04999999999999982,-1.4658204150914167,1.1437762071349498,0.41398491115236746,0.13455909166565388,0.0,,,0.0,0.0,0.0,,0.0,,,
2025-02-03,0.008648554147344,-0.00013667737327338614,-0.029326937344663406,0.017386277249543034,-0.7945901045505188,-0.009999999999999787,-0.4824973369187908,0.20996241692042691,0.1392610286569323,-0.349734155444818,-0.037016853595850385,,,0.0,0.0,0.0,,0.0,,,
2025-02-04,-0.006307438983191638,-0.014610760356737806,-0.034579556670689016,0.017282817094794227,0.13517126760870246,0.03000000000000025,-0.47424336921469773,0.21964545347406725,0.6327904304063494,0.21365170117628218,-0.037016853595850385,,,0.0,0.0,0.0,,0.0,,,
2025-02-05,-0.023239061529754856,-0.02213804297647126,-0.05623206320235408,0.017812345727419295,0.2857214095485672,0.1200000000000001,-0.4660190617355967,0.22947215925348818,0.7646727983363556,0.21365170117628218,-0.037016853595850385,,,0.0,0.0,0.0,,0.0,,,
2025-02-06,-0.005930545481462879,-0.029582176638193403,-0.0598720261935588,0.01768506672591777,-0.0790785977248909,0.0699999999999994,-0.45782272767383114,0.2394489851690786,0.42195917827671436,-0.06207955690906414,-0.037016853595850385,,,0.0,0.0,0.0,,0.0,,,
2025-02-07,0.005508099513059861,-0.02132039233400551,-0.050587652776312275,0.015478262432566935,0.04171764625302554,0.08999999999999986,-0.44965269498644594,0.24958275391655416,0.776469890379534,0.3624849792271665,-0.037016853595850385,,,0.0,0.0,0.0,,0.0,,,
2025-02-10,0.01842083904260594,-0.011548107438743571,-0.027863510949559966,0.014450197235544833,0.3646531225553584,0.03000000000000025,-0.4415073046805263,0.25988068924889723,0.8481867283617965,0.7089256997048643,0.0,,,0.0,0.0,0.0,,0.0,,,
2025-02-11,0.013732706887583213,0.00849203843203128,-0.011358578392586693,0.0146671381229102,-0.25283295461728805,-0.020000000000000462,-0.43338490911526295,0.27035044810945263,0.5641635036229509,-0.06862692678339855,0.0,,,0.0,0.0,0.0,,0.0,,,
2025-02-12,-0.026955809988528756,0.0047752899732573795,-0.0325819435444874,0.013119903139445693,-0.27638188991452317,-0.1900000000000004,-0.4252838703167824,0.2810001559644275,-0.6250395391104814,-1.389712337446837,0.0,,,0.0,0.0,0.0,,0.0,,,
2025-02-13,-0.0011215478534385426,0.009584287601281716,-0.02877184497836094,0.012873605117269572,0.24071443670402592,-0.0699999999999994,-0.41720255830160574,0.2918384457201176,-0.5600763792599515,-0.9820355575366658,0.0,,,0.0,0.0,0.0,,0.0,,,
2025-02-14,-0.007744881352202526,-0.0036686932639806713,-0.03170882649422957,0.012831925207487747,0.9967359447851432,0.020000000000000462,-0.40913934940470165,0.3028745006648305,0.07192617922448546,-0.7045437111550485,0.0,,,0.0,0.0,0.0,,0.0,,,
2025-02-17,0.0,-0.022089532306586612,-0.026900926657896562,0.012831925207487747,0.9967359447851432,0.020000000000000462,-0.4010926246079839,0.3141181019390923,0.07192617922448546,-0.7045437111550485,0.0,,,0.0,0.0,0.0,,0.0,,,
2025-02-18,0.015569428747698844,-0.02025281044647098,-0.008596282365657792,0.012594088144894173,0.8888736625238813,-0.009999999999999787,-0.3930607678652598,0.3255796811119871,-0.0,-0.5641635036229509,0.0,,,0.0,0.0,0.0,,0.0,,,
2025-02-19,0.005551714467507907,0.012254714009565681,-0.0008843023315172616,0.012701749851558454,0.4652891634613576,0.08999999999999986,-0.3805315150644181,0.3182284025432701,0.0717860985221947,0.696825637632676,0.0,,,0.0,0.0,0.0,,0.0,,,
2025-02-20,0.004419286297504321,0.017795548160508545,0.004927831691135864,0.012607379826869278,0.6102753002312111,0.019999999999999574,-0.36789297150343425,0.3108801154168544,0.07233164470141659,0.6324080239613681,0.0,,,0.0,0.0,0.0,,0.0,,,
2025-02-21,-0.030358350126048705,-0.004817920613337634,-0.022492957918791134,0.014156144255252799,0.006527769366837521,0.04999999999999982,-0.35513165094750176,0.30353354350135053,0.5911735749516019,0.5192473957271164,0.0,,,0.0,0.0,0.0,,0.0,,,
2025-02-24,0.00425230973853008,-0.0005656108748075539,-0.016523651780590676,0.01363596955526634,0.006527769366837521,0.04999999999999982,-0.34223293868507604,0.29618740257342596,0.2909122133067003,0.5192473957271164,0.0,,,0.0,0.0,0.0,,0.0,,,
2025-02-25,-0.025354076004966863,-0.04148911562747326,-0.038484695385625045,0.014396082982897773,-0.06646209539431513,0.25,-0.3291809269522507,0.28884039918480864,0.8319074653448467,0.8319074653448467,0.0,,,0.0,0.0,0.0,,0.0,,,
2025-02-26,-0.004507459467256503,-0.05154828956223767,-0.04015933842508712,0.014106569005737195,0.3519095103251546,0.28000000000000025,-0.3159582216219776,0.2814912294000107,1.0,0.9282139014778052,0.0,,,0.0,0.0,0.0,,0.0,,,
2025-02-27,0.02489874613009402,-0.031068829729647973,-0.013597033764690458,0.015396027412131707,-0.6748347528097165,0.20999999999999996,-0.3025457138191884,0.27413857750163023,0.7062223777537051,0.6338907330522885,0.0,,,0.0,0.0,0.0,,0.0,,,
2025-02-28,-0.008422003959673852,-0.00913248356327312,-0.020072063235634374,0.015469149703904783,-0.896407762103113,0.17999999999999972,-0.2889223084470821,0.26678111465993115,1.0,0.40882642504839806,0.0,,,0.0,0.0,0.0,,0.0,,,
2025-03-03,-0.02012664767502148,-0.03351144097682468,-0.0368129763308076,0.015767107562332593,-0.4386278707561253,0.2400000000000002,2.0829661437901645,-0.13724392508397754,1.0,0.7090877866932996,-0.23174046295659778,,,0.0,0.0,0.0,,0.0,,,
2025-03-04,-0.0016101884471417804,-0.009767553418999597,-0.03527229272490384,0.01575627683793631,-0.48785006814513476,0.08000000000000007,2.0723144738043344,-0.14196303465993756,1.0,0.16809253465515328,-0.23174046295659778,,,0.0,0.0,0.0,,0.0,,,
2025-03-05,-0.02898322809778442,-0.034243322049527514,-0.06081744044124093,0.01618815425578384,0.6113973517113958,-0.03000000000000025,2.061793580781211,-0.14670295617321266,0.8847127958202597,-0.11528720417974025,-0.23174046295659778,,,0.0,0.0,0.0,,0.0,,,
2025-03-06,0.0007537499414675963,-0.058388318238153936,-0.056959824889472266,0.016202981361284063,1.4538518282352864,-0.0,2.0514006837342427,-0.15146416206276914,1.0,0.2937776222462949,-0.23174046295659778,,,0.0,0.0,0.0,,0.0,,,
2025-03-07,0.010194990851584151,-0.03977132342689593,-0.04389531299451477,0.016367153865167267,1.7922443395527732,-0.08000000000000007,2.0411330840922703,-0.1562471343010093,1.0,0.0,-0.23174046295659778,,,0.0,0.0,0.0,,0.0,,,
2025-03-10,-0.015180271967348169,-0.03482494771922262,-0.05452600836799082,0.015780758119907312,1.1600782778865004,-0.05999999999999961,2.030988162579975,-0.16105236470227757,1.0,0.0,0.0,,,0.0,0.0,0.0,,0.0,,,
2025-03-11,0.0033262806598512995,-0.02988847861222954,-0.04612982980288027,0.015310792139403643,1.5241811110607628,-0.0600000000000005,2.0209633762415993,-0.16588035524266523,1.0,0.0,0.0,,,0.0,0.0,0.0,,0.0,,,
2025-03-12,0.021355250431636996,0.020449999917191874,-0.022120234486993517,0.01548612987524937,0.5040156832985532,-0.040000000000000036,2.011056255600179,-0.1707316183916255,1.0,0.11528720417974025,0.0,,,0.0,0.0,0.0,,0.0,,,
2025-03-13,-0.016837170456847517,0.0028590795188767615,-0.03551727892941958,0.015799797111527365,0.084688037973224,0.020000000000000462,2.00126440194502,-0.17560667745594152,1.0,0.0,0.0,,,0.0,0.0,0.0,,0.0,,,
2025-03-14,0.009422039343026434,0.002086128010319044,-0.023513459606734344,0.016018422629814122,0.2279701606745066,0.010000000000000675,1.9915854847407433,-0.18050606693661234,0.8958316646144836,-0.1041683353855164,0.0,,,0.0,0.0,0.0,,0.0,,,
2025-03-17,0.0059364971019970625,0.023202897079664275,-0.015292007380176997,0.01612343956396513,0.7121360914879471,-0.08999999999999986,1.982017239151354,-0.18543033289925737,0.8958316646144836,-0.1041683353855164,0.0,,,0.0,0.0,0.0,,0.0,,,
2025-03-18,-0.010113114151961256,0.00976350226785172,-0.021836039262596252,0.01564215317641568,0.44245856859852495,-0.009999999999999787,1.9725574636734684,-0.1903800333586694,0.9237578457847532,-0.07624215421524683,0.0,,,0.0,0.0,0.0,,0.0,,,
2025-03-19,0.003878865075156668,-0.007712883088628608,-0.014304449448279577,0.015595217264767798,0.05227765313061683,0.07000000000000028,1.963204017873009,-0.19535573867817832,1.0,0.0,0.0,,,0.0,0.0,0.0,,0.0,,,
2025-03-20,0.016246111269221153,0.02537039863744006,0.005003045311515741,0.016132376488288448,0.0143647259472246,0.02999999999999936,1.9299164642138331,-0.187683869585209,1.0,0.0,0.0,,,0.0,0.0,0.0,,0.0,,,
2025-03-21,0.0002929544476790724,0.0162413137420927,0.0068248180210828124,0.014803928930737105,-0.4564251970258004,0.05999999999999961,1.8978831746634977,-0.17998767855322456,0.8826014281020876,-0.013230236512395965,0.0,,,0.0,0.0,0.0,,0.0,,,
2025-03-24,0.01208254017706345,0.022387356817159088,0.020044664938107637,0.01506608588868661,-0.6594942282290406,-0.03000000000000025,1.8670223330631652,-0.17226538127727228,0.3160137013229139,-0.013230236512395965,0.0,,,0.0,0.0,0.0,,0.0,,,
2025-03-25,-0.0015929335060436145,0.03090753746307673,0.01840098104707888,0.013951566642030028,-0.45064069871223467,-0.019999999999999574,1.8372594241438145,-0.16451514995619487,0.3803209760770695,-0.5434368697076837,0.0,,,0.0,0.0,0.0,,0.0,,,
2025-03-26,0.00937619562855474,0.0364048680164748,0.027032243535858314,0.014057825843665703,-0.34642124123414053,-0.09999999999999964,1.8085264148112945,-0.15673511045377392,0.2407825849026564,-0.7592174150973436,0.0,,,0.0,0.0,0.0,,0.0,,,
2025-03-27,0.003869031121465305,0.024027787868718953,0.03120782726797877,0.012894445442508189,-0.29971822042307306,-0.13999999999999968,1.7807610450164721,-0.14892333930293306,0.34017832734958564,-0.6598216726504144,0.0,,,0.0,0.0,0.0,,0.0,,,
2025-03-28,-0.008041398874993,0.01569343454604688,0.023453950749408925,0.012882112844131283,-0.11942861170575192,-0.019999999999999574,1.7539062112785153,-0.1410778605403402,0.3331311916201714,-0.5494702364819162,0.0,,,0.0,0.0,0.0,,0.0,,,
2025-03-31,0.030107357818940805,0.033718252187924236,0.05133713065007228,0.013682706867696548,-0.4056401332534598,0.10999999999999943,1.7279094288787678,-0.13319664235766707,0.2290029478541238,-0.08701075346879009,0.0,,,0.0,0.0,0.0,,0.0,,,
2025-04-01,-0.003924871873297597,0.03138631382067025,0.04530381502980685,0.013726565555934028,-0.30169729519609056,0.13999999999999968,1.9680466042262355,-0.6113177126109302,0.28945462505529856,-0.09086635102177093,0.3021069769710616,,,0.0,0.0,0.0,,0.0,,,
2025-04-02,0.007137389476553402,0.029147507668668915,0.04852672988067486,0.01163777136292238,-0.11462620923916589,0.14999999999999947,1.931060260625565,-0.5999575332129862,0.25478644069581935,0.014003855793162961,0.3021069769710616,,,0.0,0.0,0.0,,0.0,,,
2025-04-03,-0.06868413575730159,-0.04340565921009798,-0.020599986217374244,0.019990529039250218,1.2907300103036867,0.3200000000000003,1.8956046238201905,-0.5886514102173733,0.75686573420131,0.41668740685172434,0.3021069769710616,,,0.0,0.0,0.0,,0.0,,,
2025-04-04,-0.0769729904233536,-0.11233725075845857,-0.09365715791772722,0.026268804805315113,0.4792012574089122,0.2599999999999998,1.8615700346656212,-0.5773947655565854,0.9084042219580178,0.5752730303378464,0.3021069769710616,,,0.0,0.0,0.0,,0.0,,,
2025-04-07,-0.0210293836483757,-0.16347399222577508,-0.11047826725905097,0.02643286192789421,-0.09525876526645938,0.08000000000000007,1.8288575491243089,-0.5661830390771335,0.46222498536884576,0.23322203751472195,0.3021069769710616,,,0.0,0.0,0.0,,0.0,,,
2025-04-08,-0.018623750780315973,-0.17817287113279345,-0.12379624216030738,0.02655894522088558,-0.3424717124692833,-0.08999999999999986,1.797377625503832,-0.5550116784122772,0.6521346679061626,0.362680042850864,0.0,,,0.0,0.0,0.0,,0.0,,,
2025-04-09,0.04544372484090875,-0.1398665357684381,-0.07425116516080266,0.02831947686021809,-0.19536148996961433,-0.13999999999999968,1.7670490032352566,-0.5438761286757707,0.28408446774541024,0.02929802704959089,0.0,,,0.0,0.0,0.0,,0.0,,,
2025-04-10,-0.037253123263974786,-0.1084355232751113,-0.10638213862582546,0.029158244231252777,-0.2865352484855421,-0.34000000000000075,1.7377977409997112,-0.532771821915363,0.2816653480851795,-0.47520038611613047,0.0,,,0.0,0.0,0.0,,0.0,,,
2025-04-11,0.023526625950402114,-0.007935906901355594,-0.07843859220683846,0.029694171741011677,1.4279934728473775,-0.47000000000000064,1.709556388098607,-0.5216941662609412,0.17038647211915747,-0.7380177498388604,0.0,,,0.0,0.0,0.0,,0.0,,,
2025-04-14,0.000487685939926763,0.013581162686946868,-0.07326154524022588,0.029619081957224475,2.498182580845576,-0.22999999999999954,1.6822632677777867,-0.5106385346975656,0.6214893267117537,0.15926434134290796,0.0,,,0.0,0.0,0.0,,0.0,,,
2025-04-15,-0.0032557411145068826,0.02894917235275596,-0.0721707939799181,0.02959267093975766,2.4362559787115323,-0.08999999999999986,1.6558618550479696,-0.4996002533880887,0.5660128875026805,-0.08612178040348206,0.0,,,0.0,0.0,0.0,,0.0,,,
2025-04-16,0.018417321867586267,0.0019227693794334755,-0.05013390257713901,0.029981365871605402,2.6499668319802883,0.04999999999999982,1.6303002346124433,-0.48857458946347265,0.619157455529311,0.33507298778390077,0.0,,,0.0,0.0,0.0,,0.0,,,
2025-04-17,0.03476559320342787,0.07394148584683613,-0.0126747139352279,0.03089914883439025,1.5662448336784207,0.0600000000000005,1.6055306269841885,-0.4775567381911829,0.39494060809802584,0.11327526001284632,0.0,,,0.0,0.0,0.0,,0.0,,,
2025-04-21,-0.025048272614069056,0.02536658728236496,-0.033762329757726306,0.03128737242929486,1.3722389718125783,0.0600000000000005,1.581508972875278,-0.4665418094229683,0.8103475600309841,0.6399610879118266,0.0,,,0.0,0.0,0.0,,0.0,,,
2025-04-22,0.019311378051934724,0.04419027939437292,-0.010851736807965473,0.03152332839509118,1.0046110377018191,-0.03000000000000025,1.5581945675699016,-0.45552481321272464,0.5527747927130569,-0.06871453399869687,0.0,,,0.0,0.0,0.0,,0.0,,,
2025-04-23,-0.03223537126241194,0.015210649246467867,-0.037955771284732265,0.032158931611706416,0.6065796277145763,-0.05000000000000071,1.529230650486361,-0.4544259185094161,0.46937294428814985,-0.09663994321453068,0.0,,,0.0,0.0,0.0,,0.0,,,
2025-04-24,0.008316056241657321,0.005109383620538921,-0.02445537128808528,0.03213462508148746,0.2817337863138869,-0.03000000000000025,1.501251718258474,-0.4533283023587339,0.5482678626622759,-0.07088959286703511,0.0,,,0.0,0.0,0.0,,0.0,,,
2025-04-25,0.003656311203110718,-0.02599989837977823,-0.015604080334067127,0.03213150591452986,0.19816486342055795,0.04999999999999982,1.4741952828039637,-0.4522319595022702,0.4091171121779758,0.01417650407994997,0.0,,,0.0,0.0,0.0,,0.0,,,
2025-04-28,-0.015511624678512526,-0.0164632504442217,-0.025547213971496063,0.032209659078759535,-0.3295602729030511,0.1899999999999995,1.4480041987248067,-0.451136884704201,0.5952996255870198,-0.2150479344439643,0.0,,,0.0,0.0,0.0,,0.0,,,
2025-04-29,-0.026620335692089547,-0.06239496418824597,-0.04376267394694988,0.03138998585888678,-0.14450548328466262,0.21999999999999975,1.4226260854090143,-0.4500430727511426,0.5867458355650688,0.03397104285201191,0.0,,,0.0,0.0,0.0,,0.0,,,
2025-04-30,-0.03726301467488202,-0.06742260760071606,-0.07095390576511829,0.032018451254192865,0.3520416955225425,0.23000000000000043,1.3980128237420593,-0.44895051845200884,0.8071972371932317,0.3378242929050818,0.0,,,0.0,0.0,0.0,,0.0,,,
2025-05-01,0.01753982811595378,-0.058198835726419595,-0.04386241672442015,0.032394994825592306,-0.17522865549834954,0.07000000000000028,1.1762390884141223,0.7339120472649702,0.025994612298228695,-0.5222732503640471,-0.7807293608039334,,,0.0,0.0,0.0,,0.0,,,
2025-05-02,-0.016166437342139517,-0.07802158427166983,-0.05310307806257342,0.02933336376007855,0.3170423271037004,-0.040000000000000036,1.1585847627222963,0.7236689237463075,-0.3992945666417846,-0.8084116788197604,-0.7807293608039334,,,0.0,0.0,0.0,,0.0,,,
2025-05-05,-0.020101179321087237,-0.08261113891424454,-0.06912207193478803,0.024552561469859707,0.371829305657867,-0.1299999999999999,1.1413018036239575,0.713520842807383,-0.27295118363798876,-0.8682508092250085,-0.7807293608039334,,,0.0,0.0,0.0,,0.0,,,
2025-05-06,0.033732332621212,-0.022258470600942992,-0.03404563967818319,0.02559453600356051,0.450836253531961,-0.10999999999999943,1.1243735395970733,0.7034644977776955,-0.196235538528273,-0.7829813740933418,-0.7807293608039334,,,0.0,0.0,0.0,,0.0,,,
2025-05-07,-0.01741252597362486,-0.0024079818996858293,-0.05017462725674893,0.025552896446735203,0.3875453638529702,-0.08999999999999986,1.1077842680287628,0.6934966815884427,0.38219736316643294,-0.42499987402679873,-0.7807293608039334,,,0.0,0.0,0.0,,0.0,,,
2025-05-08,0.031194256711875035,0.011246446696235424,-0.016984358743362904,0.024351891202814346,0.31159529155720955,-0.1200000000000001,1.0915191818495644,0.6836142814752827,-0.18514311366492697,-0.21113772596315566,0.0,,,0.0,0.0,0.0,,0.0,,,
2025-05-09,0.018358243192690082,0.04577112723106502,0.0005893279280053676,0.023264925126457586,-0.018694457460721736,-0.040000000000000036,1.0755643027910675,0.6738142739528106,0.2573458249463709,0.6566403915881556,0.0,,,0.0,0.0,0.0,,0.0,,,
2025-05-12,0.015125928786628329,0.08099823533878059,0.015350735051498532,0.0229057826904118,-1.0019523757722082,-0.08999999999999986,1.0599064205680164,0.6640937200414613,-0.45348432121935456,-0.1805331375813658,0.0,,,0.0,0.0,0.0,,0.0,,,
2025-05-13,0.027385885953782108,0.0746517886713507,0.04102718934145422,0.02368964467645435,-0.7510547624295594,-0.1900000000000004,1.0445330373696715,0.6544497607289222,-0.6133515565506251,-0.4171160180223521,0.0,,,0.0,0.0,0.0,,0.0,,,
2025-05-14,-0.008200645232434134,0.08386366941254142,0.031364357651090025,0.02376986162589631,-0.4566112826223989,-0.27000000000000046,1.0294323171176727,0.6448796126494043,-1.0,-1.382197363166433,0.0,,,0.0,0.0,0.0,,0.0,,,
2025-05-15,-0.024526355627978447,0.028143057072687938,0.007522999439959932,0.024095030983390085,-0.04936590070774294,-0.08000000000000007,1.014593039010523,0.6353805639652663,-0.5747319513026923,-0.3895888376377653,0.0,,,0.0,0.0,0.0,,0.0,,,
2025-05-16,0.014020050772469261,0.023804864652467117,0.02326532475082388,0.022905773845894532,-0.4526641152277522,-0.05999999999999961,1.0000045549296321,0.6259499704365339,-0.5747319513026923,-0.3895888376377653,0.0,,,0.0,0.0,0.0,,0.0,,,
2025-05-19,0.0031954013448860508,0.011874337210724839,0.026770816936157793,0.022253339344960966,0.8646303274128408,-0.009999999999999787,0.9856567503296363,0.6165852516648106,-0.9047823788893531,-0.45129805766999853,0.0,,,0.0,0.0,0.0,,0.0,,,
2025-05-20,-0.002075849048821077,-0.017587397791878345,0.026074420082823124,0.021769433320043392,0.5192004118469318,0.009999999999999787,0.9715400082774035,0.6072838874989464,-0.8770939204761251,-0.2637423639255,0.0,,,0.0,0.0,0.0,,0.0,,,
2025-05-21,-0.01595135731393693,-0.025338109873381143,0.010688314266948495,0.020839298069100162,0.7540273210591253,-0.04999999999999982,0.9576451763408407,0.5980434145906265,-0.8001637361001176,0.1998362638998824,0.0,,,0.0,0.0,0.0,,0.0,,,
2025-05-22,-0.006027549404838517,-0.006839303650241213,0.005943196642496318,0.020764243882657234,0.6306109720609632,-0.08999999999999986,0.9419186039102411,0.5852588962733554,-0.9810997310925518,-0.4063677797898595,0.0,,,0.0,0.0,0.0,,0.0,,,
2025-05-23,0.005377671234119141,-0.015481683188591333,0.012517231655452932,0.020789344806566384,1.3731609596526306,-0.08000000000000007,0.9264259837561024,0.5724818747447626,-1.0,-0.4063677797898595,0.0,,,0.0,0.0,0.0,,0.0,,,
2025-05-26,0.0,-0.018677084533477384,0.012938014200363668,0.020514711484940995,1.3731609596526306,-0.08000000000000007,0.9111560575838674,0.5597030058157378,-1.0,-0.4063677797898595,0.0,,,0.0,0.0,0.0,,0.0,,,
2025-05-27,-0.010455903131916244,-0.02705713861657255,0.0020946719853487394,0.01973166967483773,0.5804452096510926,0.05000000000000071,0.8960980490061484,0.5469125097328413,-1.0,-0.12290607952387489,0.0,,,0.0,0.0,0.0,,0.0,,,
2025-05-28,0.015481446658683673,0.004375665356048053,0.014551456494256598,0.017871780845825323,-0.1964688179673768,0.11000000000000032,0.8812416254780348,0.5341000937744707,-1.0,-0.1998362638998824,0.0,,,0.0,0.0,0.0,,0.0,,,
2025-05-29,-0.014660630721603951,-0.004257415960717381,-0.0015238134352459909,0.01794559984901197,0.3942875824812453,0.11000000000000032,0.8665768628172382,0.5212548629121724,-0.9407181421474996,0.04038158894505217,0.0,,,0.0,0.0,0.0,,0.0,,,
2025-05-30,-0.0024644717969319885,-0.012099558991768511,-0.006088022717335662,0.01749498060559945,-0.31610504540560136,0.09999999999999964,0.8520942120244809,0.5083652158552817,-0.25845903749302596,0.741540962506974,0.0,,,0.0,0.0,0.0,,0.0,,,
2025-06-02,0.028061203792645095,0.015961644800876584,0.017465324434463803,0.017592685157328626,-0.31610504540560136,0.09999999999999964,-0.2656038785394671,0.7688199338949244,-0.47284208252628146,0.741540962506974,0.47769787784406326,,,0.0,0.0,0.0,,0.0,,,
2025-06-03,0.014135072158664386,0.040552620091457214,0.02807240297541025,0.01638349538772189,0.12392083210330807,-0.03000000000000025,-0.2724256412975225,0.7568106917659126,-0.7724027353216449,0.22759726467835506,0.47769787784406326,,,0.0,0.0,0.0,,0.0,,,
2025-06-04,-0.00887064267568416,0.016200530757089382,0.01524667251711076,0.015913470186138833,0.7663818317747206,0.09999999999999964,-0.27931092287159803,0.7450294211205024,-0.39031357055476723,0.6096864294452328,0.47769787784406326,,,0.0,0.0,0.0,,0.0,,,
2025-06-05,0.008239628299169688,0.03910078977786302,0.02067894445430163,0.014620769922020306,0.4953040307925982,0.02999999999999936,-0.2862615893807989,0.7334868853758061,-0.08684947061678906,0.8538686715307106,0.47769787784406326,,,0.0,0.0,0.0,,0.0,,,
2025-06-06,0.018914201994703284,0.06047946356949829,0.036757992146923435,0.014652386709923597,0.4979986433150341,-0.09999999999999964,-0.29327957394840043,0.7221974321154754,-0.6920663374816561,-0.4336072999886302,0.47769787784406326,,,0.0,0.0,0.0,,0.0,,,
2025-06-09,0.01093411986841275,0.04335237964526595,0.04506654815916722,0.014496474766319184,0.22923042774001257,-0.03000000000000025,-0.3003668800215435,0.711179850446946,-0.13109950881481405,0.34174257371146743,0.0,,,0.0,0.0,0.0,,0.0,,,
2025-06-10,-0.004759354957587725,0.024457952529013838,0.0392888913909788,0.013342858295152367,0.33813823901358564,-0.009999999999999787,-0.30752558489231535,0.7004585048151202,0.04395729797063472,0.8163600332922797,0.0,,,0.0,0.0,0.0,,0.0,,,
2025-06-11,0.04763162790158759,0.08096022310628559,0.08311060382526492,0.01672463756309767,0.3856959585771258,-0.040000000000000036,-0.31475784343485935,0.6900648520769872,0.4863727380619184,0.8766863086166856,0.0,,,0.0,0.0,0.0,,0.0,,,
2025-06-12,-0.0016153906148810293,0.07110520419223487,0.07653974949242581,0.015414962999650264,0.6508784751272256,0.040000000000000036,-0.32206589207453695,0.6800394986931217,0.26615022488381035,0.3529996955005994,0.0,,,0.0,0.0,0.0,,0.0,,,
2025-06-13,0.07008966348064138,0.12228066567817297,0.13887046861970198,0.02117335436732908,0.6904036777510947,0.09999999999999964,-0.3294520530064021,0.6704350329953377,0.08854069570029635,0.7806070331819525,0.0,,,0.0,0.0,0.0,,0.0,,,
2025-06-16,-0.01671886956632118,0.09462767624343904,0.11538836824557563,0.02185648923067989,0.6234373746488164,0.03000000000000025,-0.33691873868190303,0.6613199923322899,-0.0,0.13109950881481405,0.0,,,0.0,0.0,0.0,,0.0,,,
2025-06-17,0.041885939963908214,0.14127297116493498,0.14831298795104164,0.023096205805303874,0.44915880824628607,0.08000000000000007,-0.34446845658425396,0.6527845298880806,0.13475066072328998,0.09079336275265526,0.0,,,0.0,0.0,0.0,,0.0,,,
2025-06-18,0.004000538739934001,0.09764188200328139,0.1423546116298411,0.022383409823325495,-0.11900121903687388,0.03000000000000025,-0.35210381431486387,0.6449486929361635,0.27078938851996076,-0.21558334954195763,0.0,,,0.0,0.0,0.0,,0.0,,,
2025-06-19,0.0,0.09925727261816242,0.13209431909846447,0.022196633275462032,-0.11900121903687388,0.03000000000000025,-0.3598275250151423,0.6379748321585987,0.27078938851996076,-0.21558334954195763,0.0,,,0.0,0.0,0.0,,0.0,,,
2025-06-20,-0.0027986957696040093,0.026368913367917024,0.1194441491476681,0.022365945192101135,-0.5953068577056353,0.03000000000000025,-0.3735271771975225,0.6511846180562421,0.4501154203310484,0.361574724630752,0.0,,,0.0,0.0,0.0,,0.0,,,
2025-06-23,-0.08957462436141128,-0.046486841427173076,0.02449678182313786,0.03153259920828097,-0.8429839417759322,0.1200000000000001,-0.3875812634332597,0.6647144990040151,0.4501154203310484,0.361574724630752,0.0,,,0.0,0.0,0.0,,0.0,,,
2025-06-24,-0.06233203395028308,-0.15070481534136437,-0.040614188549348285,0.0348610969843019,0.11642689751777402,0.08999999999999986,-0.40201215108740757,0.6785811074824629,0.7565501484702832,0.6217994877469932,0.0,,,0.0,0.0,0.0,,0.0,,,
2025-06-25,0.008508056581865375,-0.146197297499433,-0.03453639888584448,0.03476209612953902,0.3287487420328805,0.08999999999999986,-0.41684418890797736,0.6928023056252051,0.9686583287221194,0.6978689402021587,0.0,,,0.0,0.0,0.0,,0.0,,,
2025-06-26,0.004917035106422496,-0.1412802623930105,-0.033028513989183494,0.03453037122591054,0.3287487420328805,0.08999999999999986,-0.4321039426597898,0.7073973058153044,0.9664748803214491,0.6978689402021587,0.0,,,0.0,0.0,0.0,,0.0,,,
2025-06-27,0.004282661792001541,-0.13419890483140495,-0.03249235908639214,0.03450291490310565,1.141598535369892,0.08999999999999986,-0.44782046606573084,0.7223868061027613,0.7109575807376426,0.2608421604065942,0.0,,,0.0,0.0,0.0,,0.0,,,
2025-06-30,-0.006277292296043235,-0.05090157276603691,-0.04079923346720982,0.03408108523748274,1.4530071123567523,0.09999999999999964,-0.4640256135019841,0.7377931426493033,0.9755869104871717,0.2608421604065942,0.0,,,0.0,0.0,0.0,,0.0,,,
2025-07-01,0.005208345107138079,0.016638806291384256,-0.037174134092269995,0.033972484508524955,0.8481736724698874,0.040000000000000036,-0.7407828187507306,-0.8709098804611819,0.8081666903243823,0.05161654185409903,1.339445388791627,,,0.0,0.0,0.0,,0.0,,,
2025-07-02,0.03010009029785632,0.0382308400073752,-0.010605826175289046,0.03445550533481365,0.8558706795109616,-0.009999999999999787,-0.7580813195458945,-0.8576469113714578,0.40227754357384754,-0.5663807851482718,1.339445388791627,,,0.0,0.0,0.0,,0.0,,,
2025-07-03,-0.006693963262799585,0.02661984163815312,-0.020084892240865848,0.034509881546413115,0.34008914698553383,-0.08999999999999986,-0.775944845275236,-0.8446258220360584,0.1788742308925821,-0.787600649428867,1.339445388791627,,,0.0,0.0,0.0,,0.0,,,
2025-07-04,0.0,0.022337179846151578,-0.021924284943907857,0.034303159412283415,0.34008914698553383,-0.08999999999999986,-0.794411297264608,-0.8318474527115092,0.1788742308925821,-0.787600649428867,1.339445388791627,,,0.0,0.0,0.0,,0.0,,,
2025-07-07,0.01378514381224516,0.04239961595443997,-0.010121085031896015,0.034348836384259625,-0.17695513228506154,-0.16000000000000014,-0.8135222453592517,-0.8193143530834085,0.4903739744676839,-0.48521293601948784,1.339445388791627,,,0.0,0.0,0.0,,0.0,,,
2025-07-08,0.005871145589476434,0.04306241643677833,-0.0067634083700056635,0.03432126781219759,-0.41351191014851185,-0.16000000000000014,-0.8333234009618645,-0.8070310470991452,0.4903132356008052,-0.31785345472357707,0.0,,,0.0,0.0,0.0,,0.0,,,
2025-07-09,0.000731475418468186,0.013693801557390195,-0.006200394254967989,0.03263722856285082,-0.3582453855161205,-0.040000000000000036,-0.8538651670376937,-0.7950043700686193,0.3591654666972724,-0.043112076876575145,0.0,,,0.0,0.0,0.0,,0.0,,,
2025-07-10,-0.026826358598543543,-0.006438593778353763,-0.03193466575775883,0.03319190104572233,-0.4999236821756625,-0.0,-0.8752032803639306,-0.7832438991432795,0.18006060234496565,0.0011863714523835667,0.0,,,0.0,0.0,0.0,,0.0,,,
2025-07-11,0.027849526121846324,0.02141093234349256,-0.0008810456722212479,0.02957052898612337,-0.4999236821756625,-0.0,-0.8973995649135643,-0.7717625058629689,0.27237630216288206,0.0011863714523835667,0.0,,,0.0,0.0,0.0,,0.0,,,
2025-07-14,-0.021709484368400034,-0.014083695837152632,-0.01913690533682555,0.029711297256395666,-0.5022567277572998,-0.02999999999999936,-0.920522819877503,-0.7605770702140353,0.32122525018642145,-0.16914872428126243,0.0,,,0.0,0.0,0.0,,0.0,,,
2025-07-15,-0.00689141304133134,-0.026846254467960406,-0.020135826024097803,0.027729561714405125,-0.561929485943824,-0.08000000000000007,-0.9446498717632873,-0.7497094111269541,-0.04617262551215999,-0.5364858611129651,0.0,,,0.0,0.0,0.0,,0.0,,,
2025-07-16,-0.0021068480328985117,-0.029684577919327104,-0.016044812364296668,0.0276483913062311,-0.5732846353203147,-0.1200000000000001,-0.9698668277018575,-0.7391875109970242,0.27803586390694945,-0.08112960279032294,0.0,,,0.0,0.0,0.0,,0.0,,,
2025-07-17,0.017324208665593588,0.014465989344810026,0.006611047560716621,0.028120141862252823,-0.6710098861511415,-0.1200000000000001,-0.996270577149395,-0.7290471455397158,0.27803586390694945,-0.08112960279032294,0.0,,,0.0,0.0,0.0,,0.0,,,
2025-07-18,-0.0029656012244938523,-0.01634913800153015,0.008985442868388205,0.028119375344089603,-0.36240404131371307,-0.010000000000000675,-1.023970602430927,-0.7193340814725203,0.09502367402503908,-0.17735262813784297,0.0,,,0.0,0.0,0.0,,0.0,,,
2025-07-21,-0.0020811662038244805,0.003279180163045403,0.007869600288847423,0.01994159671806467,0.18698911753280978,0.04999999999999982,-1.0530911762220567,-0.7101070838312218,-0.049347581794018096,-0.37057283198043955,0.0,,,0.0,0.0,0.0,,0.0,,,
2025-07-22,-0.014841738592348719,-0.0046711453879719755,-0.008381329447112229,0.01427104846611967,0.6883217644935491,0.15000000000000036,-1.0588960102187885,-0.7001962165675739,-0.4145879923791103,-0.3684153668669503,0.0,,,0.0,0.0,0.0,,0.0,,,
2025-07-23,-0.014605462733952024,-0.017169760089025488,-0.023240307358884493,0.014598048124166225,0.7040504910000633,0.05999999999999961,-1.064754187358815,-0.6903718085504396,-0.7936721142197919,-1.0717079781267413,0.0,,,0.0,0.0,0.0,,0.0,,,
2025-07-24,0.011883138003677018,-0.022610830750942057,-0.011958989677891552,0.014796924558026173,0.8886059496810317,0.040000000000000036,-1.0706666587350624,-0.6806308698597926,-1.0,-1.0717079781267413,0.0,,,0.0,0.0,0.0,,0.0,,,
2025-07-25,-0.013263400472635745,-0.03290862999908395,-0.024946907359978177,0.015084556567411679,0.3076705772873778,0.040000000000000036,-1.0766343993677738,-0.6709704958460595,-1.0,-1.0950236740250392,0.0,,,0.0,0.0,0.0,,0.0,,,
2025-07-28,0.023509082987580143,-0.0073183808076793255,-0.002651660346030482,0.01590871249903228,-0.5156834263780219,-0.040000000000000036,-1.082658408988486,-0.6613878626509139,-1.0,-0.9506524182059819,0.0,,,0.0,0.0,0.0,,0.0,,,
2025-07-29,0.03679049413234736,0.044313851917016756,0.031345890361423656,0.01778308840300438,-1.0748573290664254,0.009999999999999787,-1.0887397128557048,-0.6518802229470141,-0.4895483959270334,-0.0749604035479231,0.0,,,0.0,0.0,0.0,,0.0,,,
2025-07-30,0.011349881195587663,0.07026919584655644,0.04084033858723135,0.01673082378572921,-1.534251570422951,0.020000000000000462,-1.0948793626037905,-0.6424449018813986,-0.9983982800548284,-0.20472616583503656,0.0,,,0.0,0.0,0.0,,0.0,,,
2025-07-31,-0.010627703075082984,0.04775835476779644,0.02855388953298288,0.016859249562746974,-1.8020112673794664,0.05999999999999961,-1.1010784371266618,-0.633079293208305,-0.37383795434962547,0.6261620456503745,0.0,,,0.0,0.0,0.0,,0.0,,,
2025-08-01,-0.028261636417086677,0.03276011882334551,4.658895758513637e-05,0.01814124910169708,-1.022205146113242,0.16999999999999993,-2.109346779242746,2.1558910314595807,-0.37383795434962547,0.6261620456503745,-0.7300882736452907,,,0.0,0.0,0.0,,0.0,,,
2025-08-04,-0.015566846303889825,-0.006315810468124461,-0.014298321998809094,0.018175510522122195,-0.30759052156905664,0.20000000000000018,-2.0815564302214393,2.102071011139164,1.0,2.0,-0.7300882736452907,,,0.0,0.0,0.0,,0.0,,,
2025-08-05,-0.017193272519455682,-0.060299577119927505,-0.02911643826532284,0.018431677418598975,0.048938805000353636,0.1200000000000001,-2.0546240640898374,2.0512582004093804,0.9929850282925765,1.48253342421961,-0.7300882736452907,,,0.0,0.0,0.0,,0.0,,,
2025-08-06,-0.012508849691708512,-0.08415830800722368,-0.03858811544858032,0.018551611064555842,0.7380304799998738,0.16000000000000014,-2.0285042266097433,2.003166174810225,0.9234771306712657,1.921875410726094,-0.7300882736452907,,,0.0,0.0,0.0,,0.0,,,
2025-08-07,-0.007330610695324147,-0.08086121562746484,-0.0438563410306152,0.0177298250296241,0.9995810090288493,0.13999999999999968,-2.003154776383913,1.9575453610660374,0.7438625502786375,1.1177005046282629,-0.7300882736452907,,,0.0,0.0,0.0,,0.0,,,
2025-08-08,0.0,-0.05259957921037817,-0.04040147961123175,0.01629229460979846,0.7254220284756863,-0.03999999999999915,-1.9785365801833572,1.9141771441543003,0.7403559020831875,1.1177005046282629,0.0,,,0.0,0.0,0.0,,0.0,,,
2025-08-11,0.001251564618941714,-0.03578116828754663,-0.036843106022275585,0.01573781417964948,0.2452351885632975,-0.04999999999999982,-1.9546132418627777,1.8728690875191933,0.7366784614396799,-0.26332153856032015,0.0,,,0.0,0.0,0.0,,0.0,,,
2025-08-12,-0.012428383055143932,-0.031016278823234877,-0.04668783160671364,0.01587084694707758,0.5248610102540519,-0.07000000000000028,-1.9313508605721195,1.8334510260636885,1.0,0.00701497170742349,0.0,,,0.0,0.0,0.0,,0.0,,,
2025-08-13,-0.008265823568532227,-0.026773252700058592,-0.05206204892775812,0.015920782328163584,0.3138375645806768,-0.020000000000000462,-1.9087178145929005,1.7957718495346995,1.0,0.07652286932873431,0.0,,,0.0,0.0,0.0,,0.0,,,
2025-08-14,0.02069420662367616,0.001251564618941714,-0.028644735954499012,0.016162006195096276,-0.11642738059969293,-0.05999999999999961,-1.886684567649082,1.759696836536341,0.8676946980781297,0.12383214779949225,0.0,,,0.0,0.0,0.0,,0.0,,,
2025-08-15,-0.01830281449160065,-0.017051249872658936,-0.04345758343316053,0.016533706301534005,-0.0039889340321730415,-0.0600000000000005,-1.8652234949808064,1.7251054310779448,0.668791980544817,-0.07156392153837043,0.0,,,0.0,0.0,0.0,,0.0,,,
2025-08-18,0.00982419563604875,-0.0084786188555519,-0.030738688876166265,0.016799280627673722,0.10522896829210371,-0.07000000000000028,-1.8443087268402045,1.691889377337928,0.4124013232941832,-0.32427713814549664,0.0,,,0.0,0.0,0.0,,0.0,,,
2025-08-19,-0.01701559698415611,-0.01306583278456408,-0.0447508940197876,0.01688744860091981,-0.37314921977888993,-0.009999999999999787,-1.8018659232466692,1.6558007951679203,0.4100657102792553,-0.5899342897207447,0.0,,,0.0,0.0,0.0,,0.0,,,
2025-08-20,0.013698844358161821,0.008898835142129968,-0.0294638731756951,0.017049205012718546,-0.5375010405394232,-0.04999999999999982,-1.7614029457314515,1.621175121726953,0.7177153896775873,-0.2822846103224127,0.0,,,0.0,0.0,0.0,,0.0,,,
2025-08-21,0.004892300454673482,-0.006903071026872709,-0.022633854357641425,0.016828717805500795,-0.3644589148623423,-0.040000000000000036,-1.7227556578820409,1.5879033393961228,0.6164217192028031,-0.2512729788753266,0.0,,,0.0,0.0,0.0,,0.0,,,
2025-08-22,0.0022016049150659356,0.013601348379793876,-0.019267781348581536,0.016635114602531687,0.050108984964813974,0.07000000000000028,-1.6857782922976536,1.5558873239315727,1.0,0.33120801945518297,0.0,,,0.0,0.0,0.0,,0.0,,,
2025-08-25,0.017749181504282063,0.02152633424802719,-6.61366761391946e-05,0.01623040829308457,0.1167861900330247,0.05999999999999961,-1.6503408797306167,1.5250384722237176,0.9025150404423105,0.49011371714812724,0.0,,,0.0,0.0,0.0,,0.0,,,
2025-08-26,-0.02421047575059898,0.014331455481584321,-0.019774100764430536,0.014279990327148022,0.16152760382497355,0.040000000000000036,-1.616327105235941,1.495276535454305,1.0,0.5899342897207447,0.0,,,0.0,0.0,0.0,,0.0,,,
2025-08-27,0.014128963454015597,0.014761574577438097,-0.0012815797610299384,0.014454814699434096,0.03999148835402977,0.04999999999999982,-1.5836325099361164,1.4665286222324538,1.0,0.2822846103224127,0.0,,,0.0,0.0,0.0,,0.0,,,
2025-08-28,0.006990319726910776,0.01685959384967539,0.00919139637516686,0.014589186632878141,0.6811783195674437,0.11000000000000032,-1.5521629744094674,1.4387283431572502,1.0,0.3835782807971969,0.0,,,0.0,0.0,0.0,,0.0,,,
2025-08-29,-0.00917508963464364,0.0054828992999658155,0.0025446358106879785,0.013463858244954401,0.05753366800412829,0.02999999999999936,-1.5218334330117556,1.4118150736497437,0.4531891380071584,-0.5468108619928416,0.0,,,0.0,0.0,0.0,,0.0,,,
2025-09-01,0.0,-0.012266282204316248,0.004294622565656603,0.013115894894935138,0.05753366800412829,0.02999999999999936,-1.844502298306782,-1.2291983333690293,0.4531891380071584,-0.5468108619928416,0.6744918468448713,,,0.0,0.0,0.0,,0.0,,,
2025-09-02,0.024383924151732295,0.03632811769801503,0.028349673638799366,0.013815628714818876,-0.1296800561532141,-0.020000000000000462,-1.8026921698941265,-1.2184860471836343,0.28149995168472164,-0.7185000483152784,0.6744918468448713,,,0.0,0.0,0.0,,0.0,,,
2025-09-03,-0.025009021843598767,-0.002809867599599336,0.003636787324204249,0.014682516306815796,0.18405101078959873,0.020000000000000462,-1.762824324032832,-1.2079289534939712,0.370179957783019,-0.6298200422169811,0.6744918468448713,,,0.0,0.0,0.0,,0.0,,,
2025-09-04,-0.007689327803837465,-0.017489515130347577,-0.003738469095202923,0.014691777926422886,-0.4185947887692887,0.04999999999999982,-1.724739962070639,-1.1975227095396919,0.587397321589612,-0.412602678410388,0.6744918468448713,,,0.0,0.0,0.0,,0.0,,,
2025-09-05,-0.025689486115310523,-0.03400391161101446,-0.02782940952031776,0.015747905426693274,0.06655120033408624,0.13000000000000078,-1.688297943188489,-1.187263139289769,1.0,0.5468108619928416,0.6744918468448713,,,0.0,0.0,0.0,,0.0,,,
2025-09-08,0.006283755470564145,-0.027720156140450314,-0.02019871790213834,0.015835794525477533,0.06655120033408624,0.13000000000000078,-1.6533723392960902,-1.1771462252421743,1.0,0.5468108619928416,0.0,,,0.0,0.0,0.0,,0.0,,,
2025-09-09,0.0059252315238591535,-0.046178848768323455,-0.013844230959615622,0.01569096048095283,0.4365129673684298,0.20000000000000018,-1.619850392961303,-1.1671681007117225,0.7475967097659653,0.4660967580812436,0.0,,,0.0,0.0,0.0,,0.0,,,
2025-09-10,0.01646909749161285,-0.004700729433111839,0.0018173758976551824,0.01601228194757127,0.3177456242552279,0.17999999999999972,-1.5876308022445946,-1.1573250425720671,0.532926714927077,0.162746757144058,0.0,,,0.0,0.0,0.0,,0.0,,,
2025-09-11,-0.020629103490902523,-0.017640505120176897,-0.017553052721861917,0.015977180416408103,0.6703217627267999,0.16000000000000014,-1.5566222724594607,-1.1476134644205394,0.8796879869516422,0.2922906653620302,0.0,,,0.0,0.0,0.0,,0.0,,,
2025-09-12,0.005117554747845254,0.01316653574297888,-0.012347841564603002,0.01551376894569675,0.0558569927793906,0.040000000000000036,-1.5267422872555139,-1.138029910136988,0.7522471621799428,-0.2477528378200572,0.0,,,0.0,0.0,0.0,,0.0,,,
2025-09-15,0.009683383864254047,0.016566164136668782,-0.0025697607023449365,0.01550906515349139,0.44355775451696555,-0.0,-1.4979160609829048,-1.1285710478100281,0.8929075218389104,-0.10709247816108958,0.0,,,0.0,0.0,0.0,,0.0,,,
2025-09-16,0.019089924106877376,0.029730856719687004,0.014809584347984739,0.015537125885242009,0.8506377910881491,0.040000000000000036,-1.4700756417415648,-1.1192336640061544,0.9054424902387981,0.15784578047283282,0.0,,,0.0,0.0,0.0,,0.0,,,
2025-09-17,-0.0073112249142646135,0.005950534313809541,0.006838283840792769,0.01539351645149685,0.8025986848403721,-0.019999999999999574,-1.4446073408192137,-1.1223657652579464,0.8102750028087474,0.27734828788167043,0.0,,,0.0,0.0,0.0,,0.0,,,
2025-09-18,-0.0075223673944258,0.019057270410286264,-0.0007234257541046674,0.015464017781829934,0.24326113307333586,-0.10000000000000053,-1.4199876105572506,-1.1255129103583206,0.8000388003010095,-0.0796491866506327,0.0,,,0.0,0.0,0.0,,0.0,,,
2025-09-19,-0.014099243460497846,-0.00015952779805683548,-0.014046968996296094,0.01577059124268932,0.2292999147933905,-0.08000000000000007,-1.3961714931035047,-1.1286752380462293,0.39497553341651825,-0.35727162876342455,0.0,,,0.0,0.0,0.0,,0.0,,,
2025-09-22,-0.0006383658052717678,-0.01048127746758265,-0.01299025721778424,0.015157874343820274,-0.2097614340054399,-0.10000000000000053,-1.3731181377796857,-1.1318528888594506,0.4279441475992254,-0.46496337423968503,0.0,,,0.0,0.0,0.0,,0.0,,,
2025-09-23,0.01221752602939219,-0.017353675545067837,-0.0008990536936073212,0.014483619344190637,-0.4074376252782619,-0.08000000000000007,-1.3507904505305226,-1.135046005164848,0.28057068372328237,-0.6248718065155157,0.0,,,0.0,0.0,0.0,,0.0,,,
2025-09-24,0.02461183419431734,0.014569383563514116,0.02306231445848006,0.015189506691392142,-0.849710720705743,-0.10000000000000053,-1.3291547949070057,-1.1382547311892568,0.06948881380829051,-0.7407861890004569,0.0,,,0.0,0.0,0.0,,0.0,,,
2025-09-25,-0.00015388166530350134,0.021937869292636414,0.022615176820555583,0.015116394736639114,-0.7356578885791221,-0.0699999999999994,-1.3081807389423439,-1.1414792130510085,-0.07001353704742948,-0.870052337348439,0.0,,,0.0,0.0,0.0,,0.0,,,
2025-09-26,0.011323762928113545,0.047360875681247805,0.03262074114791158,0.015135553776284236,-0.541883929480802,-0.0600000000000005,-1.2878408434779054,-1.1447195987921162,-0.140755962905072,-0.5357314963215902,0.0,,,0.0,0.0,0.0,,0.0,,,
2025-09-29,-0.03515109900867053,0.012848142477849045,-0.0020910015110828795,0.017197164403163424,-0.250218670085256,-0.0,-1.2681104885545664,-1.14797603841113,-0.140755962905072,-0.5357314963215902,0.0,,,0.0,0.0,0.0,,0.0,,,
2025-09-30,-0.017167803622365696,-0.01653718717390884,-0.01674186239506792,0.016537716376325864,-0.4318668586074992,-0.040000000000000036,-1.248967735447908,-1.1512486838966824,0.21561752147785926,-0.06495316224542311,0.0,,,0.0,0.0,0.0,,0.0,,,
2025-10-01,-0.009504703047595875,-0.050653724415822055,-0.02450483864408426,0.0157736308481315,0.017059066810798384,0.040000000000000036,-1.2303932228341543,1.8274832396886143,0.21547640009197222,0.1459875862836817,-0.1038365704407962,,,0.0,0.0,0.0,,0.0,,,
2025-10-02,-0.021266955619157812,-0.07176679836967637,-0.04335118607389443,0.01632560819605842,0.09316262643943585,0.08000000000000007,-1.2123700964675266,1.7900210688410092,0.1437651985766051,0.2137787356240346,-0.1038365704407962,,,0.0,0.0,0.0,,0.0,,,
2025-10-03,0.006591981682152692,-0.07649857961563722,-0.035952669592269615,0.015477769481885765,0.28795639802083883,0.07000000000000028,-1.1948839726693574,1.7542816478187677,-0.25474750566104865,-0.11399154275597664,-0.1038365704407962,,,0.0,0.0,0.0,,0.0,,,
2025-10-06,0.013217129668117167,-0.028130350938849524,-0.022275673834555754,0.01572067525610696,-0.1308745785289167,-0.02999999999999936,-1.1779229369197772,1.7201401980897415,-0.4068902010708837,-0.11399154275597664,-0.1038365704407962,,,0.0,0.0,0.0,,0.0,,,
2025-10-07,0.0006481931842570177,-0.01031435413222681,-0.020903762643723844,0.015652003313500265,-0.2926663603492141,0.020000000000000462,-1.1779229369197772,1.6874856964483453,-0.1140475117851393,-0.32966503326299856,-0.1038365704407962,,,0.0,0.0,0.0,,0.0,,,
2025-10-08,0.013196200507115563,0.012386549422484627,-0.006820199280807238,0.0154789408394797,-0.521347446779119,-0.009999999999999787,-1.1779229369197772,1.6562191584615547,-0.15438904159312616,-0.3698654416850984,0.0,,,0.0,0.0,0.0,,0.0,,,
2025-10-09,-0.016766473692642947,0.016887031348999493,-0.022892441607562652,0.015241940791857507,-0.5485362402598781,-0.040000000000000036,-1.1779229369197772,1.6262521998871526,-0.3169777936097254,-0.4607429921863305,0.0,,,0.0,0.0,0.0,,0.0,,,
2025-10-10,-0.04335867256273662,-0.03306362289588982,-0.06313307143888203,0.01789295491621676,-0.8562047363560588,0.08000000000000007,,1.5975058281262753,0.16042956243046252,0.41517706809151117,0.0,,,0.0,0.0,0.0,,0.0,,,
2025-10-13,0.009967140542273434,-0.036313612021733555,-0.05006207599909285,0.017903749018704732,-0.8562047363560588,0.08000000000000007,,1.5699094257289767,0.16042956243046252,0.41517706809151117,0.0,,,0.0,0.0,0.0,,0.0,,,
2025-10-14,-0.0133685043657632,-0.05033030957175377,-0.05870380404370845,0.01724507873787569,-0.575823066784853,0.10999999999999943,,1.543399895790253,0.12138329506668662,0.23543080685182594,0.0,,,0.0,0.0,0.0,,0.0,,,
2025-10-15,-0.007352345679067618,-0.07087885575793695,-0.06132731736338748,0.01724540553339235,-0.07253060609422324,0.08000000000000007,,1.517920945288238,0.08223883345031359,0.23662787504343974,0.0,,,0.0,0.0,0.0,,0.0,,,
2025-10-16,-0.01399832760384001,-0.06811070966913402,-0.0702730145973689,0.017361025662878317,0.34717921020859244,0.14999999999999947,,1.49225211913632,0.66343032061776,0.9804081142274854,0.0,,,0.0,0.0,0.0,,0.0,,,
2025-10-17,0.001391304572258889,-0.023360732534138506,-0.06460360705688828,0.01728154516800788,0.34140739107783036,0.03000000000000025,,1.4673774389626695,0.46825421731890876,0.30782465488844624,0.0,,,0.0,0.0,0.0,,0.0,,,
2025-10-20,-0.00034764471061077273,-0.03367551778702271,-0.060687684854012325,0.017284889741355863,0.34140739107783036,0.03000000000000025,,1.4432511440396774,0.6595915866671507,0.30782465488844624,0.0,,,0.0,0.0,0.0,,0.0,,,
2025-10-21,0.005202023175408854,-0.015104990245850658,-0.05087131962241642,0.017001688710506332,0.24153712343891742,0.050000000000000266,,1.4198310467335897,0.35828493865409217,0.23690164358740556,0.0,,,0.0,0.0,0.0,,0.0,,,
2025-10-22,0.011692017649610698,0.003939373082827657,-0.033918969089382855,0.01605168111678171,-0.026145045431147373,0.07999999999999963,,1.397078179217983,0.56982253119273,0.4875836977424164,0.0,,,0.0,0.0,0.0,,0.0,,,
2025-10-23,0.05471478483507752,0.07265248552174519,0.02331271530409751,0.020920756804201687,-0.23477290921176674,-0.019999999999999574,,1.3749564819849136,0.8242462979580288,0.16081597734026887,0.0,,,0.0,0.0,0.0,,0.0,,,
2025-10-24,-0.004704364260415872,0.06655681668907043,0.021926656961511526,0.020668128605032084,-0.19195909291251922,-0.0,,1.3534325284268376,0.7679558276713134,0.29970161035240467,0.0,,,0.0,0.0,0.0,,0.0,,,
2025-10-27,-0.003094213037876159,0.06381024836180504,0.020547905542924738,0.01926491297314766,-0.14748687831047658,-0.009999999999999787,,1.332475280649449,0.7643248791114954,0.1047332924443447,0.0,,,0.0,0.0,0.0,,0.0,,,
2025-10-28,-0.01910151935390836,0.03950670583248783,0.003258533594884483,0.019351205229351385,0.20961291096414092,-0.010000000000000231,,1.312055872410065,0.6629096735826506,0.30462473492855846,0.0,,,0.0,0.0,0.0,,0.0,,,
2025-10-29,0.0054712894505897225,0.03328597763346686,0.009793170826432274,0.019327608771033743,0.30158202352769115,-0.10999999999999988,,1.2921474156867712,-0.20584588494637696,-0.775668416139107,0.0,,,0.0,0.0,0.0,,0.0,,,
2025-10-30,0.001486989121578297,-0.01994181808003237,0.011205810491930812,0.018736404339498112,-0.27291570038303625,-0.10000000000000053,,1.272724827893196,-0.3137116311158413,-1.1379579290738702,0.0,,,0.0,0.0,0.0,,0.0,,,
2025-10-31,0.006746220567253047,-0.00849123325236345,0.017869969658850238,0.018739259729099268,-0.3732599051552654,-0.09000000000000075,,1.253764677180762,-0.10771765945500292,-0.8756734871263163,0.0,,,0.0,0.0,0.0,,0.0,,,
2025-11-03,0.0011472589966041724,-0.004249761217883119,0.019538660788696482,0.0184866349835946,-0.5400715901151321,-0.1200000000000001,-0.9151002282777333,-1.154399833288215,-0.0,-0.7643248791114954,-0.005021507288627269,,,0.0,0.0,0.0,,0.0,,,
2025-11-04,-0.008058591427519524,0.006793166708505716,0.012436840725007059,0.01856001379486613,-0.9872666639588079,-0.10999999999999943,-0.9036682316282786,-1.138404015840883,-0.05684490346702876,-0.7197545770496794,-0.005021507288627269,,,0.0,0.0,0.0,,0.0,,,
2025-11-05,-0.015979035057889668,-0.014657157799973675,-0.0011266611908018476,0.01853561323854161,-1.0926631444804435,-0.08999999999999986,-0.8931660909560486,-1.122721104579053,-0.2860646422271062,-0.08021875728072925,-0.005021507288627269,,,0.0,0.0,0.0,,0.0,,,
2025-11-06,-0.002856424692734727,-0.0190005716142867,-0.002263055191450647,0.018227192846146774,-0.33937099284979677,-0.0,-0.8837260951730938,-1.1073381982878074,0.17708160135595688,0.4907932324717982,-0.005021507288627269,,,0.0,0.0,0.0,,0.0,,,
2025-11-07,0.005370041433050865,-0.02037675074848888,0.0023905812338957944,0.015407019708194157,-0.0017300197139746842,-0.0,-0.8755234445281255,-1.0922430930065228,-0.18402385070042407,-0.07630619124542115,-0.005021507288627269,,,0.0,0.0,0.0,,0.0,,,
2025-11-10,0.006339694239857252,-0.015184315505235801,0.008195242781170009,0.015313455083011903,0.1258118487096005,-0.0,-0.868792876935391,-1.0774242331741148,-0.18402385070042407,-0.07630619124542115,0.0,,,0.0,0.0,0.0,,0.0,,,
2025-11-11,0.015020501924723817,0.00789477784700754,0.02126126169878617,0.015272541437500895,0.1258118487096005,-0.0,-0.8638538980910223,-1.062870666874104,-0.18402385070042407,-0.07630619124542115,0.0,,,0.0,0.0,0.0,,0.0,,,
2025-11-12,-0.04267358752126693,-0.018799774616369724,-0.021600746737477472,0.018172315598287428,0.6585242949834313,0.08999999999999986,-0.8611503300530302,-1.0485720047775764,-0.4279535080171849,-0.1418888657900787,0.0,,,0.0,0.0,0.0,,0.0,,,
2025-11-13,0.0034135551153084975,-0.0125297948083265,-0.01924620667312471,0.017871481256833188,0.7578795478525024,-0.0,-0.8613147366625311,-1.0345183824269066,-1.0,-1.1770816013559569,0.0,,,0.0,0.0,0.0,,0.0,,,
2025-11-14,0.023574083775593557,0.0056742475342161924,0.0021597230913465992,0.018567970615301774,0.34715128348766777,-0.02999999999999936,-0.8652783467816083,-1.0207004255422882,-1.0,-0.815976149299576,0.0,,,0.0,0.0,0.0,,0.0,,,
2025-11-17,-0.0030000022500029644,-0.003665448955644024,-0.002875815292808781,0.018596335191515538,0.151527142979635,-0.0,-0.8480796693127249,-1.0052007424512421,-1.0,-0.815976149299576,0.0,,,0.0,0.0,0.0,,0.0,,,
2025-11-18,0.01375902352176972,-0.004926927358598121,0.008419822077491368,0.01877064109068031,0.151527142979635,-0.0,-0.831124407070537,-0.9899636703001812,-1.0,-0.815976149299576,0.0,,,0.0,0.0,0.0,,0.0,,,
2025-11-19,-0.021635059208099605,0.016111600954569205,-0.01401226943919287,0.019377734236914527,-0.37341237779418,-0.04999999999999982,-0.8143980187366427,-0.9749780180426706,-1.0,-0.5720464919828151,0.0,,,0.0,0.0,0.0,,0.0,,,
2025-11-20,-0.005059885985172485,0.007638159854088222,-0.016880454191936956,0.014659223770972486,-0.7587820074934415,0.010000000000000675,-0.7978865663497314,-0.9602331505088703,-0.6226010725075377,0.3773989274924623,0.0,,,0.0,0.0,0.0,,0.0,,,
2025-11-21,-0.01843055582784725,-0.034366479749352585,-0.0324329992089849,0.015097804817977444,-0.7429323466146887,0.08000000000000007,-0.7815766639518655,-0.9457189498157799,-0.26642787149661645,0.7335721285033836,0.0,,,0.0,0.0,0.0,,0.0,,,
2025-11-24,0.01334493713675311,-0.01802154036259651,-0.017032008770163642,0.015526811293433388,-0.6625955912829662,0.08999999999999986,-0.7654554316325548,-0.9314257798430107,0.17508681024184694,1.175086810241847,0.0,,,0.0,0.0,0.0,,0.0,,,
2025-11-25,-0.015241325947475737,-0.04702188983184197,-0.030410291085892993,0.015326471693821056,-0.3471583423189095,0.11000000000000032,-0.749510454995938,-0.9173444534810389,0.3484316808474787,1.3484316808474788,0.0,,,0.0,0.0,0.0,,0.0,,,
2025-11-26,0.01200700531372334,-0.013379825310019022,-0.016867027933580303,0.015558994680592415,0.20913958935881993,0.1299999999999999,-0.733729750287786,-0.9034662023901592,1.0,2.0,0.0,,,0.0,0.0,0.0,,0.0,,,
2025-11-27,0.0,-0.008319939324846537,-0.015256420638912083,0.01554733604372794,0.20913958935881993,0.1299999999999999,-0.7181017356833755,-0.8897826490358586,1.0,2.0,0.0,,,0.0,0.0,0.0,,0.0,,,
2025-11-28,-0.0017064850557586553,0.008404131447242058,-0.014929663118850911,0.015422597419455399,0.6668017885320898,0.040000000000000036,-0.7026152095806191,-0.8762857807905567,1.0,1.2664278714966164,0.0,,,0.0,0.0,0.0,,0.0,,,
2025-12-01,0.013065427226005788,0.008124621536494736,-0.0004269017284963539,0.015778109110450588,0.7635516264740572,-0.04999999999999982,-0.7946541745546082,-0.2985100001093406,0.5121790860381555,0.3370922757963086,-0.5913182334695399,,,0.0,0.0,0.0,,0.0,,,
2025-12-02,-0.011529459691336008,0.011836487792634465,-0.010345483842292502,0.015873568594408638,0.4002186897524185,-0.08000000000000007,-0.7791148642345006,-0.29196297748550204,0.5958308786155458,0.24739919776806713,-0.5913182334695399,,,0.0,0.0,0.0,,0.0,,,
2025-12-03,0.0052725694049842176,0.005102051883895342,-0.004524617082911853,0.015569521131254954,0.4207228911687899,-0.05999999999999961,-0.7638106002131402,-0.28541940837489826,1.0,0.0,-0.5913182334695399,,,0.0,0.0,0.0,,0.0,,,
2025-12-04,0.012139754550610782,0.017241806434506124,0.007413625859927997,0.015811729018632332,0.4207228911687899,-0.05999999999999961,-0.7487375832300185,-0.27887841108510286,0.42257334494984516,0.0,-0.5913182334695399,,,0.0,0.0,0.0,,0.0,,,
2025-12-05,0.006847625921889033,0.025795917412153813,0.013985860949603968,0.01584057529647065,0.30267808979064226,-0.1200000000000001,-0.7338939925946576,-0.27233910066138584,-0.08451466898997129,-1.0845146689899714,-0.5913182334695399,,,0.0,0.0,0.0,,0.0,,,
2025-12-08,-0.020175533035258653,-0.007445042849110628,-0.00513930155411213,0.01640581465610764,0.17373882310544042,-0.08000000000000007,-0.7192803518821586,-0.26580058825032854,0.08435399958822791,-0.4278250864499276,0.0,,,0.0,0.0,0.0,,0.0,,,
2025-12-09,-0.010757381974810798,-0.006672965132585418,-0.01355741880240302,0.0160862682545963,0.3825939955442448,-0.08999999999999986,-0.7049000217182022,-0.259261980453332,0.08435399958822791,-0.4278250864499276,0.0,,,0.0,0.0,0.0,,0.0,,,
2025-12-10,0.0035986672372896322,-0.008346867300280003,-0.00993309957652233,0.013014036680065537,0.048370958871424286,-0.07000000000000028,-0.6907598659091064,-0.2527223786688484,0.16757324924694736,-0.8324267507530526,0.0,,,0.0,0.0,0.0,,0.0,,,
2025-12-11,-0.014820191981254283,-0.03530681383214507,-0.023815952214356173,0.01339356612023226,0.5772452985914334,-0.02999999999999936,-0.6768711578917551,-0.24618087842212877,0.5027860990776195,0.08021275412777434,0.0,,,0.0,0.0,0.0,,0.0,,,
2025-12-12,-0.0027816429618772176,-0.04493608271591132,-0.024342469495939767,0.01208789091970789,0.4491810586620071,-0.05000000000000071,-0.6632508261060803,-0.23963656868123295,0.8382719408301338,0.9227866098201051,0.0,,,0.0,0.0,0.0,,0.0,,,
2025-12-15,-0.010852548313926569,-0.035613097994579235,-0.03254726482637693,0.012239931935013014,0.6788600384182164,-0.009999999999999787,-0.6499231862090867,-0.23308853115799474,0.7612455053927843,0.6768915058045565,0.0,,,0.0,0.0,0.0,,0.0,,,
2025-12-16,-0.02765811058087042,-0.05251382660063886,-0.05548676571862554,0.012808445946436259,0.6570922879075236,0.02999999999999936,-0.6348029055907718,-0.23693737669863496,0.8381612384088811,0.6768915058045565,0.0,,,0.0,0.0,0.0,,0.0,,,
2025-12-17,0.012049421928642445,-0.044063071909286045,-0.040402958158199276,0.012680980101156784,0.43107448755005384,-0.03000000000000025,-0.619756284582551,-0.24080179823486025,0.7513875083872339,0.5838142591402865,0.0,,,0.0,0.0,0.0,,0.0,,,
2025-12-18,0.003746993410638666,-0.025495886517393096,-0.03406192308556566,0.012759607863949703,-0.06067677946324235,0.019999999999999574,-0.6047723249957939,-0.24468205773658447,0.7599181601953874,0.2571320611177679,0.0,,,0.0,0.0,0.0,,0.0,,,
2025-12-19,0.009041813217917749,-0.01367243033759813,-0.02379968665794241,0.012439761481901346,-0.017478996073050368,0.03000000000000025,-0.5898401641499532,-0.2485784216106166,0.2573379978354905,-0.5809339429946433,0.0,,,0.0,0.0,0.0,,0.0,,,
2025-12-22,0.02354691507560247,0.02072703305193091,0.0004575527304231386,0.01325116271925002,-0.029260704541078653,0.009999999999999787,-0.5749491147945824,-0.25249116081367917,0.17213259316521667,-0.5891129122275677,0.0,,,0.0,0.0,0.0,,0.0,,,
2025-12-23,0.006357955947995819,0.05474309958079715,0.006445868896407525,0.012879516751406405,0.1538908100912284,-0.02999999999999936,-0.5600887404149935,-0.2564205509687814,-0.43338351748942383,-1.2715447558983048,0.0,,,0.0,0.0,0.0,,0.0,,,
2025-12-24,-0.0005140066934039567,0.04217967095875075,0.006188273021350277,0.01258501793222921,0.5973950314177467,0.009999999999999787,-0.5452489829794638,-0.2603668724850678,-0.17208787178406165,-0.9234753801712956,0.0,,,0.0,0.0,0.0,,0.0,,,
2025-12-26,-0.027979929351859667,0.010452748196252415,-0.020136249044570675,0.01402751949745785,0.48353724361280825,-0.019999999999999574,-0.5304203694586556,-0.26433041068127217,0.08512885768592178,-0.6747893025094656,0.0,,,0.0,0.0,0.0,,0.0,,,
2025-12-29,0.02334194113583532,0.024752876114169986,0.0036086780676232166,0.015099927497607168,0.4787575770689001,0.040000000000000036,-0.515594338400965,-0.26831145591290445,0.7676240896059311,0.5102860917704406,0.0,,,0.0,0.0,0.0,,0.0,,,
2025-12-30,-0.0022408007307790356,-0.00103483969221152,0.002536174711043948,0.01476556052796602,0.41444705945103966,0.03000000000000025,-0.5007637525024432,-0.2723103037033119,0.5084741020153276,0.33634150885011094,0.0,,,0.0,0.0,0.0,,0.0,,,
2025-12-31,-0.009187895092843235,-0.016580690733050574,-0.005600501237526423,0.014688161887731421,-0.03333174610733458,-0.0,-0.4859237048000322,-0.2763272548787559,0.17016485246899204,0.6035483699584159,0.0,,,0.0,0.0,0.0,,0.0,,,
2026-01-02,-0.0017430717329469658,-0.017809755772593583,-0.005941571769302101,0.014612768912520573,-0.14124577602288024,-0.040000000000000036,1.5833738548150151,-2.6593033339895324,0.7688784312964992,0.9409663030805608,-0.18952335739848003,,,0.0,0.0,0.0,,0.0,,,
2026-01-05,0.017295484740431633,0.027465658319697717,0.012498127662808223,0.014906754111245967,-0.12295737170875398,-0.03000000000000025,1.629044669030626,-2.5723489700924196,0.9409492469152613,0.8558203892293395,-0.18952335739848003,,,0.0,0.0,0.0,,0.0,,,
2026-01-06,-0.020615714964031362,-0.016491997780168965,-0.005600205565246874,0.015388945274145966,-0.15954524587777907,-0.05999999999999961,1.6778606616706786,-2.492203298688898,1.0,0.2323759103940689,-0.18952335739848003,,,0.0,0.0,0.0,,0.0,,,
2026-01-07,-0.020156269375569025,-0.034407466424958955,-0.023240056387825447,0.015387782453112344,-0.31633413923222164,-0.010000000000000675,1.7302246325503439,-2.4179904121657985,0.5948866829495952,0.08641258093426762,-0.18952335739848003,,,0.0,0.0,0.0,,0.0,,,
2026-01-08,0.03112339122376806,0.00590381989165234,0.008305714729004876,0.01697508467256326,-0.28794377413450256,-0.010000000000000675,1.7866159766638292,-2.348984808117893,0.26206835218089336,0.09190349971190132,-0.18952335739848003,,,0.0,0.0,0.0,,0.0,,,
2026-01-09,0.023272782055376418,0.030919673679975723,0.031017170936538996,0.017771732186429932,-0.5146903288215654,0.010000000000000675,1.8476105427236262,-2.2845796915494407,-0.1759016833582399,-0.9447801146547392,0.0,,,0.0,0.0,0.0,,0.0,,,
2026-01-12,0.006407035911637493,0.020031224851181584,0.035801519605690224,0.017435454363602287,-0.3148324014873749,-0.020000000000000462,1.9139071787436102,-2.2242630815943816,-0.2658469886727234,-1.2067962355879847,0.0,,,0.0,0.0,0.0,,0.0,,,
2026-01-13,0.02735354958159686,0.0680004893968098,0.06002562231762543,0.01831476104291641,-0.30004833833832123,-0.0,1.9863638019249545,-2.167599548254968,-0.44886519346361636,-1.4488651934636163,0.0,,,0.0,0.0,0.0,,0.0,,,
2026-01-14,0.014127051539121638,0.10228381031150047,0.06977424699443446,0.018162180294334616,-0.06823951234609105,-0.0,2.0660473171078557,-2.114216075162376,-0.18207926394248355,-0.7769659468920788,0.0,,,0.0,0.0,0.0,,0.0,,,
2026-01-15,-0.04670430496966915,0.024456114118063255,0.01964382488189287,0.020303485508222384,0.07935688448036382,0.020000000000000462,2.154304145176656,-2.063790989763862,-0.9106315971741596,-1.172699949355053,0.0,,,0.0,0.0,0.0,,0.0,,,
2026-01-16,0.0042147917068700025,0.00539812376955684,0.020824230956977274,0.020203687134144284,0.11453858086948321,-0.0600000000000005,2.2528622440596484,-2.0160452039040067,-0.993316505628883,-0.817414822270643,0.0,,,0.0,0.0,0.0,,0.0,,,
2026-01-19,0.0,-0.0010089121420806535,0.017977194995724588,0.02021410163176646,0.11453858086948321,-0.0600000000000005,2.3639827269138354,-1.9707352155151325,-0.993316505628883,-0.817414822270643,0.0,,,0.0,0.0,0.0,,0.0,,,
2026-01-20,0.015027833321411777,-0.013334628402265736,0.029858691350709066,0.020354481115370977,0.5781583334790064,-0.1200000000000001,2.2864434662591986,-1.923218195476925,-1.0,-0.5511348065363837,0.0,,,0.0,0.0,0.0,,0.0,,,
2026-01-21,0.004629637898741379,-0.022832042042645995,0.03228785614186691,0.019788242859310246,0.5090297339723548,-0.10999999999999943,2.214752203577488,-1.8781546455494844,-1.0,-0.8179207360575165,0.0,,,0.0,0.0,0.0,,0.0,,,
2026-01-22,-0.021004272770531962,0.002867990156491196,0.010451221699677049,0.020421425208523674,0.6657771859017503,-0.08999999999999986,2.1481751503938424,-1.8353264963046727,-1.0,-0.8179207360575165,0.0,,,0.0,0.0,0.0,,0.0,,,
2026-01-23,0.0284001483759182,0.027053346825539393,0.036573300650470486,0.02132459203191879,0.9878101792248462,-0.0,2.0861015344448077,-1.7945420942494859,-1.0,-0.006683494371117038,0.0,,,0.0,0.0,0.0,,0.0,,,
2026-01-26,-0.007230927151403499,0.019822419674135894,0.026026853963920793,0.02025284223395565,0.9878101792248462,-0.0,2.02801825070664,-1.755632235342844,-0.9909770444897457,-0.006683494371117038,0.0,,,0.0,0.0,0.0,,0.0,,,
2026-01-27,0.02861518603905555,0.03340977239177967,0.05106285822266887,0.02055928521183052,1.6687108346484347,0.05999999999999961,1.9734906216512653,-1.71844690592678,-0.7272180923555968,0.27278190764440324,0.0,,,0.0,0.0,0.0,,0.0,,,
2026-01-28,0.013057510361512037,0.04183764485455033,0.059776271249257995,0.020615865837232412,1.5345671429684682,-0.0,1.9221475989792935,-1.6828525868488922,-0.8440997823753587,0.15590021762464135,0.0,,,0.0,0.0,0.0,,0.0,,,
2026-01-29,0.03436550562603102,0.09720742325111331,0.08762000950442328,0.021396740727163847,1.4737046986397218,0.019999999999999574,1.873670243370653,-1.6487300094975577,-0.8440997823753587,0.15590021762464135,0.0,,,0.0,0.0,0.0,,0.0,,,
2026-01-30,-0.0032151907051272133,0.0655920841700679,0.07795665737703938,0.021429176116505876,0.8393777502657684,-0.019999999999999574,1.8277826569301279,-1.61597227714304,-0.4734072332786226,0.5265927667213774,0.0,,,0.0,0.0,0.0,,0.0,,,
2026-02-02,-0.04822292744020995,0.024600083881261448,0.026561489123604787,0.024475135190334025,-0.2612397026746649,-0.07000000000000028,3.7573401714568817,1.3370243718240546,-1.0,-0.009022955510254338,-0.1762341799844691,,,0.0,0.0,0.0,,0.0,,,
2026-02-03,0.01707261251930614,0.013057510361512037,0.038577444455518695,0.02399336048642511,-0.44622370102587183,-0.040000000000000036,3.4876122010011645,1.3318514440761244,-0.9517841196993375,-0.22456602734374076,-0.1762341799844691,,,0.0,0.0,0.0,,0.0,,,
2026-02-04,0.03007628336388013,0.03007628336388013,0.06108544299503471,0.02384386731437541,-0.6369578518564456,-0.03000000000000025,3.264548809509294,1.3267160645121734,-0.9491691011100948,-0.10506931873473613,-0.1762341799844691,,,0.0,0.0,0.0,,0.0,,,
2026-02-05,-0.028811461060873178,-0.03310068332302407,0.027702439724029304,0.02448533794235299,-0.9058273359241698,0.03000000000000025,3.0758598416686658,1.3216177266541682,0.19021365643936153,-0.10506931873473613,-0.1762341799844691,,,0.0,0.0,0.0,,0.0,,,
2026-02-06,0.004099658848248922,-0.025785833769647937,0.02818921252250295,0.02408669602034708,-0.28931395865634535,0.040000000000000036,2.913362750684228,1.3165559335463835,0.3929813565563598,0.8663885898349823,-0.1762341799844691,,,0.0,0.0,0.0,,0.0,,,
2026-02-09,0.012665324488719598,0.03510241815928161,0.03692873653259188,0.024165428369993115,0.6097452790575275,0.07000000000000028,2.7713697937368016,1.311530197525456,0.6006908015800284,1.6006908015800283,0.0,,,0.0,0.0,0.0,,0.0,,,
2026-02-10,-0.006234434158429281,0.01179537148154619,0.0284479010825347,0.02361238963927581,0.385500828979346,0.1200000000000001,2.6457874780735984,1.3065400399971994,0.8003118705884247,1.7520959902877622,0.0,,,0.0,0.0,0.0,,0.0,,,
2026-02-11,0.010420811309050926,-0.007860100573283013,0.0368076231114598,0.023528636821698274,0.676558977576569,0.11000000000000032,2.5335840219559134,1.3015849912199426,-0.1016449084783413,0.8475241926317535,0.0,,,0.0,0.0,0.0,,0.0,,,
2026-02-12,-0.02808688588738395,-0.007135525399793785,0.005728776989836426,0.021802757646391946,0.814997713145782,0.1200000000000001,2.432459326653467,1.2966645900941742,0.9132370587923676,0.7230234023530061,0.0,,,0.0,0.0,0.0,,0.0,,,
2026-02-13,0.0007953551679920068,-0.0104398290800507,0.0037031437505339326,0.021806070748705185,0.6046141472437205,0.17999999999999972,2.3406323016169823,1.2917783839582695,1.0,0.6070186434436402,0.0,,,0.0,0.0,0.0,,0.0,,,
2026-02-16,0.0,-0.023105153568770298,0.0008821553432376561,0.021806070748705185,0.6046141472437205,0.17999999999999972,2.2566992037128437,1.2869259283900998,1.0,0.6070186434436402,0.0,,,0.0,0.0,0.0,,0.0,,,
2026-02-17,-0.008944317734653318,-0.025815037144994335,-0.00968454324590784,0.0217585698458488,-0.1837109093136835,0.11000000000000032,2.1795365605663486,1.2821067870143186,1.0,0.19968812941157532,0.0,,,0.0,0.0,0.0,,0.0,,,
2026-02-18,0.04486323211568877,0.008627383661643506,0.0315446283044416,0.023814040960698807,-0.3256424947705616,0.08999999999999986,2.1078964904979576,1.2602816220559687,1.0,1.1016449084783413,0.0,,,0.0,0.0,0.0,,0.0,,,
2026-02-19,0.018842678740702112,0.05555694828972957,0.04476089890424273,0.023305666817859526,-0.5936823620696696,0.009999999999999787,2.0414213730944,1.2390073406100388,1.0,0.0867629412076324,0.0,,,0.0,0.0,0.0,,0.0,,,
2026-02-20,-0.0006023189460817591,0.0541592741756558,0.03998229518335972,0.02270870995892197,-0.3964235937981231,-0.040000000000000036,1.979481299742944,1.218254771063415,1.0,0.0,0.0,,,0.0,0.0,0.0,,0.0,,,
2026-02-23,-0.0012057273502916743,0.05295354682536413,0.0342990230682112,0.022589064740225092,-0.3964235937981231,-0.040000000000000036,1.9215490366166537,1.1979967306392014,1.0,0.0,0.0,,,0.0,0.0,0.0,,0.0,,,
2026-02-24,-0.010307806895145433,0.05159005766487201,0.021459821054918393,0.022070797566734583,-0.1773436670559514,0.009999999999999787,1.8671794234953782,1.178207848634669,0.9453717029900621,-0.054628297009937876,0.0,,,0.0,0.0,0.0,,0.0,,,
2026-02-25,-0.003204886375392846,0.0035219391737904004,0.01653665939822435,0.021961886297663935,0.06245619156399762,0.040000000000000036,1.815993614071697,1.1588644082744546,1.0,0.0,0.0,,,0.0,0.0,0.0,,0.0,,,
2026-02-26,-0.0032151907051272133,-0.018535930272038925,0.01348222822835421,0.02058620711710628,0.2801191521320967,0.0600000000000005,1.7676668676663665,1.1399442048891468,1.0,0.0,0.0,,,0.0,0.0,0.0,,0.0,,,
2026-02-27,0.027378250904053658,0.009444639578096492,0.03949156658720465,0.021465169042734003,0.14356942056092947,0.10999999999999988,1.7219189834474233,1.1214264184475613,1.0,0.0,0.0,,,0.0,0.0,0.0,,0.0,,,
2026-03-02,0.06092299568109816,0.07157336260948632,0.09358835356703477,0.02205974275384203,-0.6168416857795789,-0.019999999999999574,-2.9258860699132723,-1.6604732071588173,0.8935827481341807,-0.1064172518658193,-0.09068692127598421,,,0.0,0.0,0.0,,0.0,,,
2026-03-03,0.04569009238707267,0.12757126189170442,0.13102136325945057,0.023631465880084516,-1.2614215113148974,-0.019999999999999574,-2.7979365045773474,-1.6338002278723789,0.5561776437421923,-0.3891940592478699,-0.09068692127598421,,,0.0,0.0,0.0,,0.0,,,
2026-03-04,0.0013403031091021589,0.13211645137619943,0.1255413826866354,0.02310269283361336,-1.10512953323878,-0.040000000000000036,-2.6835055241563373,-1.6079842262420874,0.278088821871094,-0.721911178128906,-0.09068692127598421,,,0.0,0.0,0.0,,0.0,,,
2026-03-05,0.08162813035596272,0.21695977243728937,0.19482724978983867,0.027006530818438106,-1.4114001027953016,-0.11000000000000032,-2.5803033027064766,-1.5829757349186744,-0.9138258024101766,-1.9138258024101766,-0.09068692127598421,,,0.0,0.0,0.0,,0.0,,,
2026-03-06,0.11518739734103267,0.3047689188742684,0.29211799695347285,0.035355233533673563,-1.4162853721239488,-0.18000000000000016,-2.4865497790015088,-1.5587291895201414,-0.5429746585729623,-1.5429746585729625,-0.09068692127598421,,,0.0,0.0,0.0,,0.0,,,
2026-03-09,0.04169290229867073,0.28553882549184095,0.314462870184248,0.03572307455610066,-0.714689003682567,-0.07000000000000028,-2.40083730650218,-1.5352025399329619,-0.7165922840105696,-1.6101750321447503,0.0,,,0.0,0.0,0.0,,0.0,,,
2026-03-10,-0.12720525337425936,0.11264347973050892,0.17395812870288374,0.04830731026395936,0.5932978939850564,-0.09000000000000075,-2.3220360044579076,-1.5123569079502277,-1.0,-1.5561776437421924,0.0,,,0.0,0.0,0.0,,0.0,,,
2026-03-11,0.044529910974691944,0.1558330875960987,0.20348309658718922,0.04879991871876906,-0.18308481109929886,-0.1200000000000001,-2.2492269549332695,-1.490156284852455,-1.0,-1.278088821871094,0.0,,,0.0,0.0,0.0,,0.0,,,
2026-03-12,0.09275416787572599,0.16695912511586197,0.2751902686843728,0.05063029958670668,-0.21276542361143846,-0.13999999999999968,-2.18165405205756,-1.4685672635341591,-1.0,-0.08617419758982336,0.0,,,0.0,0.0,0.0,,0.0,,,
2026-03-13,0.030654529471534353,0.08242625724636365,0.28330484366218744,0.050441584103371434,-0.8877656057778349,-0.1299999999999999,-2.1186886437542904,-1.4475588006038993,-1.0,-0.45702534142703766,0.0,,,0.0,0.0,0.0,,0.0,,,
2026-03-16,-0.054224822135155115,-0.013491467187462192,0.20925130814007087,0.053103909830194404,-0.4868840841031785,-0.11000000000000032,-2.059803132903189,-1.4271020045701333,-1.0,-0.45702534142703766,0.0,,,0.0,0.0,0.0,,0.0,,,
2026-03-17,0.028571866078531905,0.14228565226532908,0.21611865164098276,0.05269508203482531,-0.9326555794669344,-0.04999999999999982,-2.004550972028538,-1.407169946795899,-1.0,0.0,0.0,,,0.0,0.0,0.0,,0.0,,,
2026-03-18,0.0011426791873372366,0.09889842047797437,0.19774283589711672,0.05259054897142557,-0.5357599433306603,-0.04999999999999982,-1.9525512979551936,-1.3877374923828831,-1.0,0.0,0.0,,,0.0,0.0,0.0,,0.0,,,
2026-03-19,-0.0018705190946963768,0.004273733507552002,0.17738948176298663,0.052808059764859604,-0.29835748985793664,0.019999999999999574,-1.9034769854976206,-1.3687811485465038,-1.0,0.0,0.0,,,0.0,0.0,0.0,,0.0,,,
2026-03-20,0.02242200279196549,-0.003958793172016861,0.18017743342861703,0.0526207385156959,0.22903017623958632,-0.10999999999999943,-1.8570452556234418,-1.3449329452167447,-1.0,0.0,0.0,,,0.0,0.0,0.0,,0.0,,,
2026-03-23,-0.10941446814621081,-0.059148439183072554,0.05653935119586606,0.05993139397724419,0.1331423765789319,-0.10999999999999943,-1.8130102164107467,-1.3217725886207605,-1.0,0.0,0.0,,,0.0,0.0,0.0,,0.0,,,
2026-03-24,0.046772709533679624,-0.040947595727924835,0.0862344208215653,0.060060676086908744,-0.24759498234205868,-0.1899999999999995,-1.7711568834442641,-1.2992628469447232,-1.0,0.0,0.0,,,0.0,0.0,0.0,,0.0,,,
2026-03-25,-0.02222678680384238,-0.06431706171910445,0.04788108913116407,0.060547405038152896,-0.1672675847761651,-0.07000000000000028,-1.7312963447579846,-1.2773693918344993,-1.0,0.0,0.0,,,0.0,0.0,0.0,,0.0,,,
2026-03-26,0.045029252047700474,-0.0174172905767076,0.07437157415466533,0.060697118770145664,-0.17373910178215546,-0.16999999999999993,-1.6978611088446904,-1.2560605377565188,-1.0,0.0,0.0,,,0.0,0.0,0.0,,0.0,,,
2026-03-27,0.05317551850487323,0.013336225136200142,0.10771846225529735,0.06116713833941716,-0.5066692607068601,-0.05000000000000071,-1.6662955032481142,-1.2353070129967074,-1.0,0.0,0.0,,,0.0,0.0,0.0,,0.0,,,
2026-03-30,0.031999570095329055,0.15475026337774,0.12133557322567423,0.06048249600117466,-1.1239224560206873,-0.009999999999999787,-1.6364314946286354,-1.2150817584347642,-1.0,0.0,0.0,,,0.0,0.0,0.0,,0.0,,,
2026-03-31,-0.014687427445105428,0.09329012639895495,0.09128456264722562,0.06055452195137598,-0.7537698899937162,0.08999999999999986,-1.6081214587123838,-1.1953597508600589,-0.9849893653508908,0.015010634649109234,0.0,,,0.0,0.0,0.0,,0.0,,,
2026-04-01,-0.012506366480629971,0.10301054672216736,0.06410694651273818,0.060801942334948046,0.006992529647498191,-0.0,-4.072924867705106,-0.7159040388956732,-0.9359531437489279,0.06404685625107209,0.6698267931692481,,,0.0,0.0,0.0,,0.0,,,
2026-04-02,0.10801380439783426,0.16599509907230114,0.15613021755462242,0.06259117396389333,-0.09469303673923513,0.11000000000000032,-3.7697438109177166,-0.7026794927577812,-0.7540921257929317,0.24590787420706828,0.6698267931692481,,,0.0,0.0,0.0,,0.0,,,
2026-04-06,0.007769630512298065,0.12058921107972598,0.15328020305240742,0.05807711873605511,0.3763077500866463,0.10000000000000053,-3.525571443288693,-0.6895370014495965,-0.9208345943084335,0.07916540569156649,0.6698267931692481,,,0.0,0.0,0.0,,0.0,,,
2026-04-07,0.00479234144030638,0.0933819824247033,0.14929792752111837,0.05762236877064802,0.7957284118164654,0.019999999999999574,-3.323456532785406,-0.6764688766985926,-0.7794668511218534,0.22053314887814657,0.6698267931692481,,,0.0,0.0,0.0,,0.0,,,
2026-04-08,-0.17929824316958687,-0.07122883329977814,-0.03617028313029724,0.06482023801706448,1.6320898913537385,0.009999999999999787,-3.1525650680470454,-0.6634674121992128,-0.4836878533953366,0.5013015119555542,0.6698267931692481,,,0.0,0.0,0.0,,0.0,,,
2026-04-09,0.035993067693302905,-0.022729399125845262,-0.005920340754754783,0.06458201233681433,1.015652706714465,0.040000000000000036,-3.005606397109513,-0.6505248532679421,-0.0639749938768247,0.8719781498721032,0.0,,,0.0,0.0,0.0,,0.0,,,
2026-04-10,-0.01337193345890153,-0.14411513698258105,-0.01972909446468396,0.06133480874321261,1.367434835647252,-0.0,-2.8774701706466472,-0.6376333646225824,-0.2528537535190837,0.501238372273848,0.0,,,0.0,0.0,0.0,,0.0,,,
2026-04-13,0.025659470642332316,-0.1262252968525468,0.005743308868080277,0.06121534083585776,1.194550868469868,0.040000000000000036,-2.764453822370976,-0.6247849958385946,-0.3162262874638167,0.6046083068446169,0.0,,,0.0,0.0,0.0,,0.0,,,
2026-04-14,-0.08199589906733884,-0.21301353736019202,-0.07505110366221768,0.06280875975330479,1.6305684840425494,0.07000000000000028,-2.6638002404683574,-0.6119716439640386,-0.25157346406465336,0.5278933870572,0.0,,,0.0,0.0,0.0,,0.0,,,
2026-04-15,0.0001095470231691209,-0.03360574716743603,-0.07231695414923944,0.06241989680928042,0.5856730578634561,-0.0,-2.5734084223875855,-0.5991850126858856,-0.0,0.4836878533953366,0.0,,,0.0,0.0,0.0,,0.0,,,
2026-04-16,0.03656714541841932,-0.03303166944231961,-0.03489642955256489,0.06303202314297009,0.4526500465097505,-0.03000000000000025,-2.491645482723926,-0.5864165673298803,0.03106845324590567,0.09504344712273037,0.0,,,0.0,0.0,0.0,,0.0,,,
2026-04-17,-0.12157890972619079,-0.14123864570960887,-0.14963654056892572,0.06857373945020762,0.6526428797393846,0.04999999999999982,-2.4172205633310377,-0.5736574848379171,0.5274702308948056,0.7803239844138893,0.0,,,0.0,0.0,0.0,,0.0,,,
2026-04-20,0.06643743262690993,-0.10046068372503125,-0.07856108072393386,0.07024810946050414,0.6338262532817551,0.040000000000000036,-2.3490979142368,-0.5608985976934988,0.3412796886936378,0.6575059761574544,0.0,,,0.0,0.0,0.0,,0.0,,,
2026-04-21,0.0,-0.018464784657692412,-0.07939377691316096,0.06577712496463407,-0.0633670192407676,-0.040000000000000036,-2.2864355314776232,-0.5481303305472189,0.3715533707316718,0.6231268347963251,0.0,,,0.0,0.0,0.0,,0.0,,,
2026-04-22,0.036702372207472855,0.018128040526611322,-0.0430205840286062,0.06544465377647096,-0.20116202540840789,-0.009999999999999787,-2.228540920862809,-0.5353426280170013,0.154155747562833,0.154155747562833,0.0,,,0.0,0.0,0.0,,0.0,,,
2026-04-23,0.030615176388052667,0.012176071496244667,-0.01537668512306567,0.06555267380115823,-0.2989989996755815,-0.019999999999999574,-2.1641556128274066,-0.5284380686167827,0.39856596754735973,0.36749751430145405,0.0,,,0.0,0.0,0.0,,0.0,,,
2026-04-24,-0.01524339634019789,0.11851158488223756,-0.030577726526381355,0.06489958613033929,-0.55039189698467,-0.04999999999999982,-2.1039008694890753,-0.5215686146168436,0.30690499480913785,-0.22056523608566775,0.0,,,0.0,0.0,0.0,,0.0,,,
2026-04-27,0.020653876711740793,0.07272802896706843,-0.008255412788101602,0.06389567088928388,-0.26083117524573485,-0.08999999999999986,-2.0473260707687606,-0.5147332450562682,0.12251297987632531,-0.21876670881731247,0.0,,,0.0,0.0,0.0,,0.0,,,
2026-04-28,0.0362749910105018,0.10900301997757023,0.02947424420318079,0.06402126845447771,-0.2858998033488991,-0.0600000000000005,-1.9940465462387909,-0.507930957192343,-0.15206009188785416,-0.5236134626195259,0.0,,,0.0,0.0,0.0,,0.0,,,
2026-04-29,0.06723676891463715,0.13953741668473452,0.09406946928061188,0.0657281330579732,-0.4191385526524316,-0.1200000000000001,-1.9437316329922767,-0.5011607657372639,-0.32902559638080414,-0.48318134394363715,0.0,,,0.0,0.0,0.0,,0.0,,,
2026-04-30,-0.01707991508765172,0.09184232520903013,0.07457668778610493,0.06579153397713697,0.037484574465840304,-0.0600000000000005,-1.896095276112203,-0.4944217021193439,-0.2692604940636051,-0.6678264616109648,0.0,,,0.0,0.0,0.0,,0.0,,,
2026-05-01,-0.03024238978878735,0.07684333176044067,0.04883424129979286,0.06121620950167686,0.28367026195701417,-0.08000000000000007,-2.5553132373945933,0.1285100705031016,-0.11946253147994139,-0.42636752628907926,0.15325555203637986,,,0.0,0.0,0.0,,0.0,,,
2026-05-04,0.043009124256327524,0.0991985793050274,0.09458133417139436,0.06208887508286413,-0.23670176421266564,-0.10000000000000053,-2.466279787697877,0.12972748725712596,-0.32614923849396993,-0.44866221837029524,0.15325555203637986,,,0.0,0.0,0.0,,0.0,,,
2026-05-05,-0.03977715435030227,0.023146433944223332,0.05977062322589699,0.06260209071869552,0.12713466255007688,-0.0699999999999994,-2.3844532513985097,0.13094568128710674,-0.3566092205772226,-0.20454912868936845,0.15325555203637986,,,0.0,0.0,0.0,,0.0,,,
2026-05-06,-0.07289773232592811,-0.11698806729634192,-0.013480691237409914,0.05032444402106214,0.8390604336782848,0.05999999999999961,-2.308868402708147,0.13216465870005625,-0.23823924757080545,0.0907863488099987,0.15325555203637986,,,0.0,0.0,0.0,,0.0,,,
2026-05-07,-0.002843753562125073,-0.10275190577081528,-0.014736185874141938,0.04962123842043445,0.5556538665722921,-0.009999999999999787,-2.2387320444511194,0.13338442562208774,-0.4188378258243226,-0.14957733176071752,0.15325555203637986,,,0.0,0.0,0.0,,0.0,,,
2026-05-08,0.006413311158092405,-0.06609620482393552,-0.007723878021506536,0.04957114827685659,0.2984983858788537,0.009999999999999787,-2.1733854306710123,0.13460498819858785,-0.2752353144702566,-0.15577278299031522,0.0,,,0.0,0.0,0.0,,0.0,,,
2026-05-11,0.0273933093162686,-0.08171201976399445,0.020181736055609356,0.04962097809094019,0.648172459992058,0.03000000000000025,-2.1122762635180656,0.13582635259438994,-0.516052132015809,-0.1899028935218391,0.0,,,0.0,0.0,0.0,,0.0,,,
2026-05-12,0.04105445449842282,-0.0008804109152693584,0.055595977636589744,0.04651753360769058,0.08168894636434443,-0.03000000000000025,-2.0549375079369088,0.13704852499394804,-0.733105149152545,-0.3764959285753224,0.0,,,0.0,0.0,0.0,,0.0,,,
2026-05-13,-0.011417446862745706,0.060599874547913046,0.039114667550697924,0.04666085344406971,-0.3179557351424389,-0.09999999999999964,-2.0009711447715857,0.13827151160151305,-0.6756007689276011,-0.4373615213567957,0.0,,,0.0,0.0,0.0,,0.0,,,
2026-05-14,0.0014837531778928437,0.06492738128793096,0.03728872711747222,0.04606990558794208,-0.5575723064512372,-0.05999999999999961,-1.9500355565161414,0.1394953186413089,-0.6790805467904895,-0.26024272096616685,0.0,,,0.0,0.0,0.0,,0.0,,,
2026-05-15,0.041150101209261436,0.0996641713391,0.06699268416884063,0.036155355190740854,-1.053294159906204,-0.20999999999999996,-1.9018356228543842,0.14071995235771076,-1.0,-0.7247646855297434,0.0,,,0.0,0.0,0.0,,0.0,,,
2026-05-18,0.030271369696316164,0.10254223171914756,0.08762621285379524,0.03410659187258521,-0.8480706646495362,-0.1900000000000004,-1.856114863550098,0.14194541901542368,-1.0,-0.483947867984191,0.0,,,0.0,0.0,0.0,,0.0,,,
2026-05-19,0.0,0.06148777722072474,0.0779883718424319,0.03410659187258521,-0.7822901391956627,-0.20999999999999996,-1.8126491463851073,0.14317172489966346,-1.0,-0.266894850847455,0.0,,,0.0,0.0,0.0,,0.0,,,
2026-05-20,-0.1006067143828746,-0.027701490299404163,-0.0253907292222868,0.04140977284619303,-0.5813104511803058,-0.11000000000000032,-1.7712416043941523,0.14439887631633722,-0.7848703084402201,-0.10926953951261897,0.0,,,0.0,0.0,0.0,,0.0,,,
2026-05-21,-0.019629631880127008,-0.048814875357424015,-0.0452805073708511,0.04115504632063865,-0.5893674538382188,-0.10000000000000053,-1.7317307649897964,0.14908321504172534,-0.8036378509703842,-0.12455730417989475,0.0,,,0.0,0.0,0.0,,0.0,,,
2026-05-22,0.002591346358097546,-0.0873736302085879,-0.04384104441610326,0.040994344714920535,-0.0036048875568406302,0.03000000000000025,-1.6939495472778459,0.1537883327188309,-1.0,0.0,0.0,,,0.0,0.0,0.0,,0.0,,,
2026-05-25,0.0,-0.11764499990490407,-0.04396023398386717,0.04073654743058528,-0.0036048875568406302,0.03000000000000025,-1.657760965965932,0.1585146934917665,-1.0,0.0,0.0,,,0.0,0.0,0.0,,0.0,,,
2026-05-26,-0.028454856948016527,-0.1460998568529206,-0.06929778810172138,0.04028163753675312,0.2355777682899185,0.16999999999999993,-1.6230426148058932,0.1632627708517491,-0.6053691840717818,0.39463081592821825,0.0,,,0.0,0.0,0.0,,0.0,,,
2026-05-27,-0.057089499522345655,-0.10258264199239164,-0.11705367137205691,0.03840233523857286,-0.017203413157163006,0.08999999999999986,-1.5896847174718927,0.1680330479367198,-0.2930880102449169,0.4917822981953032,0.0,,,0.0,0.0,0.0,,0.0,,,
2026-05-28,0.0024777577717483013,-0.08047525234051633,-0.10622018099126596,0.03844368811790845,0.28248540240766173,0.1200000000000001,-1.5575884877217194,0.1728260178418751,-0.4137695856601756,0.38986826531020863,0.0,,,0.0,0.0,0.0,,0.0,,,
2026-05-29,-0.017474630523263812,-0.10054122922187769,-0.11597746686876587,0.03816612146012168,0.3424519728922215,0.10999999999999943,-1.5266647424085091,0.17764218394160028,-0.3896796733067861,0.6103203266932139,0.0,,,0.0,0.0,0.0,,0.0,,,
2026-06-01,0.053488684950986354,-0.04705254427089134,-0.05529541530674731,0.03896281362838989,0.3424519728922215,0.10999999999999943,-0.6036546188528398,0.4366844786350233,-0.40136985704476424,0.6103203266932139,-0.2403928015558776,,,0.0,0.0,0.0,,0.0,,,
2026-06-02,0.017212128881121558,-0.001385558441753254,-0.03373938397616527,0.038536006496720496,0.11219304252091389,0.040000000000000036,-0.593575880967775,0.43962438122754466,-0.49759642566861045,0.1077727584031713,-0.2403928015558776,,,0.0,0.0,0.0,,0.0,,,
2026-06-03,0.023818177274091745,0.07952211835468415,-0.010413099732613063,0.0354231777548086,-0.1694034966425617,-0.009999999999999787,-0.583555659340372,0.4425756189559823,-0.8785983016443601,-0.5855102913994432,-0.2403928015558776,,,0.0,0.0,0.0,,0.0,,,
2026-06-04,-0.03152699489238575,0.04551736569055009,-0.04099782558902554,0.03613874954270423,-0.2769848057409874,-0.019999999999999574,-0.5735909075433827,0.44553831821398276,-0.5397782137971567,-0.12600862813698116,-0.2403928015558776,,,0.0,0.0,0.0,,0.0,,,
2026-06-05,-0.027237766202595992,0.03575423001121791,-0.06561076888761441,0.03655918346186488,-1.013473443008528,-0.09999999999999964,-0.5636786263541881,0.448512607124793,-1.0,-0.6103203266932139,-0.2403928015558776,,,0.0,0.0,0.0,,0.0,,,
2026-06-08,0.008359045593110181,-0.009375409346658259,-0.05367518720433928,0.035979779378190115,-0.7289873813937531,-0.08999999999999986,-0.5538158592279802,0.45149861557361565,-0.7977632440342732,-0.396393386989509,0.0,,,0.0,0.0,0.0,,0.0,,,
2026-06-09,-0.03454382458817751,-0.061131362815957324,-0.0808625617480212,0.035001983856497075,-0.7777485615684032,-0.07000000000000028,-0.5439996878658584,0.4544964752406993,-0.5185027162475917,-0.020906290578981246,0.0,,,0.0,0.0,0.0,,0.0,,,
2026-06-10,0.020535985107639654,-0.06441355498240942,-0.05456779819440527,0.03553210835341901,-0.44276993386092034,-0.05999999999999961,-0.5342272278622201,0.457506319635183,-0.5903642291085107,0.28823407253584943,0.0,,,0.0,0.0,0.0,,0.0,,,
2026-06-11,-0.026107030157095146,-0.05899359024711881,-0.07353651073877554,0.03577092194114293,-0.6332862774010017,0.019999999999999574,-0.5244956244161912,0.4605282841297148,-0.19663077314938335,0.34314744064777336,0.0,,,0.0,0.0,0.0,,0.0,,,
2026-06-12,-0.032797423657562774,-0.06455324770208559,-0.09549824054027134,0.0343088332824558,0.4795012786978359,0.0699999999999994,-0.5148020480919959,0.46356250599586746,-0.0,1.0,0.0,,,0.0,0.0,0.0,,0.0,,,
2026-06-15,-0.049880532202961625,-0.1227928254981574,-0.1305354837922028,0.033933617194066554,0.5983304730326489,0.08999999999999986,-0.5051436906133064,0.4666091244403707,-0.0,0.7977632440342732,0.0,,,0.0,0.0,0.0,,0.0,,,
2026-06-16,-0.059966943397463446,-0.14821594430744334,-0.1726607910687621,0.035179491925276356,0.5882710898561738,0.10000000000000053,-0.4955177606766243,0.46966828064218485,0.3060906702718574,0.824593386519449,0.0,,,0.0,0.0,0.0,,0.0,,,
2026-06-17,0.009683404637150339,-0.15906852477793265,-0.15065025626170936,0.029747808907938177,0.43890007288592825,0.05999999999999961,-0.48592147976865785,0.4727401177904375,-0.5936030812696047,-0.0032388521610939858,0.0,,,0.0,0.0,0.0,,0.0,,,
2026-06-18,-0.0024773465959073704,-0.13543884121674488,-0.14165808695192528,0.02977343590159741,-0.23177324850520709,-0.009999999999999787,-0.4763520779724649,0.4758247811232479,-0.39637969073384305,-0.1997489175844597,0.0,,,0.0,0.0,0.0,,0.0,,,
2026-06-19,0.0,-0.1026414175591821,-0.1300590037283289,0.029714606027531083,-0.23177324850520709,-0.009999999999999787,-0.46680678974685963,0.47892241796746426,-0.39637969073384305,-0.1997489175844597,0.0,,,0.0,0.0,0.0,,0.0,,,
2026-06-22,-0.02351184782654503,-0.0762727331827655,-0.14079617593994964,0.029696653449153038,-1.0312967771242354,-0.040000000000000036,-0.45586813770092316,0.46850513327628945,-0.39637969073384305,-0.1997489175844597,0.0,,,0.0,0.0,0.0,,0.0,,,
2026-06-23,-0.021753205261449082,-0.03805899504675114,-0.15010978817080378,0.029547850217206757,-1.5086871939357316,-0.07000000000000028,-0.44492440531692307,0.45809868950857435,-0.5162554300974975,-0.8223461003693548,0.0,,,0.0,0.0,0.0,,0.0,,,
2026-06-24,-0.03999139661271478,-0.08773379629661626,-0.17851649689840432,0.02841358466006732,-1.696079392162142,0.08000000000000007,-0.43397054372469374,0.44769916365174656,-0.3782784188766219,0.2153246623929828,0.0,,,0.0,0.0,0.0,,0.0,,,
2026-06-25,0.022213763117528984,-0.06304268658317991,-0.1457048461630519,0.02925784778971533,-0.5482749398234787,0.05999999999999961,-0.4230013686385213,0.43730257587081384,-0.34577967273366417,0.05060001800017888,0.0,,,0.0,0.0,0.0,,0.0,,,
2026-06-26,-0.03812009547343109,-0.101162782056611,-0.17219478077114925,0.029871022800265917,-0.5482749398234787,0.05999999999999961,-0.4120115428434868,0.42690487993404713,-0.31189256829470097,0.05060001800017888,0.0,,,0.0,0.0,0.0,,0.0,,,
2026-06-29,0.021718241833412755,-0.055932692396653216,-0.13725785591652517,0.026925302020355566,-0.33696596245591515,0.1299999999999999,-0.4009955572640853,0.4165019531132109,-0.17329983971578158,0.05060001800017888,0.0,,,0.0,0.0,0.0,,0.0,,,
2026-06-30,-0.017825783952600815,-0.05200527108780495,-0.14011306120622713,0.0259638150915234,0.10771945360462665,0.05999999999999961,-0.389947710421419,0.4060895854875854,-0.3120070635995044,0.2042483664979931,0.0,,,0.0,0.0,0.0,,0.0,,,
2026-07-01,-0.01332580553597218,-0.02533968001106235,-0.1366110889387988,0.02431961316626599,0.21950054360360127,-0.07000000000000028,-0.05258069541513951,0.44333710160828976,-0.31219688180608274,0.06608153707053915,-0.20978348716595985,,,0.0,0.0,0.0,,0.0,,,
2026-07-02,0.0016026811910165861,-0.04595076193757475,-0.11983711374855144,0.02439387775913607,0.30209184352021357,-0.08999999999999986,-0.042394625406364524,0.4326123876504179,-0.3149155004377734,0.03086417229589078,-0.20978348716595985,,,0.0,0.0,0.0,,0.0,,,
2026-07-03,0.0,-0.007830666464143654,-0.10602770805945028,0.024445038012497977,0.30209184352021357,-0.08999999999999986,-0.03208715221288013,0.42187753963151964,-0.3149155004377734,0.03086417229589078,-0.20978348716595985,,,0.0,0.0,0.0,,0.0,,,
2026-07-06,-0.00204022221746758,-0.03158913051502399,-0.09373856119728785,0.024056188605237422,0.0971455736756166,-0.10000000000000053,-0.021651304822536962,0.4111277397738832,0.07133206514950206,0.24463190486528363,-0.20978348716595985,,,0.0,0.0,0.0,,0.0,,,
2026-07-07,0.027197877619682842,0.013434531057259669,-0.055298399608367355,0.02525719294248741,0.09121371298527192,-0.10999999999999943,-0.01107969007615857,0.40035803533850667,-0.21650387809984822,0.0955031854996562,-0.20978348716595985,,,0.0,0.0,0.0,,0.0,,,
2026-07-08,0.042796194419425504,0.06955653101265735,-0.0023729316852945104,0.02715076137970509,0.012216714611767987,-0.07999999999999918,-0.00036445493820542064,0.38956332232558605,-0.29201430319631533,0.02018257860976741,0.0,,,0.0,0.0,0.0,,0.0,,,
2026-07-09,-0.01978086474734919,0.048172985074291574,-0.012340831199483482,0.02699120374636226,-0.0520340508177064,-0.04999999999999982,0.010502755340711926,0.3787383278589162,-0.4089023821199441,-0.09398688168217073,0.0,,,0.0,0.0,0.0,,0.0,,,
2026-07-10,-0.009338697739063484,0.03883428733522809,-0.013039500001311488,0.02644398302209296,-0.0520340508177064,-0.04999999999999982,0.02153084371667379,0.367877591080546,-0.46164630182861927,-0.09398688168217073,0.0,,,0.0,0.0,0.0,,0.0,,,
2026-07-13,0.09006417406590561,0.13093868361860128,0.07866746768838606,0.032726068044669966,0.07754375801712898,-0.13999999999999968,0.03272931313377647,0.35697544235857737,-0.7510674156477989,-0.822399480797301,0.0,,,0.0,0.0,0.0,,0.0,,,
2026-07-14,0.015240325459259907,0.11898113145817835,0.09179022332860143,0.029867639293467946,0.2828302894106183,-0.03000000000000025,0.044108324328651194,0.34602598058361234,-0.5293734231401472,-0.312869545040299,0.0,,,0.0,0.0,0.0,,0.0,,,
2026-07-15,0.003271677764153047,0.07945661480290589,0.09326491761736122,0.029816523376449557,0.6785232810509689,0.009999999999999787,0.05567876051335106,0.3350230482973187,0.2961116045963891,0.5881259077927043,0.0,,,0.0,0.0,0.0,,0.0,,,
2026-07-16,-0.008199352148685612,0.09103812740156947,0.08355468227092011,0.02988706463715348,0.3494737190794406,-0.03000000000000025,0.06745229993525116,0.3239602043590062,0.13035575479173298,0.5392581369116771,0.0,,,0.0,0.0,0.0,,0.0,,,
2026-07-17,0.04386233317098842,0.14423915831162137,0.12371301558560344,0.03134415361680227,-0.02232279929563763,0.009999999999999787,0.07944149748402002,0.3128306938119147,0.13035575479173298,0.5392581369116771,0.0,,,0.0,0.0,0.0,,0.0,,,
2026-07-20,0.008930785885364223,0.06310577013107999,0.12731766992906746,0.030694294048954095,0.16663726496236597,0.020000000000000462,0.09165987672131765,0.3016274145587928,0.14374419434644603,0.8948116099942449,0.0,,,0.0,0.0,0.0,,0.0,,,
2026-07-21,0.019984012253267736,0.06784945692508781,0.1398886897646987,0.03017067003342941,-0.0872396092727934,-0.04999999999999982,0.10728411857722744,0.31846388180879853,-0.4886883801387948,0.04068504300135245,0.0,,,0.0,0.0,0.0,,0.0,,,
2026-07-22,0.0,0.06457777916093477,0.13047612751642745,0.028119040226701926,-0.22010027529157927,-0.1200000000000001,0.12339706565204007,0.3358882974648824,-0.9585428539680291,-1.2546544585644182,0.0,,,0.0,0.0,0.0,,0.0,,,
2026-07-23,0.08225979279923123,0.15503692410885161,0.20032105658330224,0.03243252105150462,-0.4790951625100792,-0.13999999999999968,0.14004290828069457,0.3539508464869695,-1.0,-1.130355754791733,0.0,,,0.0,0.0,0.0,,0.0,,,
2026-07-24,-0.03173820111470871,0.07943638982315449,0.1558488970183003,0.03193675874043291,-0.14850889601474293,-0.14000000000000057,0.15727140941600007,0.37270784650711364,-1.0,-1.130355754791733,0.0,,,0.0,0.0,0.0,,0.0,,,
2026-07-27,-0.07798272512138027,-0.0074771211835900075,0.07011726179436639,0.03771845828168471,-0.19396035012415602,-0.05000000000000071,0.17513886869261436,0.39222276280519713,-0.967124724406824,-1.1108689187532699,0.0,,,0.0,0.0,0.0,,0.0,,,
2026-07-28,-0.04139715081212536,-0.0688582842489831,0.022149769222663984,0.03890910437932968,-0.03881308266273642,0.019999999999999574,0.19370929970318626,0.4125674374355574,-0.5580529309987728,-0.06936455085997806,0.0,,,0.0,0.0,0.0,,0.0,,,
2026-07-29,0.06354446174350858,-0.005313822505474519,0.07528037584262126,0.04060022779271471,-0.1788119455668591,-0.0,0.21305587882980856,0.43382358821401784,-0.24260359074467547,0.7159392632233537,0.0,,,0.0,0.0,0.0,,0.0,,,
2026-07-30,-0.010354153794732923,-0.09792776909943868,0.05511020867362415,0.04082421659595975,1.0191261915100447,0.03000000000000025,0.2332627432595121,0.4560846507286185,-0.4487938703101846,0.5512061296898154,0.0,,,0.0,0.0,0.0,,0.0,,,
2026-07-31,0.012837451943121359,-0.05335211604160861,0.05748977464532601,0.0407626322148923,0.834310188426024,-0.05999999999999961,0.25442724267151473,0.4794580604676855,-0.4487938703101846,0.5512061296898154,0.0,,,0.0,0.0,0.0,,0.0,,,
2026-08-03,-0.05249371872305009,-0.027863109643278428,-0.0029391552238644536,0.043072567638488185,0.8932393505550418,-0.04999999999999982,0.2766627870060197,-0.6259221173742675,-0.6298540523767397,0.3372706720300842,0.0,,,0.0,0.0,0.0,,0.0,,,
2026-08-04,-0.0585651929878539,-0.045031151819006965,-0.06515140582748202,0.04526713911692085,0.8514010812047612,-0.019999999999999574,0.30010248706996234,-0.6144611705924996,-0.053387488667012935,0.5046654423317599,0.0,,,0.0,0.0,0.0,,0.0,,,
2026-08-05,-0.007285282901091428,-0.11586089646360698,-0.07357967247831176,0.04436369854957699,1.1599546979365716,0.040000000000000036,0.3249038638922474,-0.6031781707280055,0.16464576853093793,0.4072493592756134,0.0,,,0.0,0.0,0.0,,0.0,,,
2026-08-06,0.02714742807658954,-0.07835931459228451,-0.04992164279265765,0.044439744945977924,0.1370374672133523,-0.010000000000000675,0.3249038638922474,-0.5920947411214208,-0.5006918165522554,-0.05189794624207078,0.0,,,0.0,0.0,0.0,,0.0,,,
2026-08-07,0.011449279246028787,-0.07974748728937708,-0.04300116078681793,0.04436696277990618,0.533401724595961,0.09999999999999964,0.3249038638922474,-0.5812400336509993,0.11158556171214427,-0.05189794624207078,0.0,,,0.0,0.0,0.0,,0.0,,,
2026-08-10,0.04928949738729216,0.02203572882096516,0.00379827319421544,0.041041834379843344,0.48155688912912,-0.019999999999999574,0.3249038638922474,-0.570653351552115,0.055691205180755425,0.6855452575574952,0.0,,,0.0,0.0,0.0,,0.0,,,
2026-08-11,0.012943990075061862,0.09354491188388092,0.014367016632228058,0.041007485169465036,0.3500903445467607,-0.07000000000000028,,-0.5603879351043571,-0.22200509052673004,-0.1686176018597171,,,,0.0,0.0,0.0,,0.0,,,
2026-08-12,0.0008409924205654562,0.1016711872055378,0.012954296682924138,0.04100829049314116,0.22632071370596307,-0.04999999999999982,,-0.550516550178598,-0.3940981495755098,-0.5587439181064477,,,,0.0,0.0,0.0,,0.0,,,
2026-08-13,-0.024557519037881725,0.04996624009106654,-0.013039026380367247,0.04138911246667309,0.2731959237327386,0.0600000000000005,,-0.5411399556237928,0.056724000150384674,0.5574158167026401,,,,0.0,0.0,0.0,,0.0,,,
2026-08-14,0.014054615705579643,0.052571576550617394,0.0010701711730733976,0.04030339741239886,0.13614423730250458,-0.02999999999999936,,-0.5324001272566992,0.05679182170116962,-0.05479374001097465,,,,0.0,0.0,0.0,,0.0,,,
2026-08-17,0.02516609744770193,0.028448176611027165,0.02547908489051931,0.04065585966726688,0.2557952697603394,-0.0,,-0.5245016612263544,0.11450115885394856,0.05880995367319313,,,,0.0,0.0,0.0,,0.0,,,
2026-08-18,0.00519359052199686,0.020697777057962163,0.030655012768823653,0.04042156311062889,0.16437459619564887,-0.009999999999999787,,-0.5389160355615605,0.4120567839814323,0.6340618745081623,,,,0.0,0.0,0.0,,0.0,,,
2026-08-19,0.01042347084500328,0.030280255482399987,0.04053964742788363,0.04048846529500729,0.6590948967367671,0.02999999999999936,,-0.5537255934692504,0.7316784185517609,1.1257765681272707,,,,0.0,0.0,0.0,,0.0,,,
2026-08-20,0.023034532198897395,0.07787230671917911,0.06599660647085415,0.03612796018220485,0.7803008437317405,-0.0600000000000005,,-0.568954488821374,1.0,0.9432759998496153,,,,0.0,0.0,0.0,,0.0,,,
2026-08-21,-0.008805591804874169,0.055012099208725296,0.058466811044563194,0.035507149448315116,0.7064593937232799,-0.0600000000000005,,-0.5846289778121512,0.6040964228077423,0.5473046011065728,,,,0.0,0.0,0.0,,0.0,,,
2026-08-24,-0.023828639494883674,0.006017362266139692,0.03320626364693702,0.031146884733070482,0.41619674449138166,0.019999999999999574,,-0.6007776630917804,0.4799764346408805,0.36547527578693195,,,,0.0,0.0,0.0,,0.0,,,
2026-08-25,-0.031669014469678736,-0.030845242725535904,-0.0003810655426077503,0.03051233667896263,0.634375806311982,0.07000000000000028,,-0.6174317735875529,0.6356044936271682,0.2235477096457359,,,,0.0,0.0,0.0,,0.0,,,
2026-08-26,-0.0015796831767849184,-0.0428483967473241,-0.000622856193242427,0.02684404019156645,-0.09574691040861172,-0.009999999999999787,,-0.6346254863604406,0.2160161716310441,-0.5156622469207167,,,,0.0,0.0,0.0,,0.0,,,
2026-08-27,0.01568564978501108,-0.05019727916121042,0.015098695938931428,0.027014666425320275,-0.08752287433575479,0.020000000000000462,,-0.652396298186639,0.22367145637082148,-0.7763285436291785,,,,0.0,0.0,0.0,,0.0,,,
2026-08-28,-0.0015575394031142054,-0.042949226759450454,0.014296808450291465,0.026844859528711865,-0.5802843910190258,0.009999999999999787,,-0.670785456225853,-0.4290656867958029,-1.0331621096035453,,,,0.0,0.0,0.0,,0.0,,,
2026-08-31,0.02790438795779071,0.008783800693223931,0.03893694298851358,0.024616704565574913,-0.5802843910190258,-0.04999999999999982,,-0.6898384592352809,-0.6217274246255198,-1.1017038592664004,,,,0.0,0.0,0.0,,0.0,,,
2026-09-01,0.05069843465775836,0.09115124982066103,0.08090794284442371,0.022176154595328727,-0.5802843910190258,-0.15000000000000036,,-0.7096056434347692,-1.0,-1.6356044936271683,,,,0.0,0.0,0.0,,0.0,,,
2026-09-02,0.008718258609014207,0.10144919160646015,0.0800985895760844,0.021854352943506482,-0.5802843910190258,-0.1299999999999999,,-0.7301428704904811,-1.0,-1.216016171631044,,,,0.0,0.0,0.0,,0.0,,,
2026-09-03,0.0031813970116587598,0.08894493883310783,0.07495067626363561,0.02149141823463509,,-0.09999999999999964,,-0.7515123393850462,-0.5691769241434466,-0.7928483805142681,,,,0.0,0.0,0.0,,0.0,,,
2026-09-04,0.0019695815536575623,0.0924720597898796,0.0690649323778052,0.021523498550882647,,-0.09999999999999964,,-0.7737835494846056,-0.5691769241434466,-0.7928483805142681,,,,0.0,0.0,0.0,,0.2,,,
2026-09-07,0.0,0.06456767183208889,0.0636740818076813,0.019229092012190703,,-0.09999999999999964,,-0.7737835494846056,-0.5691769241434466,-0.7928483805142681,,,,0.72,0.6799999999999999,0.4,,0.2,,,
