,ret_1d,ret_5d,ma_gap,vol_20,dxy_chg_5d_dir,us10y_chg_5d_dir,cpi_surprise_dir,nfp_surprise_dir,fed_exp_level,fed_exp_chg,demand_chg_5d,gpr_level_z,gpr_chg_5d,ev_supply_5d,ev_geo_5d,ev_demand_5d,ev_cpi_5d,ev_jobs_5d,ev_fed_5d,ev_view_5d,inst_bias
2023-09-08,,,,,,,,,,,,,,0.0,0.0,0.0,,0.0,0.0,,
2023-09-11,-0.0025171638004817254,,,,,,,,,,,,,0.0,0.0,0.0,,0.0,0.0,,
2023-09-12,0.01760109027896828,,,,,,,,,,,,,0.0,0.0,0.0,,0.0,0.0,,
2023-09-13,-0.003608483843377641,,,,,,,,,,,,,0.0,0.0,0.0,,0.0,0.0,,
2023-09-14,0.018357354548672156,,0.019057796684402106,,,,,,,,,,,0.0,0.0,0.0,,0.0,0.0,,
2023-09-15,0.006742964807014751,0.03657576199079582,0.021500634576180566,0.01053634680080802,0.6137887205559855,-0.07000000000000028,,,,,0.0,,0.0,0.0,0.0,0.0,,0.0,0.0,,
2023-09-18,0.007791534616044871,0.046884460407322415,0.025107573593335708,0.009426001615837485,0.11933547939403377,-0.03000000000000025,,,,,0.0,,0.0,0.0,0.0,0.0,,0.0,0.0,,
2023-09-19,-0.0030654720742946395,0.026217898054059496,0.019286838829161823,0.009469506229830229,0.10454171074100183,-0.10000000000000053,,,,,0.0,,0.0,0.0,0.0,0.0,,0.0,0.0,,
2023-09-20,-0.010138945130950816,0.01968743676648632,0.008131461065075563,0.010441184909318068,0.07442904004711925,-0.09999999999999964,,,,,0.0,,0.0,0.0,0.0,0.0,,0.0,0.0,,
2023-09-21,-0.007225866580064633,-0.005895784362250467,0.0008150350365099257,0.010446696046954732,-0.2584141307082177,-0.20000000000000018,,,,,0.0,,0.0,0.0,0.0,0.0,,0.0,0.0,,
2023-09-22,0.004452862751114672,-0.008185886418150545,0.004788997988749877,0.00986554981718892,-0.27359961715855974,-0.11000000000000032,,,,,0.0,,0.0,0.0,0.0,0.0,,0.0,0.0,,
2023-09-25,-0.003895169356480821,-0.019872590390676237,0.0008193429129139673,0.009576992761887797,-0.7595273025517768,-0.22999999999999954,,,,,0.0,,0.0,0.0,0.0,0.0,,0.0,0.0,,
2023-09-26,0.007885863046415587,-0.00892125526996601,0.00803557473168759,0.009276285684395435,-1.0809271692616251,-0.1899999999999995,,,,,0.0,,0.0,0.0,0.0,0.0,,0.0,0.0,,
2023-09-27,0.035751077479141635,0.03696876734012644,0.04065903419577044,0.012763842208874113,-1.6737927066386327,-0.2600000000000007,,,,,0.0,,0.0,0.0,0.0,0.0,,0.0,0.0,,
2023-09-28,-0.02125329471860926,0.022941339201581812,0.018112023512016684,0.01416059382677947,-0.8073857615785052,-0.09999999999999964,,,,,0.0,,0.0,0.0,0.0,0.0,,0.0,0.0,,
2023-09-29,-0.010082277187186683,0.008406199263280456,0.0075278871795285696,0.014079240860565126,-0.6394274363822783,-0.14999999999999947,,,,,0.0,,0.0,0.0,0.0,0.0,,0.0,0.0,,
2023-10-02,-0.02193729751970963,-0.009635928899948354,-0.01356179796722845,0.014906060963400794,-0.7699343975275719,-0.14000000000000057,,,,,-0.5070511159216973,,0.0,0.0,0.0,0.0,,0.0,0.0,,
2023-10-03,0.0046054560481039175,-0.012916335898260023,-0.008458767368063391,0.014460254388322004,-1.0701029278003205,-0.25,,,,,-0.5070511159216973,,0.0,0.0,0.0,0.0,,0.0,0.0,,
2023-10-04,-0.0577848831782779,-0.10645229655567956,-0.06275714262284904,0.01974153566342794,-0.4919932189333176,-0.1200000000000001,,,,,-0.5070511159216973,,0.0,0.0,0.0,0.0,,0.0,0.0,,
2023-10-05,-0.022939815749229098,-0.1081388175862994,-0.08141211045347418,0.01977045876016576,-1.1140563206027299,-0.1299999999999999,1.9493588689617922,-1.9493588689617922,,,-0.5070511159216973,,0.0,0.0,0.0,0.0,,0.0,0.0,,
2023-10-06,0.005814674166161993,-0.09224186623295072,-0.07282514671746121,0.01934900445970358,-0.8573458580285687,-0.1900000000000004,1.7457431218879367,-1.745743121887939,-0.9007285980902956,,-0.5070511159216973,,0.0,0.0,0.0,0.0,,0.0,0.0,,
2023-10-09,0.04244888638184019,-0.0278556823314009,-0.029852273274886265,0.021833204890350698,-0.8573458580285687,-0.1900000000000004,1.5954480704349292,-1.5954480704349314,-0.9007285980902956,,0.0,,0.0,0.0,0.0,0.0,,0.0,0.0,,
2023-10-10,-0.004757769346202423,-0.03721890772570724,-0.03296811257909393,0.02142489751075436,0.6920074193277337,0.14999999999999947,1.4786261879618905,-1.4786261879618896,0.17337967418094843,,0.0,,0.0,0.0,0.0,0.0,,0.0,0.0,,
2023-10-11,-0.029271533980443465,-0.008705558527872803,-0.05931456401069113,0.022299512039038485,0.6674239813066252,0.15000000000000036,1.3844373104863457,-1.3844373104863463,-0.2601368563330189,,0.0,,0.0,0.0,0.0,0.0,,0.0,0.0,,
2023-10-12,-0.006971182077782245,0.007263075143574049,-0.06209423670830372,0.021739423999307332,0.5562581870922623,0.019999999999999574,1.3063945294843617,-1.3063945294843606,-0.5312934474212194,,0.0,,0.0,0.0,0.0,0.0,,0.0,0.0,,
2023-10-13,0.05605218566313752,0.05750058664054958,-0.004316002707802191,0.02551327689888091,-0.1938287708045605,0.15000000000000036,1.2403473458920853,-1.2403473458920844,-0.18085420226554258,0.719874395824753,0.0,,0.0,0.0,0.0,0.0,,0.0,0.0,,
2023-10-16,-0.011815451479501249,0.0032362487792081396,-0.013425056545163017,0.025505013583052804,-0.1938287708045605,0.15000000000000036,1.183500486131459,-1.1835004861314604,-0.36465315365034373,0.719874395824753,0.0,,0.0,0.0,0.0,0.0,,0.0,0.0,,
2023-10-17,0.0,0.007994018125410562,-0.01087193250673657,0.025511952242615203,-0.15618873456211269,-0.16999999999999993,1.1338934190276813,-1.1338934190276826,-0.9118088334937418,-1.08518850767469,0.0,,0.0,0.0,0.0,0.0,,0.0,0.0,,
2023-10-18,0.018974166217021526,0.056239718322875554,0.00919970218131283,0.025884190784537745,-0.8512686762287558,-0.33000000000000007,1.0901050006613322,-1.0901050006613338,-0.5419510597161575,-0.2818142033831386,0.0,,0.0,0.0,0.0,0.0,,0.0,0.0,,
2023-10-19,0.011818472864516316,0.07502937326517412,0.02116342654462766,0.025996928212055893,-0.4771524412365613,-0.28000000000000025,1.051076545624485,-1.0510765456244868,-0.15334856822537674,0.3779448791958427,0.0,,0.0,0.0,0.0,0.0,,0.0,0.0,,
2023-10-20,-0.006961627037775919,0.012015560564260674,0.014917775495094432,0.026015957698840235,-0.013430920568247018,-0.2999999999999998,1.0160010160015254,-1.0160010160015236,0.23401802492384025,0.4148722271893828,0.0,,0.0,0.0,0.0,0.0,,0.0,0.0,,
2023-10-23,0.0,0.023831012043761923,0.015438993015512992,0.026005483003535557,0.027489792691282045,-0.15000000000000036,0.9842509842514763,-0.9842509842514766,0.317192749493182,0.6818459031435258,0.0,,0.0,0.0,0.0,0.0,,0.0,0.0,,
2023-10-24,-0.058106667764527664,-0.03427565572076574,-0.038846830688048506,0.028907358513847542,-0.4234885908242614,-0.0,0.9553302944424503,-0.955330294442452,0.16013022332610685,1.0719390568198486,0.0,,0.0,0.0,0.0,0.0,,0.0,0.0,,
2023-10-25,0.01951223732851748,-0.03373758460926979,-0.014701807291032765,0.027949562528347485,0.02237212352643736,-0.040000000000000036,0.928840728025648,-0.9288407280256493,0.1624239296623198,0.7043749893784773,0.0,,0.0,0.0,0.0,0.0,,0.0,0.0,,
2023-10-26,-0.025861465007176676,-0.07141752248096278,-0.03570007771528427,0.028112309164845035,-0.16833874537551807,0.1200000000000001,0.9044584638234947,-0.9044584638234943,0.16388069738040087,0.3172292656057776,0.0,,0.0,0.0,0.0,0.0,,0.0,0.0,,
2023-10-27,0.027616569886424358,-0.0368393255567625,-0.005105255599614722,0.02899398551808647,-0.006471863573120906,0.08999999999999986,0.8819171036881961,-0.8819171036881961,0.3265803370663476,0.09256231214250735,0.0,,0.0,0.0,0.0,0.0,,0.0,0.0,,
2023-10-30,-0.03849149581420974,-0.07533082137097225,-0.0397907892698548,0.029789097021506318,-0.09976915202709602,-0.019999999999999574,0.8609952040010093,-0.8609952040010105,0.743448302248833,0.42625555275565097,0.0,,0.0,0.0,0.0,0.0,,0.0,0.0,,
2023-10-31,-0.015796569210008826,-0.03302072281645341,-0.05076129507298699,0.02983518436506959,-0.15755215073243178,-0.04999999999999982,0.8415069644939746,-0.8415069644939766,0.6697464921129438,0.509616268786837,0.0,,0.0,0.0,0.0,0.0,,0.0,0.0,,
2023-11-01,-0.0071844728700929394,-0.059717433015063826,-0.05564972505161325,0.02713080568313509,-0.004119976960437199,0.1800000000000006,1.3316668729782164,1.380788046932071,0.814275698711298,0.6518517690489782,0.683862656348555,,0.0,0.0,0.0,0.0,,0.0,0.0,,
2023-11-02,0.024801762374302427,-0.009054205633584722,-0.030938998692022324,0.027318486609116482,0.9068886767134576,0.1900000000000004,1.2864078476832381,1.3316841240153026,0.4049428169308445,0.24106211955044363,0.683862656348555,,0.0,0.0,0.0,0.0,,0.0,0.0,,
2023-11-03,-0.023931926966864303,-0.06060270248687338,-0.05347463161694499,0.027796056331802498,1.507523054521931,0.2699999999999996,1.2455017613815735,1.2875065814353774,1.0,0.6734196629336524,0.683862656348555,,0.0,0.0,0.0,0.0,,0.0,0.0,,
2023-11-06,0.003843059338437982,-0.01826814733422566,-0.04630498688439477,0.025864347222606304,1.4255199841824995,0.20999999999999996,1.2082916500382737,1.2474819801803143,1.0,0.6734196629336524,0.683862656348555,,0.0,0.0,0.0,0.0,,0.0,0.0,,
2023-11-07,-0.043625351088963704,-0.04609692921318054,-0.08466037349210875,0.027392596455858457,1.4201801731962505,0.2999999999999998,1.1742515141035135,1.210996893966285,0.33853633373201797,-0.3312101583809258,0.683862656348555,,0.0,0.0,0.0,0.0,,0.0,0.0,,
2023-11-08,-0.026720646723759955,-0.06563310306684755,-0.10623860009745378,0.027280669414374497,1.3729459529760235,0.27999999999999936,1.1429545585633665,1.1775577202559762,0.4006265459349769,-0.41364915277632114,0.0,,0.0,0.0,0.0,0.0,,0.0,0.0,,
2023-11-09,0.005427960636045448,-0.08500690480510453,-0.09628817647868448,0.02737763704406989,0.6133536455357858,0.04999999999999982,1.1140503652476867,1.146762176179639,0.20265764048059928,-0.2022851764502452,0.0,,0.0,0.0,0.0,0.0,,0.0,0.0,,
2023-11-10,0.018704357995862786,-0.042370619842377444,-0.07119396411673407,0.024106801109414246,0.6133536455357858,-0.040000000000000036,1.0872481729141827,1.118278665802241,-0.0,-1.0,0.0,,0.0,0.0,0.0,0.0,,0.0,0.0,,
2023-11-13,0.014025836312754336,-0.03218784286806109,-0.052070337827504254,0.024490163491499607,-0.6395480746150373,0.040000000000000036,1.0623044233829255,1.0918310726650629,0.48341746621308135,-1.0,0.0,,0.0,0.0,0.0,0.0,,0.0,0.0,,
2023-11-14,0.0,0.011437508220902615,-0.04697254785102967,0.024490163491499607,0.5960957652380361,0.13999999999999968,1.039013344384251,1.0671873686074516,1.0,0.661463666267982,0.0,,0.0,0.0,0.0,0.0,,0.0,0.0,,
2023-11-15,-0.020656556829857564,0.017501598114805006,-0.06054977855206989,0.02403909150740082,0.8335476515366258,-0.040000000000000036,1.0171997311884755,1.0441509564543536,1.0,0.5993734540650231,0.0,,0.0,0.0,0.0,0.0,,0.0,0.0,,
2023-11-16,-0.05029142093779626,-0.0382177834590367,-0.10065637867093091,0.025440288060169285,0.7800825526639743,0.16999999999999993,0.9967133450058335,1.0225540035833558,1.0,0.7973423595194007,0.0,,0.0,0.0,0.0,0.0,,0.0,0.0,,
2023-11-17,0.04019628440120915,-0.01672585705369034,-0.052633169022736404,0.027828071996297634,0.7800825526639743,0.16999999999999993,0.9774245169459281,1.0022522470210962,1.0,1.0,0.0,,0.0,0.0,0.0,0.0,,0.0,0.0,,
2023-11-20,0.022282503773351614,-0.008469189593093063,-0.023637865191067142,0.02859344945960406,1.7750256480628446,0.20999999999999996,0.9592206624580923,0.9831209010090021,0.9114479026995402,0.4280304364864589,0.0,,0.0,0.0,0.0,0.0,,0.0,0.0,,
2023-11-21,0.0021883255176788907,-0.006280864075414172,-0.017751489279180355,0.02594553787410008,0.9278121137206274,0.03000000000000025,0.9420034914848067,0.9650514008095126,0.8919083823071005,-0.10809161769289954,0.0,,0.0,0.0,0.0,0.0,,0.0,0.0,,
2023-11-22,-0.0086524721375687,0.005723220616874691,-0.02129767554923845,0.02537758446431443,0.32599655254722526,0.11000000000000032,0.9256867559662655,0.9479487880461648,1.0,0.0,0.0,,0.0,0.0,0.0,0.0,,0.0,0.0,,
2023-11-23,0.0,0.05601464155467095,-0.017484462932085165,0.02491910068205991,0.32599655254722526,0.11000000000000032,0.9101944165188681,0.9317295933701836,1.0,0.0,0.0,,0.0,0.0,0.0,0.0,,0.0,0.0,,
2023-11-24,-0.02044096328497247,-0.004622606131510665,-0.031709336941335486,0.024030073851183317,0.5272752398266634,-0.02999999999999936,0.8954591391170319,0.9163201083977787,0.3863844119633949,-0.6136155880366051,0.0,,0.0,0.0,0.0,0.0,,0.0,0.0,,
2023-11-27,-0.009042614808027594,-0.03594772471288987,-0.03600830652395004,0.022820085896682635,0.06677571426313422,0.03000000000000025,0.881421053801054,0.9016549650751061,1.0,0.08855209730045976,0.0,,0.0,0.0,0.0,0.0,,0.0,0.0,,
2023-11-28,0.02049387518319179,-0.017642175047376973,-0.012585308335004264,0.02333202630264633,0.5270989759956657,0.07000000000000028,0.8680267230940278,0.8876759598598556,1.0,0.10809161769289954,0.0,,0.0,0.0,0.0,0.0,,0.0,0.0,,
2023-11-29,0.018798764522834688,0.009809061613026415,0.007843417323937452,0.023801285059376637,0.716190394116023,0.15000000000000036,0.8552282795041898,0.8743310743742749,1.0,0.0,0.0,,0.0,0.0,0.0,0.0,,0.0,0.0,,
2023-11-30,-0.024705456238224954,-0.014896394625198539,-0.012756716847554195,0.023479909072288866,0.716190394116023,0.15000000000000036,0.8429827003061718,0.861573654875099,1.0,0.0,0.0,,0.0,0.0,0.0,0.0,,0.0,0.0,,
2023-12-01,-0.02519629391888678,-0.01965172525911285,-0.03378447035210552,0.02353773160316394,0.22302544286896264,0.25,0.03665297749678213,-1.56480408635537,1.0,0.6136155880366051,0.9290952615338854,,0.0,0.0,0.0,0.0,,0.0,0.0,,
2023-12-04,-0.014003355738484657,-0.024612466189569915,-0.04272696492241046,0.023556298193159225,-0.24939046208383164,0.10999999999999943,0.03636067312307906,-1.5220853706573083,1.0,0.0,0.9290952615338854,,0.0,0.0,0.0,0.0,,0.0,0.0,,
2023-12-05,-0.009906520202791924,-0.05501286157555363,-0.04925856550132934,0.021791472327191995,-1.004177592850275,0.16000000000000014,0.036075250056806125,-1.482698553070633,1.0,0.0,0.9290952615338854,,0.0,0.0,0.0,0.0,,0.0,0.0,,
2023-12-06,-0.04150207454231758,-0.1153137006407059,-0.08664664902884756,0.02284988713030243,-0.598835379945406,0.14999999999999947,0.035796442561086536,-1.4462315990794792,1.0,0.0,0.9290952615338854,,0.0,0.0,0.0,0.0,,0.0,0.0,,
2023-12-07,-0.0005767012847259778,-0.09118494568720692,-0.0828091262027355,0.022757173853964717,-0.2976462741406172,0.23000000000000043,0.035523999042694474,-1.412340452469413,1.0,0.0,0.9290952615338854,,0.0,0.0,0.0,0.0,,0.0,0.0,,
2023-12-08,0.026892137733384835,-0.039096514034935304,-0.05191215334538768,0.023262979106203528,-0.6822441438557147,-0.010000000000000675,0.03525768109902249,-1.3807352650162856,1.0,0.0,0.0,,0.0,0.0,0.0,0.0,,0.0,0.0,,
2023-12-11,0.0012627150046764513,-0.023830443291774195,-0.0460064471513455,0.022914779015942653,-0.37784493914387873,0.04999999999999982,0.03499726264230858,-1.351169888648722,0.92510369563932,-0.07489630436067996,0.0,,0.0,0.0,0.0,0.0,,0.0,0.0,,
2023-12-12,-0.038738496292139324,-0.052662419381121595,-0.07816502743951048,0.024107836022339412,0.09073501154470698,-0.020000000000000462,0.03474252909391937,-1.3234337543026005,0.20704815363199625,-0.7929518463680038,0.0,,0.0,0.0,0.0,0.0,,0.0,0.0,,
2023-12-13,0.012456708001989725,0.0012963631631857098,-0.060784066675140025,0.024226979542316222,-0.5174499350387496,0.08000000000000007,0.034493276642076395,-1.297345522201432,1.0,0.0,0.0,,0.0,0.0,0.0,0.0,,0.0,0.0,,
2023-12-14,0.029920700633089936,0.031793765081001624,-0.02994971935821411,0.022925825272023137,0.8565413473984096,0.21999999999999975,0.03424931155727831,-1.2727480643316889,1.0,0.0,0.0,,0.0,0.0,0.0,0.0,,0.0,0.0,,
2023-12-15,-0.002097756170997833,0.002803871176618955,-0.029019126816764107,0.02078487837439258,0.8467158603751024,0.3200000000000003,0.034010449560167536,-1.2495044609316044,1.0,0.0,0.0,,0.0,0.0,0.0,0.0,,0.0,0.0,,
2023-12-18,0.01445473395430863,0.015995890126251133,-0.011144655659056646,0.020352379194535815,0.8415758480879831,0.28000000000000025,0.033776515237131315,-1.2274947773916864,1.0,0.07489630436067996,0.0,,0.0,0.0,0.0,0.0,,0.0,0.0,,
2023-12-19,0.013296063191044816,0.06803044960943527,0.005015757851718483,0.020662661420030655,1.009680838105531,0.27,0.0335473414994914,-1.2066134479354762,1.0,0.7929518463680038,0.0,,0.0,0.0,0.0,0.0,,0.0,0.0,,
2023-12-20,0.010564909320216032,0.06613865092766158,0.017484148418776435,0.02082551981408731,1.3318245484581603,0.18000000000000016,0.033322769082442034,-1.1867671355482123,1.0,0.0,0.0,,0.0,0.0,0.0,0.0,,0.0,0.0,,
2023-12-21,-0.004456154831895098,0.031761795462676545,0.015154282575317701,0.020827920621370854,0.21034003159700054,0.029999999999999805,0.033102646080378335,-1.1678729689837941,1.0,0.0,0.0,,0.0,0.0,0.0,0.0,,0.0,0.0,,
2023-12-22,-0.0044761010644354116,0.029383450569238967,0.0120062273882926,0.020390392154034154,0.5643144794226118,0.010000000000000231,0.03288682751547568,-1.149857080767925,1.0,0.0,0.0,,0.0,0.0,0.0,0.0,,0.0,0.0,,
2023-12-26,0.026957979296508228,0.041886695911438565,0.03849222285698328,0.02124466033132106,0.8528882447031205,0.06000000000000005,0.032675174936792485,-1.1326533872945876,0.9276217679495483,-0.07237823205045169,0.0,,0.0,0.0,0.0,0.0,,0.0,0.0,,
2023-12-27,-0.019508903069361594,0.009081729651032155,0.02051147487243199,0.021143276713670785,0.8289582063765288,0.14000000000000012,0.03246755604737539,-1.1162025650244138,0.8310462748539903,-0.1689537251460097,0.0,,0.0,0.0,0.0,0.0,,0.0,0.0,,
2023-12-28,-0.03208391452128634,-0.033567094190470215,-0.007500150611838841,0.02162447842546544,0.9478558014446636,0.020000000000000018,0.03226384435703413,-1.10045118658851,0.8610602894609051,-0.13893971053909493,0.0,,0.0,0.0,0.0,0.0,,0.0,0.0,,
2023-12-29,-0.0016734071678001783,-0.030784346526375295,-0.0062528711961435945,0.021074113026905893,0.7509420299572245,0.010000000000000231,0.03206391885879123,-1.085350988097282,0.5884888339154185,-0.13893971053909493,0.0,,0.0,0.0,0.0,0.0,,0.0,0.0,,
2024-01-02,-0.01788402238074127,-0.044192267842681154,-0.02158182057029645,0.020727901140115343,-0.17310236220473563,-0.050000000000000266,1.176719509895594,-4.504903534392178,0.4200722521925646,-0.5799277478074354,-2.114914020366432,,0.0,0.0,0.0,0.0,,0.0,0.0,,
2024-01-03,0.03243225264603389,-0.038717994493155494,0.011083724663099481,0.021943118235834752,-0.6798864472715715,-0.020000000000000018,1.1597393406348844,-4.004034962287935,0.4654650534156278,-0.4621567145339205,-2.114914020366432,,0.0,0.0,0.0,0.0,,0.0,0.0,,
2024-01-04,-0.0070398523884041,-0.026248943812198,0.004133831471337501,0.021885894706446977,-0.9689135658872194,-0.20000000000000018,1.1434764058585878,-3.640114919376563,0.34306431792701064,-0.48798195692697965,-2.114914020366432,,0.0,0.0,0.0,0.0,,0.0,0.0,,
2024-01-05,0.02219269163089166,0.028027662339979997,0.023231743990211662,0.02010440829315188,-0.8256031564795041,-0.20999999999999996,1.1278815364793628,-3.3603102219126533,0.5300886210126067,-0.3309716684482984,-2.114914020366432,,0.0,0.0,0.0,0.0,,0.0,0.0,,
2024-01-08,-0.04205904169426766,-0.012357972186487487,-0.01984795979559628,0.022500182409023337,-0.7007214948725249,-0.1299999999999999,1.1129101579258045,-3.1365255046864515,0.5979116808380993,0.009422846922680805,-2.114914020366432,,0.0,0.0,0.0,0.0,,0.0,0.0,,
2024-01-09,0.02055872702103656,0.026084777215290345,6.775669516123628e-06,0.022158879751618694,-0.3337005716508745,-0.0699999999999994,1.0985217524819422,-2.9522609680428897,0.6384468573949822,0.21837460520241758,0.0,,0.0,0.0,0.0,0.0,,0.0,0.0,,
2024-01-10,-0.012116296125753934,-0.018463771556497477,-0.012144561455639469,0.02234231387029248,-0.054805598859775095,-0.1299999999999999,1.0846793965758792,-2.7971059107991527,0.15742179184375193,-0.3080432615718759,0.0,,0.0,0.0,0.0,0.0,,0.0,0.0,,
2024-01-11,0.009066245237753456,-0.002357673930339921,-0.0055035942937831095,0.02045317062379315,-0.22638203389375722,0.010000000000000231,1.0713493609758078,-2.6641242149948705,0.19284081745763978,-0.15022350046937086,0.0,,0.0,0.0,0.0,0.0,,0.0,0.0,,
2024-01-12,0.009122385307240855,-0.015427980253990725,0.0013602290722998234,0.020380560082521718,-0.12229034743860279,0.08999999999999986,1.0585007640299362,-2.5484927721240576,0.5188418470917159,-0.011246773920890796,0.0,,0.0,0.0,0.0,0.0,,0.0,0.0,,
2024-01-15,0.0,0.026631061440276937,0.0005977021627954215,0.019313374320157627,-0.12229034743860279,0.08999999999999986,1.0461052698293978,-2.446739946321542,0.5188418470917159,-0.011246773920890796,0.0,,0.0,0.0,0.0,0.0,,0.0,0.0,,
2024-01-16,-0.003859944136299198,0.002212390282941179,-0.003936659484744531,0.019331121457009475,-0.7598611475549522,-0.05000000000000071,1.0341368245746025,-2.356294682701637,0.3293034493321097,-0.3091434080628725,0.0,,0.0,0.0,0.0,0.0,,0.0,0.0,,
2024-01-17,0.002207506415210503,0.016536192823905616,-0.0017912092038177008,0.019063752309338024,-1.067789788696527,-0.05999999999999961,1.0225714255592646,-2.27520681694588,-0.0,-0.15742179184375193,0.0,,0.0,0.0,0.0,0.0,,0.0,0.0,,
2024-01-18,0.020731784531042408,0.028201732117194567,0.018506733125940755,0.01940488357109741,-0.8323352094725678,-0.1599999999999997,1.0113869181077613,-2.201966712095814,-0.01769376568304547,-0.21053458314068527,0.0,,0.0,0.0,0.0,0.0,,0.0,0.0,,
2024-01-19,-0.009085424215234283,0.009993922594719429,0.009969983386193704,0.019362350544408706,-0.9287734033831319,-0.1900000000000004,1.0005628165546827,-2.1353850575196085,-0.14307657250855008,-0.661918419600266,0.0,,0.0,0.0,0.0,0.0,,0.0,0.0,,
2024-01-22,0.023958077267246303,0.03395199986196573,0.03305602352397141,0.020089347533930612,-0.9287734033831319,-0.1900000000000004,0.9900801459733923,-2.0745104668392575,-0.14307657250855008,-0.661918419600266,0.0,,0.0,0.0,0.0,0.0,,0.0,0.0,,
2024-01-23,-0.010965608674727179,0.02684633532353775,0.02154285310028925,0.020232175251882877,-0.4347469104522439,-0.0699999999999994,0.9799213018702593,-2.0185715854525723,-0.09254349654618248,-0.4218469458782922,0.0,,0.0,0.0,0.0,0.0,,0.0,0.0,,
2024-01-24,0.00963475939658398,0.03427358830491123,0.03149621174291539,0.019395522681524405,0.45323784990440874,-0.08000000000000007,0.9700699254831949,-1.9669355332692187,-0.26187602451689795,-0.26187602451689795,0.0,,0.0,0.0,0.0,0.0,,0.0,0.0,,
2024-01-25,0.02978245703324589,0.04332426080711471,0.0591327000170736,0.019952395478079823,0.04830857932243138,-0.0,0.9605107926742705,-1.9190775007592062,-0.0378553832322378,-0.020161617549192327,0.0,,0.0,0.0,0.0,0.0,,0.0,0.0,,
2024-01-26,0.008367172455183258,0.06077685747753225,0.06333134936434437,0.018280083446086202,0.022296969104185216,-0.0,0.9512297146990377,-1.874558125017713,-0.20903788123217648,-0.0659613087236264,0.0,,0.0,0.0,0.0,0.0,,0.0,0.0,,
2024-01-29,-0.01589283402757058,0.02092594618271537,0.04398096357185022,0.01878869741554004,-0.19565934712786337,0.03000000000000025,0.9422134493808988,-1.8330063975024795,-0.20903788123217648,-0.0659613087236264,0.0,,0.0,0.0,0.0,0.0,,0.0,0.0,,
2024-01-30,0.013454277983756313,0.04534583284119886,0.05241077477245781,0.01821314614209706,0.41089974327023215,0.08000000000000007,0.933449621425151,-1.794106572945401,-0.058543896742361955,0.03399959980382052,0.0,,0.0,0.0,0.0,0.0,,0.0,0.0,,
2024-01-31,-0.025640761761866138,0.010070311682748745,0.024649196947837737,0.01824280813039469,0.0485511023175178,0.1899999999999995,0.9249266507818522,-1.7575880176245477,0.1187866135708063,0.3806626380877043,0.0,,0.0,0.0,0.0,0.0,,0.0,0.0,,
2024-02-01,-0.027128008192689457,-0.0468401535431866,-0.003595219517389836,0.01929630465691674,0.41181450801988095,0.2699999999999996,0.5745860210772535,-4.291444903506129,0.3656463423204642,0.40350172555270203,0.9219282724149069,,0.0,0.0,0.0,0.0,,0.0,0.0,,
2024-02-02,-0.02108223187782432,-0.07628955787619418,-0.023630113492317584,0.019234746586824645,-0.23603579254385387,0.1200000000000001,0.5709295041302114,-3.9337124184846064,0.08487325467563904,0.29391113590781553,0.9219282724149069,,0.0,0.0,0.0,0.0,,0.0,0.0,,
2024-02-05,0.006893726459986205,-0.0535029973886374,-0.018136687537147367,0.016687240680065104,-0.4097512862648811,-0.08999999999999986,0.5673420783608725,-3.6527664199830165,-0.22288323985950273,0.29391113590781553,0.9219282724149069,,0.0,0.0,0.0,0.0,,0.0,0.0,,
2024-02-06,0.007255833051481808,-0.0597014423209119,-0.011616010292004653,0.01613953895220214,-0.2954333450799096,-0.03000000000000025,0.5638215914838716,-3.4245617586113717,-0.0680777752969313,-0.009533878554569351,0.9219282724149069,,0.0,0.0,0.0,0.0,,0.0,0.0,,
2024-02-07,0.007474384188921768,-0.026586296370123996,-0.005856315925155009,0.01591139492193451,-0.3917527656433384,-0.09999999999999964,0.560365984029431,-3.2344257994821617,-0.09405968968882374,-0.21284630325963005,0.9219282724149069,,0.0,0.0,0.0,0.0,,0.0,0.0,,
2024-02-08,0.0314524860212968,0.03199419784386226,0.022762168234892854,0.01719166145151917,-0.6201930468240358,-0.28000000000000025,0.5569732842557861,-3.072830325319989,-0.48379782857255144,-0.8494441708930156,0.0,,0.0,0.0,0.0,0.0,,0.0,0.0,,
2024-02-09,0.008101442454641727,0.06117787217632831,0.028080655970915025,0.017173512796462616,-0.11331491621313639,-0.13999999999999968,0.5536416033985792,-2.9332829576188417,-0.8561725153854286,-0.9410457700610676,0.0,,0.0,0.0,0.0,0.0,,0.0,0.0,,
2024-02-12,0.0010405828202229017,0.055324728536565004,0.026286254931507713,0.017166212493198416,0.3388573453427801,-0.0,0.550369131231046,-2.8111869820465363,-0.8561725153854286,-0.9410457700610676,0.0,,0.0,0.0,0.0,0.0,,0.0,0.0,,
2024-02-13,0.012274848868315757,0.060343744353398954,0.03491938028996344,0.017214086320461383,-0.4641249747848075,-0.21999999999999975,0.5471541319113307,-2.70318434866657,-1.0,-0.9319222247030687,0.0,,0.0,0.0,0.0,0.0,,0.0,0.0,,
2024-02-14,-0.015921635926289923,0.03694772423818726,0.01626247797088709,0.01776217944304126,-0.4096608160628623,-0.17999999999999972,0.5439949400951943,-2.606757127137382,-0.6363316331061412,-0.5422719434173174,0.0,,0.0,0.0,0.0,0.0,,0.0,0.0,,
2024-02-15,0.017974234466064942,0.023469472682955406,0.031639323547413944,0.01762530571812337,-0.10926678108156285,-0.08999999999999986,0.5408899572942729,-2.5199752587650734,-0.6389759708130407,-0.15517814224048926,0.0,,0.0,0.0,0.0,0.0,,0.0,0.0,,
2024-02-16,0.014756660093651064,0.030124690321964742,0.042606490536083896,0.017599811805892016,-0.09211906906037015,-0.1299999999999999,0.5378376484617963,-2.441331100531755,-0.7729155176053963,0.08325699778003226,0.0,,0.0,0.0,0.0,0.0,,0.0,0.0,,
2024-02-19,0.0,0.02908410750174184,0.040014901294465055,0.016958468050875416,-0.09211906906037015,-0.1299999999999999,0.534836538789147,-2.3696275418830646,-0.7729155176053963,0.08325699778003226,0.0,,0.0,0.0,0.0,0.0,,0.0,0.0,,
2024-02-20,-0.01283616785751196,0.003973090775914123,0.02468067215447256,0.017042124679441068,0.4117010998994419,0.040000000000000036,0.5318852106980052,-2.303900331535433,-0.9376267508941276,0.062373249105872386,0.0,,0.0,0.0,0.0,0.0,,0.0,0.0,,
2024-02-21,-0.003459546022042126,0.01643518068016192,0.019377780120881205,0.01700500520946685,0.2984344342101597,-0.05000000000000071,0.5289823010141702,-2.2433629019739763,-1.0,-0.36366836689385884,0.0,,0.0,0.0,0.0,0.0,,0.0,0.0,,
2024-02-22,0.008944603462898826,0.007405549676995804,0.02752093025074931,0.015798662446619986,0.09083251589568908,-0.08999999999999986,0.5261264983101841,-2.1873663750498933,-1.0,-0.3610240291869593,0.0,,0.0,0.0,0.0,0.0,,0.0,0.0,,
2024-02-23,-0.02733890447189058,-0.03469001488854584,0.0011658762921813448,0.016879215500010657,0.09376766913878898,0.040000000000000036,0.5233165404049955,-2.1353700470395096,-1.0,-0.22708448239460366,0.0,,0.0,0.0,0.0,0.0,,0.0,0.0,,
2024-02-26,0.014149648678046134,-0.020540366210499705,0.014797251348268148,0.016819268198629812,0.09376766913878898,0.040000000000000036,0.5205512120097694,-2.0869192553776528,-1.0,-0.22708448239460366,0.0,,0.0,0.0,0.0,0.0,,0.0,0.0,,
2024-02-27,0.01649126539807888,0.008787067045091135,0.030618393753672812,0.01695536394682285,0.04561233317826874,-0.040000000000000036,0.508039681939257,-2.032049189547436,-1.0,-0.062373249105872386,0.0,,0.0,0.0,0.0,0.0,,0.0,0.0,,
2024-02-28,-0.004192878260036004,0.008053734807097257,0.024682998325870287,0.015845617863585668,-0.07443949374534853,0.05000000000000071,0.49551959993593814,-1.9803141808629612,-1.0,0.0,0.0,,0.0,0.0,0.0,0.0,,0.0,0.0,,
2024-02-29,-0.0035714323675977155,-0.004462301023399284,0.01819121999925244,0.014395857803260886,-0.06639031560171649,0.08000000000000007,0.4829880799674211,-1.9314065081815417,-1.0,0.0,0.0,,0.0,0.0,0.0,0.0,,0.0,0.0,,
2024-03-01,0.021614947561531928,0.04449155101002322,0.03475096262979527,0.013802718354694562,0.02131581360725887,0.0699999999999994,-1.4456983614081715,-2.536739514784443,-0.58654123864195,0.41345876135805004,-0.20298598438930338,,0.0,0.0,0.0,0.0,,0.0,0.0,,
2024-03-04,-0.015500278828207037,0.014841623503770052,0.015315179135009238,0.014534638885527374,0.15463508762655342,0.0600000000000005,-1.4855581649026426,-2.4514003561926057,-0.4980247537648557,0.5019752462351443,-0.20298598438930338,,0.0,0.0,0.0,0.0,,0.0,0.0,,
2024-03-05,-0.007521228648105449,-0.009170870542414278,0.004597298905305358,0.014731228739184869,0.0662176651535451,0.17999999999999972,-1.5279421128259496,-2.372780003515762,-0.5152350912802227,0.4847649087197773,-0.20298598438930338,,0.0,0.0,0.0,0.0,,0.0,0.0,,
2024-03-06,0.012462012753616136,0.007484020471237862,0.013613278649086347,0.014849201648947036,0.5474374215705735,0.15999999999999925,-1.5731486172727764,-2.300005347793326,-0.4777048926737246,0.5222951073262754,-0.20298598438930338,,0.0,0.0,0.0,0.0,,0.0,0.0,,
2024-03-07,-0.0025306859007905302,0.008524766938045047,0.009335718334566145,0.01334382167811595,0.8181881197269592,0.16000000000000014,-1.6215282807373543,-2.232354749927861,-0.1362689783339441,0.8637310216660559,-0.20298598438930338,,0.0,0.0,0.0,0.0,,0.0,0.0,,
2024-03-08,-0.011724360120089372,-0.024814540743576252,-0.0031442260705158986,0.013581206955630696,0.8562024475440744,0.10000000000000053,-1.6734962875239214,-2.169225812008511,-0.0,0.58654123864195,0.0,,0.0,0.0,0.0,0.0,,0.0,0.0,,
2024-03-11,-0.0010260357447524626,-0.010340297660121678,-0.004822515172013375,0.013586785114515566,0.6888278509497692,0.1200000000000001,-1.7295485971176419,-2.1101111584094294,-0.16958233968971193,0.3284424140751438,0.0,,0.0,0.0,0.0,0.0,,0.0,0.0,,
2024-03-12,-0.004759157481018406,-0.007578226493034634,-0.009382225692309731,0.013351728919046634,0.5937894487800799,-0.03000000000000025,-1.7902834009594557,-2.054579974974854,0.20151015148586277,0.7167452427660854,0.0,,0.0,0.0,0.0,0.0,,0.0,0.0,,
2024-03-13,0.027468664970142775,0.007428425723492005,0.01611637119373377,0.014163158134997779,0.41563974236478174,-0.08000000000000007,-1.8564299934587722,-2.002263754902847,-0.16624702075727957,0.31145787191644503,0.0,,0.0,0.0,0.0,0.0,,0.0,0.0,,
2024-03-14,0.019133395214987026,0.02909250683926956,0.03322174028717573,0.014234289941657484,-0.04168368819936763,-0.20000000000000018,-1.9288882909678198,-1.9528451631832375,-0.391329807716717,-0.25506082938277286,0.0,,0.0,0.0,0.0,0.0,,0.0,0.0,,
2024-03-15,-0.002711030619153121,0.03810583634020581,0.02935606808211677,0.013945136329604915,-0.3544905188580971,-0.21999999999999975,-2.008783978056726,-1.9060492438963008,-0.25501200630014464,-0.25501200630014464,0.0,,0.0,0.0,0.0,0.0,,0.0,0.0,,
2024-03-18,0.020518550819691228,0.0596504229046495,0.04769404977491831,0.014595325414250482,-0.4463534472848085,-0.2400000000000002,-2.0975471574752214,-1.861636409181734,-0.25501200630014464,-0.25501200630014464,0.0,,0.0,0.0,0.0,0.0,,0.0,0.0,,
2024-03-19,0.009025875102526726,0.07343545548819463,0.053446253602552396,0.014225450382531622,-0.6377801522550408,-0.13999999999999968,-2.1970273494111408,-1.8193967983447348,-0.2799973316387363,-0.48150748312459907,0.0,,0.0,0.0,0.0,0.0,,0.0,0.0,,
2024-03-20,-0.02167811200623504,0.02428867851181682,0.029405398620635737,0.015227338295153789,-0.8041565733777123,-0.07999999999999918,-2.138815320474853,-1.7778539831114692,0.15839678856695585,0.3246438093242354,0.0,,0.0,0.0,0.0,0.0,,0.0,0.0,,
2024-03-21,-0.007496194856795313,-0.0023409115599655195,0.020368500704142534,0.015296933945949524,-0.4720519623090391,0.020000000000000462,-2.084060465129553,-1.7382100483093765,0.22334876654672303,0.61467857426344,0.0,,0.0,0.0,0.0,0.0,,0.0,0.0,,
2024-03-22,-0.0054421903026842244,-0.005072071243496623,0.012290771633300501,0.013834897406557686,-0.6510781119316134,0.08999999999999986,-2.0324138073023463,-1.700309596601998,0.25963305584871904,0.5146450621488636,0.0,,0.0,0.0,0.0,0.0,,0.0,0.0,,
2024-03-25,0.01623851649290753,-0.009352105570280322,0.025789305967307996,0.013933925744242482,-0.37677731407452786,0.08999999999999986,-1.983573839713977,-1.6640143546472201,0.49042063038384076,0.5146450621488636,0.0,,0.0,0.0,0.0,0.0,,0.0,0.0,,
2024-03-26,-0.004034975212179326,-0.022412955884986374,0.020040660626739815,0.013620161864815183,-0.11659329282611708,0.05999999999999961,-1.9372785148698592,-1.629200808565106,0.46052216771065574,0.740519499349392,0.0,,0.0,0.0,0.0,0.0,,0.0,0.0,,
2024-03-27,-0.003313496312612685,-0.004048340191364019,0.014969525088369018,0.013601497205090882,-0.0661545751263759,0.0699999999999994,-1.89329882920989,-1.5957582267657962,0.3315386515142253,0.17314186294726944,0.0,,0.0,0.0,0.0,0.0,,0.0,0.0,,
2024-03-28,0.022125872215549514,0.025573726880980807,0.034052892849000926,0.014268961781505296,-0.21099491261384884,0.0699999999999994,-1.8514336387791308,-1.56358699725497,0.16583649660799632,-0.05751226993872671,0.0,,0.0,0.0,0.0,0.0,,0.0,0.0,,
2024-04-01,0.006471738791368864,0.037487655975033896,0.03823928762396189,0.013618525120530947,-0.2730553983109951,-0.11000000000000032,-0.9209946640069159,3.1690694422799472,-0.3581888179972662,-0.6178218738459853,-0.43979363391469795,,0.0,0.0,0.0,0.0,,0.0,0.0,,
2024-04-02,0.01705596243673213,0.0383051019188585,0.051382093981038324,0.013323243735341422,-0.22639108647064532,-0.11000000000000032,-0.9111891470152506,3.03086362090511,-0.5170461134338573,-1.007466743817698,-0.43979363391469795,,0.0,0.0,0.0,0.0,,0.0,0.0,,
2024-04-03,0.0032829200548301074,0.04562299718586793,0.05021165052106635,0.01305148350285324,0.04493112488044293,-0.1200000000000001,-0.90150151058489,2.907468611291382,-0.41825457967362195,-0.8787767473842777,-0.43979363391469795,,0.0,0.0,0.0,0.0,,0.0,0.0,,
2024-04-04,0.013487008296182879,0.062423501794663494,0.05919404552531926,0.013086551866812004,0.20461304912282596,-0.10999999999999943,-0.8919284409572001,2.796352161122961,-0.49073730650507347,-0.8222759580192988,-0.43979363391469795,,0.0,0.0,0.0,0.0,,0.0,0.0,,
2024-04-05,0.003688764989658644,0.043986394568772624,0.05806722467852499,0.012984069289030871,0.08169266541938613,-0.1899999999999995,-0.8824667426105912,2.69555061667239,-0.8514365418211723,-1.0172730384291686,-0.43979363391469795,,0.0,0.0,0.0,0.0,,0.0,0.0,,
2024-04-08,-0.005538262684821937,0.03197639309258182,0.04740407128548618,0.012638400189453888,0.641237179576859,-0.08999999999999986,-0.8731133326694414,2.6035144986901217,-0.9042409197137488,-0.5460521017164826,0.0,,0.0,0.0,0.0,0.0,,0.0,0.0,,
2024-04-09,-0.013981353230340332,0.0009390774255093604,0.028945593221210153,0.01328568021410776,0.49355542090705473,-0.0,-0.8638652356294069,2.5190024462935203,-0.54825102308326,-0.0312049096494027,0.0,,0.0,0.0,0.0,0.0,,0.0,0.0,,
2024-04-10,0.011432695687626726,0.009088853058305979,0.03509157141646746,0.013186194785948537,-0.45686738864219034,-0.1899999999999995,-0.8547195783779193,2.4410065837526704,-1.0,-0.5817454203263781,0.0,,0.0,0.0,0.0,0.0,,0.0,0.0,,
2024-04-11,-0.013899657291188916,-0.018297812529065816,0.01797361274597531,0.01276126995169187,-0.7012180226612319,-0.25,-0.8456735854904996,2.3686988660966257,-0.7845098987953165,-0.29377259229024305,0.0,,0.0,0.0,0.0,0.0,,0.0,0.0,,
2024-04-12,0.007499449256580526,-0.014487128262143933,0.022836457921173725,0.01225264909109228,-1.0944524265776856,-0.11000000000000032,-0.8367245747848251,2.301391770883603,-0.49049696989281233,0.36093957192836,0.0,,0.0,0.0,0.0,0.0,,0.0,0.0,,
2024-04-15,-0.0029227822291693073,-0.011871647806491303,0.01728765919112263,0.012257603703656132,-1.3990039416611033,-0.20999999999999996,-0.8278699531159438,2.2385090113947888,-0.596488991211609,0.3077519285021397,0.0,,0.0,0.0,0.0,0.0,,0.0,0.0,,
2024-04-16,-0.0005855829645575739,0.0015241224592914548,0.015131266414896594,0.011522587625591498,-2.0037314174746967,-0.3099999999999996,-0.8191072123971188,2.179563384482453,-0.8456084545201007,-0.2973574314368407,0.0,,0.0,0.0,0.0,0.0,,0.0,0.0,,
2024-04-17,-0.03177893125942255,-0.04168750448775782,-0.016178234338097397,0.013564671812246883,-1.1910568737882876,-0.040000000000000036,-0.8104339258320706,2.124139785310787,-0.9776444126417453,0.022355587358254714,0.0,,0.0,0.0,0.0,0.0,,0.0,0.0,,
2024-04-18,0.00048361746801628414,-0.02730422972855262,-0.016333272837364632,0.012612752783804929,-1.1459762959868725,-0.08000000000000007,-0.8018477443453066,2.0718820221026535,-1.0,-0.21549010120468348,0.0,,0.0,0.0,0.0,0.0,,0.0,0.0,,
2024-04-19,0.004943640622399492,-0.029860038362733654,-0.012650279956209154,0.012496670593518907,-0.6697277340060648,-0.1200000000000001,-0.793346393198202,2.0224824650315627,-1.0,-0.5095030301071877,0.0,,0.0,0.0,0.0,0.0,,0.0,0.0,,
2024-04-22,-0.003494189951918969,-0.030431446085483316,-0.017502517666910578,0.012449179746626191,-0.5194200530937332,0.009999999999999787,-0.7801948345926581,1.9787397198142487,-1.0,-0.40351100878839097,0.0,,0.0,0.0,0.0,0.0,,0.0,0.0,,
2024-04-23,0.006136834132484559,-0.023709028988441183,-0.012218647175187058,0.01201088475869197,0.325445853509565,0.05999999999999961,-0.7671762794191652,1.9370778356627532,-0.8493411811473404,-0.0037327266272396686,0.0,,0.0,0.0,0.0,0.0,,0.0,0.0,,
2024-04-24,-0.006619750959448112,0.0014501513115332543,-0.019562122988031838,0.012079955483161074,0.10624228280281534,-0.0600000000000005,-0.7542840480736516,1.8973261517414595,-1.0,-0.022355587358254714,0.0,,0.0,0.0,0.0,0.0,,0.0,0.0,,
2024-04-25,0.009135776967736042,0.010102310811253012,-0.011772534537710655,0.012181295866589763,0.13276239271490242,-0.0600000000000005,-0.7415116478621018,1.8593330109917838,-1.0,0.0,0.0,,0.0,0.0,0.0,0.0,,0.0,0.0,,
2024-04-26,0.003344884255873204,0.008503554444726724,-0.008834789401269028,0.011177653141829285,0.13029263042462214,-0.04999999999999982,-0.7288527566100219,1.8229631167922562,-1.0,0.0,0.0,,0.0,0.0,0.0,0.0,,0.0,0.0,,
2024-04-29,-0.014656677556124542,-0.002658933159478849,-0.022842185259449366,0.011566005929829344,0.4193045882160851,-0.009999999999999787,-0.716301206942073,1.7880953259129442,-0.7483347368961022,0.2516652631038978,0.0,,0.0,0.0,0.0,0.0,,0.0,0.0,,
2024-04-30,-0.008507586559369784,-0.017303353851333192,-0.02942231267107065,0.010899734192246555,-0.21397834304492935,-0.08000000000000007,-0.7038509711401287,1.7546207950943615,-1.0,-0.15065881885265964,0.0,,0.0,0.0,0.0,0.0,,0.0,0.0,,
2024-05-01,-0.036417371686702005,-0.047100974578587085,-0.06192721062294737,0.013260309318180745,-0.10318170721783648,0.020000000000000462,0.11898831655864138,1.235166983206289,-0.8350715563188997,0.16492844368110027,0.9321098155499641,,0.0,0.0,0.0,0.0,,0.0,0.0,,
2024-05-02,-0.0006331117653699536,-0.05686986331169308,-0.0579418426504148,0.012646871074477154,0.32563107301950556,0.1200000000000001,0.12590650605709836,1.2211304233571787,-0.6638618726311467,0.3361381273688533,0.9321098155499641,,0.0,0.0,0.0,0.0,,0.0,0.0,,
2024-05-03,-0.01069665107944573,-0.07091139864701201,-0.06330074318850265,0.01255830707169767,0.6584945883229443,0.16999999999999993,0.1328787339246647,1.2073506019524793,-0.24513576125801886,0.3361381273688533,0.9321098155499641,,0.0,0.0,0.0,0.0,,0.0,0.0,,
2024-05-06,0.004725725634902034,-0.05152899545598544,-0.05375046642822845,0.012757817682654306,0.5333555292794667,0.13999999999999968,0.1399067836551145,1.193818312552366,-0.12504189271857644,0.6232928441775257,0.9321098155499641,,0.0,0.0,0.0,0.0,,0.0,0.0,,
2024-05-07,-0.0012750224856228343,-0.04429643138223849,-0.05083625432571548,0.012593139141232145,0.7255338646163345,0.22000000000000064,0.1469925006659993,1.1805247970141062,-0.24999867075128993,0.7500013292487101,0.9321098155499641,,0.0,0.0,0.0,0.0,,0.0,0.0,,
2024-05-08,0.0077524694048429765,-0.0001265902906935068,-0.03871053901859689,0.012377905401877512,0.6699897900124263,0.14999999999999947,0.15413779546231426,1.1674617175449797,0.4087025642298186,1.2437741205487183,0.0,,0.0,0.0,0.0,0.0,,0.0,0.0,,
2024-05-09,0.0034123255859608292,0.003918847060637276,-0.03179056667421776,0.01228159871409988,0.2246027390099936,0.1299999999999999,0.16134464699325704,1.1546211308564938,0.41254491805232135,1.076406790683468,0.0,,0.0,0.0,0.0,0.0,,0.0,0.0,,
2024-05-10,-0.012696970980022648,0.001918527160060357,-0.0399700698839931,0.012158619251502474,0.10111554600348294,-0.0,0.16861510621650216,1.141995464235445,0.031655809332696794,0.2767915705907157,0.0,,0.0,0.0,0.0,0.0,,0.0,0.0,,
2024-05-13,0.010929070532190721,0.008121872057349044,-0.025216124219622493,0.012639260580189651,-0.11059033745639546,0.009999999999999787,0.1759512998855693,1.1295774933658291,0.25442933362500836,0.37947122634358477,0.0,,0.0,0.0,0.0,0.0,,0.0,0.0,,
2024-05-14,-0.014000483235946604,-0.004603588692974725,-0.034720987309818874,0.012813067468993154,0.13710859754449967,0.019999999999999574,0.18335543457720152,1.1173603217519714,0.5124434221644277,0.7624420929157176,0.0,,0.0,0.0,0.0,0.0,,0.0,0.0,,
2024-05-15,0.0077881019249144146,-0.004567956172903287,-0.024415616898372683,0.011349826147909773,0.6860480912919464,0.1200000000000001,0.19082980097723629,1.1053373616078288,0.6431412873743196,0.23443872314450104,0.0,,0.0,0.0,0.0,0.0,,0.0,0.0,,
2024-05-16,0.00760170897372614,-0.0003785727851379761,-0.014652544013399549,0.011558563799790188,0.7692975146402214,0.07000000000000028,0.19837677844502064,1.0935023160903872,0.6437438332476474,0.23119891519532604,0.0,,0.0,0.0,0.0,0.0,,0.0,0.0,,
2024-05-17,0.010421338587276452,0.022739736782161124,-0.00234372641311964,0.011798194775285872,0.6381234940252778,0.08000000000000007,0.2059988398783351,1.0818491627666686,0.4507080213269431,0.4190522119942463,0.0,,0.0,0.0,0.0,0.0,,0.0,0.0,,
2024-05-20,-0.00325284910866408,0.008557817141306323,-0.0037211635509430963,0.011796588272044984,0.6533028589785328,0.040000000000000036,0.21369855690278564,1.0703721382142184,0.4828634294125591,0.22843409578755075,0.0,,0.0,0.0,0.0,0.0,,0.0,0.0,,
2024-05-21,-0.006789916693474396,0.01576838368377853,-0.007989330732279143,0.011688121786546149,0.44806012847179444,0.040000000000000036,0.22147860541172867,1.0590657236641963,0.12872242501977219,-0.3837209971446556,0.0,,0.0,0.0,0.0,0.0,,0.0,0.0,,
2024-05-22,-0.021552833259508297,-0.013572551500644181,-0.02627376036464657,0.012417878267015275,-0.15813201509959907,-0.0699999999999994,0.21709836690788148,1.045986050054703,0.09668095441208444,-0.5464603329622352,0.0,,0.0,0.0,0.0,0.0,,0.0,0.0,,
2024-05-23,-0.009065071141740155,-0.030239331616110476,-0.031160385473771868,0.01212445208069226,-0.43234155725451195,-0.08999999999999986,0.21272053289587295,1.0331177865588115,0.16077171923817096,-0.4829721140094764,0.0,,0.0,0.0,0.0,0.0,,0.0,0.0,,
2024-05-24,0.010996941148198935,-0.029663729055187993,-0.016367601137573295,0.0124895927319863,-0.31492451874617355,-0.040000000000000036,0.20834484763716205,1.0204534893789439,0.09738541046724532,-0.3533226108596978,0.0,,0.0,0.0,0.0,0.0,,0.0,0.0,,
2024-05-27,0.0,-0.026410879946523913,-0.01330459182738064,0.012246413864117258,-0.31492451874617355,-0.040000000000000036,0.20397105541484886,1.0079860557833646,0.09738541046724532,-0.3533226108596978,0.0,,0.0,0.0,0.0,0.0,,0.0,0.0,,
2024-05-28,0.026786749148468125,0.007165785895418608,0.014780449845888555,0.013857543167339515,-0.04176988992357078,-0.1299999999999999,0.19959890045802592,0.9957087037162056,0.32875228862941225,0.20002986360964006,0.0,,0.0,0.0,0.0,0.0,,0.0,0.0,,
2024-05-29,-0.007544358680556584,0.02117426047437032,0.007090733039825103,0.01126844599405658,-0.508366366040236,-0.1800000000000006,0.19522812686592952,0.9836149528690182,-0.0,-0.09668095441208444,0.0,,0.0,0.0,0.0,0.0,,0.0,0.0,,
2024-05-30,-0.016800700634384214,0.013438630981726263,-0.009046946276614953,0.011890006801222477,-0.17445914789355754,-0.08000000000000007,0.19085847853179794,0.9716986070911372,-0.1705914911962917,-0.33136321043446265,0.0,,0.0,0.0,0.0,0.0,,0.0,0.0,,
2024-05-31,-0.011878771052808546,-0.009437081219281218,-0.02020359001281058,0.011945319317782279,-0.39533881720676955,-0.04999999999999982,0.1864896990664361,0.9599537380278587,-0.28408171983480535,-0.38146713030205065,0.0,,0.0,0.0,0.0,0.0,,0.0,0.0,,
2024-06-03,-0.03664188765750698,-0.046078968876788196,-0.0540549696890853,0.014301469427930038,-0.39533881720676955,-0.04999999999999982,2.1581222447416324,0.5848433273551042,-0.0,-0.38146713030205065,0.8384713670209432,,0.0,0.0,0.0,0.0,,0.0,0.0,,
2024-06-04,-0.013155407735274238,-0.08602112576053056,-0.06382585018064368,0.014480814532742877,-1.066952153504075,0.20999999999999996,2.0980529068861973,0.5791594463838272,0.18957312612918645,-0.1391791625002258,0.8384713670209432,,0.0,0.0,0.0,0.0,,0.0,0.0,,
2024-06-05,0.01113234412802111,-0.06734442295195286,-0.04947797254506625,0.014636510735177886,-0.3027075875809748,0.3200000000000003,2.041642990272134,0.5735064434182497,0.4626285974855623,0.4626285974855623,0.8384713670209432,,0.0,0.0,0.0,0.0,,0.0,0.0,,
2024-06-06,0.019784096693550524,-0.030759625624018128,-0.02729693089933871,0.015461283075174312,-0.3371594480489959,0.2699999999999996,1.9885105341658917,0.567883693479553,0.30989829088925464,0.4804897820855463,0.8384713670209432,,0.0,0.0,0.0,0.0,,0.0,0.0,,
2024-06-07,-0.00026476039339229374,-0.019145614964601876,-0.02578635686988573,0.015274164451430755,-1.1883896542121963,0.08000000000000007,1.9383271162660074,0.5622905835092664,-0.0,0.28408171983480535,0.8384713670209432,,0.0,0.0,0.0,0.0,,0.0,0.0,,
2024-06-10,0.028839997098720538,0.04633626979162564,0.003933428323353638,0.01653156223471991,-1.2763289849114345,-0.05999999999999961,1.8908085488274562,0.5567265120050252,-0.07794175146539371,-0.07794175146539371,0.0,,0.0,0.0,0.0,0.0,,0.0,0.0,,
2024-06-11,0.002056027452625564,0.06154770497952544,0.006066418336069468,0.01624829423216625,-1.066851577828909,-0.05999999999999961,1.845707478740521,0.5511908886682797,-0.0,-0.18957312612918645,0.0,,0.0,0.0,0.0,0.0,,0.0,0.0,,
2024-06-12,0.007672671911660878,0.05808803276316521,0.013821824308483777,0.01624537370993576,-1.0573400503860464,-0.019999999999999574,1.8028074473680664,0.5456831340634591,-0.08095973012511472,-0.543588327610677,0.0,,0.0,0.0,0.0,0.0,,0.0,0.0,,
2024-06-13,0.0015274952053507818,0.03983143127496547,0.015735764263006047,0.016150653469634357,-1.3501531813423506,0.040000000000000036,1.761918081413032,0.5402026792881164,0.40977654356386345,0.09987825267460881,0.0,,0.0,0.0,0.0,0.0,,0.0,0.0,,
2024-06-14,-0.0021646408146720475,0.037931550853685714,0.014586867167603934,0.015951343779645834,-0.5021489449529959,0.22999999999999954,1.7228711686701432,0.5347489656536023,0.6681165668020623,0.6681165668020623,0.0,,0.0,0.0,0.0,0.0,,0.0,0.0,,
2024-06-17,0.023681671006679395,0.03277322476164457,0.037937555887785024,0.01686345509032152,-0.26349238373852835,0.1899999999999995,1.685517432342636,0.5293214443758365,0.30716011599881937,0.3851018674642131,0.0,,0.0,0.0,0.0,0.0,,0.0,0.0,,
2024-06-18,0.015318397126767636,0.04603559443578664,0.05181955503704305,0.01709512512599514,0.04619667529057736,0.16999999999999993,1.6497238614651617,0.5239195762757625,0.59234569718307,0.59234569718307,0.0,,0.0,0.0,0.0,0.0,,0.0,0.0,,
2024-06-19,0.0,0.038362922524125764,0.04930551539655781,0.016226935070075155,0.04619667529057736,0.16999999999999993,1.6307373841399841,0.5159416797314423,0.59234569718307,0.59234569718307,0.0,,0.0,0.0,0.0,0.0,,0.0,0.0,,
2024-06-20,0.007328724630607297,0.04416415194938228,0.053300510598061734,0.016024032233945634,-0.13586134885725798,-0.009999999999999787,1.6122018553902697,0.5080014585820181,1.0,0.5902234564361366,0.0,,0.0,0.0,0.0,0.0,,0.0,0.0,,
2024-06-21,-0.01768001853617207,0.028648774227882257,0.0337206106170056,0.01657575426642225,0.048965365057740406,-0.04999999999999982,1.5940981342329217,0.5000973910091799,1.0,0.33188343319793767,0.0,,0.0,0.0,0.0,0.0,,0.0,0.0,,
2024-06-24,0.011086588056340219,0.01605369127754308,0.04235298782564456,0.01669383335190021,0.4237799724724156,0.03000000000000025,1.576408200125909,0.4922279779873522,1.0,0.33188343319793767,0.0,,0.0,0.0,0.0,0.0,,0.0,0.0,,
2024-06-25,-0.009848657717511422,-0.009113363566735977,0.03188188960373051,0.01587314493198151,0.028956843816940747,-0.010000000000000675,1.5591150697641682,0.4843917418559465,1.0,0.40765430281693005,0.0,,0.0,0.0,0.0,0.0,,0.0,0.0,,
2024-06-26,0.0008656403186932948,-0.008247723248042682,0.031704589468058764,0.015756375491019454,0.028956843816940747,-0.010000000000000675,1.5422027213131921,0.4765872249278834,1.0,0.40765430281693005,0.0,,0.0,0.0,0.0,0.0,,0.0,0.0,,
2024-06-27,0.01032965407168529,-0.005246793806964689,0.03963478535007603,0.015300582580666576,-0.11747938675599201,-0.040000000000000036,1.5256560253066427,0.4688129881313129,1.0,0.0,0.0,,0.0,0.0,0.0,0.0,,0.0,0.0,,
2024-06-28,-0.0024497807450245546,0.009983443984182827,0.03431409689999487,0.014979373034947193,-0.08194436163166952,-0.11000000000000032,1.5094606815256588,0.4610676096815781,0.8966149290953047,-0.10338507090469529,0.0,,0.0,0.0,0.0,0.0,,0.0,0.0,,
2024-07-01,0.022314775061543557,0.021211630989386165,0.05081013112052801,0.012367740912607447,-0.6096392846317134,-0.23000000000000043,1.6566382032250349,0.7092357929507203,0.2487898480969275,-0.10338507090469529,-1.696109397222123,,0.0,0.0,0.0,0.0,,0.0,0.0,,
2024-07-02,-0.006859645407041981,0.024200643299855606,0.03781695675606489,0.011931825251559936,-0.2823908337549197,-0.1999999999999993,1.6351587460104688,0.6985735550355685,0.1492739088581512,-0.8507260911418488,-1.696109397222123,,0.0,0.0,0.0,0.0,,0.0,0.0,,
2024-07-03,0.012838378988110577,0.03617338196927289,0.044436505043749186,0.011975461656673144,0.3888620634154294,-0.040000000000000036,1.6142497133315807,0.6880032375257583,0.049870738920855216,-0.9501292610791447,-1.696109397222123,,0.0,0.0,0.0,0.0,,0.0,0.0,,
2024-07-04,0.0,0.0258437278975876,0.0392068791780007,0.011607413342650962,0.3888620634154294,-0.040000000000000036,1.593884019172139,0.6775212112309109,0.049870738920855216,-0.9501292610791447,-1.696109397222123,,0.0,0.0,0.0,0.0,,0.0,0.0,,
2024-07-05,-0.00862074304390692,0.019672765598705233,0.02577430940087133,0.011960597947343624,0.5910137887115585,0.08000000000000007,1.574036346587058,0.6671239461444177,1.0,0.10338507090469529,-1.696109397222123,,0.0,0.0,0.0,0.0,,0.0,0.0,,
2024-07-08,-0.010030901679477289,-0.012672911142315613,0.01287512592708051,0.010967580069244644,0.8910817110118541,0.20000000000000018,1.554683001382316,0.6568080054147878,1.0,0.7512101519030725,0.0,,0.0,0.0,0.0,0.0,,0.0,0.0,,
2024-07-09,-0.011237445724448847,-0.01705071145972248,-0.0005659279328273925,0.011413160476519704,0.7117128496914926,0.1299999999999999,1.535801780335819,0.6465700395971398,0.8758630345086434,0.7265891256504923,0.0,,0.0,0.0,0.0,0.0,,0.0,0.0,,
2024-07-10,0.008439900872496686,-0.02144918957533637,0.00563200335616898,0.011433781125504661,0.4744831018413831,0.08000000000000007,1.5173718522804978,0.6364067811621882,0.5891483891271112,0.539277650206256,0.0,,0.0,0.0,0.0,0.0,,0.0,0.0,,
2024-07-11,0.006313765510236102,-0.015135424065100267,0.009464485767659347,0.011468077650484633,0.4744831018413831,0.08000000000000007,1.4993736505909088,0.6263150392415486,0.7808331592456993,0.539277650206256,0.0,,0.0,0.0,0.0,0.0,,0.0,0.0,,
2024-07-12,-0.004974832804577112,-0.011489513825770459,0.0021488794638315767,0.01154495444899237,0.8388661134696496,0.10000000000000053,1.4817887758021517,0.6162916945895102,0.9016101954766492,-0.09838980452335078,0.0,,0.0,0.0,0.0,0.0,,0.0,0.0,,
2024-07-15,-0.00365586563653153,-0.0051144777828247,-0.002480882839789089,0.010451875229312228,0.5860198317736431,0.04999999999999982,1.4645999072508529,0.6063336947426164,1.0,0.0,0.0,,0.0,0.0,0.0,0.0,,0.0,0.0,,
2024-07-16,-0.014139290082873401,-0.008016322141249255,-0.016121185229270196,0.010399514598711839,0.5515890090602604,0.1299999999999999,1.4477907227659492,0.5964380493594624,0.9561385268872246,0.08027549237858111,0.0,,0.0,0.0,0.0,0.0,,0.0,0.0,,
2024-07-17,0.025549950427935286,0.009093727414189345,0.008650255370660886,0.01192190898718275,0.5450951582724128,0.1200000000000001,1.4313458255561324,0.5866018257240553,0.9561385268872246,0.08027549237858111,0.0,,0.0,0.0,0.0,0.0,,0.0,0.0,,
2024-07-18,-0.00036216575515091165,0.0024177961488023314,0.007894124306793593,0.011823136775773227,-0.01783837939544064,-0.0,1.4152506775433369,0.5768221443969449,0.8211245420562266,0.040291382810527354,0.0,,0.0,0.0,0.0,0.0,,0.0,0.0,,
2024-07-19,-0.0330192623274419,-0.025626633374062457,-0.02475214113980062,0.013443752159098845,-0.5770971019369409,-0.07000000000000028,1.3945993745518137,0.5647132853625689,0.710543455631861,-0.19106673984478817,0.0,,0.0,0.0,0.0,0.0,,0.0,0.0,,
2024-07-22,-0.004377469312718318,-0.026348237050249246,-0.02798341070321886,0.013192325977427675,-0.47498791125188955,-0.02999999999999936,1.3744798946166172,0.5526251277045369,0.7077335085603458,-0.2922664914396542,0.0,,0.0,0.0,0.0,0.0,,0.0,0.0,,
2024-07-23,-0.03598704011981013,-0.048195987087185976,-0.06151733195361331,0.01523621458116705,-0.5360704787233939,-0.08000000000000007,1.3548663565798034,0.5405509914505909,0.8357912551551206,-0.12034727173210391,0.0,,0.0,0.0,0.0,0.0,,0.0,0.0,,
2024-07-24,0.00815274654840703,-0.06559319096671423,-0.05127582184727686,0.01540594140917568,-0.8484467588435907,-0.1200000000000001,1.3357345906067128,0.5284840381751432,1.0,-0.12034727173210391,0.0,,0.0,0.0,0.0,0.0,,0.0,0.0,,
2024-07-25,0.00885358962201721,-0.05637743558954611,-0.04025966544484749,0.01534674085361845,-0.6007774191735704,-0.0699999999999994,1.3170619943517563,0.5164172421184513,0.9194417097463612,0.09831716769013454,0.0,,0.0,0.0,0.0,0.0,,0.0,0.0,,
2024-07-26,-0.014410954490347017,-0.037769127752451226,-0.05190999446751565,0.015589662005548182,-0.42631976418425754,0.04999999999999982,1.298827403638146,0.5043433587023696,1.0,0.28945654436813895,0.0,,0.0,0.0,0.0,0.0,,0.0,0.0,,
2024-07-29,-0.017650977969315917,-0.051042636409048825,-0.06480205931760974,0.014744842956907287,-0.748272156809282,0.08999999999999986,1.2810109759500647,0.4922548900069882,1.0,0.2922664914396542,0.0,,0.0,0.0,0.0,0.0,,0.0,0.0,,
2024-07-30,-0.014348592126013138,-0.02940418841525183,-0.07401729098845244,0.01489532270955433,-0.7304008694785313,0.09999999999999964,1.2635940852620422,0.48014404670105587,1.0,0.16420874484487935,0.0,,0.0,0.0,0.0,0.0,,0.0,0.0,,
2024-07-31,0.04167269640056759,0.004115761436908727,-0.028652950003337452,0.017832251651884803,-0.06458531452966376,0.1900000000000004,1.2465592269228596,0.46800270583275044,1.0,0.0,0.0,,0.0,0.0,0.0,0.0,,0.0,0.0,,
2024-08-01,-0.020750323041224483,-0.025488151226332967,-0.04467411230795282,0.018205892996471934,-0.27580657434795874,0.27999999999999936,2.781174505449138,0.7174275644930788,1.0,0.0,0.517633645181037,,0.0,0.0,0.0,0.0,,0.0,0.0,,
2024-08-02,-0.03724651325411088,-0.04832370999009683,-0.0757601763149447,0.019599809776288755,0.16487159583413735,0.40000000000000036,2.6745979555847343,0.7041896925383986,1.0,0.0,0.517633645181037,,0.0,0.0,0.0,0.0,,0.0,0.0,,
2024-08-05,-0.00792029266689731,-0.038593024687678223,-0.07762555018535178,0.019583548728700252,0.45150927346075953,0.3900000000000001,2.5777579098773944,0.6910346785896805,1.0,0.0,0.517633645181037,,0.0,0.0,0.0,0.0,,0.0,0.0,,
2024-08-06,0.0035582355867322946,-0.02068619697493279,-0.06875217986768778,0.019656793091155825,0.5087480035885106,0.25000000000000044,2.4892059962818935,0.677954825354048,1.0,0.0,0.517633645181037,,0.0,0.0,0.0,0.0,,0.0,0.0,,
2024-08-07,0.02735466660486363,-0.03500422677063675,-0.03702811681851248,0.020776539495400658,0.054595174757132714,0.1299999999999999,2.407779137306687,0.6649424204331641,1.0,0.0,0.517633645181037,,0.0,0.0,0.0,0.0,,0.0,0.0,,
2024-08-08,0.0126801329127888,-0.0015737708166234654,-0.02029690583153876,0.020996437348087687,0.3412467818902587,-0.0,2.3325310503671814,0.6519897061441233,0.8431452931039627,0.0,0.0,,0.0,0.0,0.0,0.0,,0.0,0.0,,
2024-08-09,0.008495117415437292,0.04416785985292471,-0.008424207852915977,0.02118047631968583,0.43776489635785065,-0.14000000000000012,2.262682843558028,0.63908884752149,0.7140127185117927,-0.2859872814882073,0.0,,0.0,0.0,0.0,0.0,,0.0,0.0,,
2024-08-12,0.04105101566407132,0.09313916818389334,0.033769044309308605,0.023393123622808282,0.2899366962105909,-0.1200000000000001,2.197586717015013,0.6262318980654306,0.7463570321118259,-0.2536429678881741,0.0,,0.0,0.0,0.0,0.0,,0.0,0.0,,
2024-08-13,-0.02159038476239772,0.06799054783476333,0.013693450779042493,0.023668715582037255,0.5164443783096551,0.04999999999999982,2.1366988487041456,0.6134107627333634,0.839190837720057,-0.16080916227994302,0.0,,0.0,0.0,0.0,0.0,,0.0,0.0,,
2024-08-14,-0.017640320946429533,0.022995560283470162,-0.0002725653665391903,0.02303111892422623,0.922636437058244,0.1299999999999999,2.079558837940641,0.6006171575888776,0.7854499576163256,-0.21455004238367437,0.0,,0.0,0.0,0.0,0.0,,0.0,0.0,,
2024-08-15,0.01521235987892755,0.025527787249608913,0.017835373031533486,0.023409201839365738,0.6984396492086486,0.07000000000000028,2.025773910426393,0.5878425654179585,0.6188571356401461,-0.22428815746381658,0.0,,0.0,0.0,0.0,0.0,,0.0,0.0,,
2024-08-16,-0.019508402416704484,-0.0024757325825328635,0.000547006138436501,0.022677656879404227,0.4314734852059243,0.04999999999999982,1.9750066334770522,0.5750781864937329,0.6985306562567485,-0.015482062255044227,0.0,,0.0,0.0,0.0,0.0,,0.0,0.0,,
2024-08-19,-0.030196970602614392,-0.07372371884921858,-0.026138953876075455,0.02352598602752353,1.088780753836216,0.040000000000000036,1.9305046852118857,0.5627173178995835,0.7083886021190838,-0.03796842999274208,0.0,,0.0,0.0,0.0,0.0,,0.0,0.0,,
2024-08-20,-0.004447147009911667,-0.05658048109673253,-0.028652084953379564,0.02225736302435919,1.0094736722307762,0.03000000000000025,1.8882946467349326,0.5503901774260742,0.6576155766049688,-0.18157526111508815,0.0,,0.0,0.0,0.0,0.0,,0.0,0.0,,
2024-08-21,-0.028912063826032508,-0.0678522239763355,-0.05377689232808258,0.022906901108561584,0.47063743519750734,0.040000000000000036,1.848186386780218,0.5380946260374414,0.7177876523499572,-0.0676623052663684,0.0,,0.0,0.0,0.0,0.0,,0.0,0.0,,
2024-08-22,0.014902994188729757,-0.0681615896665333,-0.035389111916358296,0.023121533554480725,0.1809365628905435,0.06000000000000005,1.8100125441650496,0.5258298398742431,0.6701942171439665,0.051337081503820436,0.0,,0.0,0.0,0.0,0.0,,0.0,0.0,,
2024-08-23,0.024622456024272488,-0.024030731225556323,-0.009233540194822254,0.023788494035682634,0.7659488942557524,0.08000000000000007,1.7736252850751506,0.5135967931204665,0.7287403968807974,0.03020974062404891,0.0,,0.0,0.0,0.0,0.0,,0.0,0.0,,
2024-08-26,0.03402627105723521,0.04019251043429328,0.023741984108347935,0.02473343583940358,0.15137989543710928,0.040000000000000036,1.7388936272744817,0.5013989483773723,0.7067247369818856,-0.0016638651371981839,0.0,,0.0,0.0,0.0,0.0,,0.0,0.0,,
2024-08-27,-0.02471521682414579,0.01992444062005916,-0.001505648234955359,0.025177774258684837,-0.07752141693382342,-0.010000000000000231,1.7057012205479776,0.4892432571642015,0.8032084078383679,0.14559283123339906,0.0,,0.0,0.0,0.0,0.0,,0.0,0.0,,
2024-08-28,-0.013462382591968414,0.03537412185412325,-0.01274369239645523,0.02339120823615799,-0.033482829791520174,-0.04999999999999982,1.673944497390898,0.4771416336876036,0.6988584621610042,-0.018929190188953005,0.0,,0.0,0.0,0.0,0.0,,0.0,0.0,,
2024-08-29,0.01848088229528866,0.038952009960682155,0.005999968062477379,0.02340081365892559,0.10566954281782115,-0.010000000000000231,1.6435311266902513,0.4651131682002478,0.43592713328636656,-0.23426708385759998,0.0,,0.0,0.0,0.0,0.0,,0.0,0.0,,
2024-08-30,-0.0315829809812298,-0.017253427044820135,-0.025603411368753548,0.022959825532871406,-0.7134053517339423,-0.10000000000000009,1.6143787174925113,0.45318752806598406,-0.045321285154795506,-0.7740616820355929,0.0,,0.0,0.0,0.0,0.0,,0.0,0.0,,
2024-09-02,0.0,-0.05127969810205535,-0.02601982445209927,0.02288383418184836,-0.7134053517339423,-0.10000000000000009,2.1946144353493597,-2.6782429449317533,-0.045321285154795506,-0.7740616820355929,-0.7954414557895362,,0.0,0.0,0.0,0.0,,0.0,0.0,,
2024-09-03,-0.04462482000161039,-0.07118930127951995,-0.0686519047576386,0.024976292714306184,-0.7499146612049756,-0.009999999999999787,2.1418484991447233,-2.7085826652485343,0.16882700462426156,-0.6343814032141063,-0.7954414557895362,,0.0,0.0,0.0,0.0,,0.0,0.0,,
2024-09-04,-0.016339764422212077,-0.07406668310976361,-0.08081420793242522,0.024172184377508125,-0.5087194397112915,0.06999999999999984,2.092276120737092,-2.739853509794143,0.3647226786516838,-0.33413578350932044,-0.7954414557895362,,0.0,0.0,0.0,0.0,,0.0,0.0,,
2024-09-05,-0.0007228045128568894,-0.09327036991790916,-0.0766894043265749,0.023864055429966915,-0.17998368693310507,0.14000000000000012,2.045605063086822,-2.772105396716431,0.43518965967943674,-0.0007374736069298282,-0.7954414557895362,,0.0,0.0,0.0,0.0,,0.0,0.0,,
2024-09-06,-0.021635107866632808,-0.08332249680331216,-0.09197039281039654,0.02392836896926433,-0.14134339168550003,0.18999999999999995,2.001582750291322,-2.8053920847303484,0.5745151979921904,0.6198364831469859,-0.7954414557895362,,0.0,0.0,0.0,0.0,,0.0,0.0,,
2024-09-09,0.015251798798850302,-0.06807069800446186,-0.06907451378547425,0.021842810308359255,-0.14134339168550003,0.18999999999999995,1.9599900224344353,-2.8397715620201316,0.48231204794897886,0.6198364831469859,0.0,,0.0,0.0,0.0,0.0,,0.0,0.0,,
2024-09-10,-0.04403507798511086,-0.06748095598796233,-0.10434327688337763,0.023135386402831033,-0.1840674175422663,0.18999999999999995,1.9206361104125491,-2.8753064844091827,0.48848538240809825,0.31965837778383666,0.0,,0.0,0.0,0.0,0.0,,0.0,0.0,,
2024-09-11,0.02344914296474787,-0.027692048601002384,-0.07418229222697992,0.02410977800657946,-0.21303618186923057,0.1200000000000001,1.883354568364815,-2.912064670350192,0.45165732541022413,0.08693464675854035,0.0,,0.0,0.0,0.0,0.0,,0.0,0.0,,
2024-09-12,0.024362813420578,-0.002606430667567494,-0.04356515979183584,0.024628955520772912,0.00898301638256882,0.04999999999999982,1.8479999662089066,-2.950119661656474,0.6169751913770034,0.18178553169756667,0.0,,0.0,0.0,0.0,0.0,,0.0,0.0,,
2024-09-13,-0.004650495229219231,0.014378181969846082,-0.04270423136586299,0.024431415501190067,0.6889846537648014,0.06000000000000005,1.814445192467467,-2.9895513605519493,0.6806842512234931,0.10616905323130266,0.0,,0.0,0.0,0.0,0.0,,0.0,0.0,,
2024-09-16,0.020758998298252784,0.019885381469248564,-0.01898160785746228,0.024378507043393952,0.9925388459168905,0.07000000000000028,1.7767830959400468,-2.86340261227954,0.690188365858866,0.20787631790988714,0.0,,0.0,0.0,0.0,0.0,,0.0,0.0,,
2024-09-17,0.015572228603548233,0.07949268805790766,-0.001446722824437252,0.024722947764657936,1.1413975290857192,-0.0,1.7408261191027723,-2.7501922497972306,0.5492855973474539,0.06080021493935561,0.0,,0.0,0.0,0.0,0.0,,0.0,0.0,,
2024-09-18,-0.003940891799876667,0.05210265329328312,-0.004673516796145805,0.023907413144355585,0.9884716319392917,-0.050000000000000266,1.7064486961210663,-2.64779290407403,0.42704891727745936,-0.02460840813276477,0.0,,0.0,0.0,0.0,0.0,,0.0,0.0,,
2024-09-19,0.01455996601747156,0.04229980589017668,0.010617698458055713,0.023895739811592633,0.9281106284347862,-0.04999999999999982,1.6735388885259597,-2.554538165229757,0.5531425014140948,-0.06383268996290858,0.0,,0.0,0.0,0.0,0.0,,0.0,0.0,,
2024-09-20,-0.00041704317001123314,0.046533257949384677,0.012183879484489957,0.023141510630215127,0.20541678893857274,-0.06999999999999984,1.6419966589326414,-2.469101540652872,0.4863022838304268,-0.1943819673930663,0.0,,0.0,0.0,0.0,0.0,,0.0,0.0,,
2024-09-23,-0.021787354184907848,0.003986905466224044,-0.0048295692418651726,0.021902682542700974,0.055392040665824815,-0.1200000000000001,1.6117324204258474,-2.3904121429742378,0.47953079714811586,-0.21065756871075014,0.0,,0.0,0.0,0.0,0.0,,0.0,0.0,,
2024-09-24,0.016769222662061267,0.005183899524737079,0.014639336904437528,0.02187912377133653,0.38979269442966924,-0.0900000000000003,1.58266581340366,-2.3175946204431552,0.48435617487693117,-0.06492942247052269,0.0,,0.0,0.0,0.0,0.0,,0.0,0.0,,
2024-09-25,-0.02647942319009111,-0.017354631865477366,-0.008489550771504817,0.022403469238074465,0.09632960354322151,-0.08999999999999986,1.5547246715482415,-2.249925498599609,0.43344377062888695,0.006394853351427587,0.0,,0.0,0.0,0.0,0.0,,0.0,0.0,,
2024-09-26,-0.029413885206293067,-0.06132848308924199,-0.03215816208857181,0.02250658991218367,0.18745996691008626,-0.06000000000000005,1.527844146316952,-2.1868008835715878,0.38843830455746853,-0.1647041968566263,0.0,,0.0,0.0,0.0,0.0,,0.0,0.0,,
2024-09-27,0.007508316465622222,-0.053403123453608536,-0.020859136606064865,0.02183195301043508,0.24224662535048402,-0.020000000000000018,1.5019659654488853,-2.1277121895691855,0.5229637662864376,0.03666148245601081,0.0,,0.0,0.0,0.0,0.0,,0.0,0.0,,
2024-09-30,-0.00014668133506301473,-0.0317624506037637,-0.017207774857490143,0.021830637162955368,0.11850419541086232,-0.06000000000000005,1.477037805853849,-2.0722276357409513,0.5229637662864376,0.03666148245601081,0.0,,0.0,0.0,0.0,0.0,,0.0,0.0,,
2024-10-01,0.02405913148325034,-0.02447254178257463,0.007215202135155252,0.020427380827075386,-0.4614910867826172,-0.0,0.9775256233952855,-0.06462261035074156,0.4092175409155599,-0.07513863396137127,0.2057065994637397,,0.0,0.0,0.0,0.0,,0.0,0.0,,
2024-10-02,0.0038590771826001458,0.005865958590116627,0.010428182746909265,0.020092527142510374,-0.10515073939003639,-0.0,0.9624216152662503,-0.05548302063539375,0.2023277975734375,-0.23111597305544945,0.2057065994637397,,0.0,0.0,0.0,0.0,,0.0,0.0,,
2024-10-03,0.05021568116065289,0.08549552495706259,0.057450843053040934,0.02293700371907844,-0.8599379741242252,-0.06000000000000005,0.9475945755585087,-0.04626021110004519,0.07948130888324995,-0.3089569956742186,0.2057065994637397,,0.0,0.0,0.0,0.0,,0.0,0.0,,
2024-10-04,0.009048613295727037,0.0870358217871674,0.061772249436128135,0.022203359279262428,-0.915357882142942,-0.22999999999999998,0.9330371821493557,-0.03694981956695246,-0.43952066041759225,-0.9624844267040298,0.2057065994637397,,0.0,0.0,0.0,0.0,,0.0,0.0,,
2024-10-07,0.036434864283157786,0.1236173674053882,0.09242075353243173,0.023214068432724874,-0.9380276766397522,-0.2200000000000002,0.9187430899669239,-0.027547271825970783,-0.51708809108155,-0.9624844267040298,0.2057065994637397,,0.0,0.0,0.0,0.0,,0.0,0.0,,
2024-10-08,-0.04738461883590883,0.05217361708622903,0.039417251552207766,0.02360127430581267,-0.8007356512263586,-0.2999999999999998,0.9047069703965402,-0.01804776560220045,-0.6672735230848635,-1.0764910640004235,0.0,,0.0,0.0,0.0,0.0,,0.0,0.0,,
2024-10-09,-0.0044956141378635905,0.04381892576576529,0.03069999212515917,0.023315594787763957,-1.0773004399024622,-0.2699999999999996,0.8909245682187747,-0.00844625308865861,-0.6498819082176461,-0.8522097057910836,0.0,,0.0,0.0,0.0,0.0,,0.0,0.0,,
2024-10-10,0.03501598598823197,0.02861923059334437,0.06096167419582432,0.023913960365554644,-0.7987245301126711,-0.23999999999999977,0.8773927792381303,0.001262578114162153,-0.6175228019553325,-0.6970041108385825,0.0,,0.0,0.0,0.0,0.0,,0.0,0.0,,
2024-10-11,-0.0038306631612323727,0.01573995413638496,0.05233571551362548,0.023897687967296116,-0.6224855731113754,-0.10000000000000009,0.8641097527224806,0.011084325830373044,-0.7195701312191274,-0.28004947080153514,0.0,,0.0,0.0,0.0,0.0,,0.0,0.0,,
2024-10-14,-0.023161889562234528,-0.043856799709007355,0.026574574823448494,0.02436693454723438,-0.6224855731113754,-0.10000000000000009,0.8510750240267367,0.021024896114360182,-0.7195701312191274,-0.28004947080153514,0.0,,0.0,0.0,0.0,0.0,,0.0,0.0,,
2024-10-15,-0.04501833482395057,-0.04149051569704909,-0.018013482957068838,0.026354644066768525,-0.6928767960868276,0.009999999999999787,0.8382896844276152,0.03109052825899249,-0.737537843763166,-0.07026432067830246,0.0,,0.0,0.0,0.0,0.0,,0.0,0.0,,
2024-10-16,-0.002695610627084122,-0.03969051218626962,-0.02034108059936024,0.026347383569143797,-0.8474790062995341,0.040000000000000036,0.8242915282377457,0.03586540691717436,-0.6809873130796591,-0.031105404862012964,0.0,,0.0,0.0,0.0,0.0,,0.0,0.0,,
2024-10-17,0.003969947082723024,-0.07073655109177857,-0.015473619585105958,0.02613716220376808,-0.8262717199953418,-0.0,0.8104578963894749,0.04065574972854957,-0.8267669171362281,-0.20924411518089558,0.0,,0.0,0.0,0.0,0.0,,0.0,0.0,,
2024-10-18,-0.020731316495564478,-0.08763720442611067,-0.034291708482862227,0.02650957036739622,-0.7627225454441833,-0.0,0.7967815590091645,0.04546199181079792,-0.9353742065337018,-0.21580407531457446,0.0,,0.0,0.0,0.0,0.0,,0.0,0.0,,
2024-10-21,0.019173573491337415,-0.04530174137253873,-0.015252953777529221,0.026475581095936722,-0.7627225454441833,-0.0,0.7832556640485563,0.05028457573021768,-1.0,-0.21580407531457446,0.0,,0.0,0.0,0.0,0.0,,0.0,0.0,,
2024-10-22,0.021451926717951153,0.021168520169362992,0.005830018951623828,0.026650556235322507,-0.727295397061356,-0.16999999999999993,0.7698737372763476,0.05512395175633776,-1.0,-0.262462156236834,0.0,,0.0,0.0,0.0,0.0,,0.0,0.0,,
2024-10-23,-0.01848015632879374,0.005383974467653374,-0.013419054709033595,0.0262839204342629,-0.6210282956824242,-0.22000000000000064,0.7566296878521711,0.0599805781251559,-1.0,-0.3190126869203409,0.0,,0.0,0.0,0.0,0.0,,0.0,0.0,,
2024-10-24,-0.008229331345362745,-0.006815303960432395,-0.023476531079305474,0.02541608756858343,-0.32269188685720707,-0.1200000000000001,0.7435178204314713,0.06485492131138686,-1.0,-0.17323308286377193,0.0,,0.0,0.0,0.0,0.0,,0.0,0.0,,
2024-10-25,0.022400034977130723,0.036316047512262806,-0.003649227052660464,0.025806387197117267,-0.558431549768601,-0.16999999999999993,0.730532855056398,0.0697474563101352,-1.0,-0.06462579346629815,0.0,,0.0,0.0,0.0,0.0,,0.0,0.0,,
2024-10-28,-0.06325764774105469,-0.0461151737201293,-0.06632405742390013,0.029718430073503894,-0.26663838805485174,-0.08999999999999986,0.717669956487508,0.07465866692841866,-1.0,0.0,0.0,,0.0,0.0,0.0,0.0,,0.0,0.0,,
2024-10-29,-0.0025261919965320345,-0.07009329243461249,-0.06693816587662926,0.02914729266571638,-0.3621071177961399,-0.08000000000000007,0.7049247751577855,0.07958904608699931,-1.0,0.0,0.0,,0.0,0.0,0.0,0.0,,0.0,0.0,,
2024-10-30,0.020616250720925322,-0.030996885384893424,-0.045247690288816145,0.029559848417139697,-0.0980006111003684,-0.04999999999999982,0.6922935026325164,0.08453909613299038,-1.0,0.0,0.0,,0.0,0.0,0.0,0.0,,0.0,0.0,,
2024-10-31,0.009429242271476568,-0.013338311768054112,-0.03270490120599412,0.02714328434165915,-0.22977575781426562,-0.07000000000000028,0.6797729454036294,0.0895093291637435,-1.0,0.0,0.0,,0.0,0.0,0.0,0.0,,0.0,0.0,,
2024-11-01,0.0033153183519596396,-0.032423028393225195,-0.025989371295500163,0.027038148923972403,-0.15817286665247288,-0.1200000000000001,0.1159562602476123,-1.7855806895529318,-0.6869581407193467,0.3130418592806533,-0.5632052637729701,,0.0,0.0,0.0,0.0,,0.0,0.0,,
2024-11-04,0.028094923905651825,0.05892954325348132,0.0059227611875618535,0.026449356780341705,0.1741079870136053,-0.02999999999999936,0.10027342118630544,-1.7455229419285623,-0.4346519094915404,0.5653480905084596,-0.5632052637729701,,0.0,0.0,0.0,0.0,,0.0,0.0,,
2024-11-05,0.0072494392493238635,0.06870517449933722,0.014257706110033297,0.02445932009440195,0.24667390670599643,0.020000000000000462,0.08410918892178941,-1.7072408062489668,-0.49636600090319044,0.5036339990968095,-0.5632052637729701,,0.0,0.0,0.0,0.0,,0.0,0.0,,
2024-11-06,-0.004175952616431111,0.043912971161980785,0.011151276090680007,0.024457078798238392,-0.7116114771186011,-0.1299999999999999,0.06740963822553579,-1.6705924252130286,-0.6417703134114576,0.3582296865885424,-0.5632052637729701,,0.0,0.0,0.0,0.0,,0.0,0.0,,
2024-11-07,0.00930239266231414,0.04378612155281836,0.022808871016365195,0.023098392078605444,0.019070696192591274,-0.02999999999999936,0.05011260949096848,-1.6354511873727888,-0.5202021323412738,0.47979786765872623,-0.5632052637729701,,0.0,0.0,0.0,0.0,,0.0,0.0,,
2024-11-08,-0.027744528633655285,0.012726274567203433,-0.0013847620802955873,0.02378746449653754,-0.6197539252417394,0.07000000000000028,0.03214593840685694,-1.601703670799561,-0.6868209669415811,0.0001371737777655646,0.0,,0.0,0.0,0.0,0.0,,0.0,0.0,,
2024-11-11,-0.03381336436577875,-0.049182013704227145,-0.031114657168903825,0.02436194088876647,-0.6197539252417394,0.07000000000000028,0.013425192574826545,-1.5692479159461423,-0.6868209669415811,0.0001371737777655646,0.0,,0.0,0.0,0.0,0.0,,0.0,0.0,,
2024-11-12,0.0011750882668266627,-0.055256364686724346,-0.028165770779446042,0.022386411182204267,-1.7847795159016355,-0.16999999999999993,-0.006149257265216154,-1.5379919671292392,-0.8323565725402648,-0.3359905716370744,0.0,,0.0,0.0,0.0,0.0,,0.0,0.0,,
2024-11-13,0.004540469169919348,-0.04653994290037389,-0.022213307476745214,0.02242916205272745,-0.9973469314696892,-0.020000000000000462,-0.026696077550113793,-1.5078526345678418,-0.7080534163620792,-0.06628310295062156,0.0,,0.0,0.0,0.0,0.0,,0.0,0.0,,
2024-11-14,0.003937874263897356,-0.05190446129879067,-0.01686183543912456,0.02242875814492121,-1.784411941494679,-0.1200000000000001,-0.04835808184143629,-1.4787544385738902,-0.7679996012602887,-0.24779746891901488,0.0,,0.0,0.0,0.0,0.0,,0.0,0.0,,
2024-11-15,-0.02475811691913954,-0.048918049584274925,-0.04000501456336192,0.022628482526948653,-1.0381339230186581,-0.1299999999999999,-0.07130914207780334,-1.450628705008306,-0.7093107525076406,-0.022489785566059517,0.0,,0.0,0.0,0.0,0.0,,0.0,0.0,,
2024-11-18,0.03143157850592537,0.0163268932874292,-0.0075713985132646044,0.02337487777817959,-1.0381339230186581,-0.1299999999999999,-0.0822014675415992,-1.4240155852466705,-0.5207910445194479,-0.022489785566059517,0.0,,0.0,0.0,0.0,0.0,,0.0,0.0,,
2024-11-19,0.0033201040963675155,0.018471909116970053,-0.0023426657416454333,0.022802787871395058,0.29721667000588425,0.040000000000000036,-0.09326903730641627,-1.3982275654588754,-0.4550676007239469,0.37728897181631793,0.0,,0.0,0.0,0.0,0.0,,0.0,0.0,,
2024-11-20,-0.007522095354850045,0.006409344592200661,-0.00850403546994194,0.02251346624370729,0.06080789431399669,0.03000000000000025,-0.10452170967184231,-1.3732148361851328,-0.44630317419077625,0.26175024217130294,0.0,,0.0,0.0,0.0,0.0,,0.0,0.0,,
2024-11-21,0.01770212448393682,0.020173594812240125,0.009262241849085306,0.02284139775146003,-0.08125888276910853,-0.0,-0.11597002879732143,-1.3489315784180185,-0.49150378758514257,0.2764958136751461,0.0,,0.0,0.0,0.0,0.0,,0.0,0.0,,
2024-11-22,0.016131664380917066,0.06106337611229673,0.02577147759490206,0.02255818174748959,-0.46215149489929885,0.019999999999999574,-0.12762529114172663,-1.3253355554878679,-0.46262419382139675,0.2466865586862439,0.0,,0.0,0.0,0.0,0.0,,0.0,0.0,,
2024-11-25,-0.032817897332741985,-0.003186099726370628,-0.00819083589335623,0.018807475466287974,-0.30828288094024714,0.15000000000000036,-0.1394996199104994,-1.3023877546857807,-0.16016979799790337,0.36062124652154454,0.0,,0.0,0.0,0.0,0.0,,0.0,0.0,,
2024-11-26,-0.0024689577569745325,-0.008975161579712676,-0.011807071517823786,0.018806891902932447,-0.8154310859070479,0.08999999999999986,-0.1516060486846519,-1.280052071598127,-0.17657741707079824,0.2784901836531487,0.0,,0.0,0.0,0.0,0.0,,0.0,0.0,,
2024-11-27,-0.0007273256557445151,-0.0021803918806071465,-0.012614496222228766,0.018241047262896812,0.04689470365699666,0.16000000000000014,-0.1639586156095641,-1.2582950312471208,-0.07042506227775766,0.37587811191301856,0.0,,0.0,0.0,0.0,0.0,,0.0,0.0,,
2024-11-28,0.0,-0.019882516364543967,-0.012223133157315047,0.018108059714804545,0.04689470365699666,0.16000000000000014,-0.17657246976632107,-1.2370855410542727,-0.07042506227775766,0.37587811191301856,0.0,,0.0,0.0,0.0,0.0,,0.0,0.0,,
2024-11-29,-0.010532572499893256,-0.04654675324535429,-0.021671948049701406,0.018223251693905696,0.6992952133501484,0.23000000000000043,-0.18946399164372354,-1.2163946714056972,0.14109463542491596,0.6037188292463127,0.0,,0.0,0.0,0.0,0.0,,0.0,0.0,,
2024-12-02,0.001469507979360074,-0.01225934793325223,-0.017787411666520647,0.01690426482365611,-0.10425623726326716,0.07999999999999918,-1.0096637218476732,-2.4913354872411957,-0.0,0.16016979799790337,1.2837943264245588,,0.0,0.0,0.0,0.0,,0.0,0.0,,
2024-12-03,0.026660518479762807,0.01687012830348511,0.010317581255541164,0.018009464188899666,0.3716547346349075,0.0699999999999994,-1.0200362508194771,-2.4075703111774476,0.03585878415259475,0.212436201223393,1.2837943264245588,,0.0,0.0,0.0,0.0,,0.0,0.0,,
2024-12-04,-0.020220215188767376,-0.002622761229537751,-0.00765594636231004,0.018488505328762995,0.04975536289479887,0.05999999999999961,-1.0305868084014558,-2.330301389147342,0.25423369218123215,0.32465875445898984,1.2837943264245588,,0.0,0.0,0.0,0.0,,0.0,0.0,,
2024-12-05,-0.0035077498697182463,-0.0061305110992559975,-0.008276501534510317,0.018288155201552813,0.04975536289479887,0.05999999999999961,-1.0413213437286488,-2.2586910934537467,0.11024266933286653,0.32465875445898984,1.2837943264245588,,0.0,0.0,0.0,0.0,,0.0,0.0,,
2024-12-06,-0.016236519047640563,-0.011834457647003305,-0.022201226363934623,0.017634254179394137,-0.0854796736920127,0.02999999999999936,-1.0522460887482012,-2.1920457701409815,0.30040768160944586,0.1593130461845299,1.2837943264245588,,0.0,0.0,0.0,0.0,,0.0,0.0,,
2024-12-09,0.017260884396598897,0.003956918770235518,-0.005182260187237553,0.016493512872882934,0.41619732047901703,-0.009999999999999787,-1.0633675758408945,-2.1297853534329443,0.30040768160944586,0.1593130461845299,0.0,,0.0,0.0,0.0,0.0,,0.0,0.0,,
2024-12-10,0.003212619585527321,-0.019490980123999968,-0.002313435387547358,0.016505868261804193,-0.0003938356838650847,0.010000000000000675,-1.0746926568062538,-2.0714204720537936,0.37391596330376276,0.338057179151168,0.0,,0.0,0.0,0.0,0.0,,0.0,0.0,,
2024-12-11,0.02448278967658446,0.02521202474135187,0.02082844347786672,0.017353331616321813,-0.07171178960754254,-0.0699999999999994,-1.0862285233379263,-2.0165349571201436,0.2416273506742366,-0.01260634150699555,0.0,,0.0,0.0,0.0,0.0,,0.0,0.0,,
2024-12-12,-0.0038486256612948466,0.024871148949775268,0.016028232001660037,0.017379328065420356,-0.41683606399185447,-0.15000000000000036,-1.0979827291297117,-1.9647723067199427,0.33104111234849637,0.22079844301562984,0.0,,0.0,0.0,0.0,0.0,,0.0,0.0,,
2024-12-13,0.017975149603017826,0.05908281760043366,0.030915132463659845,0.01666431128599849,-0.49065420560747697,-0.25,-1.1099632137681763,-1.9158250907466712,0.1283597955861596,-0.17204788602328627,0.0,,0.0,0.0,0.0,0.0,,0.0,0.0,,
2024-12-16,-0.008169059513387644,0.033652873690447116,0.021637855710219256,0.015425983367396421,-0.5297077918230864,-0.1899999999999995,-1.11830920130371,-1.8702165243907447,0.08864445867655424,-0.17204788602328627,0.0,,0.0,0.0,0.0,0.0,,0.0,0.0,,
2024-12-17,-0.008949558988013528,0.021490695116906267,0.012193562636372057,0.015576631420430889,-0.4310908417810788,-0.1800000000000006,-1.126766149751472,-1.8268685532379945,0.04697432123323568,-0.32694164207052706,0.0,,0.0,0.0,0.0,0.0,,0.0,0.0,,
2024-12-18,0.007109371618987836,0.004117277059309643,0.018076626820834107,0.015523797293654138,-0.6255503621254821,-0.2400000000000002,-1.1353368812908666,-1.7855848346833862,-0.09884980524162833,-0.3404771559158649,0.0,,0.0,0.0,0.0,0.0,,0.0,0.0,,
2024-12-19,-0.009538117723230322,-0.001572215002625832,0.008674213773436357,0.01519365540652244,-1.3240849556852785,-0.25,-1.1440243199300606,-1.7461921007557892,0.05180924671696032,-0.27923186563153607,0.0,,0.0,0.0,0.0,0.0,,0.0,0.0,,
2024-12-20,-0.006457653207966096,-0.026005017813609754,0.0034817311207469004,0.014753986082962377,-0.4582529518590839,-0.11999999999999922,-1.1528314963027144,-1.7085367782271321,0.19523665780010133,0.06687686221394173,0.0,,0.0,0.0,0.0,0.0,,0.0,0.0,,
2024-12-23,-0.003172317007918757,-0.021008275308140867,9.230565186335582e-05,0.012773413219503142,-0.8119828363140291,-0.20000000000000018,-1.1617615527442835,-1.6724821958282619,-0.2653995699208267,-0.35404402859738093,0.0,,0.0,0.0,0.0,0.0,,0.0,0.0,,
2024-12-24,0.012344063732535382,0.0002853474124080435,0.01147860984895921,0.013036221668462371,-0.6536250149995038,-0.1899999999999995,-1.1708177486674447,-1.6379062617337639,-0.25745389978086836,-0.30442822101410405,0.0,,0.0,0.0,0.0,0.0,,0.0,0.0,,
2024-12-26,-0.0068709116572511775,-0.01369493586383097,0.003957117956343126,0.013149904603396812,-0.5414370527523138,-0.08000000000000007,-1.1800034662576786,-1.6046995205282608,-0.25745389978086836,-0.30442822101410405,0.0,,0.0,0.0,0.0,0.0,,0.0,0.0,,
2024-12-27,0.013978262115903028,0.00982144397530238,0.016585886731086852,0.013480813050537763,0.14505980413039854,-0.04999999999999982,-1.1893222165118489,-1.572763518524116,-0.7234279629797975,-0.7752372096967578,0.0,,0.0,0.0,0.0,0.0,,0.0,0.0,,
2024-12-30,0.00550887755209839,0.021787974735366866,0.01994319843942538,0.013211168863268277,-0.7252156099239349,-0.03000000000000025,-1.1987776456444368,-1.5420094212697524,-0.28640215969144084,-0.48163881749154214,0.0,,0.0,0.0,0.0,0.0,,0.0,0.0,,
2024-12-31,0.010230626685637567,0.03519091842892319,0.02758420334598899,0.013332060355337946,-0.7602369719591495,0.009999999999999787,-1.208373541888286,-1.512356838584897,-0.3344709853337616,-0.06907141541293488,0.0,,0.0,0.0,0.0,0.0,,0.0,0.0,,
2025-01-02,0.019469030545927524,0.04231588524231533,0.04482318650953587,0.012732166745062154,-0.8743338863015149,0.019999999999999574,-1.9191844399351026,1.168844828514933,-0.4360826943348575,-0.17862879455398917,1.1231493156752315,,0.0,0.0,0.0,0.0,,0.0,0.0,,
2025-01-03,0.011285727236064247,0.060472524135630756,0.05230356924197732,0.011716864045496433,-0.873197753654753,-0.019999999999999574,-1.90834368965794,1.165547212755164,-0.8151322229545249,-0.17862879455398917,1.1231493156752315,,0.0,0.0,0.0,0.0,,0.0,0.0,,
2025-01-06,-0.005423006782803164,0.041071255236924564,0.04317098080120463,0.011787394841529984,-0.06850914752822845,-0.0,-1.8976446258266002,1.1622653531831848,-0.6819728271932868,0.04145513578651072,1.1231493156752315,,0.0,0.0,0.0,0.0,,0.0,0.0,,
2025-01-07,0.009336377946688401,0.044898755631514575,0.04751913224020754,0.010860420937695438,0.1610768472409374,-0.1200000000000001,-1.887084014064257,1.1589991051949922,-0.7109167533091707,-0.42451459361772986,1.1231493156752315,,0.0,0.0,0.0,0.0,,0.0,0.0,,
2025-01-08,-0.012604354711304389,0.02206377423457262,0.03141981297661367,0.011133898624127359,0.15393243217111108,-0.08999999999999986,-1.8766587228353275,1.1557483260323422,-0.655567226221713,-0.32109624088795147,1.1231493156752315,,0.0,0.0,0.0,0.0,,0.0,0.0,,
2025-01-09,0.008150004361923813,0.010744748050568909,0.03582798354742778,0.0111819428247935,0.13679922261582433,-0.10999999999999943,-1.8663657192702565,1.152512874752388,-0.4817105585370272,-0.04562786420216969,0.0,,0.0,0.0,0.0,0.0,,0.0,0.0,,
2025-01-10,0.03522192779160349,0.03468094860610815,0.06677112064217017,0.012419686567504758,-0.31895622752571295,-0.16999999999999993,-1.8562020651958098,1.1492926121979326,-0.8387995759761948,-0.02366735302166989,0.0,,0.0,0.0,0.0,0.0,,0.0,0.0,,
2025-01-13,0.02896141664182572,0.06906537203073704,0.08981324447197903,0.013416556655568896,-1.1695374130607172,-0.16999999999999993,-1.8461649133590554,1.1460874009682704,-0.8515094372545429,-0.1695366100612561,0.0,,0.0,0.0,0.0,0.0,,0.0,0.0,,
2025-01-14,-0.016888835407556257,0.04284015867649238,0.06874831550293514,0.014019099781002157,-0.5972957632587761,-0.11000000000000032,-1.836251503833891,1.1428971053906138,-0.700196073512578,0.010720679796592747,0.0,,0.0,0.0,0.0,0.0,,0.0,0.0,,
2025-01-15,0.03224857335623099,0.08769308674402776,0.09479991365419682,0.0150230526013036,-0.10125621230492321,0.009999999999999787,-1.82645916059984,1.1397215914920837,0.4834592519406893,1.1390264781624024,0.0,,0.0,0.0,0.0,0.0,,0.0,0.0,,
2025-01-16,-0.01713751619467363,0.06240556618743032,0.07187482011488644,0.015559527354526766,-0.11857735025646576,0.0699999999999994,-1.8167852882834006,1.1365607269722573,0.5663880111261909,1.0480985696632181,0.0,,0.0,0.0,0.0,0.0,,0.0,0.0,,
2025-01-17,-0.010219813016860257,0.01696382537896657,0.05673388898518272,0.01595941120221037,0.29299341477088126,0.15999999999999925,-1.8072273690528942,1.1334143811762531,0.19372098737490615,1.032520563351101,0.0,,0.0,0.0,0.0,0.0,,0.0,0.0,,
2025-01-20,0.0,-0.011997591262859153,0.051335864986176816,0.015643987293821562,0.29299341477088126,0.15999999999999925,-1.7662682348050271,1.134443331403885,0.19372098737490615,1.032520563351101,0.0,,0.0,0.0,0.0,0.0,,0.0,0.0,,
2025-01-21,-0.025884257088176987,-0.020993012943479883,0.02102491409300633,0.016966075766846906,0.7467081770767381,0.20999999999999996,-1.7271588536058404,1.1354738760787526,-0.0,0.700196073512578,0.0,,0.0,0.0,0.0,0.0,,0.0,0.0,,
2025-01-22,-0.005947285090619481,-0.059188871390330355,0.010789683601526434,0.01704266513319205,0.6725527284434873,0.0600000000000005,-1.6897492689404876,1.1365060199456538,-0.0,0.700196073512578,0.0,,0.0,0.0,0.0,0.0,,0.0,0.0,,
2025-01-23,-0.010929070532189833,-0.05298042572784656,-0.0032636756182871096,0.017256838239418697,0.9423962421583054,-0.040000000000000036,-1.6539058840727054,1.1375397677691674,0.06960166843525667,-0.4967863426909342,0.0,,0.0,0.0,0.0,0.0,,0.0,0.0,,
2025-01-24,0.0005359056934253204,-0.04222470701756098,-0.006222399480018126,0.017109897880028334,1.5637223821280855,-0.019999999999999574,-1.619509223778279,1.138575124333759,0.27942581948658973,0.08570483211168359,0.0,,0.0,0.0,0.0,0.0,,0.0,0.0,,
2025-01-27,-0.020158972590499147,-0.06238367960806013,-0.028169139890354522,0.017701534734178504,1.5637223821280855,-0.019999999999999574,-1.5864520594025058,1.139612094443889,0.48899518410153353,0.08570483211168359,0.0,,0.0,0.0,0.0,0.0,,0.0,0.0,,
2025-01-28,0.008166644000272782,-0.028332778519610358,-0.021923152032328197,0.017740872411531248,0.10388186436018909,0.020000000000000462,-1.554637829479466,1.1406506829241196,0.41913872922988143,0.41913872922988143,0.0,,0.0,0.0,0.0,0.0,,0.0,0.0,,
2025-01-29,-0.0157117789100214,-0.03809727233901228,-0.0382584668048116,0.018047057289731668,-0.0012466865409344052,0.04999999999999982,-1.5239793023308599,1.141690894619226,0.41913872922988143,0.41913872922988143,0.0,,0.0,0.0,0.0,0.0,,0.0,0.0,,
2025-01-30,0.0015135881802592621,-0.025654613626563183,-0.03647064236873199,0.01749849450260291,0.09031620029292808,0.13000000000000078,-1.494397437969684,1.1427327343943028,0.4840387351855664,0.4144370667503097,0.0,,0.0,0.0,0.0,0.0,,0.0,0.0,,
2025-01-31,-0.0027536847911280304,-0.028944204111116534,-0.0382481203026801,0.017290716313274994,-0.801577893176808,0.04999999999999982,-1.4658204150907461,1.143776207134877,0.4139849111521862,0.1345590916655965,0.0,,0.0,0.0,0.0,0.0,,0.0,0.0,,
2025-02-03,0.008648554147344,-0.00013667737327338614,-0.029326937344663406,0.017386277249543784,-0.7945901045505188,-0.009999999999999787,-0.4824973369185707,0.20996241692041215,0.13926102865687134,-0.3497341554446622,-0.037016853595850385,,0.0,0.0,0.0,0.0,,0.0,0.0,,
2025-02-04,-0.006307438983191638,-0.014610760356737806,-0.03457955667068813,0.017282817094794983,0.13517126760870246,0.03000000000000025,-0.4742433692144792,0.21964545347405362,0.6327904304060638,0.21365170117618232,-0.037016853595850385,,0.0,0.0,0.0,0.0,,0.0,0.0,,
2025-02-05,-0.023239061529754856,-0.02213804297647126,-0.05623206320235319,0.01781234572742003,0.2857214095485672,0.1200000000000001,-0.4660190617353863,0.22947215925347567,0.7646727983360154,0.21365170117618232,-0.037016853595850385,,0.0,0.0,0.0,0.0,,0.0,0.0,,
2025-02-06,-0.005930545481462879,-0.029582176638193403,-0.059872026193557915,0.01768506672591851,-0.0790785977248909,0.0699999999999994,-0.45782272767361987,0.2394489851690671,0.4219591782765202,-0.06207955690904621,-0.037016853595850385,,0.0,0.0,0.0,0.0,,0.0,0.0,,
2025-02-07,0.005508099513059861,-0.02132039233400551,-0.050587652776312275,0.01547826243256778,0.04171764625302554,0.08999999999999986,-0.4496526949862406,0.24958275391654386,0.7764698903791732,0.362484979226987,-0.037016853595850385,,0.0,0.0,0.0,0.0,,0.0,0.0,,
2025-02-10,0.01842083904260594,-0.011548107438743571,-0.027863510949559078,0.014450197235545739,0.3646531225553584,0.03000000000000025,-0.4415073046803223,0.25988068924888824,0.8481867283614012,0.7089256997045299,0.0,,0.0,0.0,0.0,0.0,,0.0,0.0,,
2025-02-11,0.013732706887583213,0.00849203843203128,-0.011358578392585805,0.01466713812291109,-0.25283295461728805,-0.020000000000000462,-0.4333849091150647,0.270350448109445,0.5641635036226895,-0.06862692678337423,0.0,,0.0,0.0,0.0,0.0,,0.0,0.0,,
2025-02-12,-0.026955809988528756,0.0047752899732573795,-0.032581943544486514,0.013119903139446689,-0.27638188991452317,-0.1900000000000004,-0.42528387031658776,0.2810001559644211,-0.6250395391102017,-1.389712337446217,0.0,,0.0,0.0,0.0,0.0,,0.0,0.0,,
2025-02-13,-0.0011215478534385426,0.009584287601281716,-0.02877184497836005,0.012873605117270587,0.24071443670402592,-0.0699999999999994,-0.4172025583014168,0.2918384457201125,-0.5600763792596962,-0.9820355575362164,0.0,,0.0,0.0,0.0,0.0,,0.0,0.0,,
2025-02-14,-0.007744881352202526,-0.0036686932639806713,-0.03170882649422957,0.012831925207488763,0.9967359447851432,0.020000000000000462,-0.4091393494045092,0.30287450066482674,0.07192617922445055,-0.7045437111547227,0.0,,0.0,0.0,0.0,0.0,,0.0,0.0,,
2025-02-17,0.0,-0.022089532306586612,-0.026900926657896562,0.012831925207488763,0.9967359447851432,0.020000000000000462,-0.40109262460779954,0.3141181019390901,0.07192617922445055,-0.7045437111547227,0.0,,0.0,0.0,0.0,0.0,,0.0,0.0,,
2025-02-18,0.015569428747698844,-0.02025281044647098,-0.00859628236565868,0.012594088144895208,0.8888736625238813,-0.009999999999999787,-0.3930607678650789,0.32557968111198643,-0.0,-0.5641635036226895,0.0,,0.0,0.0,0.0,0.0,,0.0,0.0,,
2025-02-19,0.005551714467507907,0.012254714009565681,-0.0008843023315172616,0.012701749851559483,0.4652891634613576,0.08999999999999986,-0.38053151506423966,0.3182284025432693,0.07178609852215995,0.6968256376323616,0.0,,0.0,0.0,0.0,0.0,,0.0,0.0,,
2025-02-20,0.004419286297504321,0.017795548160508545,0.004927831691134976,0.012607379826870314,0.6102753002312111,0.019999999999999574,-0.3678929715032606,0.3108801154168534,0.07233164470138177,0.632408023961078,0.0,,0.0,0.0,0.0,0.0,,0.0,0.0,,
2025-02-21,-0.030358350126048705,-0.004817920613337634,-0.022492957918791134,0.014156144255253722,0.006527769366837521,0.04999999999999982,-0.35513165094732596,0.3035335435013495,0.5911735749513066,0.5192473957268561,0.0,,0.0,0.0,0.0,0.0,,0.0,0.0,,
2025-02-24,0.00425230973853008,-0.0005656108748075539,-0.016523651780589788,0.013635969555267297,0.006527769366837521,0.04999999999999982,-0.3422329386849052,0.29618740257342474,0.29091221330655903,0.5192473957268561,0.0,,0.0,0.0,0.0,0.0,,0.0,0.0,,
2025-02-25,-0.025354076004966863,-0.04148911562747326,-0.03848469538562416,0.01439608298289868,-0.06646209539431513,0.25,-0.32918092695208256,0.28884039918480725,0.831907465344476,0.831907465344476,0.0,,0.0,0.0,0.0,0.0,,0.0,0.0,,
2025-02-26,-0.004507459467256503,-0.05154828956223767,-0.04015933842508712,0.01410656900573812,0.3519095103251546,0.28000000000000025,-0.31595822162181225,0.2814912294000092,1.0,0.9282139014778401,0.0,,0.0,0.0,0.0,0.0,,0.0,0.0,,
2025-02-27,0.02489874613009402,-0.031068829729647973,-0.013597033764690458,0.015396027412132555,-0.6748347528097165,0.20999999999999996,-0.302545713819026,0.27413857750162857,0.7062223777534306,0.6338907330520488,0.0,,0.0,0.0,0.0,0.0,,0.0,0.0,,
2025-02-28,-0.008422003959673852,-0.00913248356327312,-0.020072063235634374,0.015469149703905628,-0.896407762103113,0.17999999999999972,-0.2889223084469229,0.2667811146599293,1.0,0.4088264250486934,0.0,,0.0,0.0,0.0,0.0,,0.0,0.0,,
2025-03-03,-0.02012664767502148,-0.03351144097682468,-0.0368129763308076,0.015767107562333422,-0.4386278707561253,0.2400000000000002,2.0829661437890263,-0.13724392508396496,1.0,0.709087786693441,-0.23174046295659778,,0.0,0.0,0.0,0.0,,0.0,0.0,,
2025-03-04,-0.0016101884471417804,-0.009767553418999597,-0.03527229272490384,0.01575627683793714,-0.48785006814513476,0.08000000000000007,2.072314473803211,-0.1419630346599253,1.0,0.16809253465552398,-0.23174046295659778,,0.0,0.0,0.0,0.0,,0.0,0.0,,
2025-03-05,-0.02898322809778442,-0.034243322049527514,-0.06081744044124182,0.016188154255784647,0.6113973517113958,-0.03000000000000025,2.061793580780102,-0.14670295617320062,0.8847127958200459,-0.11528720417995408,-0.23174046295659778,,0.0,0.0,0.0,0.0,,0.0,0.0,,
2025-03-06,0.0007537499414675963,-0.058388318238153936,-0.056959824889473154,0.01620298136128487,1.4538518282352864,-0.0,2.0514006837331484,-0.15146416206275748,1.0,0.29377762224656945,-0.23174046295659778,,0.0,0.0,0.0,0.0,,0.0,0.0,,
2025-03-07,0.010194990851584151,-0.03977132342689593,-0.04389531299451477,0.016367153865168065,1.7922443395527732,-0.08000000000000007,2.04113308409119,-0.15624713430099785,1.0,0.0,-0.23174046295659778,,0.0,0.0,0.0,0.0,,0.0,0.0,,
2025-03-10,-0.015180271967348169,-0.03482494771922262,-0.05452600836799082,0.015780758119908138,1.1600782778865004,-0.05999999999999961,2.0309881625789092,-0.1610523647022665,1.0,0.0,0.0,,0.0,0.0,0.0,0.0,,0.0,0.0,,
2025-03-11,0.0033262806598512995,-0.02988847861222954,-0.04612982980288027,0.015310792139404495,1.5241811110607628,-0.0600000000000005,2.0209633762405463,-0.16588035524265443,1.0,0.0,0.0,,0.0,0.0,0.0,0.0,,0.0,0.0,,
2025-03-12,0.021355250431636996,0.020449999917191874,-0.022120234486993517,0.015486129875250214,0.5040156832985532,-0.040000000000000036,2.0110562555991396,-0.17073161839161505,1.0,0.11528720417995408,0.0,,0.0,0.0,0.0,0.0,,0.0,0.0,,
2025-03-13,-0.016837170456847517,0.0028590795188767615,-0.03551727892941958,0.015799797111528194,0.084688037973224,0.020000000000000462,2.0012644019439936,-0.17560667745593145,1.0,0.0,0.0,,0.0,0.0,0.0,0.0,,0.0,0.0,,
2025-03-14,0.009422039343026434,0.002086128010319044,-0.023513459606734344,0.016018422629814937,0.2279701606745066,0.010000000000000675,1.9915854847397298,-0.1805060669366026,0.8958316646143347,-0.10416833538566528,0.0,,0.0,0.0,0.0,0.0,,0.0,0.0,,
2025-03-17,0.0059364971019970625,0.023202897079664275,-0.015292007380176997,0.01612343956396594,0.7121360914879471,-0.08999999999999986,1.9820172391503528,-0.1854303328992479,0.8958316646143347,-0.10416833538566528,0.0,,0.0,0.0,0.0,0.0,,0.0,0.0,,
2025-03-18,-0.010113114151961256,0.00976350226785172,-0.021836039262596252,0.015642153176416516,0.44245856859852495,-0.009999999999999787,1.9725574636724796,-0.19038003335866016,0.9237578457845971,-0.07624215421540292,0.0,,0.0,0.0,0.0,0.0,,0.0,0.0,,
2025-03-19,0.003878865075156668,-0.007712883088628608,-0.014304449448279577,0.015595217264768634,0.05227765313061683,0.07000000000000028,1.9632040178720345,-0.19535573867816947,1.0,0.0,0.0,,0.0,0.0,0.0,0.0,,0.0,0.0,,
2025-03-20,0.016246111269221153,0.02537039863744006,0.005003045311515741,0.016132376488289257,0.0143647259472246,0.02999999999999936,1.9299164642128965,-0.18768386958519975,1.0,0.0,0.0,,0.0,0.0,0.0,0.0,,0.0,0.0,,
2025-03-21,0.0002929544476790724,0.0162413137420927,0.0068248180210828124,0.014803928930737988,-0.4564251970258004,0.05999999999999961,1.8978831746625984,-0.17998767855321496,0.8826014281019456,-0.013230236512389082,0.0,,0.0,0.0,0.0,0.0,,0.0,0.0,,
2025-03-24,0.01208254017706345,0.022387356817159088,0.02004466493810675,0.015066085888687478,-0.6594942282290406,-0.03000000000000025,1.8670223330623013,-0.1722653812772623,0.31601370132286294,-0.013230236512389082,0.0,,0.0,0.0,0.0,0.0,,0.0,0.0,,
2025-03-25,-0.0015929335060436145,0.03090753746307673,0.01840098104707888,0.013951566642030965,-0.45064069871223467,-0.019999999999999574,1.8372594241429832,-0.16451514995618444,0.380320976077009,-0.5434368697075881,0.0,,0.0,0.0,0.0,0.0,,0.0,0.0,,
2025-03-26,0.00937619562855474,0.0364048680164748,0.027032243535857425,0.01405782584366663,-0.34642124123414053,-0.09999999999999964,1.8085264148104943,-0.1567351104537631,0.24078258490261875,-0.7592174150973813,0.0,,0.0,0.0,0.0,0.0,,0.0,0.0,,
2025-03-27,0.003869031121465305,0.024027787868718953,0.03120782726797877,0.0128944454425092,-0.29971822042307306,-0.13999999999999968,1.7807610450157008,-0.1489233393029218,0.3401783273495326,-0.6598216726504673,0.0,,0.0,0.0,0.0,0.0,,0.0,0.0,,
2025-03-28,-0.008041398874993,0.01569343454604688,0.023453950749408037,0.012882112844132296,-0.11942861170575192,-0.019999999999999574,1.7539062112777708,-0.1410778605403285,0.3331311916201204,-0.5494702364818252,0.0,,0.0,0.0,0.0,0.0,,0.0,0.0,,
2025-03-31,0.030107357818940805,0.033718252187924236,0.05133713065007317,0.013682706867697502,-0.4056401332534598,0.10999999999999943,1.7279094288780517,-0.13319664235765494,0.22900294785408923,-0.08701075346877371,0.0,,0.0,0.0,0.0,0.0,,0.0,0.0,,
2025-04-01,-0.003924871873297597,0.03138631382067025,0.04530381502980685,0.013726565555934978,-0.30169729519609056,0.13999999999999968,1.9680466042254399,-0.6113177126109343,0.28945462505525515,-0.09086635102175383,0.3021069769710616,,0.0,0.0,0.0,0.0,,0.0,0.0,,
2025-04-02,0.007137389476553402,0.029147507668668915,0.04852672988067486,0.011637771362923502,-0.11462620923916589,0.14999999999999947,1.9310602606248055,-0.5999575332129902,0.25478644069578105,0.014003855793162295,0.3021069769710616,,0.0,0.0,0.0,0.0,,0.0,0.0,,
2025-04-03,-0.06868413575730159,-0.04340565921009798,-0.020599986217373356,0.01999052903925087,1.2907300103036867,0.3200000000000003,1.8956046238194646,-0.5886514102173771,0.756865734201204,0.4166874068516713,0.3021069769710616,,0.0,0.0,0.0,0.0,,0.0,0.0,,
2025-04-04,-0.0769729904233536,-0.11233725075845857,-0.09365715791772722,0.02626880480531561,0.4792012574089122,0.2599999999999998,1.8615700346649262,-0.5773947655565888,0.9084042219578943,0.5752730303377739,0.3021069769710616,,0.0,0.0,0.0,0.0,,0.0,0.0,,
2025-04-07,-0.0210293836483757,-0.16347399222577508,-0.11047826725905185,0.026432861927894707,-0.09525876526645938,0.08000000000000007,1.828857549123647,-0.5661830390771365,0.4622249853687824,0.2332220375146932,0.3021069769710616,,0.0,0.0,0.0,0.0,,0.0,0.0,,
2025-04-08,-0.018623750780315973,-0.17817287113279345,-0.12379624216030827,0.026558945220886074,-0.3424717124692833,-0.08999999999999986,1.797377625503193,-0.5550116784122798,0.6521346679060736,0.3626800428508184,0.0,,0.0,0.0,0.0,0.0,,0.0,0.0,,
2025-04-09,0.04544372484090875,-0.1398665357684381,-0.07425116516080266,0.028319476860218552,-0.19536148996961433,-0.13999999999999968,1.7670490032346426,-0.5438761286757731,0.2840844677453706,0.02929802704958956,0.0,,0.0,0.0,0.0,0.0,,0.0,0.0,,
2025-04-10,-0.037253123263974786,-0.1084355232751113,-0.10638213862582546,0.029158244231253225,-0.2865352484855421,-0.34000000000000075,1.7377977409991223,-0.5327718219153651,0.2816653480851402,-0.47520038611606374,0.0,,0.0,0.0,0.0,0.0,,0.0,0.0,,
2025-04-11,0.023526625950402114,-0.007935906901355594,-0.07843859220683935,0.029694171741012118,1.4279934728473775,-0.47000000000000064,1.7095563880980387,-0.5216941662609429,0.17038647211913296,-0.7380177498387613,0.0,,0.0,0.0,0.0,0.0,,0.0,0.0,,
2025-04-14,0.000487685939926763,0.013581162686946868,-0.07326154524022499,0.029619081957224916,2.498182580845576,-0.22999999999999954,1.6822632677772391,-0.5106385346975668,0.6214893267116658,0.15926434134288336,0.0,,0.0,0.0,0.0,0.0,,0.0,0.0,,
2025-04-15,-0.0032557411145068826,0.02894917235275596,-0.07217079397991721,0.0295926709397581,2.4362559787115323,-0.08999999999999986,1.6558618550474413,-0.49960025338808967,0.5660128875025984,-0.08612178040347518,0.0,,0.0,0.0,0.0,0.0,,0.0,0.0,,
2025-04-16,0.018417321867586267,0.0019227693794334755,-0.05013390257713812,0.029981365871605836,2.6499668319802883,0.04999999999999982,1.630300234611934,-0.4885745894634732,0.6191574555292201,0.3350729877838495,0.0,,0.0,0.0,0.0,0.0,,0.0,0.0,,
2025-04-17,0.03476559320342787,0.07394148584683613,-0.0126747139352279,0.030899148834390672,1.5662448336784207,0.0600000000000005,1.6055306269836982,-0.47755673819118316,0.3949406080979662,0.113275260012826,0.0,,0.0,0.0,0.0,0.0,,0.0,0.0,,
2025-04-21,-0.025048272614069056,0.02536658728236496,-0.033762329757727194,0.031287372429295274,1.3722389718125783,0.0600000000000005,1.5815089728748022,-0.4665418094229682,0.8103475600308582,0.6399610879117252,0.0,,0.0,0.0,0.0,0.0,,0.0,0.0,,
2025-04-22,0.019311378051934724,0.04419027939437292,-0.010851736807965473,0.031523328395091595,1.0046110377018191,-0.03000000000000025,1.5581945675694415,-0.45552481321272414,0.5527747927129713,-0.06871453399869454,0.0,,0.0,0.0,0.0,0.0,,0.0,0.0,,
2025-04-23,-0.03223537126241194,0.015210649246467867,-0.037955771284732265,0.032158931611706826,0.6065796277145763,-0.05000000000000071,1.52923065048592,-0.4544259185094155,0.46937294428807597,-0.0966399432145224,0.0,,0.0,0.0,0.0,0.0,,0.0,0.0,,
2025-04-24,0.008316056241657321,0.005109383620538921,-0.02445537128808528,0.032134625081487865,0.2817337863138869,-0.03000000000000025,1.5012517182580476,-0.45332830235873334,0.5482678626621893,-0.07088959286703078,0.0,,0.0,0.0,0.0,0.0,,0.0,0.0,,
2025-04-25,0.003656311203110718,-0.02599989837977823,-0.01560408033406624,0.03213150591453026,0.19816486342055795,0.04999999999999982,1.4741952828035527,-0.4522319595022697,0.4091171121779107,0.014176504079944474,0.0,,0.0,0.0,0.0,0.0,,0.0,0.0,,
2025-04-28,-0.015511624678512526,-0.0164632504442217,-0.025547213971496063,0.03220965907875994,-0.3295602729030511,0.1899999999999995,1.4480041987244112,-0.4511368847042005,0.5952996255869244,-0.21504793444393377,0.0,,0.0,0.0,0.0,0.0,,0.0,0.0,,
2025-04-29,-0.026620335692089547,-0.06239496418824597,-0.04376267394694988,0.0313899858588872,-0.14450548328466262,0.21999999999999975,1.422626085408631,-0.45004307275114197,0.5867458355649757,0.033971042852004474,0.0,,0.0,0.0,0.0,0.0,,0.0,0.0,,
2025-04-30,-0.03726301467488202,-0.06742260760071606,-0.07095390576511917,0.03201845125419327,0.3520416955225425,0.23000000000000043,1.3980128237416887,-0.44895051845200823,0.8071972371931072,0.33782429290503124,0.0,,0.0,0.0,0.0,0.0,,0.0,0.0,,
2025-05-01,0.01753982811595378,-0.058198835726419595,-0.04386241672442015,0.03239499482559271,-0.17522865549834954,0.07000000000000028,1.1762390884138154,0.7339120472650109,0.025994612298224633,-0.5222732503639647,-0.7807293608039334,,0.0,0.0,0.0,0.0,,0.0,0.0,,
2025-05-02,-0.016166437342139517,-0.07802158427166983,-0.05310307806257342,0.029333363760078997,0.3170423271037004,-0.040000000000000036,1.1585847627219963,0.7236689237463476,-0.39929456664171803,-0.8084116788196287,-0.7807293608039334,,0.0,0.0,0.0,0.0,,0.0,0.0,,
2025-05-05,-0.020101179321087237,-0.08261113891424454,-0.06912207193478803,0.02455256146986024,0.371829305657867,-0.1299999999999999,1.1413018036236648,0.7135208428074226,-0.27295118363794024,-0.8682508092248646,-0.7807293608039334,,0.0,0.0,0.0,0.0,,0.0,0.0,,
2025-05-06,0.033732332621212,-0.022258470600942992,-0.034045639678182305,0.025594536003561024,0.450836253531961,-0.10999999999999943,1.1243735395967895,0.7034644977777345,-0.19623553852823558,-0.7829813740932113,-0.7807293608039334,,0.0,0.0,0.0,0.0,,0.0,0.0,,
2025-05-07,-0.01741252597362486,-0.0024079818996858293,-0.05017462725674804,0.025552896446735716,0.3875453638529702,-0.08999999999999986,1.1077842680284844,0.6934966815884811,0.3821973631663512,-0.424999874026756,-0.7807293608039334,,0.0,0.0,0.0,0.0,,0.0,0.0,,
2025-05-08,0.031194256711875035,0.011246446696235424,-0.016984358743362904,0.024351891202814887,0.31159529155720955,-0.1200000000000001,1.0915191818492926,0.6836142814753207,-0.18514311366488279,-0.21113772596310743,0.0,,0.0,0.0,0.0,0.0,,0.0,0.0,,
2025-05-09,0.018358243192690082,0.04577112723106502,0.0005893279280044794,0.023264925126458152,-0.018694457460721736,-0.040000000000000036,1.0755643027908037,0.6738142739528481,0.25734582494630337,0.6566403915880215,0.0,,0.0,0.0,0.0,0.0,,0.0,0.0,,
2025-05-12,0.015125928786628329,0.08099823533878059,0.01535073505149942,0.022905782690412373,-1.0019523757722082,-0.08999999999999986,1.0599064205677573,0.6640937200414984,-0.4534843212192362,-0.18053313758129597,0.0,,0.0,0.0,0.0,0.0,,0.0,0.0,,
2025-05-13,0.027385885953782108,0.0746517886713507,0.04102718934145422,0.02368964467645491,-0.7510547624295594,-0.1900000000000004,1.0445330373694184,0.6544497607289588,-0.6133515565504464,-0.41711601802221077,0.0,,0.0,0.0,0.0,0.0,,0.0,0.0,,
2025-05-14,-0.008200645232434134,0.08386366941254142,0.031364357651090025,0.023769861625896862,-0.4566112826223989,-0.27000000000000046,1.0294323171174269,0.6448796126494404,-1.0,-1.3821973631663513,0.0,,0.0,0.0,0.0,0.0,,0.0,0.0,,
2025-05-15,-0.024526355627978447,0.028143057072687938,0.007522999439959044,0.02409503098339063,-0.04936590070774294,-0.08000000000000007,1.014593039010281,0.635380563965302,-0.5747319513024768,-0.389588837637594,0.0,,0.0,0.0,0.0,0.0,,0.0,0.0,,
2025-05-16,0.014020050772469261,0.023804864652467117,0.02326532475082388,0.022905773845895108,-0.4526641152277522,-0.05999999999999961,1.0000045549293959,0.625949970436569,-0.5747319513024768,-0.389588837637594,0.0,,0.0,0.0,0.0,0.0,,0.0,0.0,,
2025-05-19,0.0031954013448860508,0.011874337210724839,0.02677081693615868,0.022253339344961556,0.8646303274128408,-0.009999999999999787,0.9856567503294067,0.6165852516648451,-0.9047823788889579,-0.45129805766972164,0.0,,0.0,0.0,0.0,0.0,,0.0,0.0,,
2025-05-20,-0.002075849048821077,-0.017587397791878345,0.026074420082823124,0.021769433320043996,0.5192004118469318,0.009999999999999787,0.9715400082771775,0.6072838874989805,-0.8770939204757287,-0.2637423639252823,0.0,,0.0,0.0,0.0,0.0,,0.0,0.0,,
2025-05-21,-0.01595135731393693,-0.025338109873381143,0.010688314266948495,0.020839298069100794,0.7540273210591253,-0.04999999999999982,0.9576451763406173,0.5980434145906602,-0.8001637360997492,0.19983626390025078,0.0,,0.0,0.0,0.0,0.0,,0.0,0.0,,
2025-05-22,-0.006027549404838517,-0.006839303650241213,0.005943196642497206,0.020764243882657865,0.6306109720609632,-0.08999999999999986,0.9419186039100219,0.5852588962733891,-0.9810997310920877,-0.4063677797896109,0.0,,0.0,0.0,0.0,0.0,,0.0,0.0,,
2025-05-23,0.005377671234119141,-0.015481683188591333,0.012517231655452044,0.020789344806567016,1.3731609596526306,-0.08000000000000007,0.9264259837558869,0.5724818747447963,-1.0,-0.4063677797896109,0.0,,0.0,0.0,0.0,0.0,,0.0,0.0,,
2025-05-26,0.0,-0.018677084533477384,0.012938014200363668,0.020514711484941637,1.3731609596526306,-0.08000000000000007,0.9111560575836556,0.5597030058157716,-1.0,-0.4063677797896109,0.0,,0.0,0.0,0.0,0.0,,0.0,0.0,,
2025-05-27,-0.010455903131916244,-0.02705713861657255,0.0020946719853487394,0.019731669674838397,0.5804452096510926,0.05000000000000071,0.8960980490059415,0.5469125097328751,-1.0,-0.12290607952427135,0.0,,0.0,0.0,0.0,0.0,,0.0,0.0,,
2025-05-28,0.015481446658683673,0.004375665356048053,0.014551456494256598,0.01787178084582606,-0.1964688179673768,0.11000000000000032,0.8812416254778294,0.5341000937745046,-1.0,-0.19983626390025078,0.0,,0.0,0.0,0.0,0.0,,0.0,0.0,,
2025-05-29,-0.014660630721603951,-0.004257415960717381,-0.0015238134352459909,0.017945599849012703,0.3942875824812453,0.11000000000000032,0.866576862817036,0.5212548629122066,-0.9407181421470423,0.0403815889450454,0.0,,0.0,0.0,0.0,0.0,,0.0,0.0,,
2025-05-30,-0.0024644717969319885,-0.012099558991768511,-0.00608802271733655,0.017494980605600202,-0.31610504540560136,0.09999999999999964,0.8520942120242831,0.5083652158553159,-0.2584590374928981,0.7415409625071019,0.0,,0.0,0.0,0.0,0.0,,0.0,0.0,,
2025-06-02,0.028061203792645095,0.015961644800876584,0.017465324434463803,0.017592685157329372,-0.31610504540560136,0.09999999999999964,-0.265603878539405,0.7688199338949435,-0.47284208252604887,0.7415409625071019,0.47769787784406326,,0.0,0.0,0.0,0.0,,0.0,0.0,,
2025-06-03,0.014135072158664386,0.040552620091457214,0.02807240297540936,0.016383495387722692,0.12392083210330807,-0.03000000000000025,-0.2724256412974583,0.7568106917659317,-0.7724027353212666,0.22759726467873342,0.47769787784406326,,0.0,0.0,0.0,0.0,,0.0,0.0,,
2025-06-04,-0.00887064267568416,0.016200530757089382,0.01524667251711076,0.015913470186139658,0.7663818317747206,0.09999999999999964,-0.2793109228715301,0.7450294211205216,-0.3903135705545712,0.6096864294454287,0.47769787784406326,,0.0,0.0,0.0,0.0,,0.0,0.0,,
2025-06-05,0.008239628299169688,0.03910078977786302,0.02067894445430074,0.014620769922021205,0.4953040307925982,0.02999999999999936,-0.28626158938073204,0.7334868853758254,-0.0868494706167453,0.853868671530297,0.47769787784406326,,0.0,0.0,0.0,0.0,,0.0,0.0,,
2025-06-06,0.018914201994703284,0.06047946356949829,0.03675799214692432,0.014652386709924496,0.4979986433150341,-0.09999999999999964,-0.2932795739483297,0.7221974321154949,-0.6920663374813104,-0.4336072999884123,0.47769787784406326,,0.0,0.0,0.0,0.0,,0.0,0.0,,
2025-06-09,0.01093411986841275,0.04335237964526595,0.04506654815916722,0.014496474766320091,0.22923042774001257,-0.03000000000000025,-0.30036688002147044,0.7111798504469659,-0.13109950881474713,0.34174257371130173,0.0,,0.0,0.0,0.0,0.0,,0.0,0.0,,
2025-06-10,-0.004759354957587725,0.024457952529013838,0.03928889139097791,0.013342858295153352,0.33813823901358564,-0.009999999999999787,-0.3075255848922399,0.7004585048151405,0.043957297970612,0.8163600332918786,0.0,,0.0,0.0,0.0,0.0,,0.0,0.0,,
2025-06-11,0.04763162790158759,0.08096022310628559,0.08311060382526403,0.016724637563098457,0.3856959585771258,-0.040000000000000036,-0.3147578434347815,0.6900648520770079,0.48637273806166376,0.876686308616235,0.0,,0.0,0.0,0.0,0.0,,0.0,0.0,,
2025-06-12,-0.0016153906148810293,0.07110520419223487,0.0765397494924267,0.015414962999651118,0.6508784751272256,0.040000000000000036,-0.3220658920744567,0.6800394986931431,0.2661502248836699,0.3529996955004152,0.0,,0.0,0.0,0.0,0.0,,0.0,0.0,,
2025-06-13,0.07008966348064138,0.12228066567817297,0.13887046861970198,0.0211733543673297,0.6904036777510947,0.09999999999999964,-0.3294520530063177,0.6704350329953594,0.08854069570024983,0.7806070331815602,0.0,,0.0,0.0,0.0,0.0,,0.0,0.0,,
2025-06-16,-0.01671886956632118,0.09462767624343904,0.11538836824557563,0.021856489230680492,0.6234373746488164,0.03000000000000025,-0.3369187386818176,0.6613199923323125,-0.0,0.13109950881474713,0.0,,0.0,0.0,0.0,0.0,,0.0,0.0,,
2025-06-17,0.041885939963908214,0.14127297116493498,0.14831298795104253,0.023096205805304443,0.44915880824628607,0.08000000000000007,-0.34446845658416586,0.6527845298881041,0.13475066072321693,0.09079336275260493,0.0,,0.0,0.0,0.0,0.0,,0.0,0.0,,
2025-06-18,0.004000538739934001,0.09764188200328139,0.1423546116298411,0.022383409823326084,-0.11900121903687388,0.03000000000000025,-0.35210381431477294,0.6449486929361876,0.2707893885198124,-0.21558334954185138,0.0,,0.0,0.0,0.0,0.0,,0.0,0.0,,
2025-06-19,0.0,0.09925727261816242,0.1320943190984636,0.022196633275462625,-0.11900121903687388,0.03000000000000025,-0.35982752501505205,0.6379748321586239,0.2707893885198124,-0.21558334954185138,0.0,,0.0,0.0,0.0,0.0,,0.0,0.0,,
2025-06-20,-0.0027986957696040093,0.026368913367917024,0.11944414914766899,0.02236594519210172,-0.5953068577056353,0.03000000000000025,-0.37352717719742323,0.6511846180562668,0.45011542033079815,0.3615747246305483,0.0,,0.0,0.0,0.0,0.0,,0.0,0.0,,
2025-06-23,-0.08957462436141128,-0.046486841427173076,0.02449678182313697,0.03153259920828139,-0.8429839417759322,0.1200000000000001,-0.3875812634331528,0.664714499004039,0.45011542033079815,0.3615747246305483,0.0,,0.0,0.0,0.0,0.0,,0.0,0.0,,
2025-06-24,-0.06233203395028308,-0.15070481534136437,-0.040614188549348285,0.03486109698430227,0.11642689751777402,0.08999999999999986,-0.40201215108729627,0.6785811074824859,0.7565501484698701,0.6217994877466532,0.0,,0.0,0.0,0.0,0.0,,0.0,0.0,,
2025-06-25,0.008508056581865375,-0.146197297499433,-0.03453639888584359,0.0347620961295394,0.3287487420328805,0.08999999999999986,-0.41684418890785935,0.6928023056252274,0.9686583287215992,0.6978689402017868,0.0,,0.0,0.0,0.0,0.0,,0.0,0.0,,
2025-06-26,0.004917035106422496,-0.1412802623930105,-0.03302851398918438,0.03453037122591092,0.3287487420328805,0.08999999999999986,-0.4321039426596646,0.7073973058153256,0.9664748803209321,0.6978689402017868,0.0,,0.0,0.0,0.0,0.0,,0.0,0.0,,
2025-06-27,0.004282661792001541,-0.13419890483140495,-0.032492359086391254,0.03450291490310603,1.141598535369892,0.08999999999999986,-0.44782046606559806,0.7223868061027816,0.7109575807372541,0.26084216040645597,0.0,,0.0,0.0,0.0,0.0,,0.0,0.0,,
2025-06-30,-0.006277292296043235,-0.05090157276603691,-0.04079923346720893,0.03408108523748312,1.4530071123567523,0.09999999999999964,-0.4640256135018432,0.7377931426493226,0.9755869104866406,0.26084216040645597,0.0,,0.0,0.0,0.0,0.0,,0.0,0.0,,
2025-07-01,0.005208345107138079,0.016638806291384256,-0.037174134092269995,0.03397248450852534,0.8481736724698874,0.040000000000000036,-0.7407828187504987,-0.8709098804611817,0.8081666903239322,0.05161654185406206,1.339445388791627,,0.0,0.0,0.0,0.0,,0.0,0.0,,
2025-07-02,0.03010009029785632,0.0382308400073752,-0.010605826175289046,0.034455505334814035,0.8558706795109616,-0.009999999999999787,-0.7580813195456536,-0.8576469113714574,0.4022775435736246,-0.5663807851479745,1.339445388791627,,0.0,0.0,0.0,0.0,,0.0,0.0,,
2025-07-03,-0.006693963262799585,0.02661984163815312,-0.02008489224086496,0.0345098815464135,0.34008914698553383,-0.08999999999999986,-0.7759448452749835,-0.8446258220360576,0.17887423089248297,-0.7876006494284491,1.339445388791627,,0.0,0.0,0.0,0.0,,0.0,0.0,,
2025-07-04,0.0,0.022337179846151578,-0.021924284943907857,0.0343031594122838,0.34008914698553383,-0.08999999999999986,-0.7944112972643413,-0.8318474527115082,0.17887423089248297,-0.7876006494284491,1.339445388791627,,0.0,0.0,0.0,0.0,,0.0,0.0,,
2025-07-07,0.01378514381224516,0.04239961595443997,-0.010121085031896015,0.034348836384260006,-0.17695513228506154,-0.16000000000000014,-0.8135222453589736,-0.8193143530834068,0.4903739744674088,-0.48521293601923177,1.339445388791627,,0.0,0.0,0.0,0.0,,0.0,0.0,,
2025-07-08,0.005871145589476434,0.04306241643677833,-0.0067634083700056635,0.03432126781219797,-0.41351191014851185,-0.16000000000000014,-0.8333234009615721,-0.8070310470991433,0.4903132356005307,-0.3178534547234015,0.0,,0.0,0.0,0.0,0.0,,0.0,0.0,,
2025-07-09,0.000731475418468186,0.013693801557390195,-0.006200394254967989,0.03263722856285122,-0.3582453855161205,-0.040000000000000036,-0.8538651670373859,-0.7950043700686169,0.3591654666970689,-0.043112076876555716,0.0,,0.0,0.0,0.0,0.0,,0.0,0.0,,
2025-07-10,-0.026826358598543543,-0.006438593778353763,-0.03193466575775972,0.03319190104572273,-0.4999236821756625,-0.0,-0.8752032803636084,-0.7832438991432766,0.1800606023448632,0.001186371452380236,0.0,,0.0,0.0,0.0,0.0,,0.0,0.0,,
2025-07-11,0.027849526121846324,0.02141093234349256,-0.0008810456722203597,0.029570528986123817,-0.4999236821756625,-0.0,-0.8973995649132241,-0.7717625058629657,0.2723763021627274,0.001186371452380236,0.0,,0.0,0.0,0.0,0.0,,0.0,0.0,,
2025-07-14,-0.021709484368400034,-0.014083695837152632,-0.01913690533682555,0.029711297256396107,-0.5022567277572998,-0.02999999999999936,-0.9205228198771434,-0.7605770702140313,0.3212252501862358,-0.169148724281173,0.0,,0.0,0.0,0.0,0.0,,0.0,0.0,,
2025-07-15,-0.00689141304133134,-0.026846254467960406,-0.02013582602409869,0.0277295617144056,-0.561929485943824,-0.08000000000000007,-0.9446498717629044,-0.7497094111269496,-0.04617262551213312,-0.5364858611126638,0.0,,0.0,0.0,0.0,0.0,,0.0,0.0,,
2025-07-16,-0.0021068480328985117,-0.029684577919327104,-0.016044812364296668,0.027648391306231573,-0.5732846353203147,-0.1200000000000001,-0.9698668277014518,-0.7391875109970188,0.27803586390678686,-0.08112960279028203,0.0,,0.0,0.0,0.0,0.0,,0.0,0.0,,
2025-07-17,0.017324208665593588,0.014465989344810026,0.006611047560716621,0.02812014186225329,-0.6710098861511415,-0.1200000000000001,-0.9962705771489639,-0.7290471455397098,0.27803586390678686,-0.08112960279028203,0.0,,0.0,0.0,0.0,0.0,,0.0,0.0,,
2025-07-18,-0.0029656012244938523,-0.01634913800153015,0.008985442868387317,0.02811937534409007,-0.36240404131371307,-0.010000000000000675,-1.0239706024304682,-0.7193340814725135,0.0950236740249811,-0.1773526281377463,0.0,,0.0,0.0,0.0,0.0,,0.0,0.0,,
2025-07-21,-0.0020811662038244805,0.003279180163045403,0.00786960028884831,0.01994159671806533,0.18698911753280978,0.04999999999999982,-1.0530911762215678,-0.7101070838312137,-0.04934758179398578,-0.3705728319802216,0.0,,0.0,0.0,0.0,0.0,,0.0,0.0,,
2025-07-22,-0.014841738592348719,-0.0046711453879719755,-0.008381329447112229,0.014271048466120591,0.6883217644935491,0.15000000000000036,-1.058896010218294,-0.7001962165675661,-0.41458799237881244,-0.3684153668666793,0.0,,0.0,0.0,0.0,0.0,,0.0,0.0,,
2025-07-23,-0.014605462733952024,-0.017169760089025488,-0.023240307358884493,0.014598048124167125,0.7040504910000633,0.05999999999999961,-1.0647541873583146,-0.690371808550432,-0.7936721142191152,-1.071707978125902,0.0,,0.0,0.0,0.0,0.0,,0.0,0.0,,
2025-07-24,0.011883138003677018,-0.022610830750942057,-0.011958989677890663,0.014796924558027062,0.8886059496810317,0.040000000000000036,-1.0706666587345537,-0.6806308698597852,-1.0,-1.071707978125902,0.0,,0.0,0.0,0.0,0.0,,0.0,0.0,,
2025-07-25,-0.013263400472635745,-0.03290862999908395,-0.024946907359979065,0.015084556567412552,0.3076705772873778,0.040000000000000036,-1.0766343993672611,-0.6709704958460522,-1.0,-1.095023674024981,0.0,,0.0,0.0,0.0,0.0,,0.0,0.0,,
2025-07-28,0.023509082987580143,-0.0073183808076793255,-0.0026516603460313704,0.01590871249903311,-0.5156834263780219,-0.040000000000000036,-1.0826584089879672,-0.661387862650907,-1.0,-0.9506524182060142,0.0,,0.0,0.0,0.0,0.0,,0.0,0.0,,
2025-07-29,0.03679049413234736,0.044313851917016756,0.031345890361423656,0.01778308840300512,-1.0748573290664254,0.009999999999999787,-1.0887397128551797,-0.6518802229470072,-0.48954839592655336,-0.07496040354774092,0.0,,0.0,0.0,0.0,0.0,,0.0,0.0,,
2025-07-30,0.011349881195587663,0.07026919584655644,0.04084033858723135,0.016730823785729997,-1.534251570422951,0.020000000000000462,-1.094879362603259,-0.642444901881392,-0.9983982800538148,-0.2047261658346996,0.0,,0.0,0.0,0.0,0.0,,0.0,0.0,,
2025-07-31,-0.010627703075082984,0.04775835476779644,0.02855388953298288,0.016859249562747754,-1.8020112673794664,0.05999999999999961,-1.1010784371261213,-0.6330792932082986,-0.37383795434924744,0.6261620456507526,0.0,,0.0,0.0,0.0,0.0,,0.0,0.0,,
2025-08-01,-0.028261636417086677,0.03276011882334551,4.658895758513637e-05,0.018141249101697805,-1.022205146113242,0.16999999999999993,-2.109346779241734,2.1558910314594795,-0.37383795434924744,0.6261620456507526,-0.7300882736452907,,0.0,0.0,0.0,0.0,,0.0,0.0,,
2025-08-04,-0.015566846303889825,-0.006315810468124461,-0.014298321998809094,0.01817551052212292,-0.30759052156905664,0.20000000000000018,-2.081556430220464,2.1020710111390692,1.0,2.0,-0.7300882736452907,,0.0,0.0,0.0,0.0,,0.0,0.0,,
2025-08-05,-0.017193272519455682,-0.060299577119927505,-0.02911643826532284,0.01843167741859969,0.048938805000353636,0.1200000000000001,-2.054624064088894,2.0512582004092916,0.9929850282917722,1.4825334242183255,-0.7300882736452907,,0.0,0.0,0.0,0.0,,0.0,0.0,,
2025-08-06,-0.012508849691708512,-0.08415830800722368,-0.03858811544858032,0.01855161106455655,0.7380304799998738,0.16000000000000014,-2.0285042266088307,2.003166174810141,0.9234771306705328,1.9218754107243476,-0.7300882736452907,,0.0,0.0,0.0,0.0,,0.0,0.0,,
2025-08-07,-0.007330610695324147,-0.08086121562746484,-0.04385634103061431,0.01772982502962484,0.9995810090288493,0.13999999999999968,-2.003154776383032,1.9575453610659572,0.7438625502780686,1.117700504627316,-0.7300882736452907,,0.0,0.0,0.0,0.0,,0.0,0.0,,
2025-08-08,0.0,-0.05259957921037817,-0.04040147961123264,0.016292294609799265,0.7254220284756863,-0.03999999999999915,-1.9785365801825014,1.9141771441542244,0.7403559020826233,1.117700504627316,0.0,,0.0,0.0,0.0,0.0,,0.0,0.0,,
2025-08-11,0.001251564618941714,-0.03578116828754663,-0.036843106022274696,0.01573781417965031,0.2452351885632975,-0.04999999999999982,-1.9546132418619477,1.8728690875191212,0.7366784614391205,-0.2633215385608795,0.0,,0.0,0.0,0.0,0.0,,0.0,0.0,,
2025-08-12,-0.012428383055143932,-0.031016278823234877,-0.04668783160671275,0.01587084694707841,0.5248610102540519,-0.07000000000000028,-1.9313508605713143,1.8334510260636194,1.0,0.007014971708227846,0.0,,0.0,0.0,0.0,0.0,,0.0,0.0,,
2025-08-13,-0.008265823568532227,-0.026773252700058592,-0.05206204892775812,0.01592078232816441,0.3138375645806768,-0.020000000000000462,-1.908717814592119,1.795771849534634,1.0,0.07652286932946717,0.0,,0.0,0.0,0.0,0.0,,0.0,0.0,,
2025-08-14,0.02069420662367616,0.001251564618941714,-0.028644735954498124,0.016162006195097087,-0.11642738059969293,-0.05999999999999961,-1.886684567648323,1.7596968365362784,0.8676946980774952,0.12383214779942664,0.0,,0.0,0.0,0.0,0.0,,0.0,0.0,,
2025-08-15,-0.01830281449160065,-0.017051249872658936,-0.04345758343316053,0.0165337063015348,-0.0039889340321730415,-0.0600000000000005,-1.865223494980069,1.725105431077885,0.6687919805443169,-0.07156392153830637,0.0,,0.0,0.0,0.0,0.0,,0.0,0.0,,
2025-08-18,0.00982419563604875,-0.0084786188555519,-0.030738688876166265,0.016799280627674502,0.10522896829210371,-0.07000000000000028,-1.8443087268394853,1.691889377337871,0.41240132329387835,-0.32427713814524217,0.0,,0.0,0.0,0.0,0.0,,0.0,0.0,,
2025-08-19,-0.01701559698415611,-0.01306583278456408,-0.04475089401978671,0.016887448600920587,-0.37314921977888993,-0.009999999999999787,-1.8018659232459866,1.655800795167866,0.4100657102789543,-0.5899342897210458,0.0,,0.0,0.0,0.0,0.0,,0.0,0.0,,
2025-08-20,0.013698844358161821,0.008898835142129968,-0.0294638731756951,0.017049205012719316,-0.5375010405394232,-0.04999999999999982,-1.7614029457307987,1.6211751217269006,0.7177153896770574,-0.2822846103229426,0.0,,0.0,0.0,0.0,0.0,,0.0,0.0,,
2025-08-21,0.004892300454673482,-0.006903071026872709,-0.022633854357641425,0.016828717805501575,-0.3644589148623423,-0.040000000000000036,-1.7227556578814132,1.5879033393960722,0.6164217192023447,-0.25127297887515054,0.0,,0.0,0.0,0.0,0.0,,0.0,0.0,,
2025-08-22,0.0022016049150659356,0.013601348379793876,-0.019267781348580648,0.016635114602532475,0.050108984964813974,0.07000000000000028,-1.685778292297051,1.5558873239315245,1.0,0.3312080194556831,0.0,,0.0,0.0,0.0,0.0,,0.0,0.0,,
2025-08-25,0.017749181504282063,0.02152633424802719,-6.61366761391946e-05,0.01623040829308538,0.1167861900330247,0.05999999999999961,-1.6503408797300352,1.5250384722236707,0.9025150404416641,0.49011371714778573,0.0,,0.0,0.0,0.0,0.0,,0.0,0.0,,
2025-08-26,-0.02421047575059898,0.014331455481584321,-0.019774100764431424,0.014279990327148943,0.16152760382497355,0.040000000000000036,-1.616327105235383,1.4952765354542599,1.0,0.5899342897210458,0.0,,0.0,0.0,0.0,0.0,,0.0,0.0,,
2025-08-27,0.014128963454015597,0.014761574577438097,-0.0012815797610290502,0.014454814699435005,0.03999148835402977,0.04999999999999982,-1.583632509935578,1.4665286222324105,1.0,0.2822846103229426,0.0,,0.0,0.0,0.0,0.0,,0.0,0.0,,
2025-08-28,0.006990319726910776,0.01685959384967539,0.00919139637516686,0.014589186632879041,0.6811783195674437,0.11000000000000032,-1.5521629744089473,1.4387283431572084,1.0,0.3835782807976553,0.0,,0.0,0.0,0.0,0.0,,0.0,0.0,,
2025-08-29,-0.00917508963464364,0.0054828992999658155,0.0025446358106870903,0.013463858244955378,0.05753366800412829,0.02999999999999936,-1.5218334330112544,1.4118150736497035,0.4531891380068842,-0.5468108619931158,0.0,,0.0,0.0,0.0,0.0,,0.0,0.0,,
2025-09-01,0.0,-0.012266282204316248,0.004294622565656603,0.01311589489493614,0.05753366800412829,0.02999999999999936,-1.8445022983061843,-1.2291983333690268,0.4531891380068842,-0.5468108619931158,0.6744918468448713,,0.0,0.0,0.0,0.0,,0.0,0.0,,
2025-09-02,0.024383924151732295,0.03632811769801503,0.028349673638799366,0.013815628714819828,-0.1296800561532141,-0.020000000000000462,-1.802692169893556,-1.2184860471836314,0.2814999516845335,-0.7185000483154664,0.6744918468448713,,0.0,0.0,0.0,0.0,,0.0,0.0,,
2025-09-03,-0.025009021843598767,-0.002809867599599336,0.0036367873242051374,0.014682516306816691,0.18405101078959873,0.020000000000000462,-1.7628243240322854,-1.2079289534939683,0.37017995778277657,-0.6298200422172234,0.6744918468448713,,0.0,0.0,0.0,0.0,,0.0,0.0,,
2025-09-04,-0.007689327803837465,-0.017489515130347577,-0.003738469095202923,0.014691777926423781,-0.4185947887692887,0.04999999999999982,-1.7247399620701138,-1.1975227095396892,0.5873973215892426,-0.4126026784107574,0.6744918468448713,,0.0,0.0,0.0,0.0,,0.0,0.0,,
2025-09-05,-0.025689486115310523,-0.03400391161101446,-0.02782940952031776,0.01574790542669411,0.06655120033408624,0.13000000000000078,-1.6882979431879857,-1.1872631392897661,1.0,0.5468108619931158,0.6744918468448713,,0.0,0.0,0.0,0.0,,0.0,0.0,,
2025-09-08,0.006283755470564145,-0.027720156140450314,-0.02019871790213834,0.015835794525478362,0.06655120033408624,0.13000000000000078,-1.6533723392956032,-1.1771462252421712,1.0,0.5468108619931158,0.0,,0.0,0.0,0.0,0.0,,0.0,0.0,,
2025-09-09,0.0059252315238591535,-0.046178848768323455,-0.013844230959615622,0.01569096048095367,0.4365129673684298,0.20000000000000018,-1.6198503929608328,-1.1671681007117194,0.7475967097655565,0.46609675808102297,0.0,,0.0,0.0,0.0,0.0,,0.0,0.0,,
2025-09-10,0.01646909749161285,-0.004700729433111839,0.0018173758976551824,0.01601228194757209,0.3177456242552279,0.17999999999999972,-1.58763080224414,-1.157325042572064,0.5329267149267906,0.162746757144014,0.0,,0.0,0.0,0.0,0.0,,0.0,0.0,,
2025-09-11,-0.020629103490902523,-0.017640505120176897,-0.017553052721861917,0.015977180416408925,0.6703217627267999,0.16000000000000014,-1.5566222724590189,-1.1476134644205358,0.8796879869511978,0.29229066536195514,0.0,,0.0,0.0,0.0,0.0,,0.0,0.0,,
2025-09-12,0.005117554747845254,0.01316653574297888,-0.012347841564602113,0.015513768945697597,0.0558569927793906,0.040000000000000036,-1.5267422872550886,-1.1380299101369844,0.7522471621795676,-0.24775283782043245,0.0,,0.0,0.0,0.0,0.0,,0.0,0.0,,
2025-09-15,0.009683383864254047,0.016566164136668782,-0.0025697607023458247,0.015509065153492239,0.44355775451696555,-0.0,-1.4979160609824902,-1.1285710478100246,0.8929075218384794,-0.10709247816152057,0.0,,0.0,0.0,0.0,0.0,,0.0,0.0,,
2025-09-16,0.019089924106877376,0.029730856719687004,0.01480958434798385,0.015537125885242855,0.8506377910881491,0.040000000000000036,-1.4700756417411618,-1.119233664006151,0.9054424902383832,0.1578457804728267,0.0,,0.0,0.0,0.0,0.0,,0.0,0.0,,
2025-09-17,-0.0073112249142646135,0.005950534313809541,0.006838283840792769,0.015393516451497703,0.8025986848403721,-0.019999999999999574,-1.4446073408188191,-1.1223657652579435,0.8102750028083918,0.27734828788160126,0.0,,0.0,0.0,0.0,0.0,,0.0,0.0,,
2025-09-18,-0.0075223673944258,0.019057270410286264,-0.0007234257541046674,0.015464017781830784,0.24326113307333586,-0.10000000000000053,-1.419987610556864,-1.1255129103583181,0.8000388003006663,-0.07964918665053144,0.0,,0.0,0.0,0.0,0.0,,0.0,0.0,,
2025-09-19,-0.014099243460497846,-0.00015952779805683548,-0.014046968996296094,0.015770591242690157,0.2292999147933905,-0.08000000000000007,-1.396171493103125,-1.1286752380462273,0.39497553341635244,-0.3572716287632151,0.0,,0.0,0.0,0.0,0.0,,0.0,0.0,,
2025-09-22,-0.0006383658052717678,-0.01048127746758265,-0.01299025721778424,0.015157874343821142,-0.2097614340054399,-0.10000000000000053,-1.3731181377793145,-1.1318528888594492,0.4279441475990478,-0.4649633742394316,0.0,,0.0,0.0,0.0,0.0,,0.0,0.0,,
2025-09-23,0.01221752602939219,-0.017353675545067837,-0.0008990536936073212,0.014483619344191545,-0.4074376252782619,-0.08000000000000007,-1.3507904505301553,-1.1350460051648474,0.2805706837231692,-0.624871806515214,0.0,,0.0,0.0,0.0,0.0,,0.0,0.0,,
2025-09-24,0.02461183419431734,0.014569383563514116,0.02306231445847917,0.015189506691393007,-0.849710720705743,-0.10000000000000053,-1.3291547949066438,-1.1382547311892564,0.06948881380826287,-0.7407861890001289,0.0,,0.0,0.0,0.0,0.0,,0.0,0.0,,
2025-09-25,-0.00015388166530350134,0.021937869292636414,0.022615176820555583,0.015116394736639985,-0.7356578885791221,-0.0699999999999994,-1.3081807389419866,-1.1414792130510085,-0.07001353704740108,-0.8700523373480674,0.0,,0.0,0.0,0.0,0.0,,0.0,0.0,,
2025-09-26,0.011323762928113545,0.047360875681247805,0.03262074114791158,0.015135553776285103,-0.541883929480802,-0.0600000000000005,-1.2878408434775523,-1.1447195987921168,-0.1407559629050152,-0.5357314963213676,0.0,,0.0,0.0,0.0,0.0,,0.0,0.0,,
2025-09-29,-0.03515109900867053,0.012848142477849045,-0.0020910015110828795,0.017197164403164187,-0.250218670085256,-0.0,-1.268110488554219,-1.1479760384111313,-0.1407559629050152,-0.5357314963213676,0.0,,0.0,0.0,0.0,0.0,,0.0,0.0,,
2025-09-30,-0.017167803622365696,-0.01653718717390884,-0.016741862395068807,0.016537716376326658,-0.4318668586074992,-0.040000000000000036,-1.2489677354475621,-1.1512486838966842,0.21561752147776753,-0.06495316224540165,0.0,,0.0,0.0,0.0,0.0,,0.0,0.0,,
2025-10-01,-0.009504703047595875,-0.050653724415822055,-0.02450483864408426,0.015773630848132332,0.017059066810798384,0.040000000000000036,-1.2303932228338108,1.8274832396884937,0.21547640009188002,0.14598758628361713,-0.1038365704407962,,0.0,0.0,0.0,0.0,,0.0,0.0,,
2025-10-02,-0.021266955619157812,-0.07176679836967637,-0.04335118607389532,0.016325608196059226,0.09316262643943585,0.08000000000000007,-1.2123700964671853,1.7900210688408942,0.14376519857654305,0.21377873562394412,-0.1038365704407962,,0.0,0.0,0.0,0.0,,0.0,0.0,,
2025-10-03,0.006591981682152692,-0.07649857961563722,-0.03595266959226873,0.015477769481886615,0.28795639802083883,0.07000000000000028,-1.1948839726690177,1.754281647818658,-0.2547475056609352,-0.11399154275592,-0.1038365704407962,,0.0,0.0,0.0,0.0,,0.0,0.0,,
2025-10-06,0.013217129668117167,-0.028130350938849524,-0.022275673834556642,0.015720675256107798,-0.1308745785289167,-0.02999999999999936,-1.1779229369194404,1.720140198089636,-0.4068902010706953,-0.11399154275592,-0.1038365704407962,,0.0,0.0,0.0,0.0,,0.0,0.0,,
2025-10-07,0.0006481931842570177,-0.01031435413222681,-0.020903762643722956,0.015652003313501105,-0.2926663603492141,0.020000000000000462,-1.1779229369194404,1.6874856964482443,-0.11404751178508311,-0.3296650332628506,-0.1038365704407962,,0.0,0.0,0.0,0.0,,0.0,0.0,,
2025-10-08,0.013196200507115563,0.012386549422484627,-0.006820199280806349,0.01547894083948055,-0.521347446779119,-0.009999999999999787,-1.1779229369194404,1.6562191584614572,-0.15438904159304725,-0.3698654416849273,0.0,,0.0,0.0,0.0,0.0,,0.0,0.0,,
2025-10-09,-0.016766473692642947,0.016887031348999493,-0.022892441607561764,0.01524194079185837,-0.5485362402598781,-0.040000000000000036,-1.1779229369194404,1.6262521998870594,-0.31697779360955347,-0.4607429921860965,0.0,,0.0,0.0,0.0,0.0,,0.0,0.0,,
2025-10-10,-0.04335867256273662,-0.03306362289588982,-0.06313307143888203,0.017892954916217493,-0.8562047363560588,0.08000000000000007,,1.5975058281261858,0.16042956243037268,0.41517706809130783,0.0,,0.0,0.0,0.0,0.0,,0.0,0.0,,
2025-10-13,0.009967140542273434,-0.036313612021733555,-0.05006207599909196,0.017903749018705468,-0.8562047363560588,0.08000000000000007,,1.5699094257288906,0.16042956243037268,0.41517706809130783,0.0,,0.0,0.0,0.0,0.0,,0.0,0.0,,
2025-10-14,-0.0133685043657632,-0.05033030957175377,-0.058703804043707564,0.017245078737876455,-0.575823066784853,0.10999999999999943,,1.5433998957901698,0.12138329506661537,0.23543080685169848,0.0,,0.0,0.0,0.0,0.0,,0.0,0.0,,
2025-10-15,-0.007352345679067618,-0.07087885575793695,-0.06132731736338837,0.017245405533393116,-0.07253060609422324,0.08000000000000007,,1.5179209452881577,0.08223883345026334,0.2366278750433106,0.0,,0.0,0.0,0.0,0.0,,0.0,0.0,,
2025-10-16,-0.01399832760384001,-0.06811070966913402,-0.0702730145973689,0.017361025662879073,0.34717921020859244,0.14999999999999947,,1.492252119136243,0.6634303206173434,0.9804081142268969,0.0,,0.0,0.0,0.0,0.0,,0.0,0.0,,
2025-10-17,0.001391304572258889,-0.023360732534138506,-0.06460360705688917,0.01728154516800864,0.34140739107783036,0.03000000000000025,,1.4673774389625958,0.46825421731859607,0.3078246548882234,0.0,,0.0,0.0,0.0,0.0,,0.0,0.0,,
2025-10-20,-0.00034764471061077273,-0.03367551778702271,-0.060687684854012325,0.017284889741356623,0.34140739107783036,0.03000000000000025,,1.443251144039606,0.6595915866666764,0.3078246548882234,0.0,,0.0,0.0,0.0,0.0,,0.0,0.0,,
2025-10-21,0.005202023175408854,-0.015104990245850658,-0.05087131962241642,0.017001688710507105,0.24153712343891742,0.050000000000000266,,1.4198310467335216,0.35828493865382266,0.23690164358720728,0.0,,0.0,0.0,0.0,0.0,,0.0,0.0,,
2025-10-22,0.011692017649610698,0.003939373082827657,-0.033918969089382855,0.01605168111678253,-0.026145045431147373,0.07999999999999963,,1.3970781792179174,0.5698225311922434,0.48758369774198,0.0,,0.0,0.0,0.0,0.0,,0.0,0.0,,
2025-10-23,0.05471478483507752,0.07265248552174519,0.023312715304098397,0.020920756804202315,-0.23477290921176674,-0.019999999999999574,,1.374956481984851,0.8242462979571927,0.16081597733984931,0.0,,0.0,0.0,0.0,0.0,,0.0,0.0,,
2025-10-24,-0.004704364260415872,0.06655681668907043,0.021926656961511526,0.020668128605032723,-0.19195909291251922,-0.0,,1.3534325284267772,0.767955827670541,0.299701610351945,0.0,,0.0,0.0,0.0,0.0,,0.0,0.0,,
2025-10-27,-0.003094213037876159,0.06381024836180504,0.020547905542925626,0.019264912973148342,-0.14748687831047658,-0.009999999999999787,,1.3324752806493911,0.7643248791107308,0.10473329244405438,0.0,,0.0,0.0,0.0,0.0,,0.0,0.0,,
2025-10-28,-0.01910151935390836,0.03950670583248783,0.003258533594884483,0.019351205229352065,0.20961291096414092,-0.010000000000000231,,1.3120558724100093,0.6629096735819834,0.3046247349281607,0.0,,0.0,0.0,0.0,0.0,,0.0,0.0,,
2025-10-29,0.0054712894505897225,0.03328597763346686,0.009793170826431385,0.019327608771034423,0.30158202352769115,-0.10999999999999988,,1.2921474156867172,-0.20584588494616554,-0.7756684161384089,0.0,,0.0,0.0,0.0,0.0,,0.0,0.0,,
2025-10-30,0.001486989121578297,-0.01994181808003237,0.011205810491930812,0.018736404339498813,-0.27291570038303625,-0.10000000000000053,,1.2727248278931442,-0.31371163111550804,-1.1379579290727007,0.0,,0.0,0.0,0.0,0.0,,0.0,0.0,,
2025-10-31,0.006746220567253047,-0.00849123325236345,0.017869969658850238,0.01873925972909997,-0.3732599051552654,-0.09000000000000075,,1.2537646771807123,-0.10771765945488111,-0.8756734871254221,0.0,,0.0,0.0,0.0,0.0,,0.0,0.0,,
2025-11-03,0.0011472589966041724,-0.004249761217883119,0.019538660788696482,0.01848663498359531,-0.5400715901151321,-0.1200000000000001,-0.915100228277235,-1.1543998332882244,-0.0,-0.7643248791107308,-0.005021507288627269,,0.0,0.0,0.0,0.0,,0.0,0.0,,
2025-11-04,-0.008058591427519524,0.006793166708505716,0.012436840725007059,0.018560013794866843,-0.9872666639588079,-0.10999999999999943,-0.9036682316277641,-1.138404015840892,-0.056844903466956774,-0.7197545770489402,-0.005021507288627269,,0.0,0.0,0.0,0.0,,0.0,0.0,,
2025-11-05,-0.015979035057889668,-0.014657157799973675,-0.0011266611908018476,0.018535613238542317,-1.0926631444804435,-0.08999999999999986,-0.8931660909555099,-1.1227211045790613,-0.286064642226739,-0.08021875728057346,-0.005021507288627269,,0.0,0.0,0.0,0.0,,0.0,0.0,,
2025-11-06,-0.002856424692734727,-0.0190005716142867,-0.002263055191450647,0.018227192846147492,-0.33937099284979677,-0.0,-0.8837260951725316,-1.107338198287815,0.17708160135571413,0.4907932324712222,-0.005021507288627269,,0.0,0.0,0.0,0.0,,0.0,0.0,,
2025-11-07,0.005370041433050865,-0.02037675074848888,0.0023905812338966825,0.015407019708195009,-0.0017300197139746842,-0.0,-0.8755234445275343,-1.0922430930065299,-0.1840238507001506,-0.07630619124526948,-0.005021507288627269,,0.0,0.0,0.0,0.0,,0.0,0.0,,
2025-11-10,0.006339694239857252,-0.015184315505235801,0.008195242781170009,0.015313455083012762,0.1258118487096005,-0.0,-0.8687928769347623,-1.0774242331741215,-0.1840238507001506,-0.07630619124526948,0.0,,0.0,0.0,0.0,0.0,,0.0,0.0,,
2025-11-11,0.015020501924723817,0.00789477784700754,0.02126126169878617,0.015272541437501756,0.1258118487096005,-0.0,-0.8638538980903498,-1.0628706668741097,-0.1840238507001506,-0.07630619124526948,0.0,,0.0,0.0,0.0,0.0,,0.0,0.0,,
2025-11-12,-0.04267358752126693,-0.018799774616369724,-0.021600746737477472,0.018172315598288153,0.6585242949834313,0.08999999999999986,-0.8611503300523057,-1.0485720047775817,-0.4279535080163005,-0.1418888657895615,0.0,,0.0,0.0,0.0,0.0,,0.0,0.0,,
2025-11-13,0.0034135551153084975,-0.0125297948083265,-0.01924620667312471,0.017871481256833924,0.7578795478525024,-0.0,-0.8613147366617392,-1.0345183824269113,-1.0,-1.1770816013557142,0.0,,0.0,0.0,0.0,0.0,,0.0,0.0,,
2025-11-14,0.023574083775593557,0.0056742475342161924,0.0021597230913474874,0.018567970615302482,0.34715128348766777,-0.02999999999999936,-0.8652783467807239,-1.0207004255422922,-1.0,-0.8159761492998494,0.0,,0.0,0.0,0.0,0.0,,0.0,0.0,,
2025-11-17,-0.0030000022500029644,-0.003665448955644024,-0.002875815292807893,0.018596335191516246,0.151527142979635,-0.0,-0.8480796693118489,-1.005200742451246,-1.0,-0.8159761492998494,0.0,,0.0,0.0,0.0,0.0,,0.0,0.0,,
2025-11-18,0.01375902352176972,-0.004926927358598121,0.008419822077492256,0.018770641090681012,0.151527142979635,-0.0,-0.8311244070696687,-0.9899636703001846,-1.0,-0.8159761492998494,0.0,,0.0,0.0,0.0,0.0,,0.0,0.0,,
2025-11-19,-0.021635059208099605,0.016111600954569205,-0.01401226943919287,0.019377734236915203,-0.37341237779418,-0.04999999999999982,-0.8143980187357842,-0.9749780180426738,-1.0,-0.5720464919836995,0.0,,0.0,0.0,0.0,0.0,,0.0,0.0,,
2025-11-20,-0.005059885985172485,0.007638159854088222,-0.016880454191936956,0.014659223770973385,-0.7587820074934415,0.010000000000000675,-0.7978865663488754,-0.9602331505088733,-0.6226010725055189,0.3773989274944811,0.0,,0.0,0.0,0.0,0.0,,0.0,0.0,,
2025-11-21,-0.01843055582784725,-0.034366479749352585,-0.0324329992089849,0.015097804817978315,-0.7429323466146887,0.08000000000000007,-0.7815766639510178,-0.9457189498157823,-0.26642787149575403,0.733572128504246,0.0,,0.0,0.0,0.0,0.0,,0.0,0.0,,
2025-11-24,0.01334493713675311,-0.01802154036259651,-0.017032008770163642,0.015526811293434235,-0.6625955912829662,0.08999999999999986,-0.7654554316317073,-0.9314257798430127,0.1750868102413051,1.175086810241305,0.0,,0.0,0.0,0.0,0.0,,0.0,0.0,,
2025-11-25,-0.015241325947475737,-0.04702188983184197,-0.030410291085892993,0.015326471693821914,-0.3471583423189095,0.11000000000000032,-0.7495104549950938,-0.917344453481041,0.34843168084640724,1.3484316808464072,0.0,,0.0,0.0,0.0,0.0,,0.0,0.0,,
2025-11-26,0.01200700531372334,-0.013379825310019022,-0.016867027933580303,0.01555899468059326,0.20913958935881993,0.1299999999999999,-0.7337297502869434,-0.9034662023901605,1.0,2.0,0.0,,0.0,0.0,0.0,0.0,,0.0,0.0,,
2025-11-27,0.0,-0.008319939324846537,-0.015256420638912083,0.015547336043728786,0.20913958935881993,0.1299999999999999,-0.718101735682527,-0.8897826490358597,1.0,2.0,0.0,,0.0,0.0,0.0,0.0,,0.0,0.0,,
2025-11-28,-0.0017064850557586553,0.008404131447242058,-0.014929663118850911,0.015422597419456252,0.6668017885320898,0.040000000000000036,-0.7026152095797773,-0.8762857807905576,1.0,1.266427871495754,0.0,,0.0,0.0,0.0,0.0,,0.0,0.0,,
2025-12-01,0.013065427226005788,0.008124621536494736,-0.0004269017284963539,0.01577810911045142,0.7635516264740572,-0.04999999999999982,-0.7946541745536346,-0.2985100001093028,0.512179086036611,0.3370922757953059,-0.5913182334695399,,0.0,0.0,0.0,0.0,,0.0,0.0,,
2025-12-02,-0.011529459691336008,0.011836487792634465,-0.01034548384229339,0.015873568594409467,0.4002186897524185,-0.08000000000000007,-0.7791148642335232,-0.2919629774854642,0.5958308786137584,0.24739919776735114,-0.5913182334695399,,0.0,0.0,0.0,0.0,,0.0,0.0,,
2025-12-03,0.0052725694049842176,0.005102051883895342,-0.004524617082911853,0.015569521131255797,0.4207228911687899,-0.05999999999999961,-0.763810600212157,-0.2854194083748604,1.0,0.0,-0.5913182334695399,,0.0,0.0,0.0,0.0,,0.0,0.0,,
2025-12-04,0.012139754550610782,0.017241806434506124,0.007413625859927109,0.01581172901863316,0.4207228911687899,-0.05999999999999961,-0.7487375832290274,-0.27887841108506495,0.4225733449485944,0.0,-0.5913182334695399,,0.0,0.0,0.0,0.0,,0.0,0.0,,
2025-12-05,0.006847625921889033,0.025795917412153813,0.013985860949603968,0.01584057529647148,0.30267808979064226,-0.1200000000000001,-0.7338939925936566,-0.27233910066134764,-0.08451466898972114,-1.0845146689897212,-0.5913182334695399,,0.0,0.0,0.0,0.0,,0.0,0.0,,
2025-12-08,-0.020175533035258653,-0.007445042849110628,-0.00513930155411213,0.016405814656108443,0.17373882310544042,-0.08000000000000007,-0.719280351881145,-0.26580058825029035,0.0843539995879793,-0.4278250864486317,0.0,,0.0,0.0,0.0,0.0,,0.0,0.0,,
2025-12-09,-0.010757381974810798,-0.006672965132585418,-0.013557418802403909,0.01608626825459712,0.3825939955442448,-0.08999999999999986,-0.7049000217171774,-0.2592619804532937,0.0843539995879793,-0.4278250864486317,0.0,,0.0,0.0,0.0,0.0,,0.0,0.0,,
2025-12-10,0.0035986672372896322,-0.008346867300280003,-0.009933099576521442,0.013014036680066546,0.048370958871424286,-0.07000000000000028,-0.6907598659080595,-0.2527223786688099,0.16757324924646103,-0.832426750753539,0.0,,0.0,0.0,0.0,0.0,,0.0,0.0,,
2025-12-11,-0.014820191981254283,-0.03530681383214507,-0.023815952214356173,0.013393566120233243,0.5772452985914334,-0.02999999999999936,-0.6768711578906825,-0.24618087842209024,0.5027860990761589,0.08021275412756451,0.0,,0.0,0.0,0.0,0.0,,0.0,0.0,,
2025-12-12,-0.0027816429618772176,-0.04493608271591132,-0.024342469495940655,0.01208789091970898,0.4491810586620071,-0.05000000000000071,-0.6632508261049896,-0.2396365686811944,0.838271940827695,0.9227866098174161,0.0,,0.0,0.0,0.0,0.0,,0.0,0.0,,
2025-12-15,-0.010852548313926569,-0.035613097994579235,-0.03254726482637693,0.012239931935014088,0.6788600384182164,-0.009999999999999787,-0.6499231862079611,-0.233088531157956,0.7612455053905258,0.6768915058025465,0.0,,0.0,0.0,0.0,0.0,,0.0,0.0,,
2025-12-16,-0.02765811058087042,-0.05251382660063886,-0.05548676571862554,0.012808445946437286,0.6570922879075236,0.02999999999999936,-0.6348029055896416,-0.23693737669859644,0.8381612384064371,0.6768915058025465,0.0,,0.0,0.0,0.0,0.0,,0.0,0.0,,
2025-12-17,0.012049421928642445,-0.044063071909286045,-0.04040295815819839,0.01268098010115782,0.43107448755005384,-0.03000000000000025,-0.6197562845814145,-0.24080179823482217,0.751387508385057,0.583814259138596,0.0,,0.0,0.0,0.0,0.0,,0.0,0.0,,
2025-12-18,0.003746993410638666,-0.025495886517393096,-0.03406192308556655,0.012759607863950733,-0.06067677946324235,0.019999999999999574,-0.6047723249946491,-0.2446820577365465,0.7599181601931284,0.2571320611169695,0.0,,0.0,0.0,0.0,0.0,,0.0,0.0,,
2025-12-19,0.009041813217917749,-0.01367243033759813,-0.02379968665794241,0.012439761481902404,-0.017478996073050368,0.03000000000000025,-0.5898401641487979,-0.24857842161057891,0.257337997834699,-0.5809339429929959,0.0,,0.0,0.0,0.0,0.0,,0.0,0.0,,
2025-12-22,0.02354691507560247,0.02072703305193091,0.0004575527304231386,0.013251162719251012,-0.029260704541078653,0.009999999999999787,-0.574949114793414,-0.25249116081364187,0.17213259316468202,-0.5891129122258438,0.0,,0.0,0.0,0.0,0.0,,0.0,0.0,,
2025-12-23,0.006357955947995819,0.05474309958079715,0.006445868896407525,0.012879516751407425,0.1538908100912284,-0.02999999999999936,-0.5600887404138094,-0.2564205509687445,-0.43338351748805576,-1.2715447558944928,0.0,,0.0,0.0,0.0,0.0,,0.0,0.0,,
2025-12-24,-0.0005140066934039567,0.04217967095875075,0.006188273021350277,0.012585017932230253,0.5973950314177467,0.009999999999999787,-0.5452489829782607,-0.26036687248503104,-0.17208787178352555,-0.9234753801685825,0.0,,0.0,0.0,0.0,0.0,,0.0,0.0,,
2025-12-26,-0.027979929351859667,0.010452748196252415,-0.020136249044569787,0.014027519497458786,0.48353724361280825,-0.019999999999999574,-0.5304203694574253,-0.26433041068123564,0.08512885768565676,-0.6747893025074716,0.0,,0.0,0.0,0.0,0.0,,0.0,0.0,,
2025-12-29,0.02334194113583532,0.024752876114169986,0.003608678067624105,0.015099927497608037,0.4787575770689001,0.040000000000000036,-0.5155943383997077,-0.2683114559128682,0.767624089603525,0.510286091768826,0.0,,0.0,0.0,0.0,0.0,,0.0,0.0,,
2025-12-30,-0.0022408007307790356,-0.00103483969221152,0.002536174711043948,0.01476556052796691,0.41444705945103966,0.03000000000000025,-0.5007637525011587,-0.272310303703276,0.5084741020137504,0.33634150884906844,0.0,,0.0,0.0,0.0,0.0,,0.0,0.0,,
2025-12-31,-0.009187895092843235,-0.016580690733050574,-0.005600501237525535,0.014688161887732316,-0.03333174610733458,-0.0,-0.4859237047987095,-0.2763272548787204,0.17016485246845886,0.6035483699565146,0.0,,0.0,0.0,0.0,0.0,,0.0,0.0,,
2026-01-02,-0.0017430717329469658,-0.017809755772593583,-0.005941571769302101,0.014612768912521473,-0.14124577602288024,-0.040000000000000036,1.5833738548105203,-2.659303333989624,0.7688784312940186,0.9409663030775441,-0.18952335739848003,,0.0,0.0,0.0,0.0,,0.0,0.0,,
2026-01-05,0.017295484740431633,0.027465658319697717,0.012498127662808223,0.01490675411124685,-0.12295737170875398,-0.03000000000000025,1.6290446690257936,-2.5723489700925035,0.9409492469122699,0.8558203892266132,-0.18952335739848003,,0.0,0.0,0.0,0.0,,0.0,0.0,,
2026-01-06,-0.020615714964031362,-0.016491997780168965,-0.005600205565246874,0.01538894527414682,-0.15954524587777907,-0.05999999999999961,1.677860661665466,-2.492203298688975,1.0,0.23237591039647498,-0.18952335739848003,,0.0,0.0,0.0,0.0,,0.0,0.0,,
2026-01-07,-0.020156269375569025,-0.034407466424958955,-0.023240056387825447,0.015387782453113199,-0.31633413923222164,-0.010000000000000675,1.7302246325447,-2.4179904121658686,0.5948866829477271,0.08641258093397663,-0.18952335739848003,,0.0,0.0,0.0,0.0,,0.0,0.0,,
2026-01-08,0.03112339122376806,0.00590381989165234,0.008305714729004876,0.016975084672564034,-0.28794377413450256,-0.010000000000000675,1.786615976657694,-2.3489848081179576,0.2620683521800251,0.09190349971156625,-0.18952335739848003,,0.0,0.0,0.0,0.0,,0.0,0.0,,
2026-01-09,0.023272782055376418,0.030919673679975723,0.031017170936538996,0.01777173218643067,-0.5146903288215654,0.010000000000000675,1.8476105427169254,-2.284579691549501,-0.17590168335765008,-0.9447801146516687,0.0,,0.0,0.0,0.0,0.0,,0.0,0.0,,
2026-01-12,0.006407035911637493,0.020031224851181584,0.035801519605689336,0.017435454363603043,-0.3148324014873749,-0.020000000000000462,1.9139071787362543,-2.224263081594437,-0.26584698867181966,-1.2067962355840895,0.0,,0.0,0.0,0.0,0.0,,0.0,0.0,,
2026-01-13,0.02735354958159686,0.0680004893968098,0.06002562231762543,0.018314761042917127,-0.30004833833832123,-0.0,1.9863638019168326,-2.1675995482550205,-0.4488651934620525,-1.4488651934620524,0.0,,0.0,0.0,0.0,0.0,,0.0,0.0,,
2026-01-14,0.014127051539121638,0.10228381031150047,0.06977424699443446,0.01816218029433534,-0.06823951234609105,-0.0,2.0660473170988287,-2.1142160751624246,-0.18207926394183183,-0.7769659468895589,0.0,,0.0,0.0,0.0,0.0,,0.0,0.0,,
2026-01-15,-0.04670430496966915,0.024456114118063255,0.01964382488189198,0.02030348550822303,0.07935688448036382,0.020000000000000462,2.154304145166533,-2.0637909897639077,-0.9106315971709028,-1.1726999493509278,0.0,,0.0,0.0,0.0,0.0,,0.0,0.0,,
2026-01-16,0.0042147917068700025,0.00539812376955684,0.020824230956977274,0.020203687134144936,0.11453858086948321,-0.0600000000000005,2.252862244048221,-2.0160452039040497,-0.9933165056253958,-0.8174148222677456,0.0,,0.0,0.0,0.0,0.0,,0.0,0.0,,
2026-01-19,0.0,-0.0010089121420806535,0.017977194995724588,0.020214101631767113,0.11453858086948321,-0.0600000000000005,2.3639827269007916,-1.9707352155151727,-0.9933165056253958,-0.8174148222677456,0.0,,0.0,0.0,0.0,0.0,,0.0,0.0,,
2026-01-20,0.015027833321411777,-0.013334628402265736,0.029858691350709066,0.020354481115371623,0.5781583334790064,-0.1200000000000001,2.2864434662472046,-1.9232181954769632,-1.0,-0.5511348065379476,0.0,,0.0,0.0,0.0,0.0,,0.0,0.0,,
2026-01-21,0.004629637898741379,-0.022832042042645995,0.03228785614186602,0.01978824285931091,0.5090297339723548,-0.10999999999999943,2.214752203566422,-1.8781546455495206,-1.0,-0.8179207360581682,0.0,,0.0,0.0,0.0,0.0,,0.0,0.0,,
2026-01-22,-0.021004272770531962,0.002867990156491196,0.010451221699676161,0.020421425208524316,0.6657771859017503,-0.08999999999999986,2.1481751503835773,-1.8353264963047073,-1.0,-0.8179207360581682,0.0,,0.0,0.0,0.0,0.0,,0.0,0.0,,
2026-01-23,0.0284001483759182,0.027053346825539393,0.036573300650471374,0.021324592031919408,0.9878101792248462,-0.0,2.086101534435263,-1.794542094249519,-1.0,-0.0066834943746042486,0.0,,0.0,0.0,0.0,0.0,,0.0,0.0,,
2026-01-26,-0.007230927151403499,0.019822419674135894,0.026026853963920793,0.0202528422339563,0.9878101792248462,-0.0,2.028018250697749,-1.7556322353428757,-0.9909770444862269,-0.0066834943746042486,0.0,,0.0,0.0,0.0,0.0,,0.0,0.0,,
2026-01-27,0.02861518603905555,0.03340977239177967,0.051062858222667984,0.02055928521183116,1.6687108346484347,0.05999999999999961,1.9734906216429333,-1.7184469059268108,-0.7272180923529655,0.27278190764703447,0.0,,0.0,0.0,0.0,0.0,,0.0,0.0,,
2026-01-28,0.013057510361512037,0.04183764485455033,0.059776271249257995,0.020615865837233047,1.5345671429684682,-0.0,1.9221475989714625,-1.6828525868489217,-0.844099782372104,0.15590021762789597,0.0,,0.0,0.0,0.0,0.0,,0.0,0.0,,
2026-01-29,0.03436550562603102,0.09720742325111331,0.08762000950442328,0.02139674072716446,1.4737046986397218,0.019999999999999574,1.8736702433632804,-1.6487300094975865,-0.844099782372104,0.15590021762789597,0.0,,0.0,0.0,0.0,0.0,,0.0,0.0,,
2026-01-30,-0.0032151907051272133,0.0655920841700679,0.07795665737703938,0.02142917611650649,0.8393777502657684,-0.019999999999999574,1.82778265692317,-1.6159722771430673,-0.4734072332767601,0.52659276672324,0.0,,0.0,0.0,0.0,0.0,,0.0,0.0,,
2026-02-02,-0.04822292744020995,0.024600083881261448,0.0265614891236039,0.02447513519033456,-0.2612397026746649,-0.07000000000000028,3.757340171444602,1.3370243718240349,-1.0,-0.009022955513773079,-0.1762341799844691,,0.0,0.0,0.0,0.0,,0.0,0.0,,
2026-02-03,0.01707261251930614,0.013057510361512037,0.038577444455518695,0.02399336048642566,-0.44622370102587183,-0.040000000000000036,3.487612200991157,1.3318514440761053,-0.9517841196956244,-0.22456602734265885,-0.1762341799844691,,0.0,0.0,0.0,0.0,,0.0,0.0,,
2026-02-04,0.03007628336388013,0.03007628336388013,0.06108544299503471,0.02384386731437596,-0.6369578518564456,-0.03000000000000025,3.264548809500929,1.3267160645121554,-0.9491691011064125,-0.10506931873430847,-0.1762341799844691,,0.0,0.0,0.0,0.0,,0.0,0.0,,
2026-02-05,-0.028811461060873178,-0.03310068332302407,0.027702439724029304,0.024485337942353524,-0.9058273359241698,0.03000000000000025,3.075859841661538,1.3216177266541507,0.19021365643861943,-0.10506931873430847,-0.1762341799844691,,0.0,0.0,0.0,0.0,,0.0,0.0,,
2026-02-06,0.004099658848248922,-0.025785833769647937,0.02818921252250206,0.024086696020347624,-0.28931395865634535,0.040000000000000036,2.913362750678048,1.3165559335463664,0.39298135655472083,0.8663885898314809,-0.1762341799844691,,0.0,0.0,0.0,0.0,,0.0,0.0,,
2026-02-09,0.012665324488719598,0.03510241815928161,0.036928736532592765,0.024165428369993663,0.6097452790575275,0.07000000000000028,2.771369793731377,1.3115301975254399,0.6006908015774223,1.6006908015774224,0.0,,0.0,0.0,0.0,0.0,,0.0,0.0,,
2026-02-10,-0.006234434158429281,0.01179537148154619,0.02844790108253381,0.023612389639276365,0.385500828979346,0.1200000000000001,2.6457874780687844,1.306540039997184,0.800311870584951,1.7520959902805755,0.0,,0.0,0.0,0.0,0.0,,0.0,0.0,,
2026-02-11,0.010420811309050926,-0.007860100573283013,0.0368076231114598,0.02352863682169883,0.676558977576569,0.11000000000000032,2.5335840219516004,1.3015849912199282,-0.10164490847788543,0.8475241926285271,0.0,,0.0,0.0,0.0,0.0,,0.0,0.0,,
2026-02-12,-0.02808688588738395,-0.007135525399793785,0.005728776989836426,0.02180275764639255,0.814997713145782,0.1200000000000001,2.4324593266495724,1.2966645900941605,0.9132370587882811,0.7230234023496617,0.0,,0.0,0.0,0.0,0.0,,0.0,0.0,,
2026-02-13,0.0007953551679920068,-0.0104398290800507,0.0037031437505330445,0.02180607074870579,0.6046141472437205,0.17999999999999972,2.340632301613441,1.2917783839582564,1.0,0.6070186434452791,0.0,,0.0,0.0,0.0,0.0,,0.0,0.0,,
2026-02-16,0.0,-0.023105153568770298,0.0008821553432376561,0.02180607074870579,0.6046141472437205,0.17999999999999972,2.2566992037096005,1.2869259283900871,1.0,0.6070186434452791,0.0,,0.0,0.0,0.0,0.0,,0.0,0.0,,
2026-02-17,-0.008944317734653318,-0.025815037144994335,-0.00968454324590784,0.021758569845849403,-0.1837109093136835,0.11000000000000032,2.1795365605633723,1.2821067870143072,1.0,0.199688129415049,0.0,,0.0,0.0,0.0,0.0,,0.0,0.0,,
2026-02-18,0.04486323211568877,0.008627383661643506,0.0315446283044416,0.023814040960699362,-0.3256424947705616,0.08999999999999986,2.107896490495187,1.2602816220559574,1.0,1.1016449084778854,0.0,,0.0,0.0,0.0,0.0,,0.0,0.0,,
2026-02-19,0.018842678740702112,0.05555694828972957,0.04476089890424273,0.023305666817860088,-0.5936823620696696,0.009999999999999787,2.0414213730918123,1.239007340610028,1.0,0.0867629412117189,0.0,,0.0,0.0,0.0,0.0,,0.0,0.0,,
2026-02-20,-0.0006023189460817591,0.0541592741756558,0.03998229518335883,0.02270870995892255,-0.3964235937981231,-0.040000000000000036,1.9794812997405173,1.2182547710634042,1.0,0.0,0.0,,0.0,0.0,0.0,0.0,,0.0,0.0,,
2026-02-23,-0.0012057273502916743,0.05295354682536413,0.03429902306821031,0.022589064740225675,-0.3964235937981231,-0.040000000000000036,1.921549036614369,1.1979967306391912,1.0,0.0,0.0,,0.0,0.0,0.0,0.0,,0.0,0.0,,
2026-02-24,-0.010307806895145433,0.05159005766487201,0.021459821054918393,0.02207079756673518,-0.1773436670559514,0.009999999999999787,1.8671794234932209,1.178207848634659,0.9453717029863762,-0.05462829701362382,0.0,,0.0,0.0,0.0,0.0,,0.0,0.0,,
2026-02-25,-0.003204886375392846,0.0035219391737904004,0.01653665939822435,0.021961886297664535,0.06245619156399762,0.040000000000000036,1.8159936140696495,1.158864408274445,1.0,0.0,0.0,,0.0,0.0,0.0,0.0,,0.0,0.0,,
2026-02-26,-0.0032151907051272133,-0.018535930272038925,0.013482228228353321,0.02058620711710692,0.2801191521320967,0.0600000000000005,1.7676668676644245,1.1399442048891377,1.0,0.0,0.0,,0.0,0.0,0.0,0.0,,0.0,0.0,,
2026-02-27,0.027378250904053658,0.009444639578096492,0.03949156658720465,0.021465169042734617,0.14356942056092947,0.10999999999999988,1.7219189834455733,1.1214264184475524,1.0,0.0,0.0,,0.0,0.0,0.0,0.0,,0.0,0.0,,
2026-03-02,0.06092299568109816,0.07157336260948632,0.09358835356703477,0.022059742753842627,-0.6168416857795789,-0.019999999999999574,-2.9258860699103777,-1.6604732071587398,0.8935827481310513,-0.10641725186894868,-0.09068692127598421,,0.0,0.0,0.0,0.0,,0.0,0.0,,
2026-03-03,0.04569009238707267,0.12757126189170442,0.13102136325945057,0.02363146588008507,-1.2614215113148974,-0.019999999999999574,-2.797936504574781,-1.6338002278723045,0.5561776437400935,-0.3891940592462827,-0.09068692127598421,,0.0,0.0,0.0,0.0,,0.0,0.0,,
2026-03-04,0.0013403031091021589,0.13211645137619943,0.1255413826866345,0.02310269283361393,-1.10512953323878,-0.040000000000000036,-2.6835055241540413,-1.6079842262420156,0.2780888218700447,-0.7219111781299553,-0.09068692127598421,,0.0,0.0,0.0,0.0,,0.0,0.0,,
2026-03-05,0.08162813035596272,0.21695977243728937,0.19482724978983867,0.027006530818438592,-1.4114001027953016,-0.11000000000000032,-2.580303302704406,-1.5829757349186055,-0.9138258024068275,-1.9138258024068275,-0.09068692127598421,,0.0,0.0,0.0,0.0,,0.0,0.0,,
2026-03-06,0.11518739734103267,0.3047689188742684,0.29211799695347285,0.03535523353367393,-1.4162853721239488,-0.18000000000000016,-2.486549778999635,-1.558729189520075,-0.5429746585710118,-1.5429746585710118,-0.09068692127598421,,0.0,0.0,0.0,0.0,,0.0,0.0,,
2026-03-09,0.04169290229867073,0.28553882549184095,0.314462870184248,0.03572307455610103,-0.714689003682567,-0.07000000000000028,-2.4008373065004647,-1.5352025399328981,-0.7165922840080494,-1.6101750321391006,0.0,,0.0,0.0,0.0,0.0,,0.0,0.0,,
2026-03-10,-0.12720525337425936,0.11264347973050892,0.17395812870288374,0.04830731026395963,0.5932978939850564,-0.09000000000000075,-2.322036004456333,-1.512356907950166,-1.0,-1.5561776437400936,0.0,,0.0,0.0,0.0,0.0,,0.0,0.0,,
2026-03-11,0.044529910974691944,0.1558330875960987,0.2034830965871901,0.04879991871876933,-0.18308481109929886,-0.1200000000000001,-2.2492269549318156,-1.4901562848523955,-1.0,-1.2780888218700448,0.0,,0.0,0.0,0.0,0.0,,0.0,0.0,,
2026-03-12,0.09275416787572599,0.16695912511586197,0.2751902686843728,0.050630299586706944,-0.21276542361143846,-0.13999999999999968,-2.1816540520562153,-1.4685672635341018,-1.0,-0.08617419759317246,0.0,,0.0,0.0,0.0,0.0,,0.0,0.0,,
2026-03-13,0.030654529471534353,0.08242625724636365,0.28330484366218833,0.05044158410337169,-0.8877656057778349,-0.1299999999999999,-2.1186886437530403,-1.447558800603844,-1.0,-0.4570253414289882,0.0,,0.0,0.0,0.0,0.0,,0.0,0.0,,
2026-03-16,-0.054224822135155115,-0.013491467187462192,0.20925130814007087,0.053103909830194654,-0.4868840841031785,-0.11000000000000032,-2.0598031329020228,-1.42710200457008,-1.0,-0.4570253414289882,0.0,,0.0,0.0,0.0,0.0,,0.0,0.0,,
2026-03-17,0.028571866078531905,0.14228565226532908,0.21611865164098276,0.05269508203482556,-0.9326555794669344,-0.04999999999999982,-2.0045509720274475,-1.4071699467958472,-1.0,0.0,0.0,,0.0,0.0,0.0,0.0,,0.0,0.0,,
2026-03-18,0.0011426791873372366,0.09889842047797437,0.19774283589711672,0.05259054897142583,-0.5357599433306603,-0.04999999999999982,-1.9525512979541677,-1.3877374923828327,-1.0,0.0,0.0,,0.0,0.0,0.0,0.0,,0.0,0.0,,
2026-03-19,-0.0018705190946963768,0.004273733507552002,0.17738948176298752,0.05280805976485985,-0.29835748985793664,0.019999999999999574,-1.903476985496658,-1.3687811485464552,-1.0,0.0,0.0,,0.0,0.0,0.0,0.0,,0.0,0.0,,
2026-03-20,0.02242200279196549,-0.003958793172016861,0.18017743342861703,0.05262073851569615,0.22903017623958632,-0.10999999999999943,-1.857045255622536,-1.344932945216697,-1.0,0.0,0.0,,0.0,0.0,0.0,0.0,,0.0,0.0,,
2026-03-23,-0.10941446814621081,-0.059148439183072554,0.05653935119586695,0.05993139397724441,0.1331423765789319,-0.10999999999999943,-1.8130102164098885,-1.321772588620714,-1.0,0.0,0.0,,0.0,0.0,0.0,0.0,,0.0,0.0,,
2026-03-24,0.046772709533679624,-0.040947595727924835,0.08623442082156618,0.060060676086908966,-0.24759498234205868,-0.1899999999999995,-1.7711568834434515,-1.2992628469446776,-1.0,0.0,0.0,,0.0,0.0,0.0,0.0,,0.0,0.0,,
2026-03-25,-0.02222678680384238,-0.06431706171910445,0.04788108913116407,0.06054740503815311,-0.1672675847761651,-0.07000000000000028,-1.7312963447572134,-1.2773693918344546,-1.0,0.0,0.0,,0.0,0.0,0.0,0.0,,0.0,0.0,,
2026-03-26,0.045029252047700474,-0.0174172905767076,0.07437157415466533,0.06069711877014588,-0.17373910178215546,-0.16999999999999993,-1.697861108843952,-1.256060537756475,-1.0,0.0,0.0,,0.0,0.0,0.0,0.0,,0.0,0.0,,
2026-03-27,0.05317551850487323,0.013336225136200142,0.10771846225529824,0.06116713833941737,-0.5066692607068601,-0.05000000000000071,-1.6662955032474116,-1.2353070129966646,-1.0,0.0,0.0,,0.0,0.0,0.0,0.0,,0.0,0.0,,
2026-03-30,0.031999570095329055,0.15475026337774,0.12133557322567512,0.060482496001174876,-1.1239224560206873,-0.009999999999999787,-1.6364314946279657,-1.215081758434722,-1.0,0.0,0.0,,0.0,0.0,0.0,0.0,,0.0,0.0,,
2026-03-31,-0.014687427445105428,0.09329012639895495,0.09128456264722562,0.0605545219513762,-0.7537698899937162,0.08999999999999986,-1.6081214587117385,-1.1953597508600176,-0.984989365350412,0.015010634649587962,0.0,,0.0,0.0,0.0,0.0,,0.0,0.0,,
2026-04-01,-0.012506366480629971,0.10301054672216736,0.06410694651273907,0.06080194233494826,0.006992529647498191,-0.0,-4.072924867703742,-0.715904038895644,-0.9359531437484883,0.06404685625151174,0.6698267931692481,,0.0,0.0,0.0,0.0,,0.0,0.0,,
2026-04-02,0.10801380439783426,0.16599509907230114,0.15613021755462242,0.06259117396389353,-0.09469303673923513,0.11000000000000032,-3.7697438109166237,-0.7026794927577521,-0.7540921257925869,0.2459078742074131,0.6698267931692481,,0.0,0.0,0.0,0.0,,0.0,0.0,,
2026-04-06,0.007769630512298065,0.12058921107972598,0.15328020305240742,0.05807711873605534,0.3763077500866463,0.10000000000000053,-3.5255714432877903,-0.6895370014495678,-0.9208345943080491,0.07916540569195085,0.6698267931692481,,0.0,0.0,0.0,0.0,,0.0,0.0,,
2026-04-07,0.00479234144030638,0.0933819824247033,0.14929792752111837,0.05762236877064825,0.7957284118164654,0.019999999999999574,-3.323456532784645,-0.6764688766985639,-0.7794668511215377,0.22053314887846232,0.6698267931692481,,0.0,0.0,0.0,0.0,,0.0,0.0,,
2026-04-08,-0.17929824316958687,-0.07122883329977814,-0.03617028313029813,0.06482023801706467,1.6320898913537385,0.009999999999999787,-3.1525650680463895,-0.6634674121991843,-0.4836878533951442,0.5013015119552678,0.6698267931692481,,0.0,0.0,0.0,0.0,,0.0,0.0,,
2026-04-09,0.035993067693302905,-0.022729399125845262,-0.005920340754754783,0.06458201233681453,1.015652706714465,0.040000000000000036,-3.0056063971089415,-0.6505248532679139,-0.06397499387679974,0.8719781498716885,0.0,,0.0,0.0,0.0,0.0,,0.0,0.0,,
2026-04-10,-0.01337193345890153,-0.14411513698258105,-0.01972909446468396,0.06133480874321282,1.367434835647252,-0.0,-2.87747017064614,-0.637633364622554,-0.25285375351898765,0.5012383722735992,0.0,,0.0,0.0,0.0,0.0,,0.0,0.0,,
2026-04-13,0.025659470642332316,-0.1262252968525468,0.005743308868080277,0.06121534083585798,1.194550868469868,0.040000000000000036,-2.764453822370523,-0.6247849958385665,-0.3162262874636989,0.6046083068443502,0.0,,0.0,0.0,0.0,0.0,,0.0,0.0,,
2026-04-14,-0.08199589906733884,-0.21301353736019202,-0.07505110366221857,0.062808759753305,1.6305684840425494,0.07000000000000028,-2.663800240467949,-0.6119716439640106,-0.2515734640645609,0.5278933870569769,0.0,,0.0,0.0,0.0,0.0,,0.0,0.0,,
2026-04-15,0.0001095470231691209,-0.03360574716743603,-0.07231695414923944,0.06241989680928063,0.5856730578634561,-0.0,-2.5734084223872142,-0.5991850126858577,-0.0,0.4836878533951442,0.0,,0.0,0.0,0.0,0.0,,0.0,0.0,,
2026-04-16,0.03656714541841932,-0.03303166944231961,-0.03489642955256489,0.0630320231429703,0.4526500465097505,-0.03000000000000025,-2.491645482723587,-0.5864165673298523,0.03106845324589458,0.09504344712269432,0.0,,0.0,0.0,0.0,0.0,,0.0,0.0,,
2026-04-17,-0.12157890972619079,-0.14123864570960887,-0.1496365405689266,0.06857373945020781,0.6526428797393846,0.04999999999999982,-2.417220563330725,-0.5736574848378894,0.5274702308946182,0.7803239844136058,0.0,,0.0,0.0,0.0,0.0,,0.0,0.0,,
2026-04-20,0.06643743262690993,-0.10046068372503125,-0.07856108072393297,0.07024810946050432,0.6338262532817551,0.040000000000000036,-2.3490979142365105,-0.560898597693471,0.3412796886935168,0.6575059761572157,0.0,,0.0,0.0,0.0,0.0,,0.0,0.0,,
2026-04-21,0.0,-0.018464784657692412,-0.07939377691316185,0.06577712496463428,-0.0633670192407676,-0.040000000000000036,-2.2864355314773546,-0.5481303305471912,0.37155337073154104,0.6231268347961019,0.0,,0.0,0.0,0.0,0.0,,0.0,0.0,,
2026-04-22,0.036702372207472855,0.018128040526611322,-0.0430205840286062,0.06544465377647116,-0.20116202540840789,-0.009999999999999787,-2.228540920862557,-0.5353426280169735,0.1541557475627794,0.1541557475627794,0.0,,0.0,0.0,0.0,0.0,,0.0,0.0,,
2026-04-23,0.030615176388052667,0.012176071496244667,-0.01537668512306567,0.06555267380115844,-0.2989989996755815,-0.019999999999999574,-2.1641556128271735,-0.5284380686167552,0.3985659675472232,0.3674975143013286,0.0,,0.0,0.0,0.0,0.0,,0.0,0.0,,
2026-04-24,-0.01524339634019789,0.11851158488223756,-0.030577726526381355,0.0648995861303395,-0.55039189698467,-0.04999999999999982,-2.1039008694888564,-0.5215686146168166,0.30690499480903294,-0.22056523608558526,0.0,,0.0,0.0,0.0,0.0,,0.0,0.0,,
2026-04-27,0.020653876711740793,0.07272802896706843,-0.008255412788101602,0.06389567088928409,-0.26083117524573485,-0.08999999999999986,-2.0473260707685568,-0.5147332450562414,0.12251297987628369,-0.21876670881723315,0.0,,0.0,0.0,0.0,0.0,,0.0,0.0,,
2026-04-28,0.0362749910105018,0.10900301997757023,0.02947424420318079,0.06402126845447792,-0.2858998033488991,-0.0600000000000005,-1.9940465462385986,-0.5079309571923167,-0.15206009188780342,-0.5236134626193445,0.0,,0.0,0.0,0.0,0.0,,0.0,0.0,,
2026-04-29,0.06723676891463715,0.13953741668473452,0.094069469280611,0.0657281330579734,-0.4191385526524316,-0.1200000000000001,-1.9437316329920957,-0.5011607657372379,-0.3290255963806984,-0.4831813439434778,0.0,,0.0,0.0,0.0,0.0,,0.0,0.0,,
2026-04-30,-0.01707991508765172,0.09184232520903013,0.07457668778610493,0.06579153397713716,0.037484574465840304,-0.0600000000000005,-1.8960952761120329,-0.49442170211931824,-0.26926049406351904,-0.6678264616107422,0.0,,0.0,0.0,0.0,0.0,,0.0,0.0,,
2026-05-01,-0.03024238978878735,0.07684333176044067,0.04883424129979197,0.061216209501677075,0.28367026195701417,-0.08000000000000007,-2.5553132373943757,0.12851007050310226,-0.11946253147990356,-0.4263675262889365,0.15325555203637986,,0.0,0.0,0.0,0.0,,0.0,0.0,,
2026-05-04,0.043009124256327524,0.0991985793050274,0.09458133417139347,0.06208887508286434,-0.23670176421266564,-0.10000000000000053,-2.466279787697678,0.1297274872571265,-0.3261492384938688,-0.44866221837015247,0.15325555203637986,,0.0,0.0,0.0,0.0,,0.0,0.0,,
2026-05-05,-0.03977715435030227,0.023146433944223332,0.0597706232258961,0.06260209071869573,0.12713466255007688,-0.0699999999999994,-2.3844532513983263,0.1309456812871072,-0.35660922057711225,-0.20454912868930883,0.15325555203637986,,0.0,0.0,0.0,0.0,,0.0,0.0,,
2026-05-06,-0.07289773232592811,-0.11698806729634192,-0.013480691237409914,0.050324444021062405,0.8390604336782848,0.05999999999999961,-2.308868402707979,0.13216465870005667,-0.23823924757073175,0.09078634880996664,0.15325555203637986,,0.0,0.0,0.0,0.0,,0.0,0.0,,
2026-05-07,-0.002843753562125073,-0.10275190577081528,-0.014736185874141938,0.049621238420434706,0.5556538665722921,-0.009999999999999787,-2.2387320444509617,0.13338442562208813,-0.41883782582419266,-0.14957733176067362,0.15325555203637986,,0.0,0.0,0.0,0.0,,0.0,0.0,,
2026-05-08,0.006413311158092405,-0.06609620482393552,-0.007723878021506536,0.04957114827685686,0.2984983858788537,0.009999999999999787,-2.1733854306708658,0.13460498819858815,-0.27523531447016797,-0.15577278299026442,0.0,,0.0,0.0,0.0,0.0,,0.0,0.0,,
2026-05-11,0.0273933093162686,-0.08171201976399445,0.020181736055608468,0.04962097809094045,0.648172459992058,0.03000000000000025,-2.1122762635179275,0.13582635259439013,-0.5160521320156485,-0.1899028935217797,0.0,,0.0,0.0,0.0,0.0,,0.0,0.0,,
2026-05-12,0.04105445449842282,-0.0008804109152693584,0.05559597763659063,0.04651753360769086,0.08168894636434443,-0.03000000000000025,-2.054937507936779,0.13704852499394818,-0.7331051491523158,-0.3764959285752036,0.0,,0.0,0.0,0.0,0.0,,0.0,0.0,,
2026-05-13,-0.011417446862745706,0.060599874547913046,0.03911466755069881,0.04666085344406999,-0.3179557351424389,-0.09999999999999964,-2.000971144771464,0.13827151160151308,-0.6756007689273893,-0.4373615213566575,0.0,,0.0,0.0,0.0,0.0,,0.0,0.0,,
2026-05-14,0.0014837531778928437,0.06492738128793096,0.03728872711747133,0.04606990558794236,-0.5575723064512372,-0.05999999999999961,-1.950035556516027,0.1394953186413089,-0.6790805467902761,-0.2602427209660834,0.0,,0.0,0.0,0.0,0.0,,0.0,0.0,,
2026-05-15,0.041150101209261436,0.0996641713391,0.06699268416884152,0.036155355190741215,-1.053294159906204,-0.20999999999999996,-1.9018356228542759,0.14071995235771062,-1.0,-0.724764685529832,0.0,,0.0,0.0,0.0,0.0,,0.0,0.0,,
2026-05-18,0.030271369696316164,0.10254223171914756,0.08762621285379435,0.0341065918725856,-0.8480706646495362,-0.1900000000000004,-1.856114863549995,0.1419454190154235,-1.0,-0.4839478679843515,0.0,,0.0,0.0,0.0,0.0,,0.0,0.0,,
2026-05-19,0.0,0.06148777722072474,0.0779883718424319,0.0341065918725856,-0.7822901391956627,-0.20999999999999996,-1.8126491463850096,0.14317172489966315,-1.0,-0.26689485084768416,0.0,,0.0,0.0,0.0,0.0,,0.0,0.0,,
2026-05-20,-0.1006067143828746,-0.027701490299404163,-0.0253907292222868,0.04140977284619335,-0.5813104511803058,-0.11000000000000032,-1.77124160439406,0.14439887631633688,-0.7848703084399742,-0.10926953951258489,0.0,,0.0,0.0,0.0,0.0,,0.0,0.0,,
2026-05-21,-0.019629631880127008,-0.048814875357424015,-0.04528050737085021,0.04115504632063897,-0.5893674538382188,-0.10000000000000053,-1.7317307649897076,0.1490832150417251,-0.803637850970123,-0.1245573041798469,0.0,,0.0,0.0,0.0,0.0,,0.0,0.0,,
2026-05-22,0.002591346358097546,-0.0873736302085879,-0.04384104441610326,0.040994344714920854,-0.0036048875568406302,0.03000000000000025,-1.693949547277761,0.15378833271883086,-1.0,0.0,0.0,,0.0,0.0,0.0,0.0,,0.0,0.0,,
2026-05-25,0.0,-0.11764499990490407,-0.04396023398386806,0.04073654743058561,-0.0036048875568406302,0.03000000000000025,-1.6577609659658505,0.15851469349176658,-1.0,0.0,0.0,,0.0,0.0,0.0,0.0,,0.0,0.0,,
2026-05-26,-0.028454856948016527,-0.1460998568529206,-0.06929778810172227,0.04028163753675345,0.2355777682899185,0.16999999999999993,-1.6230426148058152,0.1632627708517493,-0.6053691840715427,0.3946308159284573,0.0,,0.0,0.0,0.0,0.0,,0.0,0.0,,
2026-05-27,-0.057089499522345655,-0.10258264199239164,-0.11705367137205602,0.0384023352385732,-0.017203413157163006,0.08999999999999986,-1.5896847174718174,0.16803304793672028,-0.29308801024479547,0.4917822981951787,0.0,,0.0,0.0,0.0,0.0,,0.0,0.0,,
2026-05-28,0.0024777577717483013,-0.08047525234051633,-0.10622018099126684,0.03844368811790879,0.28248540240766173,0.1200000000000001,-1.5575884877216475,0.17282601784187565,-0.4137695856599963,0.3898682653101267,0.0,,0.0,0.0,0.0,0.0,,0.0,0.0,,
2026-05-29,-0.017474630523263812,-0.10054122922187769,-0.11597746686876498,0.03816612146012202,0.3424519728922215,0.10999999999999943,-1.526664742408439,0.177642183941601,-0.3896796733066063,0.6103203266933936,0.0,,0.0,0.0,0.0,0.0,,0.0,0.0,,
2026-06-01,0.053488684950986354,-0.04705254427089134,-0.05529541530674731,0.03896281362839022,0.3424519728922215,0.10999999999999943,-0.6036546188528124,0.4366844786350142,-0.4013698570445697,0.6103203266933936,-0.2403928015558776,,0.0,0.0,0.0,0.0,,0.0,0.0,,
2026-06-02,0.017212128881121558,-0.001385558441753254,-0.03373938397616438,0.038536006496720836,0.11219304252091389,0.040000000000000036,-0.5935758809677488,0.43962438122753583,-0.4975964256683555,0.10777275840318723,-0.2403928015558776,,0.0,0.0,0.0,0.0,,0.0,0.0,,
2026-06-03,0.023818177274091745,0.07952211835468415,-0.010413099732613063,0.03542317775480897,-0.1694034966425617,-0.009999999999999787,-0.5835556593403447,0.44257561895597364,-0.8785983016439061,-0.5855102913991106,-0.2403928015558776,,0.0,0.0,0.0,0.0,,0.0,0.0,,
2026-06-04,-0.03152699489238575,0.04551736569055009,-0.04099782558902465,0.03613874954270459,-0.2769848057409874,-0.019999999999999574,-0.5735909075433565,0.4455383182139744,-0.5397782137968836,-0.12600862813688735,-0.2403928015558776,,0.0,0.0,0.0,0.0,,0.0,0.0,,
2026-06-05,-0.027237766202595992,0.03575423001121791,-0.06561076888761352,0.036559183461865236,-1.013473443008528,-0.09999999999999964,-0.5636786263541624,0.44851260712478497,-1.0,-0.6103203266933936,-0.2403928015558776,,0.0,0.0,0.0,0.0,,0.0,0.0,,
2026-06-08,0.008359045593110181,-0.009375409346658259,-0.05367518720433839,0.03597977937819048,-0.7289873813937531,-0.08999999999999986,-0.5538158592279558,0.451498615573608,-0.797763244033908,-0.3963933869893383,0.0,,0.0,0.0,0.0,0.0,,0.0,0.0,,
2026-06-09,-0.03454382458817751,-0.061131362815957324,-0.0808625617480212,0.03500198385649746,-0.7777485615684032,-0.07000000000000028,-0.5439996878658337,0.45449647524069187,-0.5185027162473564,-0.020906290579000952,0.0,,0.0,0.0,0.0,0.0,,0.0,0.0,,
2026-06-10,0.020535985107639654,-0.06441355498240942,-0.05456779819440527,0.03553210835341938,-0.44276993386092034,-0.05999999999999961,-0.5342272278621959,0.45750631963517585,-0.5903642291082518,0.28823407253565425,0.0,,0.0,0.0,0.0,0.0,,0.0,0.0,,
2026-06-11,-0.026107030157095146,-0.05899359024711881,-0.07353651073877465,0.0357709219411433,-0.6332862774010017,0.019999999999999574,-0.5244956244161673,0.46052828412970787,-0.19663077314929775,0.34314744064758584,0.0,,0.0,0.0,0.0,0.0,,0.0,0.0,,
2026-06-12,-0.032797423657562774,-0.06455324770208559,-0.09549824054027134,0.03430883328245618,0.4795012786978359,0.0699999999999994,-0.5148020480919724,0.4635625059958609,-0.0,1.0,0.0,,0.0,0.0,0.0,0.0,,0.0,0.0,,
2026-06-15,-0.049880532202961625,-0.1227928254981574,-0.13053548379220192,0.03393361719406694,0.5983304730326489,0.08999999999999986,-0.5051436906132833,0.4666091244403644,-0.0,0.797763244033908,0.0,,0.0,0.0,0.0,0.0,,0.0,0.0,,
2026-06-16,-0.059966943397463446,-0.14821594430744334,-0.1726607910687612,0.03517949192527673,0.5882710898561738,0.10000000000000053,-0.4955177606766017,0.469668280642179,0.3060906702717328,0.8245933865190893,0.0,,0.0,0.0,0.0,0.0,,0.0,0.0,,
2026-06-17,0.009683404637150339,-0.15906852477793265,-0.15065025626170936,0.02974780890793862,0.43890007288592825,0.05999999999999961,-0.4859214797686356,0.47274011779043196,-0.5936030812693792,-0.0032388521611274035,0.0,,0.0,0.0,0.0,0.0,,0.0,0.0,,
2026-06-18,-0.0024773465959073704,-0.13543884121674488,-0.14165808695192528,0.029773435901597853,-0.23177324850520709,-0.009999999999999787,-0.4763520779724423,0.47582478112324267,-0.3963796907337017,-0.19974891758440397,0.0,,0.0,0.0,0.0,0.0,,0.0,0.0,,
2026-06-19,0.0,-0.1026414175591821,-0.1300590037283289,0.029714606027531527,-0.23177324850520709,-0.009999999999999787,-0.4668067897468389,0.47892241796745944,-0.3963796907337017,-0.19974891758440397,0.0,,0.0,0.0,0.0,0.0,,0.0,0.0,,
2026-06-22,-0.02351184782654503,-0.0762727331827655,-0.14079617593994964,0.029696653449153478,-1.0312967771242354,-0.040000000000000036,-0.45586813770090195,0.46850513327628435,-0.3963796907337017,-0.19974891758440397,0.0,,0.0,0.0,0.0,0.0,,0.0,0.0,,
2026-06-23,-0.021753205261449082,-0.03805899504675114,-0.15010978817080378,0.0295478502172072,-1.5086871939357316,-0.07000000000000028,-0.4449244053169023,0.45809868950856875,-0.5162554300973298,-0.8223461003690626,0.0,,0.0,0.0,0.0,0.0,,0.0,0.0,,
2026-06-24,-0.03999139661271478,-0.08773379629661626,-0.1785164968984052,0.028413584660067784,-1.696079392162142,0.08000000000000007,-0.4339705437246733,0.4476991636517408,-0.3782784188765,0.21532466239287923,0.0,,0.0,0.0,0.0,0.0,,0.0,0.0,,
2026-06-25,0.022213763117528984,-0.06304268658317991,-0.14570484616305102,0.02925784778971578,-0.5482749398234787,0.05999999999999961,-0.4230013686385013,0.4373025758708078,-0.34577967273355226,0.05060001800014946,0.0,,0.0,0.0,0.0,0.0,,0.0,0.0,,
2026-06-26,-0.03812009547343109,-0.101162782056611,-0.17219478077114925,0.029871022800266354,-0.5482749398234787,0.05999999999999961,-0.41201154284346864,0.4269048799340407,-0.3118925682946001,0.05060001800014946,0.0,,0.0,0.0,0.0,0.0,,0.0,0.0,,
2026-06-29,0.021718241833412755,-0.055932692396653216,-0.13725785591652429,0.026925302020356055,-0.33696596245591515,0.1299999999999999,-0.400995557264066,0.41650195311320404,-0.17329983971572588,0.05060001800014946,0.0,,0.0,0.0,0.0,0.0,,0.0,0.0,,
2026-06-30,-0.017825783952600815,-0.05200527108780495,-0.14011306120622802,0.025963815091523904,0.10771945360462665,0.05999999999999961,-0.38994771042140003,0.4060895854875782,-0.31200706359940467,0.2042483664979251,0.0,,0.0,0.0,0.0,0.0,,0.0,0.0,,
2026-07-01,-0.01332580553597218,-0.02533968001106235,-0.1366110889387997,0.02431961316626653,0.21950054360360127,-0.07000000000000028,-0.05258069541513692,0.44333710160828094,-0.3121968818059837,0.06608153707051628,-0.20978348716595985,,0.0,0.0,0.0,0.0,,0.0,0.0,,
2026-07-02,0.0016026811910165861,-0.04595076193757475,-0.11983711374855233,0.02439387775913661,0.30209184352021357,-0.08999999999999986,-0.0423946254063624,0.43261238765040877,-0.3149155004376727,0.030864172295879566,-0.20978348716595985,,0.0,0.0,0.0,0.0,,0.0,0.0,,
2026-07-03,0.0,-0.007830666464143654,-0.10602770805945028,0.024445038012498515,0.30209184352021357,-0.08999999999999986,-0.032087152212879305,0.42187753963151037,-0.3149155004376727,0.030864172295879566,-0.20978348716595985,,0.0,0.0,0.0,0.0,,0.0,0.0,,
2026-07-06,-0.00204022221746758,-0.03158913051502399,-0.09373856119728785,0.02405618860523797,0.0971455736756166,-0.10000000000000053,-0.02165130482253586,0.41112773977387346,0.07133206514947825,0.24463190486520414,-0.20978348716595985,,0.0,0.0,0.0,0.0,,0.0,0.0,,
2026-07-07,0.027197877619682842,0.013434531057259669,-0.05529839960836824,0.02525719294248793,0.09121371298527192,-0.10999999999999943,-0.011079690076157191,0.40035803533849645,-0.21650387809977498,0.09550318549962969,-0.20978348716595985,,0.0,0.0,0.0,0.0,,0.0,0.0,,
2026-07-08,0.042796194419425504,0.06955653101265735,-0.0023729316852945104,0.02715076137970557,0.012216714611767987,-0.07999999999999918,-0.0003644549382045927,0.3895633223255755,-0.2920143031962153,0.02018257860976841,0.0,,0.0,0.0,0.0,0.0,,0.0,0.0,,
2026-07-09,-0.01978086474734919,0.048172985074291574,-0.01234083119948437,0.026991203746362744,-0.0520340508177064,-0.04999999999999982,0.010502755340712995,0.3787383278589054,-0.40890238211980023,-0.09398688168212754,0.0,,0.0,0.0,0.0,0.0,,0.0,0.0,,
2026-07-10,-0.009338697739063484,0.03883428733522809,-0.013039500001311488,0.026443983022093456,-0.0520340508177064,-0.04999999999999982,0.021530843716673447,0.36787759108053486,-0.4616463018284471,-0.09398688168212754,0.0,,0.0,0.0,0.0,0.0,,0.0,0.0,,
2026-07-13,0.09006417406590561,0.13093868361860128,0.07866746768838606,0.03272606804467037,0.07754375801712898,-0.13999999999999968,0.0327293131337755,0.3569754423585658,-0.7510674156475068,-0.822399480796985,0.0,,0.0,0.0,0.0,0.0,,0.0,0.0,,
2026-07-14,0.015240325459259907,0.11898113145817835,0.09179022332860143,0.029867639293468386,0.2828302894106183,-0.03000000000000025,0.04410832432864874,0.34602598058360035,-0.5293734231399309,-0.31286954504015585,0.0,,0.0,0.0,0.0,0.0,,0.0,0.0,,
2026-07-15,0.003271677764153047,0.07945661480290589,0.09326491761736033,0.02981652337645,0.6785232810509689,0.009999999999999787,0.05567876051334705,0.3350230482973063,0.29611160459625946,0.5881259077924748,0.0,,0.0,0.0,0.0,0.0,,0.0,0.0,,
2026-07-16,-0.008199352148685612,0.09103812740156947,0.08355468227092011,0.029887064637153918,0.3494737190794406,-0.03000000000000025,0.06745229993524643,0.32396020435899325,0.1303557547916732,0.5392581369114734,0.0,,0.0,0.0,0.0,0.0,,0.0,0.0,,
2026-07-17,0.04386233317098842,0.14423915831162137,0.12371301558560255,0.03134415361680269,-0.02232279929563763,0.009999999999999787,0.07944149748401537,0.3128306938119013,0.1303557547916732,0.5392581369114734,0.0,,0.0,0.0,0.0,0.0,,0.0,0.0,,
2026-07-20,0.008930785885364223,0.06310577013107999,0.12731766992906746,0.03069429404895452,0.16663726496236597,0.020000000000000462,0.0916598767213122,0.3016274145587789,0.1437441943463673,0.8948116099938741,0.0,,0.0,0.0,0.0,0.0,,0.0,0.0,,
2026-07-21,0.019984012253267736,0.06784945692508781,0.1398886897646996,0.030170670033429842,-0.0872396092727934,-0.04999999999999982,0.10728411857722088,0.3184638818087847,-0.48868838013851873,0.040685043001412124,0.0,,0.0,0.0,0.0,0.0,,0.0,0.0,,
2026-07-22,0.0,0.06457777916093477,0.13047612751642745,0.028119040226702394,-0.22010027529157927,-0.1200000000000001,0.12339706565203228,0.33588829746486865,-0.9585428539675126,-1.254654458563772,0.0,,0.0,0.0,0.0,0.0,,0.0,0.0,,
2026-07-23,0.08225979279923123,0.15503692410885161,0.20032105658330135,0.03243252105150502,-0.4790951625100792,-0.13999999999999968,0.14004290828068547,0.35395084648695585,-1.0,-1.1303557547916732,0.0,,0.0,0.0,0.0,0.0,,0.0,0.0,,
2026-07-24,-0.03173820111470871,0.07943638982315449,0.1558488970183003,0.03193675874043333,-0.14850889601474293,-0.14000000000000057,0.15727140941598952,0.37270784650710004,-1.0,-1.1303557547916732,0.0,,0.0,0.0,0.0,0.0,,0.0,0.0,,
2026-07-27,-0.07798272512138027,-0.0074771211835900075,0.07011726179436639,0.03771845828168506,-0.19396035012415602,-0.05000000000000071,0.17513886869260223,0.3922227628051837,-0.967124724406356,-1.1108689187527232,0.0,,0.0,0.0,0.0,0.0,,0.0,0.0,,
2026-07-28,-0.04139715081212536,-0.0688582842489831,0.022149769222663096,0.03890910437933001,-0.03881308266273642,0.019999999999999574,0.19370929970317144,0.4125674374355442,-0.5580529309984992,-0.06936455085998045,0.0,,0.0,0.0,0.0,0.0,,0.0,0.0,,
2026-07-29,0.06354446174350858,-0.005313822505474519,0.07528037584262126,0.04060022779271503,-0.1788119455668591,-0.0,0.21305587882979277,0.43382358821400474,-0.24260359074454685,0.7159392632229657,0.0,,0.0,0.0,0.0,0.0,,0.0,0.0,,
2026-07-30,-0.010354153794732923,-0.09792776909943868,0.05511020867362504,0.040824216595960076,1.0191261915100447,0.03000000000000025,0.23326274325949412,0.4560846507286056,-0.44879387030993473,0.5512061296900652,0.0,,0.0,0.0,0.0,0.0,,0.0,0.0,,
2026-07-31,0.012837451943121359,-0.05335211604160861,0.05748977464532601,0.040762632214892625,0.834310188426024,-0.05999999999999961,0.25442724267149436,0.4794580604676729,-0.44879387030993473,0.5512061296900652,0.0,,0.0,0.0,0.0,0.0,,0.0,0.0,,
2026-08-03,-0.05249371872305009,-0.027863109643278428,-0.0029391552238653418,0.04307256763848849,0.8932393505550418,-0.04999999999999982,0.27666278700599667,-0.6259221173742613,-0.6298540523763556,0.3372706720300004,0.0,,0.0,0.0,0.0,0.0,,0.0,0.0,,
2026-08-04,-0.0585651929878539,-0.045031151819006965,-0.06515140582748202,0.045267139116921144,0.8514010812047612,-0.019999999999999574,0.30010248706993714,-0.6144611705924936,-0.05338748866697935,0.5046654423315198,0.0,,0.0,0.0,0.0,0.0,,0.0,0.0,,
2026-08-05,-0.007285282901091428,-0.11586089646360698,-0.07357967247831176,0.04436369854957728,1.1599546979365716,0.040000000000000036,0.3249038638922177,-0.6031781707279996,0.16464576853082888,0.40724935927537576,0.0,,0.0,0.0,0.0,0.0,,0.0,0.0,,
2026-08-06,0.02714742807658954,-0.07835931459228451,-0.04992164279265676,0.04443974494597822,0.1370374672133523,-0.010000000000000675,0.3249038638922177,-0.5920947411214148,-0.500691816551916,-0.05189794624198124,0.0,,0.0,0.0,0.0,0.0,,0.0,0.0,,
2026-08-07,0.011449279246028787,-0.07974748728937708,-0.04300116078681704,0.044366962779906476,0.533401724595961,0.09999999999999964,0.3249038638922177,-0.5812400336509934,0.11158556171206833,-0.05189794624198124,0.0,,0.0,0.0,0.0,0.0,,0.0,0.0,,
2026-08-10,0.04928949738729216,0.02203572882096516,0.0037982731942163284,0.04104183437984366,0.48155688912912,-0.019999999999999574,0.3249038638922177,-0.5706533515521093,0.05569120518071778,0.6855452575570734,0.0,,0.0,0.0,0.0,0.0,,0.0,0.0,,
2026-08-11,0.012943990075061862,0.09354491188388092,0.014367016632228058,0.041007485169465355,0.3500903445467607,-0.07000000000000028,,-0.5603879351043514,-0.22200509052658124,-0.1686176018596019,,,0.0,0.0,0.0,0.0,,0.0,0.0,,
2026-08-12,0.0008409924205654562,0.1016711872055378,0.012954296682925026,0.04100829049314148,0.22632071370596307,-0.04999999999999982,,-0.5505165501785924,-0.3940981495752387,-0.5587439181060676,,,0.0,0.0,0.0,0.0,,0.0,0.0,,
2026-08-13,-0.024557519037881725,0.04996624009106654,-0.013039026380367247,0.04138911246667341,0.2731959237327386,0.0600000000000005,,-0.541139955623787,0.056724000150345115,0.557415816702261,,,0.0,0.0,0.0,0.0,,0.0,0.0,,
2026-08-14,0.014054615705579643,0.052571576550617394,0.0010701711730733976,0.04030339741239919,0.13614423730250458,-0.02999999999999936,,-0.5324001272566935,0.05679182170112995,-0.05479374001093838,,,0.0,0.0,0.0,0.0,,0.0,0.0,,
2026-08-17,0.02516609744770193,0.028448176611027165,0.025479084890518422,0.0406558596672672,0.2557952697603394,-0.0,,-0.5245016612263492,0.11450115885386873,0.05880995367315095,,,0.0,0.0,0.0,0.0,,0.0,0.0,,
2026-08-18,0.00519359052199686,0.020697777057962163,0.030655012768822765,0.040421563110629215,0.16437459619564887,-0.009999999999999787,,-0.5389160355615553,0.41205678398112944,0.6340618745077107,,,0.0,0.0,0.0,0.0,,0.0,0.0,,
2026-08-19,0.01042347084500328,0.030280255482399987,0.04053964742788363,0.04048846529500761,0.6590948967367671,0.02999999999999936,,-0.5537255934692449,0.731678418551185,1.1257765681264238,,,0.0,0.0,0.0,0.0,,0.0,0.0,,
2026-08-20,0.023034532198897395,0.07787230671917911,0.06599660647085503,0.03612796018220521,0.7803008437317405,-0.0600000000000005,,-0.5689544888213686,1.0,0.9432759998496549,,,0.0,0.0,0.0,0.0,,0.0,0.0,,
2026-08-21,-0.008805591804874169,0.055012099208725296,0.058466811044562306,0.035507149448315484,0.7064593937232799,-0.0600000000000005,,-0.5846289778121458,0.6040964228071691,0.5473046011060392,,,0.0,0.0,0.0,0.0,,0.0,0.0,,
2026-08-24,-0.023828639494883674,0.006017362266139692,0.03320626364693702,0.031146884733070906,0.41619674449138166,0.019999999999999574,,-0.6007776630917747,0.4799764346404064,0.36547527578653766,,,0.0,0.0,0.0,0.0,,0.0,0.0,,
2026-08-25,-0.031669014469678736,-0.030845242725535904,-0.0003810655426068621,0.03051233667896306,0.634375806311982,0.07000000000000028,,-0.6174317735875474,0.6356044936265031,0.22354770964537363,,,0.0,0.0,0.0,0.0,,0.0,0.0,,
2026-08-26,-0.0015796831767849184,-0.0428483967473241,-0.000622856193242427,0.02684404019156694,-0.09574691040861172,-0.009999999999999787,,-0.6346254863604349,0.21601617163080933,-0.5156622469203757,,,0.0,0.0,0.0,0.0,,0.0,0.0,,
2026-08-27,0.01568564978501108,-0.05019727916121042,0.015098695938931428,0.027014666425320764,-0.08752287433575479,0.020000000000000462,,-0.6523962981866335,0.2236714563705612,-0.7763285436294388,,,0.0,0.0,0.0,0.0,,0.0,0.0,,
2026-08-28,-0.0015575394031142054,-0.042949226759450454,0.014296808450291465,0.026844859528712354,-0.5802843910190258,0.009999999999999787,,-0.6707854562258474,-0.4290656867953443,-1.0331621096025134,,,0.0,0.0,0.0,0.0,,0.0,0.0,,
2026-08-31,0.02790438795779071,0.008783800693223931,0.03893694298851447,0.02461670456557545,-0.5802843910190258,-0.04999999999999982,,-0.6898384592352752,-0.6217274246249003,-1.1017038592653066,,,0.0,0.0,0.0,0.0,,0.0,0.0,,
2026-09-01,0.05069843465775836,0.09115124982066103,0.08090794284442371,0.02217615459532932,-0.5802843910190258,-0.15000000000000036,,-0.7096056434347635,-1.0,-1.635604493626503,,,0.0,0.0,0.0,0.0,,0.0,0.0,,
2026-09-02,0.008718258609014207,0.10144919160646015,0.0800985895760844,0.021854352943507082,-0.5802843910190258,-0.1299999999999999,,-0.7301428704904753,-1.0,-1.2160161716308093,,10.863164057185797,0.08,0.0,0.0,0.2,,0.0,0.0,,
2026-09-03,0.0031813970116587598,0.08894493883310783,0.07495067626363561,0.021491418234635705,,-0.09999999999999964,,-0.7515123393850403,-0.5691769241429735,-0.7928483805135347,,10.66709436065846,0.4159999999999999,0.0,0.0,0.4,,0.0,0.64,,
2026-09-04,0.0019695815536575623,0.0924720597898796,0.0690649323778052,0.021523498550883258,,-0.09999999999999964,,-0.7737835494845997,-0.5691769241429735,-0.7928483805135347,,9.877270182942434,0.9280000000000002,0.36,0.32,0.8,,0.2,0.64,,
