,us10y,us2y,dxy,usdcny,usdjpy,cpi_yoy,nonfarm_surprise,fedfunds,demand_proxy,fed_expectation,gpr_index
2016-09-16,1.7,0.77,113.1765,6.6733,101.86,1.5486446201652182,54.912152124610486,0.4,-1.9939516469206886,,
2016-09-19,1.7,0.79,112.903,6.6699,101.79,1.5486446201652182,54.912152124610486,0.4,-1.9939516469206886,,
2016-09-20,1.69,0.79,113.1848,6.6706,101.87,1.5486446201652182,54.912152124610486,0.4,-1.9939516469206886,,
2016-09-21,1.66,0.79,112.9842,6.6712,100.89,1.5486446201652182,54.912152124610486,0.4,-1.9939516469206886,,
2016-09-22,1.63,0.79,112.2592,6.6692,100.72,1.5486446201652182,54.912152124610486,0.4,-1.9939516469206886,,
2016-09-23,1.62,0.77,112.7166,6.67,100.78,1.5486446201652182,54.912152124610486,0.4,-1.9939516469206886,,
2016-09-26,1.59,0.76,112.7112,6.6689,100.44,1.5486446201652182,54.912152124610486,0.4,-1.9939516469206886,,
2016-09-27,1.56,0.75,112.5515,6.669,100.29,1.5486446201652182,54.912152124610486,0.4,-1.9939516469206886,,
2016-09-28,1.57,0.75,112.6283,6.6736,100.61,1.5486446201652182,54.912152124610486,0.4,-1.9939516469206886,,
2016-09-29,1.56,0.73,112.2879,6.6679,101.49,1.5486446201652182,54.912152124610486,0.4,-1.9939516469206886,,
2016-09-30,1.6,0.77,112.2795,6.6717,101.33,1.5486446201652182,54.912152124610486,0.4,-1.9939516469206886,,
2016-10-03,1.63,0.8,112.5077,6.6716,101.37,1.685924966243646,-70.9818686506805,0.4,-1.5023811304759715,,
2016-10-04,1.69,0.82,112.6579,6.6716,102.59,1.685924966243646,-70.9818686506805,0.4,-1.5023811304759715,,
2016-10-05,1.72,0.85,112.7946,6.6746,103.16,1.685924966243646,-70.9818686506805,0.4,-1.5023811304759715,,
2016-10-06,1.75,0.86,113.0066,6.6701,103.71,1.685924966243646,-70.9818686506805,0.4,-1.5023811304759715,,
2016-10-07,1.73,0.83,113.2915,6.6716,103.63,1.685924966243646,-70.9818686506805,0.4,-1.5023811304759715,,
2016-10-10,,,,6.707,103.4,1.685924966243646,-70.9818686506805,0.4,-1.5023811304759715,,
2016-10-11,1.77,0.87,113.4461,6.719,103.71,1.685924966243646,-70.9818686506805,0.4,-1.5023811304759715,,
2016-10-12,1.79,0.87,113.7442,6.7177,103.9,1.685924966243646,-70.9818686506805,0.4,-1.5023811304759715,,
2016-10-13,1.75,0.85,113.6238,6.7278,103.72,1.685924966243646,-70.9818686506805,0.4,-1.5023811304759715,-1.0,
2016-10-14,1.8,0.84,113.7119,6.726,104.31,1.685924966243646,-70.9818686506805,0.4,-1.5023811304759715,-0.7876090070042073,
2016-10-17,1.77,0.81,113.5488,6.7378,104.11,1.685924966243646,-70.9818686506805,0.4,-1.5023811304759715,-0.23028309323591928,
2016-10-18,1.75,0.82,113.1393,6.737,104.04,1.685924966243646,-70.9818686506805,0.4,-1.5023811304759715,-0.3518576811030213,
2016-10-19,1.76,0.81,113.0547,6.7368,103.37,1.685924966243646,-70.9818686506805,0.4,-1.5023811304759715,-0.23960445824703797,
2016-10-20,1.76,0.84,113.4033,6.7377,103.61,1.685924966243646,-70.9818686506805,0.4,-1.5023811304759715,-0.6011746404684145,
2016-10-21,1.74,0.84,113.9015,6.7633,103.77,1.685924966243646,-70.9818686506805,0.4,-1.5023811304759715,-0.8455525679647021,
2016-10-24,1.77,0.84,113.8571,6.7739,104.02,1.685924966243646,-70.9818686506805,0.4,-1.5023811304759715,-0.9716090807258158,
2016-10-25,1.77,0.86,113.6801,6.7775,104.53,1.685924966243646,-70.9818686506805,0.4,-1.5023811304759715,-1.0,
2016-10-26,1.79,0.86,113.8131,6.7692,104.32,1.685924966243646,-70.9818686506805,0.4,-1.5023811304759715,-1.0,
2016-10-27,1.85,0.87,114.1998,6.7797,104.69,1.685924966243646,-70.9818686506805,0.4,-1.5023811304759715,-1.0,
2016-10-28,1.86,0.86,114.0931,6.7802,105.38,1.685924966243646,-70.9818686506805,0.4,-1.5023811304759715,-1.0,
2016-10-31,1.84,0.86,114.0188,6.7747,105.03,1.685924966243646,-70.9818686506805,0.4,-1.5023811304759715,-0.6960460752845572,
2016-11-01,1.83,0.83,113.9915,6.7693,104.83,1.6843334719788938,-50.26201517978678,0.41,-1.1862778785850958,-0.11762239486962675,82.91875457763672
2016-11-02,1.81,0.81,113.9206,6.7583,103.31,1.6843334719788938,-50.26201517978678,0.41,-1.1862778785850958,0.4776901919268245,
2016-11-03,1.82,0.81,113.7664,6.7636,103.26,1.6843334719788938,-50.26201517978678,0.41,-1.1862778785850958,0.6059797150310637,
2016-11-04,1.79,0.8,113.5828,6.757,102.98,1.6843334719788938,-50.26201517978678,0.41,-1.1862778785850958,0.36823975420016203,
2016-11-07,1.83,0.82,113.5443,6.7746,104.32,1.6843334719788938,-50.26201517978678,0.41,-1.1862778785850958,,
2016-11-08,1.88,0.87,113.3017,6.7874,104.78,1.6843334719788938,-50.26201517978678,0.41,-1.1862778785850958,-0.0,
2016-11-09,2.07,0.9,114.6956,6.7838,103.92,1.6843334719788938,-50.26201517978678,0.41,-1.1862778785850958,-0.3544981707165512,
2016-11-10,2.15,0.92,115.9375,6.7981,106.84,1.6843334719788938,-50.26201517978678,0.41,-1.1862778785850958,-0.7816723343683858,
2016-11-11,,,,6.8047,106.35,1.6843334719788938,-50.26201517978678,0.41,-1.1862778785850958,,
2016-11-14,2.23,1.0,117.2245,6.8441,107.89,1.6843334719788938,-50.26201517978678,0.41,-1.1862778785850958,-1.0,
2016-11-15,2.23,1.02,116.7724,6.857,108.27,1.6843334719788938,-50.26201517978678,0.41,-1.1862778785850958,-1.0,
2016-11-16,2.22,1.0,116.8062,6.8791,109.56,1.6843334719788938,-50.26201517978678,0.41,-1.1862778785850958,-1.0,
2016-11-17,2.29,1.04,116.8952,6.8696,109.28,1.6843334719788938,-50.26201517978678,0.41,-1.1862778785850958,-1.0,
2016-11-18,2.34,1.07,117.5936,6.8827,110.03,1.6843334719788938,-50.26201517978678,0.41,-1.1862778785850958,-1.0,
2016-11-21,2.33,1.08,117.4762,6.8943,110.61,1.6843334719788938,-50.26201517978678,0.41,-1.1862778785850958,-1.0,
2016-11-22,2.31,1.07,117.4508,6.8852,110.9,1.6843334719788938,-50.26201517978678,0.41,-1.1862778785850958,-1.0,
2016-11-23,2.36,1.12,118.0356,6.9003,111.34,1.6843334719788938,-50.26201517978678,0.41,-1.1862778785850958,-1.0,
2016-11-24,,,,6.9196,113.23,1.6843334719788938,-50.26201517978678,0.41,-1.1862778785850958,,
2016-11-25,2.36,1.12,118.02,6.9198,113.04,1.6843334719788938,-50.26201517978678,0.41,-1.1862778785850958,-1.0,
2016-11-28,2.32,1.11,117.7278,6.9088,112.63,1.6843334719788938,-50.26201517978678,0.41,-1.1862778785850958,-1.0,
2016-11-29,2.3,1.09,117.644,6.8998,112.97,1.6843334719788938,-50.26201517978678,0.41,-1.1862778785850958,-1.0,
2016-11-30,2.37,1.11,117.7636,6.8834,113.29,1.6843334719788938,-50.26201517978678,0.41,-1.1862778785850958,-1.0,
2016-12-01,2.45,1.14,117.6642,6.8859,114.23,2.0507989115119862,19.787481697412197,0.54,-0.02049641716570516,-1.0,102.18046569824219
2016-12-02,2.4,1.11,117.3116,6.8887,113.89,2.0507989115119862,19.787481697412197,0.54,-0.02049641716570516,-1.0,
2016-12-05,2.39,1.13,117.1008,6.883,114.3,2.0507989115119862,19.787481697412197,0.54,-0.02049641716570516,-1.0,
2016-12-06,2.39,1.12,116.9225,6.881,113.92,2.0507989115119862,19.787481697412197,0.54,-0.02049641716570516,-0.9781573392042269,
2016-12-07,2.34,1.1,116.672,6.8813,114.09,2.0507989115119862,19.787481697412197,0.54,-0.02049641716570516,-0.7721505622869689,
2016-12-08,2.4,1.12,117.0327,6.8799,113.93,2.0507989115119862,19.787481697412197,0.54,-0.02049641716570516,-0.7636872556703035,
2016-12-09,2.47,1.15,117.2834,6.907,115.05,2.0507989115119862,19.787481697412197,0.54,-0.02049641716570516,,
2016-12-12,2.49,1.15,116.9161,6.9106,115.79,2.0507989115119862,19.787481697412197,0.54,-0.02049641716570516,-0.550875761737274,
2016-12-13,2.48,1.17,116.8029,6.9023,115.24,2.0507989115119862,19.787481697412197,0.54,-0.02049641716570516,-0.5395588617546573,
2016-12-14,2.54,1.27,116.7332,6.9052,114.98,2.0507989115119862,19.787481697412197,0.54,-0.02049641716570516,-0.9306587550597756,
2016-12-15,2.6,1.29,118.8072,6.9356,118.08,2.0507989115119862,19.787481697412197,0.54,-0.02049641716570516,-0.826763290205492,
2016-12-16,2.6,1.28,118.3584,6.958,118.19,2.0507989115119862,19.787481697412197,0.54,-0.02049641716570516,-0.6738829362749862,
2016-12-19,2.54,1.24,118.3875,6.9533,117.24,2.0507989115119862,19.787481697412197,0.54,-0.02049641716570516,-0.5056034092230525,
2016-12-20,2.57,1.25,118.63,6.9572,118.13,2.0507989115119862,19.787481697412197,0.54,-0.02049641716570516,-0.5617141586748923,
2016-12-21,2.55,1.21,118.581,6.9445,117.37,2.0507989115119862,19.787481697412197,0.54,-0.02049641716570516,-0.28021288972419883,
2016-12-22,2.55,1.22,118.8209,6.9475,117.64,2.0507989115119862,19.787481697412197,0.54,-0.02049641716570516,,
2016-12-23,2.55,1.22,118.7856,6.9457,117.37,2.0507989115119862,19.787481697412197,0.54,-0.02049641716570516,-0.31145171536045435,
2016-12-27,2.57,1.28,118.9506,6.9525,117.39,2.0507989115119862,19.787481697412197,0.54,-0.02049641716570516,-0.5850069888938116,
2016-12-28,2.51,1.26,119.2305,6.9593,117.67,2.0507989115119862,19.787481697412197,0.54,-0.02049641716570516,-0.45591411491235406,
2016-12-29,2.49,1.22,118.6637,6.9555,116.75,2.0507989115119862,19.787481697412197,0.54,-0.02049641716570516,-0.24172804953059204,
2016-12-30,2.45,1.2,118.3466,6.9445,117.07,2.0507989115119862,19.787481697412197,0.54,-0.02049641716570516,-0.27241654557865924,
2017-01-02,,,,6.946,117.46,2.5103933482571117,12.143135764487324,0.65,-0.8031281419274894,,
2017-01-03,2.45,1.22,119.0903,6.9605,118.2,2.5103933482571117,12.143135764487324,0.65,-0.8031281419274894,-0.3015257626242311,
2017-01-04,2.46,1.24,118.8803,6.9351,117.51,2.5103933482571117,12.143135764487324,0.65,-0.8031281419274894,-0.4200764936196048,
2017-01-05,2.37,1.17,117.9999,6.8861,116.54,2.5103933482571117,12.143135764487324,0.65,-0.8031281419274894,-0.15101370361307143,
2017-01-06,2.42,1.22,118.3495,6.9178,116.0,2.5103933482571117,12.143135764487324,0.65,-0.8031281419274894,-0.21234848912150503,
2017-01-09,2.38,1.21,118.4111,6.9378,116.64,2.5103933482571117,12.143135764487324,0.65,-0.8031281419274894,-0.18421001088515843,
2017-01-10,2.38,1.19,118.5386,6.925,116.25,2.5103933482571117,12.143135764487324,0.65,-0.8031281419274894,-0.062297158124392585,
2017-01-11,2.38,1.2,119.0219,6.9338,116.29,2.5103933482571117,12.143135764487324,0.65,-0.8031281419274894,0.2219181049443474,
2017-01-12,2.36,1.18,117.8001,6.894,113.95,2.5103933482571117,12.143135764487324,0.65,-0.8031281419274894,0.3544533158337373,
2017-01-13,2.4,1.21,117.9884,6.9003,114.35,2.5103933482571117,12.143135764487324,0.65,-0.8031281419274894,0.22916253449865942,
2017-01-16,,,,6.9008,114.13,2.5103933482571117,12.143135764487324,0.65,-0.8031281419274894,,
2017-01-17,2.33,1.17,117.2656,6.8546,113.35,2.5103933482571117,12.143135764487324,0.65,-0.8031281419274894,0.27117482128841847,
2017-01-18,2.42,1.23,117.7242,6.839,113.51,2.5103933482571117,12.143135764487324,0.65,-0.8031281419274894,-0.06894412879765474,
2017-01-19,2.47,1.25,118.3182,6.8655,114.58,2.5103933482571117,12.143135764487324,0.65,-0.8031281419274894,-0.10498583670459821,
2017-01-20,2.48,1.2,,6.8778,115.19,2.5103933482571117,12.143135764487324,0.65,-0.8031281419274894,0.07180541249174485,
2017-01-23,2.41,1.16,117.2479,6.8536,113.6,2.5103933482571117,12.143135764487324,0.65,-0.8031281419274894,,
2017-01-24,2.47,1.21,117.0516,6.859,113.37,2.5103933482571117,12.143135764487324,0.65,-0.8031281419274894,0.27034801493142774,
2017-01-25,2.53,1.23,116.9355,6.8822,113.37,2.5103933482571117,12.143135764487324,0.65,-0.8031281419274894,0.12228441465792789,
2017-01-26,2.51,1.21,117.2766,6.8817,114.39,2.5103933482571117,12.143135764487324,0.65,-0.8031281419274894,0.04359252982098923,
2017-01-27,2.49,1.22,117.0735,6.8958,115.17,2.5103933482571117,12.143135764487324,0.65,-0.8031281419274894,-0.09511160786091946,
2017-01-30,2.49,1.22,116.7325,6.877,114.54,2.5103933482571117,12.143135764487324,0.65,-0.8031281419274894,,
2017-01-31,2.45,1.19,116.2241,6.8777,113.38,2.5103933482571117,12.143135764487324,0.65,-0.8031281419274894,0.17250793874244058,
2017-02-01,2.48,1.22,116.3914,6.8832,113.3,2.8103616813294208,9.616446555278072,0.66,-0.6864591168616152,0.12581479510886825,114.20635986328125
2017-02-02,2.48,1.21,115.903,6.8817,112.32,2.8103616813294208,9.616446555278072,0.66,-0.6864591168616152,-0.2777586556121516,
2017-02-03,2.49,1.21,115.6259,6.8686,113.11,2.8103616813294208,9.616446555278072,0.66,-0.6864591168616152,0.06991282221816407,
2017-02-06,2.42,1.16,116.0504,6.8615,112.29,2.8103616813294208,9.616446555278072,0.66,-0.6864591168616152,0.3701771976796059,
2017-02-07,2.4,1.16,116.4082,6.884,112.36,2.8103616813294208,9.616446555278072,0.66,-0.6864591168616152,0.23386927445357603,
2017-02-08,2.34,1.15,116.1382,6.8725,111.95,2.8103616813294208,9.616446555278072,0.66,-0.6864591168616152,0.42026771174540634,
2017-02-09,2.4,1.2,116.306,6.8662,112.27,2.8103616813294208,9.616446555278072,0.66,-0.6864591168616152,-0.17758938296312335,
2017-02-10,2.41,1.2,116.148,6.8793,113.51,2.8103616813294208,9.616446555278072,0.66,-0.6864591168616152,0.09236139435541953,
2017-02-13,2.43,1.2,116.3427,6.8738,113.75,2.8103616813294208,9.616446555278072,0.66,-0.6864591168616152,,
2017-02-14,2.47,1.25,116.3949,6.8627,113.37,2.8103616813294208,9.616446555278072,0.66,-0.6864591168616152,-0.7968242060243108,
2017-02-15,2.51,1.27,116.2162,6.8708,114.5,2.8103616813294208,9.616446555278072,0.66,-0.6864591168616152,-0.3978358723078556,
2017-02-16,2.45,1.22,116.0067,6.8558,113.55,2.8103616813294208,9.616446555278072,0.66,-0.6864591168616152,0.30041439085489097,
2017-02-17,2.42,1.21,116.4035,6.867,112.75,2.8103616813294208,9.616446555278072,0.66,-0.6864591168616152,-0.10221696712933909,
2017-02-20,,,,6.8774,113.14,2.8103616813294208,9.616446555278072,0.66,-0.6864591168616152,,
2017-02-21,2.43,1.22,116.5921,6.8848,113.67,2.8103616813294208,9.616446555278072,0.66,-0.6864591168616152,-0.10951009944796057,
2017-02-22,2.42,1.22,116.2136,6.8782,112.99,2.8103616813294208,9.616446555278072,0.66,-0.6864591168616152,0.11360283763957105,
2017-02-23,2.38,1.18,115.6527,6.8753,112.83,2.8103616813294208,9.616446555278072,0.66,-0.6864591168616152,0.34647616325990566,
2017-02-24,2.31,1.12,115.8143,6.869,112.21,2.8103616813294208,9.616446555278072,0.66,-0.6864591168616152,1.0,
2017-02-27,2.36,1.2,115.6764,6.8722,112.28,2.8103616813294208,9.616446555278072,0.66,-0.6864591168616152,0.23960649717072308,
2017-02-28,2.36,1.22,116.0032,6.868,112.14,2.8103616813294208,9.616446555278072,0.66,-0.6864591168616152,-0.3736829050365383,
2017-03-01,2.46,1.29,116.438,6.8805,113.78,2.44119623655914,-44.309281514494934,0.79,0.7162067590550603,-0.8982780659802359,96.63587951660156
2017-03-02,2.49,1.32,116.8429,6.886,114.36,2.44119623655914,-44.309281514494934,0.79,0.7162067590550603,-1.0,
2017-03-03,2.49,1.32,116.6438,6.8975,114.37,2.44119623655914,-44.309281514494934,0.79,0.7162067590550603,-1.0,
2017-03-06,2.49,1.31,116.4313,6.8967,113.81,2.44119623655914,-44.309281514494934,0.79,0.7162067590550603,-1.0,
2017-03-07,2.52,1.32,116.4303,6.9002,114.04,2.44119623655914,-44.309281514494934,0.79,0.7162067590550603,-1.0,
2017-03-08,2.57,1.36,116.875,6.911,114.3,2.44119623655914,-44.309281514494934,0.79,0.7162067590550603,-1.0,
2017-03-09,2.6,1.37,116.9959,6.9104,114.63,2.44119623655914,-44.309281514494934,0.79,0.7162067590550603,-1.0,
2017-03-10,2.58,1.36,116.616,6.9146,115.43,2.44119623655914,-44.309281514494934,0.79,0.7162067590550603,-1.0,
2017-03-13,2.62,1.4,116.4004,6.9133,114.74,2.44119623655914,-44.309281514494934,0.79,0.7162067590550603,-1.0,
2017-03-14,2.6,1.4,116.5646,6.9148,114.88,2.44119623655914,-44.309281514494934,0.79,0.7162067590550603,-1.0,
2017-03-15,2.51,1.33,116.3584,6.9138,114.64,2.44119623655914,-44.309281514494934,0.79,0.7162067590550603,-0.47522386932927535,
2017-03-16,2.53,1.35,115.4456,6.8995,113.32,2.44119623655914,-44.309281514494934,0.79,0.7162067590550603,-1.0,
2017-03-17,2.5,1.33,115.2783,6.9052,113.15,2.44119623655914,-44.309281514494934,0.79,0.7162067590550603,-0.9078932632457468,
2017-03-20,2.47,1.3,115.0426,6.9074,112.71,2.44119623655914,-44.309281514494934,0.79,0.7162067590550603,,
2017-03-21,2.43,1.27,114.8119,6.8893,112.55,2.44119623655914,-44.309281514494934,0.79,0.7162067590550603,-0.37936608501659846,
2017-03-22,2.4,1.27,114.7937,6.8875,111.1,2.44119623655914,-44.309281514494934,0.79,0.7162067590550603,-0.37897260831788887,
2017-03-23,2.41,1.26,114.7899,6.8856,110.66,2.44119623655914,-44.309281514494934,0.79,0.7162067590550603,-0.6063736347180599,
2017-03-24,2.4,1.26,114.6372,6.8863,111.14,2.44119623655914,-44.309281514494934,0.79,0.7162067590550603,-1.0,
2017-03-27,2.38,1.27,114.2347,6.878,110.14,2.44119623655914,-44.309281514494934,0.79,0.7162067590550603,-0.5358790706006714,
2017-03-28,2.42,1.3,114.419,6.8853,110.36,2.44119623655914,-44.309281514494934,0.79,0.7162067590550603,-0.6089883992821208,
2017-03-29,2.39,1.26,114.7167,6.8909,110.88,2.44119623655914,-44.309281514494934,0.79,0.7162067590550603,0.2282522558145153,
2017-03-30,2.42,1.28,114.5245,6.8895,111.19,2.44119623655914,-44.309281514494934,0.79,0.7162067590550603,0.3070571025940822,
2017-03-31,2.4,1.27,114.7938,6.8882,111.82,2.44119623655914,-44.309281514494934,0.79,0.7162067590550603,0.3839103472937136,
2017-04-03,2.35,1.24,114.8734,6.8871,111.28,2.176223471915395,7.505138718763351,0.9,1.3993011097695573,0.5389353652135759,
2017-04-04,2.36,1.25,115.0038,6.8886,110.37,2.176223471915395,7.505138718763351,0.9,1.3993011097695573,0.5426847161885063,
2017-04-05,2.34,1.24,114.9494,6.8962,110.97,2.176223471915395,7.505138718763351,0.9,1.3993011097695573,0.9348141591033183,
2017-04-06,2.34,1.24,115.0181,6.8983,110.85,2.176223471915395,7.505138718763351,0.9,1.3993011097695573,1.0,
2017-04-07,2.38,1.29,115.0547,6.8973,110.67,2.176223471915395,7.505138718763351,0.9,1.3993011097695573,0.5509686706382124,
2017-04-10,2.37,1.29,115.11,6.9032,111.29,2.176223471915395,7.505138718763351,0.9,1.3993011097695573,0.8705745321955466,
2017-04-11,2.32,1.24,115.009,6.9005,110.55,2.176223471915395,7.505138718763351,0.9,1.3993011097695573,1.0,
2017-04-12,2.28,1.24,114.9162,6.892,109.59,2.176223471915395,7.505138718763351,0.9,1.3993011097695573,0.7233189014176759,
2017-04-13,2.24,1.21,114.5059,6.8887,109.13,2.176223471915395,7.505138718763351,0.9,1.3993011097695573,1.0,
2017-04-17,2.26,1.21,114.3283,,,2.176223471915395,7.505138718763351,0.9,1.3993011097695573,0.7299586279637099,
2017-04-18,2.18,1.18,114.2575,6.883,108.84,2.176223471915395,7.505138718763351,0.9,1.3993011097695573,0.7240612265665348,
2017-04-19,2.21,1.19,114.7923,6.886,109.01,2.176223471915395,7.505138718763351,0.9,1.3993011097695573,0.6385888599743667,
2017-04-20,2.24,1.21,114.6205,6.8837,109.04,2.176223471915395,7.505138718763351,0.9,1.3993011097695573,0.39911803748397917,
2017-04-21,2.24,1.2,114.8128,6.886,109.1,2.176223471915395,7.505138718763351,0.9,1.3993011097695573,0.4771133785541289,
2017-04-24,2.28,1.25,114.3659,6.8852,110.32,2.176223471915395,7.505138718763351,0.9,1.3993011097695573,0.15942061903039045,
2017-04-25,2.35,1.29,114.5111,6.8842,110.49,2.176223471915395,7.505138718763351,0.9,1.3993011097695573,0.08021758624185664,
2017-04-26,2.32,1.28,114.9479,6.8908,111.4,2.176223471915395,7.505138718763351,0.9,1.3993011097695573,-0.16067553806539767,
2017-04-27,2.3,1.25,114.9946,6.895,111.45,2.176223471915395,7.505138718763351,0.9,1.3993011097695573,0.24217346248971316,
2017-04-28,2.29,1.28,114.7877,6.8954,111.4,2.176223471915395,7.505138718763351,0.9,1.3993011097695573,-0.08104493517928413,
2017-05-01,2.33,1.28,114.5921,,,1.8563431667619756,-1.2480102063145764,0.91,1.7500792534729248,-0.3314009499011261,102.57996368408203
2017-05-02,2.29,1.27,114.6792,6.8954,112.28,1.8563431667619756,-1.2480102063145764,0.91,1.7500792534729248,-0.1698882553142665,
2017-05-03,2.33,1.3,114.6637,6.8932,112.16,1.8563431667619756,-1.2480102063145764,0.91,1.7500792534729248,-0.5251241081956922,
2017-05-04,2.36,1.32,114.9076,6.8958,112.85,1.8563431667619756,-1.2480102063145764,0.91,1.7500792534729248,-0.7026706432826839,
2017-05-05,2.36,1.32,114.7725,6.9022,112.48,1.8563431667619756,-1.2480102063145764,0.91,1.7500792534729248,-0.26480983844514794,
2017-05-08,2.39,1.33,115.0895,6.9037,112.54,1.8563431667619756,-1.2480102063145764,0.91,1.7500792534729248,-0.3542757925854544,
2017-05-09,2.42,1.37,115.3933,6.9068,113.92,1.8563431667619756,-1.2480102063145764,0.91,1.7500792534729248,-1.0,
2017-05-10,2.41,1.35,115.1145,6.9028,113.8,1.8563431667619756,-1.2480102063145764,0.91,1.7500792534729248,-0.9364478689367859,
2017-05-11,2.39,1.35,115.0669,6.9021,113.9,1.8563431667619756,-1.2480102063145764,0.91,1.7500792534729248,-1.0,
2017-05-12,2.33,1.29,114.7479,6.9002,113.85,1.8563431667619756,-1.2480102063145764,0.91,1.7500792534729248,,
2017-05-15,2.34,1.31,114.3504,6.8929,113.43,1.8563431667619756,-1.2480102063145764,0.91,1.7500792534729248,-0.8606350217674084,
2017-05-16,2.33,1.29,113.9923,6.889,113.64,1.8563431667619756,-1.2480102063145764,0.91,1.7500792534729248,-0.9549525752781176,
2017-05-17,2.22,1.26,113.7506,6.886,112.28,1.8563431667619756,-1.2480102063145764,0.91,1.7500792534729248,-0.6128148155328602,
2017-05-18,2.23,1.27,114.2683,6.8917,110.57,1.8563431667619756,-1.2480102063145764,0.91,1.7500792534729248,-0.5398755053685004,
2017-05-19,2.23,1.28,113.7001,6.8893,111.24,1.8563431667619756,-1.2480102063145764,0.91,1.7500792534729248,-0.7801709119444398,
2017-05-22,2.25,1.29,113.5442,6.8894,111.34,1.8563431667619756,-1.2480102063145764,0.91,1.7500792534729248,-0.39971975708841867,
2017-05-23,2.29,1.31,113.6862,6.8905,111.12,1.8563431667619756,-1.2480102063145764,0.91,1.7500792534729248,-0.20262471223365244,
2017-05-24,2.26,1.29,113.675,6.8899,111.81,1.8563431667619756,-1.2480102063145764,0.91,1.7500792534729248,-0.10131235611682622,
2017-05-25,2.25,1.3,113.3719,6.868,111.76,1.8563431667619756,-1.2480102063145764,0.91,1.7500792534729248,-0.5081862218612564,
2017-05-26,2.25,1.3,113.4839,6.858,111.09,1.8563431667619756,-1.2480102063145764,0.91,1.7500792534729248,-0.20394047094349227,
2017-05-29,,,,6.8568,111.34,1.8563431667619756,-1.2480102063145764,0.91,1.7500792534729248,,
2017-05-30,2.21,1.28,113.5552,6.8555,110.95,1.8563431667619756,-1.2480102063145764,0.91,1.7500792534729248,-0.10168852688897449,
2017-05-31,2.21,1.28,113.2956,6.813,110.86,1.8563431667619756,-1.2480102063145764,0.91,1.7500792534729248,0.20761803073967092,
2017-06-01,2.21,1.28,113.3017,6.8089,111.0,1.640565809959127,0.0,1.04,1.4803308546539107,0.42742225467909845,126.78901672363281
2017-06-02,2.15,1.28,113.1908,6.8206,111.46,1.640565809959127,0.0,1.04,1.4803308546539107,0.43815896145589334,
2017-06-05,2.18,1.32,112.9755,6.8053,110.5,1.640565809959127,0.0,1.04,1.4803308546539107,0.11589194961220477,
2017-06-06,2.14,1.3,112.7095,6.7944,109.36,1.640565809959127,0.0,1.04,1.4803308546539107,0.8713751623101714,
2017-06-07,2.18,1.32,112.8191,6.798,109.46,1.640565809959127,0.0,1.04,1.4803308546539107,0.37535497253358735,
2017-06-08,2.19,1.33,112.8351,6.7978,110.22,1.640565809959127,0.0,1.04,1.4803308546539107,0.25371077801010766,
2017-06-09,2.21,1.35,112.9562,6.7969,110.45,1.640565809959127,0.0,1.04,1.4803308546539107,-0.7507099450671747,
2017-06-12,2.21,1.35,112.9837,6.7983,109.88,1.640565809959127,0.0,1.04,1.4803308546539107,-0.4882129332648797,
2017-06-13,2.21,1.38,112.6271,6.7973,110.04,1.640565809959127,0.0,1.04,1.4803308546539107,-1.0,
2017-06-14,2.15,1.35,112.0734,6.797,110.31,1.640565809959127,0.0,1.04,1.4803308546539107,-1.0,
2017-06-15,2.16,1.35,112.8708,6.805,110.11,1.640565809959127,0.0,1.04,1.4803308546539107,-0.8944745404214438,
2017-06-16,2.16,1.32,112.6155,6.8137,111.34,1.640565809959127,0.0,1.04,1.4803308546539107,-0.4459440707765591,
2017-06-19,2.19,1.36,112.7576,6.8169,110.96,1.640565809959127,0.0,1.04,1.4803308546539107,-0.7630924316487433,
2017-06-20,2.16,1.36,113.2698,6.8267,111.38,1.640565809959127,0.0,1.04,1.4803308546539107,-0.533721418901605,
2017-06-21,2.16,1.36,113.3327,6.8261,111.43,1.640565809959127,0.0,1.04,1.4803308546539107,-0.7346570179013082,
2017-06-22,2.15,1.34,113.1654,6.8335,111.26,1.640565809959127,0.0,1.04,1.4803308546539107,-0.415930799702629,
2017-06-23,2.15,1.34,112.8665,6.8391,111.3,1.640565809959127,0.0,1.04,1.4803308546539107,-0.41286087975381924,
2017-06-26,2.14,1.36,112.7633,6.842,111.67,1.640565809959127,0.0,1.04,1.4803308546539107,,
2017-06-27,2.21,1.38,112.55,6.8144,111.86,1.640565809959127,0.0,1.04,1.4803308546539107,-1.0,
2017-06-28,2.22,1.34,112.0747,6.7998,112.11,1.640565809959127,0.0,1.04,1.4803308546539107,-0.6064997562300851,
2017-06-29,2.27,1.38,111.998,6.7828,112.67,1.640565809959127,0.0,1.04,1.4803308546539107,-0.9996493073712432,
2017-06-30,2.31,1.38,111.9896,6.781,111.94,1.640565809959127,0.0,1.04,1.4803308546539107,-0.9787321262286784,
2017-07-03,2.35,1.41,112.4268,6.7951,112.99,1.7251073506566073,1.3733725432167594,1.15,1.1187969195710634,-0.8489859382910395,
2017-07-04,,,,6.8017,113.25,1.7251073506566073,1.3733725432167594,1.15,1.1187969195710634,,
2017-07-05,2.33,1.41,112.6534,6.802,113.55,1.7251073506566073,1.3733725432167594,1.15,1.1187969195710634,-0.8356199947519144,
2017-07-06,2.37,1.4,112.4199,6.8022,113.32,1.7251073506566073,1.3733725432167594,1.15,1.1187969195710634,-0.6532874902056223,
2017-07-07,2.39,1.4,112.3137,6.799,113.74,1.7251073506566073,1.3733725432167594,1.15,1.1187969195710634,-0.4597925510151062,
2017-07-10,2.38,1.4,112.1587,6.8046,114.15,1.7251073506566073,1.3733725432167594,1.15,1.1187969195710634,-0.46465047817993027,
2017-07-11,2.37,1.37,112.1434,6.802,114.3,1.7251073506566073,1.3733725432167594,1.15,1.1187969195710634,0.09784146615870773,
2017-07-12,2.33,1.35,111.5904,6.788,113.56,1.7251073506566073,1.3733725432167594,1.15,1.1187969195710634,-0.0,
2017-07-13,2.35,1.37,111.5365,6.7831,113.14,1.7251073506566073,1.3733725432167594,1.15,1.1187969195710634,-0.21611295736528316,
2017-07-14,2.33,1.35,110.9075,6.7822,113.1,1.7251073506566073,1.3733725432167594,1.15,1.1187969195710634,-0.3465989237627157,
2017-07-17,2.31,1.36,110.9304,6.7694,112.42,1.7251073506566073,1.3733725432167594,1.15,1.1187969195710634,-0.0,
2017-07-18,2.27,1.36,110.4356,6.7504,112.04,1.7251073506566073,1.3733725432167594,1.15,1.1187969195710634,-0.0,
2017-07-19,2.27,1.37,110.4339,6.7536,111.88,1.7251073506566073,1.3733725432167594,1.15,1.1187969195710634,-0.11943824881231807,
2017-07-20,2.27,1.37,110.2512,6.7706,112.25,1.7251073506566073,1.3733725432167594,1.15,1.1187969195710634,-0.3686128353882784,
2017-07-21,2.24,1.36,110.191,6.7684,111.42,1.7251073506566073,1.3733725432167594,1.15,1.1187969195710634,-0.24885238139684407,
2017-07-24,2.26,1.37,110.2004,6.7498,110.83,1.7251073506566073,1.3733725432167594,1.15,1.1187969195710634,-0.12580165732331078,
2017-07-25,2.33,1.4,110.2835,6.7512,111.41,1.7251073506566073,1.3733725432167594,1.15,1.1187969195710634,-0.252706572061145,
2017-07-26,2.29,1.36,110.3811,6.7542,111.87,1.7251073506566073,1.3733725432167594,1.15,1.1187969195710634,-0.2543628739654159,
2017-07-27,2.32,1.36,110.216,6.7394,111.44,1.7251073506566073,1.3733725432167594,1.15,1.1187969195710634,0.25442263148865546,
2017-07-28,2.3,1.34,109.92,6.7429,111.15,1.7251073506566073,1.3733725432167594,1.15,1.1187969195710634,0.5101253537102218,
2017-07-31,2.3,1.34,109.8177,6.7277,110.6,1.7251073506566073,1.3733725432167594,1.15,1.1187969195710634,0.8933612684590955,
2017-08-01,2.26,1.34,109.8495,6.7195,110.51,1.92812155729698,-42.7054355269535,1.16,0.8523014668689877,,138.5316162109375
2017-08-02,2.27,1.36,109.7503,6.7258,110.73,1.92812155729698,-42.7054355269535,1.16,0.8523014668689877,0.6401367877975715,
2017-08-03,2.24,1.34,109.8332,6.7223,110.38,1.92812155729698,-42.7054355269535,1.16,0.8523014668689877,0.7685223971175934,
2017-08-04,2.27,1.36,110.2808,6.7203,110.1,1.92812155729698,-42.7054355269535,1.16,0.8523014668689877,0.5192854922989747,
2017-08-07,2.26,1.36,110.373,6.7204,110.86,1.92812155729698,-42.7054355269535,1.16,0.8523014668689877,0.5216040400645094,
2017-08-08,2.29,1.36,110.396,6.7008,110.3,1.92812155729698,-42.7054355269535,1.16,0.8523014668689877,0.13246799877945623,
2017-08-09,2.24,1.33,110.3671,6.676,109.74,1.92812155729698,-42.7054355269535,1.16,0.8523014668689877,0.2770826732777381,
2017-08-10,2.2,1.33,110.1886,6.6543,109.75,1.92812155729698,-42.7054355269535,1.16,0.8523014668689877,0.5759221063151787,
2017-08-11,2.19,1.3,110.0422,6.665,109.15,1.92812155729698,-42.7054355269535,1.16,0.8523014668689877,0.7320484333950589,
2017-08-14,2.22,1.33,110.095,6.6723,109.59,1.92812155729698,-42.7054355269535,1.16,0.8523014668689877,0.44936635900224886,
2017-08-15,2.27,1.35,110.4846,6.6832,110.41,1.92812155729698,-42.7054355269535,1.16,0.8523014668689877,0.15149272529327415,
2017-08-16,2.23,1.33,110.4394,6.6945,110.84,1.92812155729698,-42.7054355269535,1.16,0.8523014668689877,0.6215617983839025,
2017-08-17,2.19,1.32,110.1673,6.6778,110.12,1.92812155729698,-42.7054355269535,1.16,0.8523014668689877,0.7874198419532817,
2017-08-18,2.19,1.33,110.041,6.6722,109.05,1.92812155729698,-42.7054355269535,1.16,0.8523014668689877,0.48117254382624025,
2017-08-21,2.18,1.32,109.7349,6.6714,108.98,1.92812155729698,-42.7054355269535,1.16,0.8523014668689877,0.8027185521673087,
2017-08-22,2.22,1.33,109.8386,6.663,109.36,1.92812155729698,-42.7054355269535,1.16,0.8523014668689877,1.0,
2017-08-23,2.17,1.32,109.8095,6.6602,109.09,1.92812155729698,-42.7054355269535,1.16,0.8523014668689877,0.6968724161621889,
2017-08-24,2.19,1.33,109.7524,6.6615,109.32,1.92812155729698,-42.7054355269535,1.16,0.8523014668689877,0.5498584383336962,
2017-08-25,2.17,1.35,109.3415,6.6562,109.75,1.92812155729698,-42.7054355269535,1.16,0.8523014668689877,-0.19542764463018272,
2017-08-28,2.16,1.33,109.1815,6.623,109.3,1.92812155729698,-42.7054355269535,1.16,0.8523014668689877,0.19687436175583592,
2017-08-29,2.13,1.33,109.0946,6.5959,108.62,1.92812155729698,-42.7054355269535,1.16,0.8523014668689877,0.2031861831822674,
2017-08-30,2.15,1.33,109.4052,6.5927,110.15,1.92812155729698,-42.7054355269535,1.16,0.8523014668689877,0.6145613611624313,
2017-08-31,2.12,1.33,109.3686,6.6012,110.62,1.92812155729698,-42.7054355269535,1.16,0.8523014668689877,0.20485378705414375,
2017-09-01,2.16,1.35,109.0504,6.5591,110.14,2.1805652303711787,-95.04083081996413,1.15,1.0630336308315114,0.20485378705414375,115.5344467163086
2017-09-04,,,,6.529,109.7,2.1805652303711787,-95.04083081996413,1.15,1.0630336308315114,,
2017-09-05,2.07,1.3,108.8664,6.5488,109.33,2.1805652303711787,-95.04083081996413,1.15,1.0630336308315114,1.0,
2017-09-06,2.1,1.3,108.4897,6.525,108.89,2.1805652303711787,-95.04083081996413,1.15,1.0630336308315114,0.5713333536104436,
2017-09-07,2.05,1.27,107.9224,6.4905,108.88,2.1805652303711787,-95.04083081996413,1.15,1.0630336308315114,1.0,
2017-09-08,2.06,1.27,107.808,6.4615,107.38,2.1805652303711787,-95.04083081996413,1.15,1.0630336308315114,0.5002101882538095,
2017-09-11,2.14,1.32,108.153,6.529,108.68,2.1805652303711787,-95.04083081996413,1.15,1.0630336308315114,0.1656042277886208,
2017-09-12,2.17,1.33,108.3239,6.5385,109.72,2.1805652303711787,-95.04083081996413,1.15,1.0630336308315114,0.33060018513611206,
2017-09-13,2.2,1.35,108.6628,6.5322,110.02,2.1805652303711787,-95.04083081996413,1.15,1.0630336308315114,-0.33105470139500265,
2017-09-14,2.2,1.37,108.618,6.556,110.69,2.1805652303711787,-95.04083081996413,1.15,1.0630336308315114,-0.8243231659523051,
2017-09-15,2.2,1.39,108.3147,6.5451,111.11,2.1805652303711787,-95.04083081996413,1.15,1.0630336308315114,-0.974166359347508,
2017-09-18,2.23,1.4,108.6401,6.5718,111.39,2.1805652303711787,-95.04083081996413,1.15,1.0630336308315114,-1.0,
2017-09-19,2.24,1.4,108.6142,6.5847,111.46,2.1805652303711787,-95.04083081996413,1.15,1.0630336308315114,-1.0,
2017-09-20,2.28,1.45,108.4329,6.5752,111.29,2.1805652303711787,-95.04083081996413,1.15,1.0630336308315114,-1.0,
2017-09-21,2.27,1.45,108.9267,6.5922,112.44,2.1805652303711787,-95.04083081996413,1.15,1.0630336308315114,-1.0,
2017-09-22,2.26,1.46,108.7542,6.5885,112.04,2.1805652303711787,-95.04083081996413,1.15,1.0630336308315114,-1.0,
2017-09-25,2.22,1.44,109.3302,6.6233,112.24,2.1805652303711787,-95.04083081996413,1.15,1.0630336308315114,-1.0,
2017-09-26,2.24,1.45,109.7769,6.6335,111.98,2.1805652303711787,-95.04083081996413,1.15,1.0630336308315114,-1.0,
2017-09-27,2.31,1.47,110.0722,6.642,112.94,2.1805652303711787,-95.04083081996413,1.15,1.0630336308315114,-1.0,
2017-09-28,2.31,1.45,110.2415,6.6595,112.55,2.1805652303711787,-95.04083081996413,1.15,1.0630336308315114,-1.0,
2017-09-29,2.33,1.47,110.0867,6.652,112.5,2.1805652303711787,-95.04083081996413,1.15,1.0630336308315114,-1.0,
2017-10-02,2.34,1.49,110.3686,6.6534,112.82,2.020757753132485,-41.685261855708,1.15,2.2919955326540453,,
2017-10-03,2.33,1.47,110.3281,6.6428,112.97,2.020757753132485,-41.685261855708,1.15,2.2919955326540453,-1.0,
2017-10-04,2.33,1.47,110.2425,6.6313,112.39,2.020757753132485,-41.685261855708,1.15,2.2919955326540453,-1.0,
2017-10-05,2.35,1.49,110.5823,6.652,112.46,2.020757753132485,-41.685261855708,1.15,2.2919955326540453,-1.0,
2017-10-06,2.37,1.54,110.7841,6.6534,112.95,2.020757753132485,-41.685261855708,1.15,2.2919955326540453,-1.0,
2017-10-09,,,,6.6225,112.69,2.020757753132485,-41.685261855708,1.15,2.2919955326540453,,
2017-10-10,2.35,1.51,110.3034,6.5787,112.36,2.020757753132485,-41.685261855708,1.15,2.2919955326540453,-1.0,
2017-10-11,2.35,1.51,110.3037,6.5925,112.19,2.020757753132485,-41.685261855708,1.15,2.2919955326540453,-1.0,
2017-10-12,2.33,1.51,110.3152,6.5883,112.28,2.020757753132485,-41.685261855708,1.15,2.2919955326540453,-1.0,
2017-10-13,2.28,1.51,110.2669,6.5903,112.18,2.020757753132485,-41.685261855708,1.15,2.2919955326540453,-0.8544177120301374,
2017-10-16,2.3,1.54,110.5432,6.59,111.83,2.020757753132485,-41.685261855708,1.15,2.2919955326540453,-0.9555169293607422,
2017-10-17,2.3,1.54,110.9141,6.6201,112.2,2.020757753132485,-41.685261855708,1.15,2.2919955326540453,-0.9202495238513335,
2017-10-18,2.34,1.59,110.7214,6.6275,112.88,2.020757753132485,-41.685261855708,1.15,2.2919955326540453,-0.868949053174498,
2017-10-19,2.33,1.58,110.4577,6.6174,112.54,2.020757753132485,-41.685261855708,1.15,2.2919955326540453,-0.7717517381656669,
2017-10-20,2.39,1.6,111.0375,6.6185,113.17,2.020757753132485,-41.685261855708,1.15,2.2919955326540453,-0.7941213173301068,
2017-10-23,2.38,1.58,111.2134,6.6403,113.79,2.020757753132485,-41.685261855708,1.15,2.2919955326540453,-0.7695637465571321,
2017-10-24,2.42,1.6,111.4027,6.634,113.89,2.020757753132485,-41.685261855708,1.15,2.2919955326540453,-0.7962727234378897,
2017-10-25,2.44,1.61,111.3904,6.6455,114.05,2.020757753132485,-41.685261855708,1.15,2.2919955326540453,-0.7167053604192086,
2017-10-26,2.46,1.63,111.6418,6.6369,113.8,2.020757753132485,-41.685261855708,1.15,2.2919955326540453,-0.888243947663254,
2017-10-27,2.42,1.59,112.1495,6.6545,114.19,2.020757753132485,-41.685261855708,1.15,2.2919955326540453,-0.5793299232395486,
2017-10-30,2.37,1.58,111.901,6.6453,113.53,2.020757753132485,-41.685261855708,1.15,2.2919955326540453,-0.42716649842214593,
2017-10-31,2.38,1.6,111.8052,6.6315,113.42,2.020757753132485,-41.685261855708,1.15,2.2919955326540453,-0.6047220978125234,
2017-11-01,2.37,1.61,111.7942,6.611,114.19,2.172493864295566,53.560993583471586,1.16,2.9662701539719283,-0.6405291412513681,92.59601593017578
2017-11-02,2.35,1.61,111.5474,6.6132,114.13,2.172493864295566,53.560993583471586,1.16,2.9662701539719283,-0.5413253644072845,
2017-11-03,2.34,1.63,111.9383,6.6226,113.94,2.172493864295566,53.560993583471586,1.16,2.9662701539719283,-0.40137344609858766,
2017-11-06,2.32,1.61,111.7197,6.6341,114.14,2.172493864295566,53.560993583471586,1.16,2.9662701539719283,,
2017-11-07,2.32,1.63,111.9446,6.6381,114.19,2.172493864295566,53.560993583471586,1.16,2.9662701539719283,-0.5223017920707198,
2017-11-08,2.32,1.65,111.6935,6.6297,113.49,2.172493864295566,53.560993583471586,1.16,2.9662701539719283,-0.6006479609728327,
2017-11-09,2.33,1.63,111.5626,6.6374,113.28,2.172493864295566,53.560993583471586,1.16,2.9662701539719283,-0.5120033887254458,
2017-11-10,2.4,1.67,,6.6425,113.33,2.172493864295566,53.560993583471586,1.16,2.9662701539719283,-0.6730130130466716,
2017-11-13,2.4,1.7,111.7833,6.6412,113.31,2.172493864295566,53.560993583471586,1.16,2.9662701539719283,-0.6615421868486633,
2017-11-14,2.38,1.68,111.5097,6.6369,113.49,2.172493864295566,53.560993583471586,1.16,2.9662701539719283,-0.5726845190443451,
2017-11-15,2.33,1.68,111.4809,6.622,112.71,2.172493864295566,53.560993583471586,1.16,2.9662701539719283,-0.36589453240826225,
2017-11-16,2.37,1.72,111.2568,6.632,113.09,2.172493864295566,53.560993583471586,1.16,2.9662701539719283,-0.5608118479366315,
2017-11-17,2.35,1.73,111.0016,6.6332,112.61,2.172493864295566,53.560993583471586,1.16,2.9662701539719283,-0.5117346085917808,
2017-11-20,2.37,1.77,111.2599,6.634,112.13,2.172493864295566,53.560993583471586,1.16,2.9662701539719283,-0.7324926448893069,
2017-11-21,2.36,1.77,110.9828,6.633,112.54,2.172493864295566,53.560993583471586,1.16,2.9662701539719283,-0.6445648847309778,
2017-11-22,2.32,1.74,110.5632,6.618,112.02,2.172493864295566,53.560993583471586,1.16,2.9662701539719283,-0.48995888216505984,
2017-11-23,,,,6.5733,111.23,2.172493864295566,53.560993583471586,1.16,2.9662701539719283,,
2017-11-24,2.34,1.75,110.0253,6.605,111.34,2.172493864295566,53.560993583471586,1.16,2.9662701539719283,-0.604680375502167,
2017-11-27,2.32,1.74,110.1136,6.6018,111.02,2.172493864295566,53.560993583471586,1.16,2.9662701539719283,-0.5975231352517326,
2017-11-28,2.34,1.75,110.3018,6.5975,111.24,2.172493864295566,53.560993583471586,1.16,2.9662701539719283,-0.564371914181015,
2017-11-29,2.37,1.78,110.3265,6.604,111.81,2.172493864295566,53.560993583471586,1.16,2.9662701539719283,-0.642640137314043,
2017-11-30,2.42,1.78,110.4648,6.6147,112.31,2.172493864295566,53.560993583471586,1.16,2.9662701539719283,-0.6538941401924838,
2017-12-01,2.37,1.78,110.1413,6.6093,112.49,2.129930719552253,-34.30619490580599,1.3,2.467143465957866,-0.5902920506850796,82.71825408935547
2017-12-04,2.37,1.8,110.397,6.6188,112.86,2.129930719552253,-34.30619490580599,1.3,2.467143465957866,-0.7538989949258579,
2017-12-05,2.36,1.83,110.4905,6.614,112.58,2.129930719552253,-34.30619490580599,1.3,2.467143465957866,-0.7953981741637584,
2017-12-06,2.33,1.78,110.8711,6.615,112.14,2.129930719552253,-34.30619490580599,1.3,2.467143465957866,-0.5238425487208099,
2017-12-07,2.37,1.8,111.0178,6.6191,112.74,2.129930719552253,-34.30619490580599,1.3,2.467143465957866,-0.6899678007518907,
2017-12-08,2.38,1.8,111.2273,6.6197,113.49,2.129930719552253,-34.30619490580599,1.3,2.467143465957866,-0.5306008144214502,
2017-12-11,2.39,1.82,111.0827,6.6183,113.31,2.129930719552253,-34.30619490580599,1.3,2.467143465957866,-0.4907418118735046,
2017-12-12,2.4,1.83,111.5214,6.6186,113.5,2.129930719552253,-34.30619490580599,1.3,2.467143465957866,-0.6153847573468127,
2017-12-13,2.36,1.79,111.2759,6.62,113.32,2.129930719552253,-34.30619490580599,1.3,2.467143465957866,-0.4527263772187622,
2017-12-14,2.35,1.82,111.0893,6.6085,112.61,2.129930719552253,-34.30619490580599,1.3,2.467143465957866,-0.4113978883457037,
2017-12-15,2.35,1.84,111.1286,6.6087,112.19,2.129930719552253,-34.30619490580599,1.3,2.467143465957866,-0.45061323396702624,
2017-12-18,2.39,1.84,110.9086,6.6176,112.47,2.129930719552253,-34.30619490580599,1.3,2.467143465957866,-0.2877370432179202,
2017-12-19,2.46,1.87,111.1255,6.6031,112.69,2.129930719552253,-34.30619490580599,1.3,2.467143465957866,-0.40989314712175284,
2017-12-20,2.49,1.87,110.8361,6.5788,113.26,2.129930719552253,-34.30619490580599,1.3,2.467143465957866,-0.5307077951383,
2017-12-21,2.48,1.89,110.8786,6.585,113.49,2.129930719552253,-34.30619490580599,1.3,2.467143465957866,,
2017-12-22,2.48,1.91,111.0997,6.576,113.36,2.129930719552253,-34.30619490580599,1.3,2.467143465957866,-0.6481380339872641,
2017-12-26,2.47,1.92,110.9758,,,2.129930719552253,-34.30619490580599,1.3,2.467143465957866,-0.6945953570138143,
2017-12-27,2.42,1.89,110.8553,6.5553,113.24,2.129930719552253,-34.30619490580599,1.3,2.467143465957866,-0.45283878869591376,
2017-12-28,2.43,1.91,110.5154,6.536,112.9,2.129930719552253,-34.30619490580599,1.3,2.467143465957866,-0.5357947584130017,
2017-12-29,2.4,1.89,110.0783,6.5075,112.57,2.129930719552253,-34.30619490580599,1.3,2.467143465957866,-0.4522207173409693,
2018-01-02,2.46,1.92,109.6445,6.493,112.18,2.151318868063945,-44.933651817358374,1.41,2.7352874765469437,-0.37012735160469973,
2018-01-03,2.44,1.94,109.6751,6.5015,112.26,2.151318868063945,-44.933651817358374,1.41,2.7352874765469437,-0.6573455350455252,
2018-01-04,2.46,1.96,109.4777,6.4965,112.66,2.151318868063945,-44.933651817358374,1.41,2.7352874765469437,-0.6558490340236733,
2018-01-05,2.47,1.96,109.3496,6.4883,113.28,2.151318868063945,-44.933651817358374,1.41,2.7352874765469437,-0.6571579120372092,
2018-01-08,2.49,1.96,109.5681,6.4993,113.04,2.151318868063945,-44.933651817358374,1.41,2.7352874765469437,-0.5739440431835521,
2018-01-09,2.55,1.98,109.9025,6.5257,112.56,2.151318868063945,-44.933651817358374,1.41,2.7352874765469437,-0.6129551993915308,
2018-01-10,2.55,1.98,109.628,6.504,111.42,2.151318868063945,-44.933651817358374,1.41,2.7352874765469437,-0.7679335674791584,
2018-01-11,2.54,1.98,109.4888,6.5014,111.67,2.151318868063945,-44.933651817358374,1.41,2.7352874765469437,-0.6431099203414102,
2018-01-12,2.55,1.99,108.901,6.461,111.13,2.151318868063945,-44.933651817358374,1.41,2.7352874765469437,-0.597560819697773,
2018-01-15,,,,6.4381,110.62,2.151318868063945,-44.933651817358374,1.41,2.7352874765469437,,
2018-01-16,2.54,2.03,108.3218,6.4415,110.71,2.151318868063945,-44.933651817358374,1.41,2.7352874765469437,-0.6371086268242122,
2018-01-17,2.57,2.05,108.1526,6.4351,110.8,2.151318868063945,-44.933651817358374,1.41,2.7352874765469437,-0.7038556983051977,
2018-01-18,2.62,2.05,108.0655,6.4227,111.21,2.151318868063945,-44.933651817358374,1.41,2.7352874765469437,-0.6146246566445939,
2018-01-19,2.64,2.06,107.9455,6.404,110.6,2.151318868063945,-44.933651817358374,1.41,2.7352874765469437,-0.5716716555341617,
2018-01-22,2.66,2.08,108.107,6.4036,110.84,2.151318868063945,-44.933651817358374,1.41,2.7352874765469437,,
2018-01-23,2.63,2.06,107.9979,6.4059,110.5,2.151318868063945,-44.933651817358374,1.41,2.7352874765469437,-0.5292646703745044,
2018-01-24,2.65,2.08,107.0802,6.373,109.4,2.151318868063945,-44.933651817358374,1.41,2.7352874765469437,-0.7147116605534105,
2018-01-25,2.63,2.08,106.5052,6.331,108.91,2.151318868063945,-44.933651817358374,1.41,2.7352874765469437,-0.638899709777168,
2018-01-26,2.66,2.13,106.6911,6.3278,109.32,2.151318868063945,-44.933651817358374,1.41,2.7352874765469437,-0.8891827813745552,
2018-01-29,2.7,2.11,107.1142,6.3319,108.85,2.151318868063945,-44.933651817358374,1.41,2.7352874765469437,,
2018-01-30,2.73,2.13,107.1064,6.3253,108.67,2.151318868063945,-44.933651817358374,1.41,2.7352874765469437,-0.7743169286043512,
2018-01-31,2.72,2.14,106.7696,6.2888,108.85,2.151318868063945,-44.933651817358374,1.41,2.7352874765469437,-0.7316129302451718,
2018-02-01,2.78,2.16,106.4877,6.2967,109.66,2.263468931091861,162.6283437526529,1.42,3.3994953469032696,-0.7288323464995088,64.49137115478516
2018-02-02,2.84,2.15,107.1151,6.288,109.85,2.263468931091861,162.6283437526529,1.42,3.3994953469032696,-0.6881314463389445,
2018-02-05,2.77,2.08,107.33,6.29,109.86,2.263468931091861,162.6283437526529,1.42,3.3994953469032696,-0.43687766977381554,
2018-02-06,2.79,2.1,107.5204,6.2816,109.47,2.263468931091861,162.6283437526529,1.42,3.3994953469032696,-0.4407178704805243,
2018-02-07,2.84,2.15,107.7175,6.2746,109.29,2.263468931091861,162.6283437526529,1.42,3.3994953469032696,-0.6256135302982574,
2018-02-08,2.85,2.13,108.3025,6.3295,109.62,2.263468931091861,162.6283437526529,1.42,3.3994953469032696,-0.5525101958704757,
2018-02-09,2.83,2.05,108.2582,6.3034,108.85,2.263468931091861,162.6283437526529,1.42,3.3994953469032696,-0.2241218104801473,
2018-02-12,2.86,2.09,108.0332,6.3283,108.64,2.263468931091861,162.6283437526529,1.42,3.3994953469032696,,
2018-02-13,2.83,2.1,107.7574,6.3443,107.69,2.263468931091861,162.6283437526529,1.42,3.3994953469032696,-0.2631949016428345,
2018-02-14,2.91,2.17,107.4691,6.3444,107.22,2.263468931091861,162.6283437526529,1.42,3.3994953469032696,-0.4506046713265343,
2018-02-15,2.9,2.19,106.9867,6.3444,106.55,2.263468931091861,162.6283437526529,1.42,3.3994953469032696,-0.5163977794943245,
2018-02-16,2.87,2.21,107.0359,6.3444,106.18,2.263468931091861,162.6283437526529,1.42,3.3994953469032696,-0.5493763887282835,
2018-02-19,,,,6.3444,106.56,2.263468931091861,162.6283437526529,1.42,3.3994953469032696,,
2018-02-20,2.88,2.25,107.6249,6.3444,107.17,2.263468931091861,162.6283437526529,1.42,3.3994953469032696,-0.6996114544392591,
2018-02-21,2.94,2.26,107.8679,6.3444,107.55,2.263468931091861,162.6283437526529,1.42,3.3994953469032696,-0.652182363429861,
2018-02-22,2.92,2.25,107.8668,6.3608,107.1,2.263468931091861,162.6283437526529,1.42,3.3994953469032696,-0.6101832553798154,
2018-02-23,2.88,2.25,107.6804,6.335,106.74,2.263468931091861,162.6283437526529,1.42,3.3994953469032696,-0.4283160816316039,
2018-02-26,2.86,2.22,107.7347,6.3087,106.82,2.263468931091861,162.6283437526529,1.42,3.3994953469032696,-0.39265036120919067,
2018-02-27,2.9,2.27,108.1731,6.3137,107.12,2.263468931091861,162.6283437526529,1.42,3.3994953469032696,-0.4933134123403827,
2018-02-28,2.87,2.25,108.3903,6.3276,107.02,2.263468931091861,162.6283437526529,1.42,3.3994953469032696,-0.38942271488024566,
2018-03-01,2.81,2.22,108.5358,6.3503,106.79,2.3309497646499366,26.49097499381593,1.51,3.224806264183644,-0.2143853516242317,111.96229553222656
2018-03-02,2.86,2.25,,6.3451,105.4,2.3309497646499366,26.49097499381593,1.51,3.224806264183644,-0.3598279816572735,
2018-03-05,2.88,2.24,108.3614,6.3403,105.65,2.3309497646499366,26.49097499381593,1.51,3.224806264183644,-0.5802085098687747,
2018-03-06,2.88,2.25,107.7969,6.3281,106.23,2.3309497646499366,26.49097499381593,1.51,3.224806264183644,-0.5476903134834789,
2018-03-07,2.89,2.25,108.0911,6.3207,105.83,2.3309497646499366,26.49097499381593,1.51,3.224806264183644,-0.37265245456887414,
2018-03-08,2.86,2.25,108.2671,6.3357,106.13,2.3309497646499366,26.49097499381593,1.51,3.224806264183644,-0.45470316158850754,
2018-03-09,2.9,2.27,107.923,6.3376,106.83,2.3309497646499366,26.49097499381593,1.51,3.224806264183644,-0.8433136684127185,
2018-03-12,2.87,2.27,107.9438,6.3312,106.52,2.3309497646499366,26.49097499381593,1.51,3.224806264183644,-0.7007324752442429,
2018-03-13,2.84,2.26,107.7384,6.3229,106.89,2.3309497646499366,26.49097499381593,1.51,3.224806264183644,-0.6311887899612156,
2018-03-14,2.81,2.26,107.8623,6.3133,106.53,2.3309497646499366,26.49097499381593,1.51,3.224806264183644,-0.3610560154418981,
2018-03-15,2.82,2.29,108.2032,6.3176,106.07,2.3309497646499366,26.49097499381593,1.51,3.224806264183644,-0.404879976201071,
2018-03-16,2.85,2.31,108.4332,6.3255,105.85,2.3309497646499366,26.49097499381593,1.51,3.224806264183644,-0.40616174121830195,
2018-03-19,2.85,2.31,108.3145,6.3323,106.14,2.3309497646499366,26.49097499381593,1.51,3.224806264183644,,
2018-03-20,2.89,2.34,108.4953,6.333,106.48,2.3309497646499366,26.49097499381593,1.51,3.224806264183644,-0.36077264573709444,
2018-03-21,2.89,2.31,,6.33,106.22,2.3309497646499366,26.49097499381593,1.51,3.224806264183644,-0.2038543912040796,
2018-03-22,2.83,2.29,107.9935,6.3345,105.35,2.3309497646499366,26.49097499381593,1.51,3.224806264183644,-0.1662318085689376,
2018-03-23,2.82,2.28,107.7495,6.3158,105.09,2.3309497646499366,26.49097499381593,1.51,3.224806264183644,-0.12865565383347927,
2018-03-26,2.85,2.33,107.1819,6.2786,105.12,2.3309497646499366,26.49097499381593,1.51,3.224806264183644,-0.46646026525414447,
2018-03-27,2.78,2.26,107.3359,6.2807,105.88,2.3309497646499366,26.49097499381593,1.51,3.224806264183644,0.04369478859729066,
2018-03-28,2.77,2.28,107.5733,6.289,106.15,2.3309497646499366,26.49097499381593,1.51,3.224806264183644,-0.13440856193384662,
2018-03-29,2.74,2.27,107.665,6.2875,106.44,2.3309497646499366,26.49097499381593,1.51,3.224806264183644,-0.22951470222884165,
2018-03-30,,,107.4784,,,2.3309497646499366,26.49097499381593,1.51,3.224806264183644,,
2018-04-02,2.73,2.25,107.7033,,,2.4709963021052994,-36.5886108499266,1.69,3.309758614070435,-0.04878787143900572,
2018-04-03,2.79,2.28,107.5624,6.2846,106.24,2.4709963021052994,-36.5886108499266,1.69,3.309758614070435,-0.1505153315228629,
2018-04-04,2.79,2.28,107.6361,6.3057,106.25,2.4709963021052994,-36.5886108499266,1.69,3.309758614070435,-0.1555108020695164,
2018-04-05,2.83,2.3,107.7281,6.3052,107.06,2.4709963021052994,-36.5886108499266,1.69,3.309758614070435,-0.26823975359089836,
2018-04-06,2.77,2.27,107.7886,6.3052,107.34,2.4709963021052994,-36.5886108499266,1.69,3.309758614070435,-0.0,
2018-04-09,2.78,2.29,107.5316,6.3139,107.01,2.4709963021052994,-36.5886108499266,1.69,3.309758614070435,-0.11189206599306252,
2018-04-10,2.8,2.32,107.3659,6.2892,107.01,2.4709963021052994,-36.5886108499266,1.69,3.309758614070435,-0.3424566456485646,
2018-04-11,2.79,2.32,107.1224,6.2835,106.8,2.4709963021052994,-36.5886108499266,1.69,3.309758614070435,-0.34800046400093165,
2018-04-12,2.83,2.34,107.2905,6.2852,107.15,2.4709963021052994,-36.5886108499266,1.69,3.309758614070435,-0.2941438166704101,
2018-04-13,2.82,2.37,107.2368,6.281,107.69,2.4709963021052994,-36.5886108499266,1.69,3.309758614070435,-0.3544711655721806,
2018-04-16,2.83,2.39,107.0595,6.2834,107.33,2.4709963021052994,-36.5886108499266,1.69,3.309758614070435,-0.469413022113888,
2018-04-17,2.82,2.41,107.0344,6.283,107.11,2.4709963021052994,-36.5886108499266,1.69,3.309758614070435,-0.40957359178484604,
2018-04-18,2.87,2.42,107.1096,6.2824,107.22,2.4709963021052994,-36.5886108499266,1.69,3.309758614070435,-0.6371870208477104,
2018-04-19,2.92,2.44,107.5197,6.2766,107.32,2.4709963021052994,-36.5886108499266,1.69,3.309758614070435,-0.857072810225595,
2018-04-20,2.96,2.46,108.1787,6.2921,107.57,2.4709963021052994,-36.5886108499266,1.69,3.309758614070435,-0.994882450682107,
2018-04-23,2.98,2.49,108.9332,6.3089,108.17,2.4709963021052994,-36.5886108499266,1.69,3.309758614070435,-0.8540484684967549,
2018-04-24,3.0,2.48,108.7906,6.3057,108.83,2.4709963021052994,-36.5886108499266,1.69,3.309758614070435,-1.0,
2018-04-25,3.03,2.49,109.3447,6.3232,109.18,2.4709963021052994,-36.5886108499266,1.69,3.309758614070435,-1.0,
2018-04-26,3.0,2.49,109.3646,6.325,109.2,2.4709963021052994,-36.5886108499266,1.69,3.309758614070435,-1.0,
2018-04-27,2.96,2.49,109.1735,6.3394,109.32,2.4709963021052994,-36.5886108499266,1.69,3.309758614070435,,
2018-04-30,2.95,2.49,109.3363,6.3394,109.38,2.4709963021052994,-36.5886108499266,1.69,3.309758614070435,-1.0,
2018-05-01,2.97,2.5,109.7445,,,2.781921607842497,86.81505198934316,1.7,2.2584201444366236,-1.0,125.66661834716797
2018-05-02,2.97,2.49,110.1625,6.359,109.8,2.781921607842497,86.81505198934316,1.7,2.2584201444366236,-0.9887074942837325,
2018-05-03,2.94,2.49,110.1803,6.3488,109.26,2.781921607842497,86.81505198934316,1.7,2.2584201444366236,-0.892307697439572,
2018-05-04,2.95,2.51,110.25,6.3592,108.92,2.781921607842497,86.81505198934316,1.7,2.2584201444366236,-1.0,
2018-05-07,2.95,2.49,110.5721,6.3668,109.35,2.781921607842497,86.81505198934316,1.7,2.2584201444366236,-0.9811515707426639,
2018-05-08,2.97,2.51,111.063,6.3678,109.06,2.781921607842497,86.81505198934316,1.7,2.2584201444366236,-0.9466144485762382,
2018-05-09,3.0,2.54,110.8818,6.3665,109.64,2.781921607842497,86.81505198934316,1.7,2.2584201444366236,-1.0,
2018-05-10,2.97,2.54,110.405,6.3495,109.63,2.781921607842497,86.81505198934316,1.7,2.2584201444366236,-0.9687225684379077,
2018-05-11,2.97,2.54,110.2847,6.3325,109.3,2.781921607842497,86.81505198934316,1.7,2.2584201444366236,-0.8106438470019296,
2018-05-14,3.0,2.55,110.408,6.3374,109.5,2.781921607842497,86.81505198934316,1.7,2.2584201444366236,-0.7462523037071825,
2018-05-15,3.08,2.58,111.2292,6.3625,110.05,2.781921607842497,86.81505198934316,1.7,2.2584201444366236,-0.7702792880315289,
2018-05-16,3.09,2.58,111.3068,6.3762,110.17,2.781921607842497,86.81505198934316,1.7,2.2584201444366236,-0.7061321243136539,
2018-05-17,3.11,2.57,111.3547,6.368,110.68,2.781921607842497,86.81505198934316,1.7,2.2584201444366236,-0.5631243077940821,
2018-05-18,3.06,2.55,111.7171,6.3787,110.93,2.781921607842497,86.81505198934316,1.7,2.2584201444366236,-0.3855414173821609,
2018-05-21,3.06,2.58,111.6394,6.3863,111.27,2.781921607842497,86.81505198934316,1.7,2.2584201444366236,-0.3814973868202587,
2018-05-22,3.06,2.59,111.1945,6.3687,110.82,2.781921607842497,86.81505198934316,1.7,2.2584201444366236,-0.45771049475268144,
2018-05-23,3.01,2.53,111.6933,6.3885,109.85,2.781921607842497,86.81505198934316,1.7,2.2584201444366236,-0.16629888369758447,
2018-05-24,2.98,2.5,111.4885,6.3837,109.53,2.781921607842497,86.81505198934316,1.7,2.2584201444366236,-0.0420289256581249,
2018-05-25,2.93,2.48,111.5843,6.3907,109.4,2.781921607842497,86.81505198934316,1.7,2.2584201444366236,0.04240516747398101,
2018-05-28,,,,6.3988,109.35,2.781921607842497,86.81505198934316,1.7,2.2584201444366236,,
2018-05-29,2.77,2.32,112.2127,6.4175,108.91,2.781921607842497,86.81505198934316,1.7,2.2584201444366236,0.7771448377832085,
2018-05-30,2.84,2.42,111.6731,6.4196,108.98,2.781921607842497,86.81505198934316,1.7,2.2584201444366236,0.30696137902364873,
2018-05-31,2.83,2.4,111.9894,6.4066,108.84,2.781921607842497,86.81505198934316,1.7,2.2584201444366236,0.40135268153576,
2018-06-01,2.89,2.47,111.8265,6.4173,109.47,2.8075506935940187,13.781399824294223,1.82,2.8410387544831828,0.18038672367649644,103.96858978271484
2018-06-04,2.94,2.52,111.8247,6.4042,109.43,2.8075506935940187,13.781399824294223,1.82,2.8410387544831828,-0.136193681600136,
2018-06-05,2.92,2.49,112.264,6.4043,109.7,2.8075506935940187,13.781399824294223,1.82,2.8410387544831828,0.0921127307086698,
2018-06-06,2.97,2.52,111.7525,6.3944,110.13,2.8075506935940187,13.781399824294223,1.82,2.8410387544831828,0.09327133605434192,
2018-06-07,2.93,2.5,112.0725,6.3924,110.05,2.8075506935940187,13.781399824294223,1.82,2.8410387544831828,0.18842102325853965,
2018-06-08,2.93,2.5,112.1066,6.4091,109.44,2.8075506935940187,13.781399824294223,1.82,2.8410387544831828,0.18979591549807015,
2018-06-11,2.96,2.52,112.1106,6.4053,109.94,2.8075506935940187,13.781399824294223,1.82,2.8410387544831828,0.1431972846610247,
2018-06-12,2.96,2.54,112.2138,6.4045,110.31,2.8075506935940187,13.781399824294223,1.82,2.8410387544831828,0.19070903766126784,
2018-06-13,2.98,2.59,112.2577,6.4003,110.53,2.8075506935940187,13.781399824294223,1.82,2.8410387544831828,-0.047476598303805746,
2018-06-14,2.94,2.59,112.8593,6.3946,110.1,2.8075506935940187,13.781399824294223,1.82,2.8410387544831828,-0.0952027748978108,
2018-06-15,2.93,2.55,113.3379,6.4214,110.65,2.8075506935940187,13.781399824294223,1.82,2.8410387544831828,-0.0,
2018-06-18,2.92,2.56,113.4899,6.4393,110.45,2.8075506935940187,13.781399824294223,1.82,2.8410387544831828,0.09704208786481927,
2018-06-19,2.89,2.54,113.639,6.4821,109.92,2.8075506935940187,13.781399824294223,1.82,2.8410387544831828,0.24952758262032984,
2018-06-20,2.93,2.56,113.4784,6.4737,110.03,2.8075506935940187,13.781399824294223,1.82,2.8410387544831828,-0.15304561744783035,
2018-06-21,2.9,2.56,113.6109,6.4983,110.58,2.8075506935940187,13.781399824294223,1.82,2.8410387544831828,-0.315218698053899,
2018-06-22,2.9,2.56,113.3047,6.498,110.15,2.8075506935940187,13.781399824294223,1.82,2.8410387544831828,-0.42082751771658555,
2018-06-25,2.87,2.54,113.286,6.5357,109.58,2.8075506935940187,13.781399824294223,1.82,2.8410387544831828,,
2018-06-26,2.88,2.53,113.3016,6.5755,109.62,2.8075506935940187,13.781399824294223,1.82,2.8410387544831828,-1.0,
2018-06-27,2.83,2.52,113.8971,6.5986,110.26,2.8075506935940187,13.781399824294223,1.82,2.8410387544831828,-0.6023784397717183,
2018-06-28,2.84,2.52,113.8405,6.6242,110.19,2.8075506935940187,13.781399824294223,1.82,2.8410387544831828,-0.7560341597295237,
2018-06-29,2.85,2.52,113.2586,6.6195,110.69,2.8075506935940187,13.781399824294223,1.82,2.8410387544831828,-0.33825572433267825,
2018-07-02,2.87,2.57,114.1673,6.666,110.71,2.854124785561929,-80.0072110377208,1.91,3.2543243815604805,-0.3600578293843108,
2018-07-03,2.83,2.53,113.3222,6.6422,110.66,2.854124785561929,-80.0072110377208,1.91,3.2543243815604805,-0.3059383635623573,
2018-07-04,,,,6.6318,110.5,2.854124785561929,-80.0072110377208,1.91,3.2543243815604805,,
2018-07-05,2.84,2.55,112.9759,6.6335,110.62,2.854124785561929,-80.0072110377208,1.91,3.2543243815604805,-0.43547563871209133,
2018-07-06,2.82,2.53,112.6428,6.6476,110.59,2.854124785561929,-80.0072110377208,1.91,3.2543243815604805,-0.2758924679575101,
2018-07-09,2.86,2.57,112.6425,6.6135,110.45,2.854124785561929,-80.0072110377208,1.91,3.2543243815604805,-0.4771881527004924,
2018-07-10,2.87,2.59,112.5794,6.6394,111.24,2.854124785561929,-80.0072110377208,1.91,3.2543243815604805,-0.4865434442205439,
2018-07-11,2.85,2.58,112.8582,6.6774,111.23,2.854124785561929,-80.0072110377208,1.91,3.2543243815604805,0.09938918737888307,
2018-07-12,2.85,2.6,112.779,6.6718,112.48,2.854124785561929,-80.0072110377208,1.91,3.2543243815604805,-0.0996371927427411,
2018-07-13,2.83,2.59,113.0705,6.7003,112.55,2.854124785561929,-80.0072110377208,1.91,3.2543243815604805,-0.39845545335357085,
2018-07-16,2.85,2.59,112.8437,6.6786,112.33,2.854124785561929,-80.0072110377208,1.91,3.2543243815604805,-0.29611665213406635,
2018-07-17,2.86,2.62,113.1504,6.6904,112.59,2.854124785561929,-80.0072110377208,1.91,3.2543243815604805,-0.774087568516685,
2018-07-18,2.88,2.6,113.3348,6.7214,112.76,2.854124785561929,-80.0072110377208,1.91,3.2543243815604805,-0.38317198585291307,
2018-07-19,2.84,2.6,113.9463,6.7788,113.03,2.854124785561929,-80.0072110377208,1.91,3.2543243815604805,-0.37991485621111054,
2018-07-20,2.89,2.6,113.3213,6.7875,112.2,2.854124785561929,-80.0072110377208,1.91,3.2543243815604805,-0.37722962197010856,
2018-07-23,2.96,2.64,113.4246,6.7863,111.11,2.854124785561929,-80.0072110377208,1.91,3.2543243815604805,-0.9192700701440707,
2018-07-24,2.95,2.63,113.2045,6.7966,111.11,2.854124785561929,-80.0072110377208,1.91,3.2543243815604805,-0.9016452445132732,
2018-07-25,2.94,2.66,112.9221,6.7619,111.04,2.854124785561929,-80.0072110377208,1.91,3.2543243815604805,-1.0,
2018-07-26,2.98,2.69,112.9179,6.7825,110.88,2.854124785561929,-80.0072110377208,1.91,3.2543243815604805,-1.0,
2018-07-27,2.96,2.67,112.8125,6.8348,111.18,2.854124785561929,-80.0072110377208,1.91,3.2543243815604805,-1.0,
2018-07-30,2.98,2.66,112.6044,6.8223,111.08,2.854124785561929,-80.0072110377208,1.91,3.2543243815604805,-0.7147928919204493,
2018-07-31,2.96,2.67,112.7299,6.8318,111.49,2.854124785561929,-80.0072110377208,1.91,3.2543243815604805,-1.0,
2018-08-01,3.0,2.67,112.8899,6.7988,111.84,2.6429238568742575,37.60038697915514,1.91,4.353587280888749,,112.74168395996094
2018-08-02,2.98,2.66,113.1679,6.845,111.41,2.6429238568742575,37.60038697915514,1.91,4.353587280888749,-0.8143651933792287,
2018-08-03,2.95,2.63,113.012,6.8342,111.58,2.6429238568742575,37.60038697915514,1.91,4.353587280888749,-0.7341147719572219,
2018-08-06,2.94,2.64,113.229,6.8497,111.48,2.6429238568742575,37.60038697915514,1.91,4.353587280888749,-0.5082008196151764,
2018-08-07,2.98,2.68,112.9759,6.8239,111.08,2.6429238568742575,37.60038697915514,1.91,4.353587280888749,-0.637926182242796,
2018-08-08,2.96,2.68,113.1411,6.8367,111.07,2.6429238568742575,37.60038697915514,1.91,4.353587280888749,-0.6931817272076833,
2018-08-09,2.93,2.64,113.3806,6.819,111.14,2.6429238568742575,37.60038697915514,1.91,4.353587280888749,-0.27480661734822603,
2018-08-10,2.87,2.61,114.3005,6.8495,110.92,2.6429238568742575,37.60038697915514,1.91,4.353587280888749,-0.13707492697087104,
2018-08-13,2.88,2.61,114.851,6.8874,110.59,2.6429238568742575,37.60038697915514,1.91,4.353587280888749,-0.13671989090416356,
2018-08-14,2.89,2.63,114.658,6.8813,110.84,2.6429238568742575,37.60038697915514,1.91,4.353587280888749,-0.06799797415950223,
2018-08-15,2.86,2.61,115.1526,6.9162,111.01,2.6429238568742575,37.60038697915514,1.91,4.353587280888749,-0.06800406144067105,
2018-08-16,2.87,2.63,114.6416,6.895,110.84,2.6429238568742575,37.60038697915514,1.91,4.353587280888749,-0.20463083623645312,
2018-08-17,2.87,2.61,114.5339,6.8844,110.39,2.6429238568742575,37.60038697915514,1.91,4.353587280888749,-0.06907763423178642,
2018-08-20,2.82,2.6,114.3504,6.8609,110.55,2.6429238568742575,37.60038697915514,1.91,4.353587280888749,0.27844920169581644,
2018-08-21,2.85,2.61,113.8604,6.8465,110.42,2.6429238568742575,37.60038697915514,1.91,4.353587280888749,0.1576195064505395,
2018-08-22,2.82,2.6,113.663,6.8414,110.26,2.6429238568742575,37.60038697915514,1.91,4.353587280888749,0.5016806221619227,
2018-08-23,2.82,2.61,114.0932,6.8782,110.81,2.6429238568742575,37.60038697915514,1.91,4.353587280888749,0.7313089954055669,
2018-08-24,2.82,2.63,113.5985,6.8455,111.3,2.6429238568742575,37.60038697915514,1.91,4.353587280888749,0.3794884014669612,
2018-08-27,2.85,2.67,113.2721,6.8251,111.03,2.6429238568742575,37.60038697915514,1.91,4.353587280888749,-0.09455923775610531,
2018-08-28,2.88,2.67,113.3444,6.8011,111.04,2.6429238568742575,37.60038697915514,1.91,4.353587280888749,-0.0,
2018-08-29,2.89,2.67,113.6461,6.829,111.26,2.6429238568742575,37.60038697915514,1.91,4.353587280888749,-0.0,
2018-08-30,2.86,2.64,114.0899,6.8326,111.46,2.6429238568742575,37.60038697915514,1.91,4.353587280888749,0.19784707486262768,
2018-08-31,2.86,2.62,114.2755,6.8375,110.76,2.6429238568742575,37.60038697915514,1.91,4.353587280888749,0.10244322664935053,
2018-09-03,,,,6.8239,111.15,2.332055105808828,-70.75708622769979,1.95,4.313826088176409,,
2018-09-04,2.9,2.66,114.8584,6.8396,111.23,2.332055105808828,-70.75708622769979,1.95,4.313826088176409,0.20942250884630026,
2018-09-05,2.9,2.66,114.7477,6.832,111.53,2.332055105808828,-70.75708622769979,1.95,4.313826088176409,0.20740045767049417,
2018-09-06,2.88,2.64,114.6479,6.8292,111.35,2.332055105808828,-70.75708622769979,1.95,4.313826088176409,-0.0,
2018-09-07,2.94,2.71,114.5816,6.8425,110.84,2.332055105808828,-70.75708622769979,1.95,4.313826088176409,-1.0,
2018-09-10,2.94,2.73,114.6802,6.8631,111.09,2.332055105808828,-70.75708622769979,1.95,4.313826088176409,-1.0,
2018-09-11,2.98,2.76,114.7051,6.8688,111.3,2.332055105808828,-70.75708622769979,1.95,4.313826088176409,-1.0,
2018-09-12,2.97,2.74,114.2192,6.8699,111.46,2.332055105808828,-70.75708622769979,1.95,4.313826088176409,-1.0,
2018-09-13,2.97,2.76,113.9268,6.8453,111.6,2.332055105808828,-70.75708622769979,1.95,4.313826088176409,-1.0,
2018-09-14,2.99,2.78,114.0657,6.8543,111.86,2.332055105808828,-70.75708622769979,1.95,4.313826088176409,-1.0,
2018-09-17,2.99,2.78,113.9158,6.8665,112.06,2.332055105808828,-70.75708622769979,1.95,4.313826088176409,-1.0,
2018-09-18,3.05,2.81,113.7739,6.8665,112.17,2.332055105808828,-70.75708622769979,1.95,4.313826088176409,-1.0,
2018-09-19,3.08,2.81,113.6532,6.8555,112.23,2.332055105808828,-70.75708622769979,1.95,4.313826088176409,-1.0,
2018-09-20,3.07,2.81,113.4989,6.845,112.14,2.332055105808828,-70.75708622769979,1.95,4.313826088176409,-1.0,
2018-09-21,3.07,2.81,113.5099,6.8461,112.63,2.332055105808828,-70.75708622769979,1.95,4.313826088176409,-1.0,
2018-09-24,3.08,2.83,113.5301,6.8571,112.6,2.332055105808828,-70.75708622769979,1.95,4.313826088176409,-1.0,
2018-09-25,3.1,2.83,113.7202,6.8742,112.75,2.332055105808828,-70.75708622769979,1.95,4.313826088176409,-1.0,
2018-09-26,3.06,2.83,113.6739,6.8744,112.98,2.332055105808828,-70.75708622769979,1.95,4.313826088176409,-1.0,
2018-09-27,3.06,2.83,113.9784,6.8805,112.88,2.332055105808828,-70.75708622769979,1.95,4.313826088176409,-1.0,
2018-09-28,3.05,2.81,113.8077,6.8817,113.36,2.332055105808828,-70.75708622769979,1.95,4.313826088176409,-1.0,
2018-10-01,3.09,2.82,113.8235,6.8689,113.95,2.492032470218053,-18.17780692175935,2.19,2.930867401734427,,92.0164794921875
2018-10-02,3.05,2.82,113.8954,6.8688,113.89,2.492032470218053,-18.17780692175935,2.19,2.930867401734427,-0.9914714056062119,
2018-10-03,3.15,2.85,114.1569,6.8688,113.85,2.492032470218053,-18.17780692175935,2.19,2.930867401734427,-1.0,
2018-10-04,3.19,2.87,114.6867,6.8689,114.16,2.492032470218053,-18.17780692175935,2.19,2.930867401734427,-1.0,
2018-10-05,3.23,2.88,114.561,6.8689,113.88,2.492032470218053,-18.17780692175935,2.19,2.930867401734427,-0.9728347845298678,
2018-10-08,,,,6.9265,113.36,2.492032470218053,-18.17780692175935,2.19,2.930867401734427,,
2018-10-09,3.21,2.88,114.6583,6.9248,113.21,2.492032470218053,-18.17780692175935,2.19,2.930867401734427,-0.6700039054964942,
2018-10-10,3.22,2.88,114.6072,6.9236,113.24,2.492032470218053,-18.17780692175935,2.19,2.930867401734427,-0.7654333741976127,
2018-10-11,3.14,2.85,114.4074,6.9099,112.31,2.492032470218053,-18.17780692175935,2.19,2.930867401734427,-0.4881300096238895,
2018-10-12,3.15,2.85,114.3691,6.9158,112.31,2.492032470218053,-18.17780692175935,2.19,2.930867401734427,-0.3774963707622796,
2018-10-15,3.16,2.85,114.045,6.9195,111.85,2.492032470218053,-18.17780692175935,2.19,2.930867401734427,-0.3731782245665022,
2018-10-16,3.16,2.87,113.8963,6.9125,112.13,2.492032470218053,-18.17780692175935,2.19,2.930867401734427,-0.31562370096477677,
2018-10-17,3.19,2.89,114.1755,6.9286,112.25,2.492032470218053,-18.17780692175935,2.19,2.930867401734427,-0.41187393323313903,
2018-10-18,3.17,2.87,114.8164,6.9392,112.51,2.492032470218053,-18.17780692175935,2.19,2.930867401734427,-0.3037925948130294,
2018-10-19,3.2,2.92,114.8567,6.9302,112.51,2.492032470218053,-18.17780692175935,2.19,2.930867401734427,-0.5420473191570728,
2018-10-22,3.2,2.92,115.1782,6.9428,112.78,2.492032470218053,-18.17780692175935,2.19,2.930867401734427,-0.4335083567649595,
2018-10-23,3.17,2.89,115.1651,6.9361,112.18,2.492032470218053,-18.17780692175935,2.19,2.930867401734427,-0.28510578731893177,
2018-10-24,3.1,2.84,115.3755,6.9444,112.71,2.492032470218053,-18.17780692175935,2.19,2.930867401734427,-0.047389054963322345,
2018-10-25,3.14,2.86,115.4831,6.9443,112.36,2.492032470218053,-18.17780692175935,2.19,2.930867401734427,-0.14163706551021985,
2018-10-26,3.08,2.81,115.473,6.9459,112.06,2.492032470218053,-18.17780692175935,2.19,2.930867401734427,-0.0,
2018-10-29,3.08,2.81,115.8936,6.9585,112.4,2.492032470218053,-18.17780692175935,2.19,2.930867401734427,0.048018741249859484,
2018-10-30,3.12,2.84,116.2357,6.9647,112.8,2.492032470218053,-18.17780692175935,2.19,2.930867401734427,-0.09596896611123004,
2018-10-31,3.15,2.87,116.5281,6.9743,113.23,2.492032470218053,-18.17780692175935,2.19,2.930867401734427,-0.09553757291154093,
2018-11-01,3.14,2.84,115.8657,6.9381,112.81,2.147328577667773,-57.84157740620776,2.2,2.7666629800210174,0.1444028984147342,80.40758514404297
2018-11-02,3.22,2.91,115.643,6.8943,112.89,2.147328577667773,-57.84157740620776,2.2,2.7666629800210174,-0.14496478744110644,
2018-11-05,3.2,2.91,115.703,6.9288,113.29,2.147328577667773,-57.84157740620776,2.2,2.7666629800210174,,
2018-11-06,3.22,2.93,115.5622,6.9142,113.15,2.147328577667773,-57.84157740620776,2.2,2.7666629800210174,-0.24297092610109822,
2018-11-07,3.22,2.96,115.2519,6.9144,113.19,2.147328577667773,-57.84157740620776,2.2,2.7666629800210174,-0.3885010417073041,
2018-11-08,3.24,2.98,115.6478,6.9321,113.71,2.147328577667773,-57.84157740620776,2.2,2.7666629800210174,-0.6258687191440315,
2018-11-09,3.19,2.94,116.4778,6.9498,113.93,2.147328577667773,-57.84157740620776,2.2,2.7666629800210174,-0.43820801299094586,
2018-11-12,,,,6.9638,113.8,2.147328577667773,-57.84157740620776,2.2,2.7666629800210174,,
2018-11-13,3.14,2.89,116.6694,6.958,113.95,2.147328577667773,-57.84157740620776,2.2,2.7666629800210174,-0.10275314629592162,
2018-11-14,3.12,2.86,116.498,6.9532,113.88,2.147328577667773,-57.84157740620776,2.2,2.7666629800210174,0.16049471613031868,
2018-11-15,3.11,2.86,116.3861,6.9392,113.37,2.147328577667773,-57.84157740620776,2.2,2.7666629800210174,0.055791475084689596,
2018-11-16,3.08,2.81,115.9258,6.9504,113.14,2.147328577667773,-57.84157740620776,2.2,2.7666629800210174,0.6391645100366408,
2018-11-19,3.06,2.79,115.9859,6.944,112.79,2.147328577667773,-57.84157740620776,2.2,2.7666629800210174,0.775895691356261,
2018-11-20,3.06,2.79,116.2367,6.9433,112.37,2.147328577667773,-57.84157740620776,2.2,2.7666629800210174,0.6144055320621883,
2018-11-21,3.06,2.81,116.092,6.935,113.1,2.147328577667773,-57.84157740620776,2.2,2.7666629800210174,0.19050307833263094,
2018-11-22,,,,6.9326,112.95,2.147328577667773,-57.84157740620776,2.2,2.7666629800210174,,
2018-11-23,3.05,2.81,116.4713,6.9473,112.82,2.147328577667773,-57.84157740620776,2.2,2.7666629800210174,-0.0,
2018-11-26,3.07,2.84,116.6208,6.9409,113.26,2.147328577667773,-57.84157740620776,2.2,2.7666629800210174,-0.21678668416467398,
2018-11-27,3.06,2.83,116.9001,6.9481,113.58,2.147328577667773,-57.84157740620776,2.2,2.7666629800210174,0.07672817856346269,
2018-11-28,3.06,2.81,116.8343,6.9536,113.85,2.147328577667773,-57.84157740620776,2.2,2.7666629800210174,0.4931677328314066,
2018-11-29,3.03,2.81,116.1961,6.9433,113.28,2.147328577667773,-57.84157740620776,2.2,2.7666629800210174,0.2736869931160795,
2018-11-30,3.01,2.8,116.413,6.9458,113.56,2.147328577667773,-57.84157740620776,2.2,2.7666629800210174,1.0,
2018-12-03,2.98,2.83,115.9057,6.8897,113.57,2.0023809043401064,0.8994237357585293,2.27,2.5912536810940523,0.8005318582385886,
2018-12-04,2.91,2.8,116.0028,6.8355,112.79,2.0023809043401064,0.8994237357585293,2.27,2.5912536810940523,1.0,
2018-12-05,,,,6.8564,113.01,2.0023809043401064,0.8994237357585293,2.27,2.5912536810940523,,
2018-12-06,2.87,2.75,116.3991,6.8927,112.8,2.0023809043401064,0.8994237357585293,2.27,2.5912536810940523,1.0,
2018-12-07,2.85,2.72,116.0847,6.881,112.88,2.0023809043401064,0.8994237357585293,2.27,2.5912536810940523,1.0,
2018-12-10,2.85,2.72,116.6746,6.9118,112.73,2.0023809043401064,0.8994237357585293,2.27,2.5912536810940523,,
2018-12-11,2.89,2.78,116.7564,6.8985,113.15,2.0023809043401064,0.8994237357585293,2.27,2.5912536810940523,1.0,
2018-12-12,2.91,2.77,116.2214,6.8883,113.41,2.0023809043401064,0.8994237357585293,2.27,2.5912536810940523,0.8463472978762026,
2018-12-13,2.91,2.75,116.3974,6.8812,113.5,2.0023809043401064,0.8994237357585293,2.27,2.5912536810940523,1.0,
2018-12-14,2.89,2.73,116.79,6.9012,113.54,2.0023809043401064,0.8994237357585293,2.27,2.5912536810940523,0.7100667592118863,
2018-12-17,2.86,2.7,116.4532,6.8973,113.25,2.0023809043401064,0.8994237357585293,2.27,2.5912536810940523,0.7576680999497132,
2018-12-18,2.82,2.65,116.4127,6.8959,112.38,2.0023809043401064,0.8994237357585293,2.27,2.5912536810940523,1.0,
2018-12-19,2.77,2.63,116.0676,6.899,112.33,2.0023809043401064,0.8994237357585293,2.27,2.5912536810940523,1.0,
2018-12-20,2.79,2.67,116.0183,6.8871,111.73,2.0023809043401064,0.8994237357585293,2.27,2.5912536810940523,,
2018-12-21,2.79,2.63,116.2227,6.906,111.25,2.0023809043401064,0.8994237357585293,2.27,2.5912536810940523,1.0,
2018-12-24,2.74,2.55,116.2182,6.9013,110.86,2.0023809043401064,0.8994237357585293,2.27,2.5912536810940523,1.0,
2018-12-25,,,,,,2.0023809043401064,0.8994237357585293,2.27,2.5912536810940523,,
2018-12-26,2.81,2.61,116.1162,,,2.0023809043401064,0.8994237357585293,2.27,2.5912536810940523,1.0,
2018-12-27,2.77,2.56,115.9927,6.8655,110.87,2.0023809043401064,0.8994237357585293,2.27,2.5912536810940523,1.0,
2018-12-28,2.72,2.52,115.7232,6.8778,110.35,2.0023809043401064,0.8994237357585293,2.27,2.5912536810940523,1.0,
2018-12-31,2.69,2.48,115.5674,6.8778,109.91,2.0023809043401064,0.8994237357585293,2.27,2.5912536810940523,1.0,
2019-01-02,2.66,2.5,115.7689,6.8584,109.05,1.4875893578291333,30.62004877731197,2.4,1.9116422323518512,,
2019-01-03,2.56,2.39,115.4622,6.8751,107.69,1.4875893578291333,30.62004877731197,2.4,1.9116422323518512,1.0,
2019-01-04,2.67,2.5,114.9821,6.8649,108.04,1.4875893578291333,30.62004877731197,2.4,1.9116422323518512,0.8113584649781569,
2019-01-07,2.7,2.53,114.5628,6.852,108.26,1.4875893578291333,30.62004877731197,2.4,1.9116422323518512,0.6827454966735553,
2019-01-08,2.73,2.58,114.7281,6.8536,108.79,1.4875893578291333,30.62004877731197,2.4,1.9116422323518512,0.7104154058997391,
2019-01-09,2.74,2.56,114.1406,6.829,108.86,1.4875893578291333,30.62004877731197,2.4,1.9116422323518512,0.7376679549944143,
2019-01-10,2.74,2.56,114.0496,6.7805,108.11,1.4875893578291333,30.62004877731197,2.4,1.9116422323518512,0.6598428749641329,
2019-01-11,2.71,2.55,114.0404,6.7564,108.31,1.4875893578291333,30.62004877731197,2.4,1.9116422323518512,0.6221302250485197,
2019-01-14,2.71,2.53,,6.7668,108.08,1.4875893578291333,30.62004877731197,2.4,1.9116422323518512,0.5840236100193672,
2019-01-15,2.72,2.53,114.3402,6.7603,108.56,1.4875893578291333,30.62004877731197,2.4,1.9116422323518512,0.40894243453406437,
2019-01-16,2.73,2.55,114.137,6.7625,108.8,1.4875893578291333,30.62004877731197,2.4,1.9116422323518512,0.2702845628718556,
2019-01-17,2.75,2.56,114.4115,6.7714,108.77,1.4875893578291333,30.62004877731197,2.4,1.9116422323518512,0.3702776149694861,
2019-01-18,2.79,2.62,114.558,6.7787,109.44,1.4875893578291333,30.62004877731197,2.4,1.9116422323518512,0.0336343058641846,
2019-01-21,,,,6.7979,109.66,1.4875893578291333,30.62004877731197,2.4,1.9116422323518512,,
2019-01-22,2.74,2.58,114.7541,6.8081,109.43,1.4875893578291333,30.62004877731197,2.4,1.9116422323518512,,
2019-01-23,2.76,2.58,114.5759,6.7869,109.7,1.4875893578291333,30.62004877731197,2.4,1.9116422323518512,0.10062076498676961,
2019-01-24,2.72,2.56,114.617,6.7931,109.72,1.4875893578291333,30.62004877731197,2.4,1.9116422323518512,-0.0,
2019-01-25,2.76,2.6,114.0197,6.76,109.92,1.4875893578291333,30.62004877731197,2.4,1.9116422323518512,-0.27214967898179065,
2019-01-28,2.75,2.6,114.0522,6.7435,109.42,1.4875893578291333,30.62004877731197,2.4,1.9116422323518512,-0.4152915480209254,
2019-01-29,2.72,2.56,114.026,6.735,109.46,1.4875893578291333,30.62004877731197,2.4,1.9116422323518512,,
2019-01-30,2.7,2.52,114.0731,6.7169,109.44,1.4875893578291333,30.62004877731197,2.4,1.9116422323518512,-0.07247036872817754,
2019-01-31,2.63,2.45,113.5504,6.7035,108.64,1.4875893578291333,30.62004877731197,2.4,1.9116422323518512,-0.22275036492477387,
2019-02-01,2.7,2.52,113.7548,6.7354,108.89,1.5188615351321877,-102.71621624840259,2.4,1.1096417703535089,-0.07659102154885175,96.80016326904297
2019-02-04,2.73,2.53,113.8766,6.7448,109.89,1.5188615351321877,-102.71621624840259,2.4,1.1096417703535089,-0.0,
2019-02-05,2.71,2.53,114.0431,6.7354,109.94,1.5188615351321877,-102.71621624840259,2.4,1.1096417703535089,0.19613259450808776,
2019-02-06,2.7,2.52,114.2305,6.7448,109.75,1.5188615351321877,-102.71621624840259,2.4,1.1096417703535089,0.15969856710539873,
2019-02-07,2.65,2.48,114.4339,6.7448,109.66,1.5188615351321877,-102.71621624840259,2.4,1.1096417703535089,0.3239752727946606,
2019-02-08,2.63,2.45,114.5003,6.7448,109.79,1.5188615351321877,-102.71621624840259,2.4,1.1096417703535089,0.4046153421555065,
2019-02-11,2.65,2.48,115.031,6.7894,110.2,1.5188615351321877,-102.71621624840259,2.4,1.1096417703535089,0.20300264042399804,
2019-02-12,2.68,2.5,114.7297,6.7703,110.39,1.5188615351321877,-102.71621624840259,2.4,1.1096417703535089,0.12287423733426757,
2019-02-13,2.71,2.53,114.9407,6.7646,110.74,1.5188615351321877,-102.71621624840259,2.4,1.1096417703535089,0.08352200212232191,
2019-02-14,2.66,2.5,115.1007,6.7756,111.04,1.5188615351321877,-102.71621624840259,2.4,1.1096417703535089,0.250861211869801,
2019-02-15,2.66,2.52,114.9923,6.7705,110.52,1.5188615351321877,-102.71621624840259,2.4,1.1096417703535089,0.4271550401961282,
2019-02-18,,,,6.7653,110.55,1.5188615351321877,-102.71621624840259,2.4,1.1096417703535089,,
2019-02-19,2.65,2.5,114.57,6.7662,110.76,1.5188615351321877,-102.71621624840259,2.4,1.1096417703535089,0.3635888149901916,
2019-02-20,2.65,2.5,,6.7223,110.75,1.5188615351321877,-102.71621624840259,2.4,1.1096417703535089,0.3748802065740749,
2019-02-21,2.69,2.53,114.5091,6.7179,110.71,1.5188615351321877,-102.71621624840259,2.4,1.1096417703535089,0.1462092996666935,
2019-02-22,2.65,2.48,114.2716,6.7204,110.87,1.5188615351321877,-102.71621624840259,2.4,1.1096417703535089,0.6050571656630246,
2019-02-25,2.67,2.51,114.1457,6.6889,110.74,1.5188615351321877,-102.71621624840259,2.4,1.1096417703535089,0.4819715000890067,
2019-02-26,2.64,2.48,114.0687,6.6963,110.84,1.5188615351321877,-102.71621624840259,2.4,1.1096417703535089,0.4503865771150918,
2019-02-27,2.69,2.5,114.0363,6.6813,110.57,1.5188615351321877,-102.71621624840259,2.4,1.1096417703535089,0.1130492636736949,
2019-02-28,2.73,2.52,114.1991,6.6844,110.76,1.5188615351321877,-102.71621624840259,2.4,1.1096417703535089,-0.4116370891248652,
2019-03-01,2.76,2.55,114.537,6.7058,111.88,1.8831863513063984,38.345360212658875,2.41,0.6545559146318158,-0.18233797479432176,82.32829284667969
2019-03-04,2.72,2.55,114.6925,6.7024,111.94,1.8831863513063984,38.345360212658875,2.41,0.6545559146318158,-0.12612082199964034,
2019-03-05,2.72,2.55,114.804,6.7031,111.93,1.8831863513063984,38.345360212658875,2.41,0.6545559146318158,-0.13664630162480348,
2019-03-06,2.69,2.52,114.9714,6.71,111.81,1.8831863513063984,38.345360212658875,2.41,0.6545559146318158,-0.0,
2019-03-07,2.64,2.47,115.4919,6.7094,111.76,1.8831863513063984,38.345360212658875,2.41,0.6545559146318158,0.08088985049427888,
2019-03-08,2.62,2.45,115.3599,6.7235,111.14,1.8831863513063984,38.345360212658875,2.41,0.6545559146318158,-0.0,
2019-03-11,2.64,2.47,115.2967,6.7247,111.09,1.8831863513063984,38.345360212658875,2.41,0.6545559146318158,0.0929982415648318,
2019-03-12,2.61,2.45,114.939,6.7089,111.1,1.8831863513063984,38.345360212658875,2.41,0.6545559146318158,0.47636305701829307,
2019-03-13,2.61,2.45,114.7372,6.7078,111.38,1.8831863513063984,38.345360212658875,2.41,0.6545559146318158,0.7734220475866259,
2019-03-14,2.63,2.46,114.79,6.7272,111.63,1.8831863513063984,38.345360212658875,2.41,0.6545559146318158,0.41129758751783896,
2019-03-15,2.59,2.43,114.5815,6.714,111.57,1.8831863513063984,38.345360212658875,2.41,0.6545559146318158,0.9389247527354199,
2019-03-18,2.6,2.45,114.4375,6.713,111.5,1.8831863513063984,38.345360212658875,2.41,0.6545559146318158,,
2019-03-19,2.61,2.46,114.2324,6.7122,111.45,1.8831863513063984,38.345360212658875,2.41,0.6545559146318158,0.41015876165313053,
2019-03-20,2.54,2.4,114.1509,6.6949,111.53,1.8831863513063984,38.345360212658875,2.41,0.6545559146318158,1.0,
2019-03-21,2.54,2.41,114.1684,6.6917,110.58,1.8831863513063984,38.345360212658875,2.41,0.6545559146318158,1.0,
2019-03-22,2.44,2.31,114.6856,6.7128,110.25,1.8831863513063984,38.345360212658875,2.41,0.6545559146318158,1.0,
2019-03-25,2.43,2.26,114.4171,6.7121,110.07,1.8831863513063984,38.345360212658875,2.41,0.6545559146318158,1.0,
2019-03-26,2.41,2.24,114.6414,6.7149,110.46,1.8831863513063984,38.345360212658875,2.41,0.6545559146318158,1.0,
2019-03-27,2.39,2.22,115.1243,6.7249,110.49,1.8831863513063984,38.345360212658875,2.41,0.6545559146318158,1.0,
2019-03-28,2.39,2.23,115.2581,6.7387,110.68,1.8831863513063984,38.345360212658875,2.41,0.6545559146318158,1.0,
2019-03-29,2.41,2.27,115.1371,6.7109,110.77,1.8831863513063984,38.345360212658875,2.41,0.6545559146318158,1.0,
2019-04-01,2.49,2.33,114.9362,6.7115,110.96,2.000583470209061,68.79315658338467,2.42,-1.0247462328067725,1.0,79.25344848632812
2019-04-02,2.48,2.3,115.1173,6.7201,111.37,2.000583470209061,68.79315658338467,2.42,-1.0247462328067725,1.0,
2019-04-03,2.52,2.33,114.7211,6.7084,111.45,2.000583470209061,68.79315658338467,2.42,-1.0247462328067725,0.9666020000854617,
2019-04-04,2.51,2.33,114.9697,6.7166,111.43,2.000583470209061,68.79315658338467,2.42,-1.0247462328067725,0.7043382442723435,
2019-04-05,2.5,2.35,114.9726,6.7174,111.67,2.000583470209061,68.79315658338467,2.42,-1.0247462328067725,0.49986393940519563,
2019-04-08,2.52,2.36,114.6893,6.7189,111.47,2.000583470209061,68.79315658338467,2.42,-1.0247462328067725,0.546587454684055,
2019-04-09,2.51,2.35,114.5321,6.7117,111.3,2.000583470209061,68.79315658338467,2.42,-1.0247462328067725,0.4935124827836376,
2019-04-10,2.48,2.31,114.4269,6.7167,111.16,2.000583470209061,68.79315658338467,2.42,-1.0247462328067725,0.68299332048797,
2019-04-11,2.51,2.35,114.6303,6.718,111.24,2.000583470209061,68.79315658338467,2.42,-1.0247462328067725,0.5367187560337929,
2019-04-12,2.56,2.4,114.3531,6.7078,111.97,2.000583470209061,68.79315658338467,2.42,-1.0247462328067725,0.14966717273222407,
2019-04-15,2.55,2.4,114.495,6.7062,111.96,2.000583470209061,68.79315658338467,2.42,-1.0247462328067725,0.25110755055519857,
2019-04-16,2.6,2.41,114.6756,6.7091,111.98,2.000583470209061,68.79315658338467,2.42,-1.0247462328067725,0.25477312838281735,
2019-04-17,2.59,2.4,114.5141,6.6891,111.95,2.000583470209061,68.79315658338467,2.42,-1.0247462328067725,-0.0,
2019-04-18,2.57,2.38,114.7073,6.7062,111.88,2.000583470209061,68.79315658338467,2.42,-1.0247462328067725,0.15673019241255381,
2019-04-19,,,114.6977,,,2.000583470209061,68.79315658338467,2.42,-1.0247462328067725,,
2019-04-22,2.59,2.38,114.7694,,,2.000583470209061,68.79315658338467,2.42,-1.0247462328067725,-0.6534863614416173,
2019-04-23,2.57,2.36,115.1578,6.7192,111.89,2.000583470209061,68.79315658338467,2.42,-1.0247462328067725,-0.6615589114762678,
2019-04-24,2.53,2.32,115.4187,6.7182,111.82,2.000583470209061,68.79315658338467,2.42,-1.0247462328067725,-0.5495638383428427,
2019-04-25,2.54,2.33,115.7709,6.747,111.89,2.000583470209061,68.79315658338467,2.42,-1.0247462328067725,-0.5447831218513183,
2019-04-26,2.51,2.28,115.4767,6.7359,111.78,2.000583470209061,68.79315658338467,2.42,-1.0247462328067725,-0.05390074848507909,
2019-04-29,2.54,2.3,115.5227,6.7325,111.78,2.000583470209061,68.79315658338467,2.42,-1.0247462328067725,0.16151301294491524,
2019-04-30,2.51,2.27,115.3281,6.7339,111.37,2.000583470209061,68.79315658338467,2.42,-1.0247462328067725,0.16039084794210776,
2019-05-01,2.52,2.31,115.0022,,,1.7959105553606136,-78.54952344695806,2.39,-0.010156011968476264,0.10718833667599967,106.4719009399414
2019-05-02,2.55,2.35,115.5617,6.7346,111.5,1.7959105553606136,-78.54952344695806,2.39,-0.010156011968476264,-0.10743373064230938,
2019-05-03,2.54,2.33,115.2646,6.7346,111.52,1.7959105553606136,-78.54952344695806,2.39,-0.010156011968476264,0.10706654702741202,
2019-05-06,2.51,2.31,115.3811,6.7659,110.84,1.7959105553606136,-78.54952344695806,2.39,-0.010156011968476264,0.26706098087131913,
2019-05-07,2.45,2.28,115.6116,6.7689,110.62,1.7959105553606136,-78.54952344695806,2.39,-0.010156011968476264,0.3725299535781348,
2019-05-08,2.49,2.3,115.5171,6.78,110.08,1.7959105553606136,-78.54952344695806,2.39,-0.010156011968476264,0.05372699523428027,
2019-05-09,2.45,2.26,115.8421,6.8234,109.81,1.7959105553606136,-78.54952344695806,2.39,-0.010156011968476264,0.48112928353757234,
2019-05-10,2.47,2.26,115.5334,6.8235,109.75,1.7959105553606136,-78.54952344695806,2.39,-0.010156011968476264,0.7499756947257887,
2019-05-13,2.4,2.18,115.915,6.8773,109.44,1.7959105553606136,-78.54952344695806,2.39,-0.010156011968476264,1.0,
2019-05-14,2.42,2.2,115.9425,6.8815,109.57,1.7959105553606136,-78.54952344695806,2.39,-0.010156011968476264,1.0,
2019-05-15,2.37,2.16,115.8565,6.8787,109.31,1.7959105553606136,-78.54952344695806,2.39,-0.010156011968476264,1.0,
2019-05-16,2.4,2.2,116.0346,6.8791,109.62,1.7959105553606136,-78.54952344695806,2.39,-0.010156011968476264,0.8969099092864793,
2019-05-17,2.39,2.2,116.448,6.9142,109.51,1.7959105553606136,-78.54952344695806,2.39,-0.010156011968476264,,
2019-05-20,2.41,2.21,116.3119,6.9157,109.85,1.7959105553606136,-78.54952344695806,2.39,-0.010156011968476264,0.8399066613504876,
2019-05-21,2.43,2.26,116.2844,6.9063,110.45,1.7959105553606136,-78.54952344695806,2.39,-0.010156011968476264,0.49735169855717676,
2019-05-22,2.39,2.23,116.2412,6.9025,110.35,1.7959105553606136,-78.54952344695806,2.39,-0.010156011968476264,0.4511524247325817,
2019-05-23,2.31,2.12,116.2368,6.9179,110.03,1.7959105553606136,-78.54952344695806,2.39,-0.010156011968476264,1.0,
2019-05-24,2.32,2.16,116.0806,6.9014,109.6,1.7959105553606136,-78.54952344695806,2.39,-0.010156011968476264,0.6000683927558712,
2019-05-27,,,,6.8989,109.45,1.7959105553606136,-78.54952344695806,2.39,-0.010156011968476264,,
2019-05-28,2.26,2.12,116.3174,6.9107,109.41,1.7959105553606136,-78.54952344695806,2.39,-0.010156011968476264,0.7829632971892558,
2019-05-29,2.25,2.09,116.5535,6.9094,109.28,1.7959105553606136,-78.54952344695806,2.39,-0.010156011968476264,1.0,
2019-05-30,2.22,2.06,116.3989,6.907,109.66,1.7959105553606136,-78.54952344695806,2.39,-0.010156011968476264,1.0,
2019-05-31,2.14,1.95,116.7273,6.9092,108.75,1.7959105553606136,-78.54952344695806,2.39,-0.010156011968476264,1.0,
2019-06-03,2.07,1.82,116.4764,6.9068,108.33,1.671194894390049,38.52131075821377,2.38,-0.7369328862962377,1.0,
2019-06-04,2.12,1.88,116.091,6.9091,108.16,1.671194894390049,38.52131075821377,2.38,-0.7369328862962377,1.0,
2019-06-05,2.12,1.83,116.03,6.9072,108.34,1.671194894390049,38.52131075821377,2.38,-0.7369328862962377,1.0,
2019-06-06,2.12,1.88,115.9771,6.9128,108.13,1.671194894390049,38.52131075821377,2.38,-0.7369328862962377,1.0,
2019-06-07,2.09,1.85,115.7368,6.9097,108.46,1.671194894390049,38.52131075821377,2.38,-0.7369328862962377,1.0,
2019-06-10,2.15,1.9,115.5001,6.9343,108.65,1.671194894390049,38.52131075821377,2.38,-0.7369328862962377,0.8717082228262563,
2019-06-11,2.15,1.93,115.3794,6.9119,108.74,1.671194894390049,38.52131075821377,2.38,-0.7369328862962377,0.8294882642842832,
2019-06-12,2.13,1.88,115.438,6.9192,108.38,1.671194894390049,38.52131075821377,2.38,-0.7369328862962377,0.836551135932956,
2019-06-13,2.1,1.83,115.6275,6.9221,108.46,1.671194894390049,38.52131075821377,2.38,-0.7369328862962377,1.0,
2019-06-14,2.09,1.84,115.9057,6.9238,108.21,1.671194894390049,38.52131075821377,2.38,-0.7369328862962377,1.0,
2019-06-17,2.09,1.86,115.9684,6.9249,108.65,1.671194894390049,38.52131075821377,2.38,-0.7369328862962377,0.9493241560938525,
2019-06-18,2.06,1.86,115.8797,6.9264,108.23,1.671194894390049,38.52131075821377,2.38,-0.7369328862962377,1.0,
2019-06-19,2.03,1.74,115.7889,6.9044,108.41,1.671194894390049,38.52131075821377,2.38,-0.7369328862962377,1.0,
2019-06-20,2.01,1.72,114.8046,6.8543,107.64,1.671194894390049,38.52131075821377,2.38,-0.7369328862962377,0.9662023113332736,
2019-06-21,2.07,1.77,114.8377,6.8745,107.49,1.671194894390049,38.52131075821377,2.38,-0.7369328862962377,0.9151166345447224,
2019-06-24,2.02,1.72,114.6559,6.8768,107.29,1.671194894390049,38.52131075821377,2.38,-0.7369328862962377,,
2019-06-25,2.0,1.71,114.6363,6.8798,107.1,1.671194894390049,38.52131075821377,2.38,-0.7369328862962377,0.9065621225671298,
2019-06-26,2.05,1.77,114.5608,6.8772,107.73,1.671194894390049,38.52131075821377,2.38,-0.7369328862962377,0.696146932278284,
2019-06-27,2.01,1.74,114.665,6.8777,107.86,1.671194894390049,38.52131075821377,2.38,-0.7369328862962377,0.6840406249638112,
2019-06-28,2.0,1.75,114.5821,6.8704,107.73,1.671194894390049,38.52131075821377,2.38,-0.7369328862962377,0.4222087539358479,
2019-07-01,2.03,1.78,114.7239,6.8424,108.32,1.826331335037068,-37.950364384439425,2.4,-1.3774541767684445,0.08390035509631519,93.52125549316406
2019-07-02,1.98,1.77,114.8258,6.876,108.27,1.826331335037068,-37.950364384439425,2.4,-1.3774541767684445,0.22926541291363642,
2019-07-03,1.96,1.77,114.8135,6.8806,107.69,1.826331335037068,-37.950364384439425,2.4,-1.3774541767684445,0.12411684273103978,
2019-07-04,,,,6.8716,107.77,1.826331335037068,-37.950364384439425,2.4,-1.3774541767684445,,
2019-07-05,2.04,1.87,115.1132,6.8761,108.14,1.826331335037068,-37.950364384439425,2.4,-1.3774541767684445,-0.041899141154772515,
2019-07-08,2.05,1.88,115.0254,6.8812,108.6,1.826331335037068,-37.950364384439425,2.4,-1.3774541767684445,0.04243654658834952,
2019-07-09,2.07,1.92,115.1017,6.8858,108.82,1.826331335037068,-37.950364384439425,2.4,-1.3774541767684445,0.021599614497418235,
2019-07-10,2.07,1.82,115.0879,6.883,108.91,1.826331335037068,-37.950364384439425,2.4,-1.3774541767684445,0.1312686228978518,
2019-07-11,2.13,1.85,114.8361,6.8655,108.05,1.826331335037068,-37.950364384439425,2.4,-1.3774541767684445,-0.04440609909907951,
2019-07-12,2.12,1.84,114.7685,6.881,108.26,1.826331335037068,-37.950364384439425,2.4,-1.3774541767684445,-0.0,
2019-07-15,2.09,1.83,114.6819,6.8759,107.92,1.826331335037068,-37.950364384439425,2.4,-1.3774541767684445,0.06786873147675643,
2019-07-16,2.13,1.87,115.0111,6.8776,107.93,1.826331335037068,-37.950364384439425,2.4,-1.3774541767684445,-0.023039479309035077,
2019-07-17,2.06,1.83,114.8819,6.8775,108.27,1.826331335037068,-37.950364384439425,2.4,-1.3774541767684445,-0.2100667244676121,
2019-07-18,2.04,1.77,114.8744,6.8802,107.78,1.826331335037068,-37.950364384439425,2.4,-1.3774541767684445,-0.11808484037298361,
2019-07-19,2.05,1.8,114.8695,6.8784,107.72,1.826331335037068,-37.950364384439425,2.4,-1.3774541767684445,-0.07157090280198682,
2019-07-22,2.05,1.8,115.0018,6.8808,107.92,1.826331335037068,-37.950364384439425,2.4,-1.3774541767684445,-0.19364964781074456,
2019-07-23,2.08,1.83,115.2995,6.8787,108.14,1.826331335037068,-37.950364384439425,2.4,-1.3774541767684445,-0.29476279595587385,
2019-07-24,2.05,1.83,115.2436,6.875,108.09,1.826331335037068,-37.950364384439425,2.4,-1.3774541767684445,-0.15071923954452074,
2019-07-25,2.08,1.86,115.2982,6.873,108.1,1.826331335037068,-37.950364384439425,2.4,-1.3774541767684445,-0.3118369532192529,
2019-07-26,2.08,1.86,115.5449,6.8782,108.69,1.826331335037068,-37.950364384439425,2.4,-1.3774541767684445,-0.2958648841553955,
2019-07-29,2.06,1.85,115.5885,6.8934,108.65,1.826331335037068,-37.950364384439425,2.4,-1.3774541767684445,-0.19487016415412572,
2019-07-30,2.06,1.85,115.6211,6.8819,108.48,1.826331335037068,-37.950364384439425,2.4,-1.3774541767684445,-0.230096252007917,
2019-07-31,2.02,1.89,115.4946,6.8822,108.55,1.826331335037068,-37.950364384439425,2.4,-1.3774541767684445,-0.36023629051115214,
2019-08-01,1.9,1.73,116.0499,6.902,108.89,1.7376412106666406,47.4495749697864,2.13,-1.3396749291328724,,103.4044189453125
2019-08-02,1.86,1.72,116.1864,6.9384,106.76,1.7376412106666406,47.4495749697864,2.13,-1.3396749291328724,0.47777852348645167,
2019-08-05,1.75,1.59,116.5851,7.0385,106.07,1.7376412106666406,47.4495749697864,2.13,-1.3396749291328724,0.9196182023316365,
2019-08-06,1.73,1.6,116.6904,7.019,106.46,1.7376412106666406,47.4495749697864,2.13,-1.3396749291328724,1.0,
2019-08-07,1.71,1.59,116.7987,7.0485,105.77,1.7376412106666406,47.4495749697864,2.13,-1.3396749291328724,0.7338433168576208,
2019-08-08,1.72,1.62,116.474,7.0466,105.99,1.7376412106666406,47.4495749697864,2.13,-1.3396749291328724,0.7478102834926099,
2019-08-09,1.74,1.63,116.4419,7.0583,105.83,1.7376412106666406,47.4495749697864,2.13,-1.3396749291328724,0.7006601381314893,
2019-08-12,1.65,1.58,116.7548,7.0586,105.14,1.7376412106666406,47.4495749697864,2.13,-1.3396749291328724,0.8553969538164784,
2019-08-13,1.68,1.66,116.7267,7.0667,105.16,1.7376412106666406,47.4495749697864,2.13,-1.3396749291328724,0.7675939684984776,
2019-08-14,1.59,1.58,117.0913,7.0188,105.9,1.7376412106666406,47.4495749697864,2.13,-1.3396749291328724,0.962742828628341,
2019-08-15,1.52,1.48,117.2239,7.037,106.16,1.7376412106666406,47.4495749697864,2.13,-1.3396749291328724,1.0,
2019-08-16,1.55,1.48,117.0786,7.0403,106.33,1.7376412106666406,47.4495749697864,2.13,-1.3396749291328724,1.0,
2019-08-19,1.6,1.53,117.3886,7.0506,106.58,1.7376412106666406,47.4495749697864,2.13,-1.3396749291328724,1.0,
2019-08-20,1.55,1.5,117.3726,7.0585,106.35,1.7376412106666406,47.4495749697864,2.13,-1.3396749291328724,1.0,
2019-08-21,1.59,1.56,117.1764,7.0639,106.48,1.7376412106666406,47.4495749697864,2.13,-1.3396749291328724,1.0,
2019-08-22,1.62,1.61,117.3558,7.085,106.59,1.7376412106666406,47.4495749697864,2.13,-1.3396749291328724,1.0,
2019-08-23,1.52,1.51,117.3009,7.0889,106.45,1.7376412106666406,47.4495749697864,2.13,-1.3396749291328724,1.0,
2019-08-26,1.54,1.54,117.6658,7.1455,105.86,1.7376412106666406,47.4495749697864,2.13,-1.3396749291328724,1.0,
2019-08-27,1.49,1.53,117.75,7.1613,105.75,1.7376412106666406,47.4495749697864,2.13,-1.3396749291328724,1.0,
2019-08-28,1.47,1.5,117.8767,7.1602,105.73,1.7376412106666406,47.4495749697864,2.13,-1.3396749291328724,1.0,
2019-08-29,1.5,1.53,118.0625,7.1424,106.29,1.7376412106666406,47.4495749697864,2.13,-1.3396749291328724,0.7433565571078519,
2019-08-30,1.5,1.5,118.1575,7.1501,106.27,1.7376412106666406,47.4495749697864,2.13,-1.3396749291328724,0.8028117071350066,
2019-09-02,,,,7.1715,106.36,1.6844977040391562,18.895646657435126,2.04,-1.7374573008364869,,
2019-09-03,1.47,1.47,118.3113,7.1787,106.11,1.6844977040391562,18.895646657435126,2.04,-1.7374573008364869,0.47257329618490546,
2019-09-04,1.47,1.43,117.6729,7.1527,106.22,1.6844977040391562,18.895646657435126,2.04,-1.7374573008364869,0.5679607085625287,
2019-09-05,1.57,1.55,117.4776,7.1438,106.68,1.6844977040391562,18.895646657435126,2.04,-1.7374573008364869,0.24743928984046237,
2019-09-06,1.55,1.53,117.1292,7.1136,107.02,1.6844977040391562,18.895646657435126,2.04,-1.7374573008364869,0.35186411291231734,
2019-09-09,1.63,1.58,117.0601,7.125,106.96,1.6844977040391562,18.895646657435126,2.04,-1.7374573008364869,-0.0,
2019-09-10,1.72,1.67,117.0887,7.1055,107.36,1.6844977040391562,18.895646657435126,2.04,-1.7374573008364869,-0.03581999852718002,
2019-09-11,1.75,1.68,117.3125,7.1171,107.71,1.6844977040391562,18.895646657435126,2.04,-1.7374573008364869,-0.35857425384061636,
2019-09-12,1.79,1.72,116.8375,7.0877,107.76,1.6844977040391562,18.895646657435126,2.04,-1.7374573008364869,-0.8605782092174804,
2019-09-13,1.9,1.79,116.7677,7.0826,107.99,1.6844977040391562,18.895646657435126,2.04,-1.7374573008364869,-1.0,
2019-09-16,1.84,1.74,117.0251,7.0671,107.84,1.6844977040391562,18.895646657435126,2.04,-1.7374573008364869,-0.7512595782588759,
2019-09-17,1.81,1.72,116.9826,7.0968,108.14,1.6844977040391562,18.895646657435126,2.04,-1.7374573008364869,-0.7868638921863952,
2019-09-18,1.8,1.77,116.9766,7.0885,108.15,1.6844977040391562,18.895646657435126,2.04,-1.7374573008364869,-0.751097351632468,
2019-09-19,1.79,1.74,117.0861,7.0948,107.94,1.6844977040391562,18.895646657435126,2.04,-1.7374573008364869,-0.4649650272010514,
2019-09-20,1.74,1.69,117.1819,7.0904,107.99,1.6844977040391562,18.895646657435126,2.04,-1.7374573008364869,-0.6448225410995448,
2019-09-23,1.72,1.68,117.2986,7.126,107.48,1.6844977040391562,18.895646657435126,2.04,-1.7374573008364869,-0.5033844894941973,
2019-09-24,1.64,1.6,117.2227,7.1071,107.65,1.6844977040391562,18.895646657435126,2.04,-1.7374573008364869,-0.2516219978834363,
2019-09-25,1.73,1.68,117.6527,7.1243,107.45,1.6844977040391562,18.895646657435126,2.04,-1.7374573008364869,-0.6491734655181853,
2019-09-26,1.7,1.66,117.7267,7.1289,107.63,1.6844977040391562,18.895646657435126,2.04,-1.7374573008364869,-0.47282224364241476,
2019-09-27,1.69,1.63,117.7218,7.1282,108.1,1.6844977040391562,18.895646657435126,2.04,-1.7374573008364869,-0.4800930380717965,
2019-09-30,1.68,1.63,117.9461,7.1434,107.99,1.6844977040391562,18.895646657435126,2.04,-1.7374573008364869,,
2019-10-01,1.65,1.56,117.9595,7.1484,108.28,1.7339736996186295,-42.34697372708552,1.83,-2.4594751580988228,-0.3470153765489117,97.83673095703125
2019-10-02,1.6,1.48,117.9671,7.1484,107.52,1.7339736996186295,-42.34697372708552,1.83,-2.4594751580988228,-0.19171323738812557,
2019-10-03,1.54,1.39,117.6608,7.1484,106.99,1.7339736996186295,-42.34697372708552,1.83,-2.4594751580988228,0.6025316775205719,
2019-10-04,1.52,1.4,117.5288,7.1497,106.78,1.7339736996186295,-42.34697372708552,1.83,-2.4594751580988228,0.48301331969449945,
2019-10-07,1.56,1.46,117.5533,7.1484,106.83,1.7339736996186295,-42.34697372708552,1.83,-2.4594751580988228,0.44588507146603573,
2019-10-08,1.54,1.42,117.7407,7.1431,106.89,1.7339736996186295,-42.34697372708552,1.83,-2.4594751580988228,0.9317736552710459,
2019-10-09,1.59,1.47,117.6835,7.1273,107.38,1.7339736996186295,-42.34697372708552,1.83,-2.4594751580988228,0.7878650074144091,
2019-10-10,1.67,1.53,117.2801,7.123,107.45,1.7339736996186295,-42.34697372708552,1.83,-2.4594751580988228,0.7168611481683825,
2019-10-11,1.76,1.63,116.8239,7.1011,108.44,1.7339736996186295,-42.34697372708552,1.83,-2.4594751580988228,0.6132179123648889,
2019-10-14,,,,7.0699,108.24,1.7339736996186295,-42.34697372708552,1.83,-2.4594751580988228,,
2019-10-15,1.77,1.61,116.8111,7.0812,108.32,1.7339736996186295,-42.34697372708552,1.83,-2.4594751580988228,0.43557636903404284,
2019-10-16,1.75,1.58,116.6425,7.0993,108.75,1.7339736996186295,-42.34697372708552,1.83,-2.4594751580988228,0.7723822313033812,
2019-10-17,1.76,1.6,116.2615,7.0779,108.71,1.7339736996186295,-42.34697372708552,1.83,-2.4594751580988228,0.5913697356255705,
2019-10-18,1.76,1.58,116.1344,7.0837,108.55,1.7339736996186295,-42.34697372708552,1.83,-2.4594751580988228,0.4849791900690132,
2019-10-21,1.8,1.62,116.0436,7.0729,108.56,1.7339736996186295,-42.34697372708552,1.83,-2.4594751580988228,0.27664365995693474,
2019-10-22,1.78,1.6,115.9851,7.0795,108.6,1.7339736996186295,-42.34697372708552,1.83,-2.4594751580988228,-0.0,
2019-10-23,1.77,1.58,116.0586,7.074,108.45,1.7339736996186295,-42.34697372708552,1.83,-2.4594751580988228,0.5261029167898588,
2019-10-24,1.77,1.58,116.1278,7.0726,108.61,1.7339736996186295,-42.34697372708552,1.83,-2.4594751580988228,0.4296591772751938,
2019-10-25,1.8,1.63,116.0774,7.0698,108.57,1.7339736996186295,-42.34697372708552,1.83,-2.4594751580988228,-0.0,
2019-10-28,1.85,1.64,116.0222,7.0683,108.86,1.7339736996186295,-42.34697372708552,1.83,-2.4594751580988228,-0.054444305012745185,
2019-10-29,1.84,1.64,115.9797,7.0655,108.95,1.7339736996186295,-42.34697372708552,1.83,-2.4594751580988228,-0.43425438146165024,
2019-10-30,1.78,1.61,116.1636,7.0566,108.94,1.7339736996186295,-42.34697372708552,1.83,-2.4594751580988228,-0.7052109747929531,
2019-10-31,1.69,1.52,115.9125,7.0414,108.24,1.7339736996186295,-42.34697372708552,1.83,-2.4594751580988228,-0.7032108049146266,
2019-11-01,1.73,1.56,115.7312,7.0419,108.12,2.092290394862917,23.683092450821835,1.55,-2.047601522464615,-0.8670710240020634,73.07838439941406
2019-11-04,1.79,1.6,115.8624,7.0286,108.38,2.092290394862917,23.683092450821835,1.55,-2.047601522464615,-0.75843386676796,
2019-11-05,1.86,1.63,116.1138,6.9974,108.86,2.092290394862917,23.683092450821835,1.55,-2.047601522464615,-1.0,
2019-11-06,1.81,1.61,116.1004,6.9977,109.0,2.092290394862917,23.683092450821835,1.55,-2.047601522464615,-0.7607877866460605,
2019-11-07,1.92,1.68,116.1172,6.9758,109.15,2.092290394862917,23.683092450821835,1.55,-2.047601522464615,-0.8164142686556092,
2019-11-08,1.94,1.68,116.3436,6.9889,109.41,2.092290394862917,23.683092450821835,1.55,-2.047601522464615,-0.2729611489498041,
2019-11-11,,,,7.0106,108.95,2.092290394862917,23.683092450821835,1.55,-2.047601522464615,,
2019-11-12,1.92,1.66,116.5837,7.0074,109.16,2.092290394862917,23.683092450821835,1.55,-2.047601522464615,-0.27261278347579543,
2019-11-13,1.88,1.63,116.8397,7.0217,108.84,2.092290394862917,23.683092450821835,1.55,-2.047601522464615,-0.2725488271585152,
2019-11-14,1.82,1.58,116.8022,7.021,108.66,2.092290394862917,23.683092450821835,1.55,-2.047601522464615,0.10902805637167687,
2019-11-15,1.84,1.61,116.4401,7.0095,108.71,2.092290394862917,23.683092450821835,1.55,-2.047601522464615,-0.16474902631737376,
2019-11-18,1.81,1.6,116.3625,7.0183,108.99,2.092290394862917,23.683092450821835,1.55,-2.047601522464615,0.1102006255477514,
2019-11-19,1.79,1.6,116.5391,7.0262,108.75,2.092290394862917,23.683092450821835,1.55,-2.047601522464615,-0.0,
2019-11-20,1.73,1.56,116.828,7.0337,108.47,2.092290394862917,23.683092450821835,1.55,-2.047601522464615,0.11174259062360425,
2019-11-21,1.77,1.6,116.7435,7.0267,108.61,2.092290394862917,23.683092450821835,1.55,-2.047601522464615,-0.11234407111309276,
2019-11-22,1.77,1.61,116.9137,7.0387,108.55,2.092290394862917,23.683092450821835,1.55,-2.047601522464615,0.11364153119049739,
2019-11-25,1.76,1.61,117.0098,7.0362,108.9,2.092290394862917,23.683092450821835,1.55,-2.047601522464615,0.17196429838318306,
2019-11-26,1.74,1.58,117.0513,7.0396,108.97,2.092290394862917,23.683092450821835,1.55,-2.047601522464615,0.3509271942993424,
2019-11-27,1.77,1.63,117.1273,7.0263,109.17,2.092290394862917,23.683092450821835,1.55,-2.047601522464615,-0.12146247444320925,
2019-11-28,,,,7.0346,109.5,2.092290394862917,23.683092450821835,1.55,-2.047601522464615,,
2019-11-29,1.78,1.61,117.1204,7.0271,109.66,2.092290394862917,23.683092450821835,1.55,-2.047601522464615,-0.3047773013764846,
2019-12-02,1.83,1.61,116.9647,7.0421,109.54,2.3195274699624457,-25.00512450922394,1.55,-2.2991807373363926,-0.061027962183573446,
2019-12-03,1.72,1.53,116.8898,7.0581,108.74,2.3195274699624457,-25.00512450922394,1.55,-2.2991807373363926,0.6082560543859207,
2019-12-04,1.77,1.58,116.692,7.0525,108.7,2.3195274699624457,-25.00512450922394,1.55,-2.2991807373363926,0.18360391232353682,
2019-12-05,1.8,1.58,116.3838,7.0421,108.79,2.3195274699624457,-25.00512450922394,1.55,-2.2991807373363926,0.622660518022351,
2019-12-06,1.84,1.61,116.5381,7.0302,108.56,2.3195274699624457,-25.00512450922394,1.55,-2.2991807373363926,0.45887161639408974,
2019-12-09,1.83,1.63,116.3283,7.0393,108.49,2.3195274699624457,-25.00512450922394,1.55,-2.2991807373363926,,
2019-12-10,1.85,1.65,116.2542,7.0387,108.58,2.3195274699624457,-25.00512450922394,1.55,-2.2991807373363926,0.06891860286086618,
2019-12-11,1.79,1.61,116.1478,7.0393,108.75,2.3195274699624457,-25.00512450922394,1.55,-2.2991807373363926,0.14547762892880634,
2019-12-12,1.9,1.66,115.8741,7.0373,108.6,2.3195274699624457,-25.00512450922394,1.55,-2.2991807373363926,-0.6015681565082476,
2019-12-13,1.82,1.61,115.6967,6.9715,109.57,2.3195274699624457,-25.00512450922394,1.55,-2.2991807373363926,-0.0,
2019-12-16,1.89,1.65,115.555,7.0003,109.43,2.3195274699624457,-25.00512450922394,1.55,-2.2991807373363926,-0.3867984371187438,
2019-12-17,1.89,1.63,115.5553,6.9961,109.58,2.3195274699624457,-25.00512450922394,1.55,-2.2991807373363926,-0.23137737370970063,
2019-12-18,1.92,1.63,115.6618,6.998,109.59,2.3195274699624457,-25.00512450922394,1.55,-2.2991807373363926,-0.5473573265310631,
2019-12-19,1.92,1.62,115.5988,7.0101,109.5,2.3195274699624457,-25.00512450922394,1.55,-2.2991807373363926,-0.15776212754931246,
2019-12-20,1.92,1.63,115.7598,7.0077,109.32,2.3195274699624457,-25.00512450922394,1.55,-2.2991807373363926,-0.1577621275493107,
2019-12-23,1.93,1.64,115.8059,7.0115,109.42,2.3195274699624457,-25.00512450922394,1.55,-2.2991807373363926,-0.23617223716702748,
2019-12-24,1.9,1.62,,7.0075,109.38,2.3195274699624457,-25.00512450922394,1.55,-2.2991807373363926,-0.3149550262863681,
2019-12-25,,,,,,2.3195274699624457,-25.00512450922394,1.55,-2.2991807373363926,,
2019-12-26,1.9,1.64,115.634,,,2.3195274699624457,-25.00512450922394,1.55,-2.2991807373363926,,
2019-12-27,1.88,1.59,115.22,6.9959,109.59,2.3195274699624457,-25.00512450922394,1.55,-2.2991807373363926,0.2030991467387329,
2019-12-30,1.9,1.58,114.9631,6.9868,109.21,2.3195274699624457,-25.00512450922394,1.55,-2.2991807373363926,0.33002168785206837,
2019-12-31,1.92,1.58,114.669,6.9615,108.55,2.3195274699624457,-25.00512450922394,1.55,-2.2991807373363926,-0.6549502273749906,
2020-01-02,1.88,1.58,114.9745,6.9638,108.77,2.599767976845202,47.92410826254369,1.55,-2.290379015513233,-0.0,
2020-01-03,1.8,1.53,114.9867,6.9716,108.14,2.599767976845202,47.92410826254369,1.55,-2.290379015513233,1.0,
2020-01-06,1.81,1.54,114.9557,6.9724,108.11,2.599767976845202,47.92410826254369,1.55,-2.290379015513233,1.0,
2020-01-07,1.83,1.54,115.1477,6.9425,108.44,2.599767976845202,47.92410826254369,1.55,-2.290379015513233,1.0,
2020-01-08,1.87,1.58,115.1328,6.9441,108.74,2.599767976845202,47.92410826254369,1.55,-2.290379015513233,0.41926806323650434,
2020-01-09,1.85,1.58,115.2331,6.9317,109.4,2.599767976845202,47.92410826254369,1.55,-2.290379015513233,1.0,
2020-01-10,1.83,1.56,115.0677,6.9221,109.64,2.599767976845202,47.92410826254369,1.55,-2.290379015513233,0.6891286063515799,
2020-01-13,1.85,1.58,115.0342,6.8935,109.88,2.599767976845202,47.92410826254369,1.55,-2.290379015513233,0.9625977688007678,
2020-01-14,1.82,1.58,115.0239,6.8858,110.05,2.599767976845202,47.92410826254369,1.55,-2.290379015513233,0.6850174872961055,
2020-01-15,1.79,1.56,114.9528,6.888,109.88,2.599767976845202,47.92410826254369,1.55,-2.290379015513233,0.950444499090621,
2020-01-16,1.81,1.58,115.0006,6.8795,109.95,2.599767976845202,47.92410826254369,1.55,-2.290379015513233,0.5431111423374995,
2020-01-17,1.84,1.58,115.0656,6.8587,110.11,2.599767976845202,47.92410826254369,1.55,-2.290379015513233,0.6799887529022811,
2020-01-20,,,,6.8662,110.18,2.599767976845202,47.92410826254369,1.55,-2.290379015513233,,
2020-01-21,1.78,1.53,115.1876,6.9035,110.04,2.599767976845202,47.92410826254369,1.55,-2.290379015513233,1.0,
2020-01-22,1.77,1.53,115.2273,6.9021,109.97,2.599767976845202,47.92410826254369,1.55,-2.290379015513233,,
2020-01-23,1.74,1.51,115.5545,6.9333,109.55,2.599767976845202,47.92410826254369,1.55,-2.290379015513233,1.0,
2020-01-24,1.7,1.49,115.5556,6.9333,109.61,2.599767976845202,47.92410826254369,1.55,-2.290379015513233,1.0,
2020-01-27,1.61,1.44,115.8004,6.9367,108.94,2.599767976845202,47.92410826254369,1.55,-2.290379015513233,1.0,
2020-01-28,1.65,1.45,115.7239,6.9367,109.06,2.599767976845202,47.92410826254369,1.55,-2.290379015513233,1.0,
2020-01-29,1.6,1.42,115.7003,6.9366,109.14,2.599767976845202,47.92410826254369,1.55,-2.290379015513233,,
2020-01-30,1.57,1.41,115.8077,6.9366,108.83,2.599767976845202,47.92410826254369,1.55,-2.290379015513233,1.0,
2020-01-31,1.51,1.33,115.7345,6.9367,108.89,2.599767976845202,47.92410826254369,1.55,-2.290379015513233,1.0,
2020-02-03,1.54,1.36,116.1172,7.0198,108.53,2.3413166797595197,57.26812871180635,1.58,-1.4232217750208775,1.0,
2020-02-04,1.61,1.41,115.9291,6.9966,109.09,2.3413166797595197,57.26812871180635,1.58,-1.4232217750208775,0.8811353776337897,
2020-02-05,1.66,1.44,116.009,6.9725,109.72,2.3413166797595197,57.26812871180635,1.58,-1.4232217750208775,0.9309879945639931,
2020-02-06,1.65,1.44,116.1518,6.9686,109.85,2.3413166797595197,57.26812871180635,1.58,-1.4232217750208775,0.9096619520973289,
2020-02-07,1.59,1.41,116.5086,6.9934,109.86,2.3413166797595197,57.26812871180635,1.58,-1.4232217750208775,0.9462189646634235,
2020-02-10,1.56,1.37,116.5711,6.983,109.74,2.3413166797595197,57.26812871180635,1.58,-1.4232217750208775,1.0,
2020-02-11,1.59,1.41,116.3585,6.9741,109.83,2.3413166797595197,57.26812871180635,1.58,-1.4232217750208775,1.0,
2020-02-12,1.62,1.44,116.2794,6.9702,109.98,2.3413166797595197,57.26812871180635,1.58,-1.4232217750208775,0.6967830449912894,
2020-02-13,1.61,1.44,116.3999,6.9835,109.7,2.3413166797595197,57.26812871180635,1.58,-1.4232217750208775,0.8045031507058366,
2020-02-14,1.59,1.42,116.4223,6.9874,109.86,2.3413166797595197,57.26812871180635,1.58,-1.4232217750208775,0.9076387995445729,
2020-02-17,,,,6.9815,109.88,2.3413166797595197,57.26812871180635,1.58,-1.4232217750208775,,
2020-02-18,1.55,1.41,116.6039,7.0018,109.74,2.3413166797595197,57.26812871180635,1.58,-1.4232217750208775,0.6665198417874634,
2020-02-19,1.56,1.42,116.7829,6.9943,110.51,2.3413166797595197,57.26812871180635,1.58,-1.4232217750208775,0.6078552961553877,
2020-02-20,1.52,1.39,117.2454,7.0238,112.01,2.3413166797595197,57.26812871180635,1.58,-1.4232217750208775,0.6543616101666692,
2020-02-21,1.46,1.34,117.0473,7.0313,111.99,2.3413166797595197,57.26812871180635,1.58,-1.4232217750208775,0.7933907972102827,
2020-02-24,1.38,1.26,117.4018,7.0348,111.41,2.3413166797595197,57.26812871180635,1.58,-1.4232217750208775,0.8973135375582466,
2020-02-25,1.33,1.2,117.2425,7.0152,110.63,2.3413166797595197,57.26812871180635,1.58,-1.4232217750208775,1.0,
2020-02-26,1.33,1.16,117.405,7.0188,110.46,2.3413166797595197,57.26812871180635,1.58,-1.4232217750208775,1.0,
2020-02-27,1.3,1.11,117.3678,7.0059,109.87,2.3413166797595197,57.26812871180635,1.58,-1.4232217750208775,1.0,
2020-02-28,1.13,0.86,117.6568,6.9839,108.74,2.3413166797595197,57.26812871180635,1.58,-1.4232217750208775,1.0,
2020-03-02,1.1,0.84,116.8144,6.9654,107.73,1.4940399642909163,-187.7275268633054,0.65,-5.315054964389065,1.0,
2020-03-03,1.02,0.71,116.4958,6.9778,107.74,1.4940399642909163,-187.7275268633054,0.65,-5.315054964389065,1.0,
2020-03-04,1.02,0.67,116.7802,6.9226,107.49,1.4940399642909163,-187.7275268633054,0.65,-5.315054964389065,1.0,
2020-03-05,0.92,0.59,116.7901,6.9347,106.94,1.4940399642909163,-187.7275268633054,0.65,-5.315054964389065,1.0,
2020-03-06,0.74,0.49,116.7106,6.9258,105.05,1.4940399642909163,-187.7275268633054,0.65,-5.315054964389065,1.0,
2020-03-09,0.54,0.38,117.1871,6.9483,102.23,1.4940399642909163,-187.7275268633054,0.65,-5.315054964389065,1.0,
2020-03-10,0.76,0.5,117.9027,6.957,104.17,1.4940399642909163,-187.7275268633054,0.65,-5.315054964389065,1.0,
2020-03-11,0.82,0.5,118.2505,6.9514,104.58,1.4940399642909163,-187.7275268633054,0.65,-5.315054964389065,1.0,
2020-03-12,0.88,0.5,120.4883,7.0175,103.95,1.4940399642909163,-187.7275268633054,0.65,-5.315054964389065,1.0,
2020-03-13,0.94,0.49,120.4388,6.9873,107.27,1.4940399642909163,-187.7275268633054,0.65,-5.315054964389065,1.0,
2020-03-16,0.73,0.36,120.9352,7.0226,105.55,1.4940399642909163,-187.7275268633054,0.65,-5.315054964389065,,
2020-03-17,1.02,0.47,122.4816,7.0201,106.99,1.4940399642909163,-187.7275268633054,0.65,-5.315054964389065,1.0,
2020-03-18,1.18,0.54,124.1623,7.0354,107.72,1.4940399642909163,-187.7275268633054,0.65,-5.315054964389065,1.0,
2020-03-19,1.12,0.44,125.0587,7.115,109.83,1.4940399642909163,-187.7275268633054,0.65,-5.315054964389065,1.0,
2020-03-20,0.92,0.37,124.9362,7.0906,110.55,1.4940399642909163,-187.7275268633054,0.65,-5.315054964389065,1.0,
2020-03-23,0.76,0.28,126.1262,7.0838,110.46,1.4940399642909163,-187.7275268633054,0.65,-5.315054964389065,1.0,
2020-03-24,0.84,0.38,125.5001,7.0598,110.66,1.4940399642909163,-187.7275268633054,0.65,-5.315054964389065,0.9053372302309332,
2020-03-25,0.88,0.34,124.7916,7.0974,111.45,1.4940399642909163,-187.7275268633054,0.65,-5.315054964389065,0.8886232762835811,
2020-03-26,0.83,0.3,122.4308,7.0736,109.44,1.4940399642909163,-187.7275268633054,0.65,-5.315054964389065,0.8609158336359038,
2020-03-27,0.72,0.25,122.4007,7.0961,108.74,1.4940399642909163,-187.7275268633054,0.65,-5.315054964389065,0.6346141817653922,
2020-03-30,0.7,0.23,123.2883,7.0996,108.16,1.4940399642909163,-187.7275268633054,0.65,-5.315054964389065,0.6224582721828998,
2020-03-31,0.7,0.23,122.5301,7.0997,108.53,1.4940399642909163,-187.7275268633054,0.65,-5.315054964389065,0.48177191222824833,
2020-04-01,0.62,0.23,123.7933,7.1007,107.49,0.3130472940411133,-189.96162873594184,0.05,-17.318282261376304,0.4361364482545138,69.33940124511719
2020-04-02,0.63,0.23,123.5916,7.0958,107.34,0.3130472940411133,-189.96162873594184,0.05,-17.318282261376304,0.3532599108606515,
2020-04-03,0.62,0.23,124.4152,7.091,108.58,0.3130472940411133,-189.96162873594184,0.05,-17.318282261376304,0.25295250390987123,
2020-04-06,0.67,0.27,124.16,7.091,108.92,0.3130472940411133,-189.96162873594184,0.05,-17.318282261376304,0.10661526015637528,
2020-04-07,0.75,0.28,123.0956,7.0558,108.91,0.3130472940411133,-189.96162873594184,0.05,-17.318282261376304,0.21293811037874932,
2020-04-08,0.77,0.27,123.2216,7.0663,108.88,0.3130472940411133,-189.96162873594184,0.05,-17.318282261376304,0.2224529137510699,
2020-04-09,0.73,0.23,122.476,7.0589,108.89,0.3130472940411133,-189.96162873594184,0.05,-17.318282261376304,0.26123419525940633,
2020-04-10,,,122.1592,,,0.3130472940411133,-189.96162873594184,0.05,-17.318282261376304,,
2020-04-13,0.76,0.25,122.5203,,,0.3130472940411133,-189.96162873594184,0.05,-17.318282261376304,0.10677593734516633,
2020-04-14,0.76,0.23,122.1121,7.057,107.32,0.3130472940411133,-189.96162873594184,0.05,-17.318282261376304,0.23346446184734737,
2020-04-15,0.63,0.2,123.0752,7.0621,107.42,0.3130472940411133,-189.96162873594184,0.05,-17.318282261376304,0.3316947809896079,
2020-04-16,0.61,0.2,123.4615,7.0712,107.57,0.3130472940411133,-189.96162873594184,0.05,-17.318282261376304,0.23507018212750216,
2020-04-17,0.65,0.2,122.871,7.0738,107.61,0.3130472940411133,-189.96162873594184,0.05,-17.318282261376304,0.1673483346841812,
2020-04-20,0.63,0.2,123.1033,7.0736,107.84,0.3130472940411133,-189.96162873594184,0.05,-17.318282261376304,0.07911647401102032,
2020-04-21,0.58,0.2,123.9116,7.095,107.4,0.3130472940411133,-189.96162873594184,0.05,-17.318282261376304,0.17926134490690107,
2020-04-22,0.63,0.22,123.9256,7.0824,107.67,0.3130472940411133,-189.96162873594184,0.05,-17.318282261376304,0.12048838830924945,
2020-04-23,0.61,0.22,123.7542,7.0794,107.45,0.3130472940411133,-189.96162873594184,0.05,-17.318282261376304,0.08109856715325045,
2020-04-24,0.6,0.22,124.1615,7.0792,107.61,0.3130472940411133,-189.96162873594184,0.05,-17.318282261376304,0.030639680672693462,
2020-04-27,0.67,0.24,123.8843,7.0826,107.1,0.3130472940411133,-189.96162873594184,0.05,-17.318282261376304,-0.010329670470030425,
2020-04-28,0.62,0.2,123.3693,7.077,106.7,0.3130472940411133,-189.96162873594184,0.05,-17.318282261376304,0.031453568103704525,
2020-04-29,0.63,0.2,122.7782,7.0765,106.55,0.3130472940411133,-189.96162873594184,0.05,-17.318282261376304,0.03206654065597827,
2020-04-30,0.64,0.2,122.327,7.049,106.54,0.3130472940411133,-189.96162873594184,0.05,-17.318282261376304,0.03278943618600511,
2020-05-01,0.64,0.2,123.1492,,,0.1982013035848551,40.46459459567129,0.05,-16.047738104539413,0.03356597243489195,68.50721740722656
2020-05-04,0.64,0.19,123.2117,7.0622,106.78,0.1982013035848551,40.46459459567129,0.05,-16.047738104539413,0.09163348520456867,
2020-05-05,0.66,0.19,122.803,7.0622,106.71,0.1982013035848551,40.46459459567129,0.05,-16.047738104539413,0.10625878025880056,
2020-05-06,0.72,0.17,123.609,7.0979,106.09,0.1982013035848551,40.46459459567129,0.05,-16.047738104539413,0.12253378916286796,
2020-05-07,0.63,0.13,123.1249,7.0877,106.57,0.1982013035848551,40.46459459567129,0.05,-16.047738104539413,0.12776248644604568,
2020-05-08,0.69,0.16,122.5379,7.0754,106.37,0.1982013035848551,40.46459459567129,0.05,-16.047738104539413,,
2020-05-11,0.73,0.17,123.2333,7.0938,107.32,0.1982013035848551,40.46459459567129,0.05,-16.047738104539413,0.10761507426366627,
2020-05-12,0.69,0.17,123.0592,7.0854,107.35,0.1982013035848551,40.46459459567129,0.05,-16.047738104539413,0.08538292529133812,
2020-05-13,0.64,0.16,123.5408,7.0898,106.92,0.1982013035848551,40.46459459567129,0.05,-16.047738104539413,0.06097380848776516,
2020-05-14,0.63,0.16,123.6429,7.1029,107.01,0.1982013035848551,40.46459459567129,0.05,-16.047738104539413,0.06599296930768554,
2020-05-15,0.64,0.16,123.5991,7.1086,106.99,0.1982013035848551,40.46459459567129,0.05,-16.047738104539413,0.07210792590439043,
2020-05-18,0.73,0.18,122.7968,7.1148,107.38,0.1982013035848551,40.46459459567129,0.05,-16.047738104539413,0.03962747857266703,
2020-05-19,0.7,0.17,122.5655,7.1065,107.76,0.1982013035848551,40.46459459567129,0.05,-16.047738104539413,0.06599999969140773,
2020-05-20,0.68,0.16,122.1007,7.1004,107.64,0.1982013035848551,40.46459459567129,0.05,-16.047738104539413,0.1495439135697838,
2020-05-21,0.68,0.17,122.0914,7.1048,107.65,0.1982013035848551,40.46459459567129,0.05,-16.047738104539413,0.14522197529274153,
2020-05-22,0.66,0.17,122.3211,7.1347,107.54,0.1982013035848551,40.46459459567129,0.05,-16.047738104539413,0.15973876708497672,
2020-05-25,,,,7.1362,107.67,0.1982013035848551,40.46459459567129,0.05,-16.047738104539413,,
2020-05-26,0.69,0.18,121.3864,7.1316,107.44,0.1982013035848551,40.46459459567129,0.05,-16.047738104539413,0.0778526061528975,
2020-05-27,0.68,0.19,121.5677,7.1588,107.89,0.1982013035848551,40.46459459567129,0.05,-16.047738104539413,0.04254753474962427,
2020-05-28,0.7,0.17,121.0138,7.1536,107.73,0.1982013035848551,40.46459459567129,0.05,-16.047738104539413,0.136478660633035,
2020-05-29,0.65,0.16,120.9458,7.1351,107.12,0.1982013035848551,40.46459459567129,0.05,-16.047738104539413,0.18829367725565085,
2020-06-01,0.66,0.14,120.2686,7.1363,107.73,0.7166562831830481,54.65054982631165,0.08,-10.586064673581452,0.23614330803241368,71.22785949707031
2020-06-02,0.68,0.17,119.6854,7.1069,108.13,0.7166562831830481,54.65054982631165,0.08,-10.586064673581452,0.09910767125162244,
2020-06-03,0.77,0.19,119.2556,7.1109,108.58,0.7166562831830481,54.65054982631165,0.08,-10.586064673581452,-0.10513383149028675,
2020-06-04,0.82,0.19,119.3014,7.117,108.87,0.7166562831830481,54.65054982631165,0.08,-10.586064673581452,-0.3384828776349543,
2020-06-05,0.91,0.22,118.8138,7.0917,109.24,0.7166562831830481,54.65054982631165,0.08,-10.586064673581452,-0.36718613328755034,
2020-06-08,0.88,0.22,118.6621,7.0745,109.36,0.7166562831830481,54.65054982631165,0.08,-10.586064673581452,-0.31335049303369594,
2020-06-09,0.84,0.2,118.5893,7.0856,108.15,0.7166562831830481,54.65054982631165,0.08,-10.586064673581452,-0.20589166734350284,
2020-06-10,0.75,0.17,118.5231,7.0598,107.39,0.7166562831830481,54.65054982631165,0.08,-10.586064673581452,-0.08419045222359048,
2020-06-11,0.66,0.19,119.2347,7.0717,107.08,0.7166562831830481,54.65054982631165,0.08,-10.586064673581452,-0.2926056970098242,
2020-06-12,0.71,0.19,119.6645,7.0763,107.27,0.7166562831830481,54.65054982631165,0.08,-10.586064673581452,-0.3213958371218349,
2020-06-15,0.71,0.19,119.9539,7.095,107.38,0.7166562831830481,54.65054982631165,0.08,-10.586064673581452,-0.10941907911610717,
2020-06-16,0.75,0.21,119.567,7.0783,107.35,0.7166562831830481,54.65054982631165,0.08,-10.586064673581452,-0.5085516060118459,
2020-06-17,0.74,0.19,119.9105,7.0871,107.42,0.7166562831830481,54.65054982631165,0.08,-10.586064673581452,-0.4308192311986363,
2020-06-18,0.71,0.19,120.2173,7.0883,106.93,0.7166562831830481,54.65054982631165,0.08,-10.586064673581452,-0.3107491259485977,
2020-06-19,0.7,0.19,120.2186,7.0769,106.84,0.7166562831830481,54.65054982631165,0.08,-10.586064673581452,-0.31802206260774474,
2020-06-22,0.71,0.19,119.7532,7.0764,106.92,0.7166562831830481,54.65054982631165,0.08,-10.586064673581452,,
2020-06-23,0.72,0.18,119.3285,7.0634,106.95,0.7166562831830481,54.65054982631165,0.08,-10.586064673581452,-0.0,
2020-06-24,0.69,0.19,119.9744,7.072,106.65,0.7166562831830481,54.65054982631165,0.08,-10.586064673581452,-0.0,
2020-06-25,0.68,0.17,120.2997,7.072,107.37,0.7166562831830481,54.65054982631165,0.08,-10.586064673581452,-0.0,
2020-06-26,0.64,0.17,120.533,7.072,106.96,0.7166562831830481,54.65054982631165,0.08,-10.586064673581452,-0.16585758015422114,
2020-06-29,0.64,0.16,120.6658,7.0756,107.29,0.7166562831830481,54.65054982631165,0.08,-10.586064673581452,-0.3492228772178832,
2020-06-30,0.66,0.16,120.4649,7.0744,107.75,0.7166562831830481,54.65054982631165,0.08,-10.586064673581452,0.18984556779838765,
2020-07-01,0.69,0.17,120.0808,7.0671,107.42,0.9968647625897997,24.245080926239233,0.09,-6.783544959427434,0.41460945278137745,66.47328186035156
2020-07-02,0.68,0.16,119.8555,7.0671,107.43,0.9968647625897997,24.245080926239233,0.09,-6.783544959427434,0.6331922802367737,
2020-07-03,,,,7.0661,107.52,0.9968647625897997,24.245080926239233,0.09,-6.783544959427434,,
2020-07-06,0.69,0.16,119.2852,7.0197,107.53,0.9968647625897997,24.245080926239233,0.09,-6.783544959427434,1.0,
2020-07-07,0.65,0.16,119.5717,7.0228,107.71,0.9968647625897997,24.245080926239233,0.09,-6.783544959427434,0.9210268515195488,
2020-07-08,0.67,0.16,119.5525,7.0143,107.56,0.9968647625897997,24.245080926239233,0.09,-6.783544959427434,0.22925884594014898,
2020-07-09,0.62,0.16,119.5129,6.9855,107.27,0.9968647625897997,24.245080926239233,0.09,-6.783544959427434,0.6855133930418471,
2020-07-10,0.65,0.16,119.3509,7.0018,106.85,0.9968647625897997,24.245080926239233,0.09,-6.783544959427434,0.6839596239880764,
2020-07-13,0.64,0.16,119.1891,7.0005,107.16,0.9968647625897997,24.245080926239233,0.09,-6.783544959427434,0.6831009711807864,
2020-07-14,0.63,0.14,119.3901,7.0158,107.4,0.9968647625897997,24.245080926239233,0.09,-6.783544959427434,1.0,
2020-07-15,0.64,0.16,119.0331,6.9884,106.82,0.9968647625897997,24.245080926239233,0.09,-6.783544959427434,0.6846488824601265,
2020-07-16,0.62,0.16,118.9275,6.9968,107.1,0.9968647625897997,24.245080926239233,0.09,-6.783544959427434,0.7035219328391621,
2020-07-17,0.64,0.14,119.124,6.9982,107.22,0.9968647625897997,24.245080926239233,0.09,-6.783544959427434,1.0,
2020-07-20,0.62,0.16,119.0483,6.9874,107.12,0.9968647625897997,24.245080926239233,0.09,-6.783544959427434,0.7733656287631689,
2020-07-21,0.61,0.14,118.4042,6.9896,107.23,0.9968647625897997,24.245080926239233,0.09,-6.783544959427434,1.0,
2020-07-22,0.6,0.14,118.1337,6.9959,107.05,0.9968647625897997,24.245080926239233,0.09,-6.783544959427434,1.0,
2020-07-23,0.59,0.16,118.0613,7.0064,107.17,0.9968647625897997,24.245080926239233,0.09,-6.783544959427434,0.2563089950230347,
2020-07-24,0.59,0.14,118.1329,7.017,106.27,0.9968647625897997,24.245080926239233,0.09,-6.783544959427434,0.7660099987160325,
2020-07-27,0.62,0.15,117.3869,7.002,105.34,0.9968647625897997,24.245080926239233,0.09,-6.783544959427434,0.2550953081701773,
2020-07-28,0.59,0.14,117.3189,7.0019,105.27,0.9968647625897997,24.245080926239233,0.09,-6.783544959427434,0.5047554376001829,
2020-07-29,0.58,0.12,117.2126,6.9993,105.14,0.9968647625897997,24.245080926239233,0.09,-6.783544959427434,1.0,
2020-07-30,0.55,0.11,117.4008,7.0033,105.24,0.9968647625897997,24.245080926239233,0.09,-6.783544959427434,1.0,
2020-07-31,0.55,0.11,117.2082,6.9748,104.92,0.9968647625897997,24.245080926239233,0.09,-6.783544959427434,,
2020-08-03,0.56,0.11,117.8074,6.9845,106.18,1.2810698495523853,22.894989723709106,0.1,-6.512241935326724,1.0,
2020-08-04,0.52,0.11,117.7833,6.9832,106.06,1.2810698495523853,22.894989723709106,0.1,-6.512241935326724,0.9913654045277663,
2020-08-05,0.55,0.11,116.8736,6.9409,105.76,1.2810698495523853,22.894989723709106,0.1,-6.512241935326724,0.9530381328726364,
2020-08-06,0.55,0.11,117.0422,6.9514,105.51,1.2810698495523853,22.894989723709106,0.1,-6.512241935326724,0.919778042550522,
2020-08-07,0.57,0.13,117.6239,6.9593,105.7,1.2810698495523853,22.894989723709106,0.1,-6.512241935326724,0.5448514953754143,
2020-08-10,0.59,0.14,117.5821,6.9713,106.04,1.2810698495523853,22.894989723709106,0.1,-6.512241935326724,0.36236766262114645,
2020-08-11,0.64,0.16,117.3781,6.947,106.06,1.2810698495523853,22.894989723709106,0.1,-6.512241935326724,-0.3626053776198558,
2020-08-12,0.69,0.16,117.2559,6.9457,106.97,1.2810698495523853,22.894989723709106,0.1,-6.512241935326724,-0.0,
2020-08-13,0.71,0.16,117.1193,6.9456,106.97,1.2810698495523853,22.894989723709106,0.1,-6.512241935326724,-0.0,
2020-08-14,0.71,0.14,116.9395,6.95,106.67,1.2810698495523853,22.894989723709106,0.1,-6.512241935326724,-0.0,
2020-08-17,0.69,0.14,116.749,6.9402,106.29,1.2810698495523853,22.894989723709106,0.1,-6.512241935326724,0.36249568002920457,
2020-08-18,0.67,0.14,116.5593,6.9215,105.44,1.2810698495523853,22.894989723709106,0.1,-6.512241935326724,-0.0,
2020-08-19,0.68,0.14,116.567,6.9113,105.37,1.2810698495523853,22.894989723709106,0.1,-6.512241935326724,-0.0,
2020-08-20,0.65,0.13,116.8126,6.9186,105.87,1.2810698495523853,22.894989723709106,0.1,-6.512241935326724,0.5420394467284723,
2020-08-21,0.64,0.16,117.0572,6.9235,105.81,1.2810698495523853,22.894989723709106,0.1,-6.512241935326724,-0.3613596311523147,
2020-08-24,0.65,0.14,116.912,6.9129,105.73,1.2810698495523853,22.894989723709106,0.1,-6.512241935326724,0.1806798155761571,
2020-08-25,0.69,0.15,116.8206,6.9131,106.37,1.2810698495523853,22.894989723709106,0.1,-6.512241935326724,-0.18079023026254587,
2020-08-26,0.69,0.16,116.6243,6.893,106.32,1.2810698495523853,22.894989723709106,0.1,-6.512241935326724,-0.7315090916802274,
2020-08-27,0.74,0.16,116.649,6.8883,106.17,1.2810698495523853,22.894989723709106,0.1,-6.512241935326724,-0.9255249556040535,
2020-08-28,0.74,0.14,115.9374,6.861,105.24,1.2810698495523853,22.894989723709106,0.1,-6.512241935326724,-0.5814234377015003,
2020-08-31,0.72,0.14,115.7586,6.8435,105.92,1.2810698495523853,22.894989723709106,0.1,-6.512241935326724,-0.6135089520601708,
2020-09-01,0.68,0.13,115.5687,6.819,105.88,1.3910228912373812,16.44715025152753,0.09,-6.183101854793705,-0.41826890304584213,80.37738037109375
2020-09-02,0.66,0.14,116.0304,6.8271,106.23,1.3910228912373812,16.44715025152753,0.09,-6.183101854793705,-0.6283678491497884,
2020-09-03,0.63,0.13,116.0685,6.8401,106.54,1.3910228912373812,16.44715025152753,0.09,-6.183101854793705,-0.4247011574742484,
2020-09-04,0.72,0.14,116.0347,6.8406,106.22,1.3910228912373812,16.44715025152753,0.09,-6.183101854793705,-0.21691479774228026,
2020-09-07,,,,6.8326,106.22,1.3910228912373812,16.44715025152753,0.09,-6.183101854793705,,
2020-09-08,0.69,0.14,116.4618,6.8441,106.24,1.3910228912373812,16.44715025152753,0.09,-6.183101854793705,0.470283649795508,
2020-09-09,0.71,0.14,116.1291,6.8448,106.22,1.3910228912373812,16.44715025152753,0.09,-6.183101854793705,0.4857198627356038,
2020-09-10,0.68,0.14,115.8806,6.8379,106.14,1.3910228912373812,16.44715025152753,0.09,-6.183101854793705,0.5037470891957051,
2020-09-11,0.67,0.13,116.0866,6.8368,106.14,1.3910228912373812,16.44715025152753,0.09,-6.183101854793705,0.2610518857831902,
2020-09-14,0.68,0.14,115.6428,6.8194,105.94,1.3910228912373812,16.44715025152753,0.09,-6.183101854793705,-0.0,
2020-09-15,0.68,0.14,115.5908,6.7714,105.44,1.3910228912373812,16.44715025152753,0.09,-6.183101854793705,-0.0,
2020-09-16,0.69,0.14,115.3537,6.7595,105.08,1.3910228912373812,16.44715025152753,0.09,-6.183101854793705,-0.0,
2020-09-17,0.69,0.13,115.4392,6.7696,104.59,1.3910228912373812,16.44715025152753,0.09,-6.183101854793705,-0.0,
2020-09-18,0.7,0.14,115.2395,6.7731,104.36,1.3910228912373812,16.44715025152753,0.09,-6.183101854793705,0.6247918534004941,
2020-09-21,0.68,0.14,116.378,6.7865,104.1,1.3910228912373812,16.44715025152753,0.09,-6.183101854793705,-0.0,
2020-09-22,0.68,0.13,116.5438,6.776,104.58,1.3910228912373812,16.44715025152753,0.09,-6.183101854793705,0.6346477588200563,
2020-09-23,0.68,0.14,117.2526,6.7938,105.12,1.3910228912373812,16.44715025152753,0.09,-6.183101854793705,0.6531735565112996,
2020-09-24,0.67,0.14,117.5473,6.8293,105.39,1.3910228912373812,16.44715025152753,0.09,-6.183101854793705,0.661769446135232,
2020-09-25,0.66,0.12,117.8679,6.8292,105.5,1.3910228912373812,16.44715025152753,0.09,-6.183101854793705,0.6564924734948758,
2020-09-28,0.67,0.14,117.6178,6.8132,105.42,1.3910228912373812,16.44715025152753,0.09,-6.183101854793705,-0.0,
2020-09-29,0.66,0.11,117.526,6.8174,105.63,1.3910228912373812,16.44715025152753,0.09,-6.183101854793705,0.6532099905603552,
2020-09-30,0.69,0.13,116.946,6.809,105.71,1.3910228912373812,16.44715025152753,0.09,-6.183101854793705,0.330712873740015,
2020-10-01,0.68,0.14,116.7227,6.7908,105.5,1.2303863428671624,13.52365126319777,0.09,-4.622683457542831,-0.3363501846386542,76.08316802978516
2020-10-02,0.7,0.13,116.7321,6.7908,105.2,1.2303863428671624,13.52365126319777,0.09,-4.622683457542831,0.3415384114567717,
2020-10-05,0.78,0.14,116.1767,6.809,105.58,1.2303863428671624,13.52365126319777,0.09,-4.622683457542831,,
2020-10-06,0.76,0.14,116.2681,6.7919,105.62,1.2303863428671624,13.52365126319777,0.09,-4.622683457542831,-0.0,
2020-10-07,0.81,0.16,116.3447,6.7913,105.97,1.2303863428671624,13.52365126319777,0.09,-4.622683457542831,-0.6965018510116143,
2020-10-08,0.78,0.13,116.1657,6.7908,105.98,1.2303863428671624,13.52365126319777,0.09,-4.622683457542831,0.35479976363699023,
2020-10-09,0.79,0.16,115.2757,6.7017,105.93,1.2303863428671624,13.52365126319777,0.09,-4.622683457542831,-1.0,
2020-10-12,,,,6.7445,105.44,1.2303863428671624,13.52365126319777,0.09,-4.622683457542831,,
2020-10-13,0.74,0.16,115.9107,6.7352,105.52,1.2303863428671624,13.52365126319777,0.09,-4.622683457542831,-0.6889550125581153,
2020-10-14,0.73,0.14,115.6872,6.7312,105.28,1.2303863428671624,13.52365126319777,0.09,-4.622683457542831,-0.0,
2020-10-15,0.74,0.14,116.0964,6.7324,105.27,1.2303863428671624,13.52365126319777,0.09,-4.622683457542831,-0.3518282764901841,
2020-10-16,0.76,0.14,115.7679,6.6978,105.26,1.2303863428671624,13.52365126319777,0.09,-4.622683457542831,-0.0,
2020-10-19,0.78,0.16,115.4031,6.6837,105.31,1.2303863428671624,13.52365126319777,0.09,-4.622683457542831,-0.6931978475229453,
2020-10-20,0.81,0.14,115.2485,6.6823,105.66,1.2303863428671624,13.52365126319777,0.09,-4.622683457542831,-0.34659892376147317,
2020-10-21,0.83,0.14,114.9108,6.6553,104.85,1.2303863428671624,13.52365126319777,0.09,-4.622683457542831,-0.0,
2020-10-22,0.87,0.16,115.1158,6.6813,104.66,1.2303863428671624,13.52365126319777,0.09,-4.622683457542831,-0.712898620234627,
2020-10-23,0.85,0.18,115.0126,6.6765,104.73,1.2303863428671624,13.52365126319777,0.09,-4.622683457542831,-1.0,
2020-10-26,0.81,0.16,115.2797,6.7131,105.03,1.2303863428671624,13.52365126319777,0.09,-4.622683457542831,-0.7053488002533363,
2020-10-27,0.79,0.16,115.0131,6.706,104.58,1.2303863428671624,13.52365126319777,0.09,-4.622683457542831,-1.0,
2020-10-28,0.79,0.16,115.8023,6.7234,104.34,1.2303863428671624,13.52365126319777,0.09,-4.622683457542831,-1.0,
2020-10-29,0.85,0.16,116.3069,6.7098,104.31,1.2303863428671624,13.52365126319777,0.09,-4.622683457542831,-0.7824463062834088,
2020-10-30,0.88,0.14,116.1354,6.6813,104.6,1.2303863428671624,13.52365126319777,0.09,-4.622683457542831,-0.39485944143853613,
2020-11-02,0.87,0.16,116.2361,6.6909,104.64,1.1757452138405844,9.554387947775922,0.09,-4.763324870606622,-0.779206349069157,
2020-11-03,0.9,0.17,115.4802,6.6824,104.73,1.1757452138405844,9.554387947775922,0.09,-4.763324870606622,-1.0,
2020-11-04,0.78,0.14,115.1677,6.658,104.35,1.1757452138405844,9.554387947775922,0.09,-4.763324870606622,0.7719393829527884,
2020-11-05,0.79,0.14,114.4556,6.6074,103.64,1.1757452138405844,9.554387947775922,0.09,-4.763324870606622,-0.3912231531417049,
2020-11-06,0.83,0.16,113.9919,6.6106,103.34,1.1757452138405844,9.554387947775922,0.09,-4.763324870606622,-0.0,
2020-11-09,0.96,0.17,114.0895,6.604,104.91,1.1757452138405844,9.554387947775922,0.09,-4.763324870606622,,
2020-11-10,0.98,0.19,114.0757,6.6148,105.32,1.1757452138405844,9.554387947775922,0.09,-4.763324870606622,-1.0,
2020-11-11,,,,6.6244,105.45,1.1757452138405844,9.554387947775922,0.09,-4.763324870606622,,
2020-11-12,0.88,0.17,114.2843,6.6241,105.38,1.1757452138405844,9.554387947775922,0.09,-4.763324870606622,-1.0,
2020-11-13,0.89,0.17,114.2397,6.6078,104.85,1.1757452138405844,9.554387947775922,0.09,-4.763324870606622,-0.9863605178878238,
2020-11-16,0.91,0.19,113.8312,6.5888,104.95,1.1757452138405844,9.554387947775922,0.09,-4.763324870606622,-0.9229058555515647,
2020-11-17,0.87,0.18,113.682,6.5555,104.17,1.1757452138405844,9.554387947775922,0.09,-4.763324870606622,-1.0,
2020-11-18,0.88,0.16,113.46,6.5571,103.88,1.1757452138405844,9.554387947775922,0.09,-4.763324870606622,-0.5942856899667508,
2020-11-19,0.86,0.18,113.694,6.5861,104.02,1.1757452138405844,9.554387947775922,0.09,-4.763324870606622,-0.5782567704045587,
2020-11-20,0.83,0.16,113.489,6.568,103.84,1.1757452138405844,9.554387947775922,0.09,-4.763324870606622,0.5769286917174136,
2020-11-23,0.86,0.16,113.7548,6.569,103.75,1.1757452138405844,9.554387947775922,0.09,-4.763324870606622,-0.0,
2020-11-24,0.88,0.16,113.4316,6.5868,104.56,1.1757452138405844,9.554387947775922,0.09,-4.763324870606622,-0.0,
2020-11-25,0.88,0.17,113.1823,6.576,104.45,1.1757452138405844,9.554387947775922,0.09,-4.763324870606622,-0.2870312704864053,
2020-11-26,,,,6.576,104.24,1.1757452138405844,9.554387947775922,0.09,-4.763324870606622,,
2020-11-27,0.84,0.16,,6.5779,104.2,1.1757452138405844,9.554387947775922,0.09,-4.763324870606622,-0.5757325154964943,
2020-11-30,0.84,0.16,113.2256,6.5775,104.17,1.1757452138405844,9.554387947775922,0.09,-4.763324870606622,-0.0,
2020-12-01,0.92,0.17,112.8063,6.5708,104.38,1.3204191315779434,5.500665746669357,0.09,-3.28150457766595,-0.0,64.06729125976562
2020-12-02,0.95,0.16,112.6115,6.5641,104.53,1.3204191315779434,5.500665746669357,0.09,-3.28150457766595,-0.5758488616712123,
2020-12-03,0.92,0.16,112.0236,6.5482,104.1,1.3204191315779434,5.500665746669357,0.09,-3.28150457766595,-0.5769286917174172,
2020-12-04,0.97,0.16,111.7778,6.5319,103.99,1.3204191315779434,5.500665746669357,0.09,-3.28150457766595,-0.0,
2020-12-07,0.94,0.14,111.8385,6.5394,104.14,1.3204191315779434,5.500665746669357,0.09,-3.28150457766595,0.8764293138878776,
2020-12-08,0.92,0.14,111.8639,6.5309,104.16,1.3204191315779434,5.500665746669357,0.09,-3.28150457766595,1.0,
2020-12-09,0.95,0.16,112.0305,6.5379,104.1,1.3204191315779434,5.500665746669357,0.09,-3.28150457766595,,
2020-12-10,0.92,0.14,111.9788,6.5418,104.44,1.3204191315779434,5.500665746669357,0.09,-3.28150457766595,0.8887773674946275,
2020-12-11,0.9,0.11,112.1417,6.5462,104.13,1.3204191315779434,5.500665746669357,0.09,-3.28150457766595,1.0,
2020-12-14,0.9,0.13,112.1708,6.544,103.69,1.3204191315779434,5.500665746669357,0.09,-3.28150457766595,1.0,
2020-12-15,0.92,0.11,111.8601,6.5455,103.86,1.3204191315779434,5.500665746669357,0.09,-3.28150457766595,1.0,
2020-12-16,0.92,0.13,111.7157,6.5332,103.35,1.3204191315779434,5.500665746669357,0.09,-3.28150457766595,0.8026463227851297,
2020-12-17,0.94,0.13,111.2226,6.5332,103.05,1.3204191315779434,5.500665746669357,0.09,-3.28150457766595,1.0,
2020-12-18,0.95,0.13,111.6071,6.5377,103.34,1.3204191315779434,5.500665746669357,0.09,-3.28150457766595,0.8067820193526793,
2020-12-21,0.95,0.13,111.9415,6.5542,103.54,1.3204191315779434,5.500665746669357,0.09,-3.28150457766595,0.7999955444520773,
2020-12-22,0.93,0.13,112.1947,6.5411,103.37,1.3204191315779434,5.500665746669357,0.09,-3.28150457766595,0.8269641703811189,
2020-12-23,0.96,0.13,111.9807,6.5386,103.56,1.3204191315779434,5.500665746669357,0.09,-3.28150457766595,1.0,
2020-12-24,0.94,0.13,,6.5303,103.65,1.3204191315779434,5.500665746669357,0.09,-3.28150457766595,,
2020-12-25,,,,,,1.3204191315779434,5.500665746669357,0.09,-3.28150457766595,,
2020-12-28,0.94,0.13,111.9752,6.5395,103.56,1.3204191315779434,5.500665746669357,0.09,-3.28150457766595,0.8152036322430468,
2020-12-29,0.94,0.12,111.5172,6.5315,103.78,1.3204191315779434,5.500665746669357,0.09,-3.28150457766595,1.0,
2020-12-30,0.93,0.12,111.3084,6.525,103.06,1.3204191315779434,5.500665746669357,0.09,-3.28150457766595,1.0,
2020-12-31,0.93,0.13,111.3169,6.5378,103.08,1.3204191315779434,5.500665746669357,0.09,-3.28150457766595,0.779402619443377,
2021-01-04,0.93,0.11,111.2075,6.4642,102.98,1.3738437137002402,10.135170222344028,0.09,-2.1295843569181794,0.7517410274079868,
2021-01-05,0.96,0.13,110.9574,6.4636,102.88,1.3738437137002402,10.135170222344028,0.09,-2.1295843569181794,0.24903162967197462,
2021-01-06,1.04,0.14,110.8502,6.4559,102.96,1.3738437137002402,10.135170222344028,0.09,-2.1295843569181794,0.4980632593439485,
2021-01-07,1.08,0.14,111.3042,6.4673,103.56,1.3738437137002402,10.135170222344028,0.09,-2.1295843569181794,-0.0,
2021-01-08,1.13,0.14,111.2847,6.464,103.89,1.3738437137002402,10.135170222344028,0.09,-2.1295843569181794,-0.7470948890159235,
2021-01-11,1.15,0.14,111.8257,6.4792,104.22,1.3738437137002402,10.135170222344028,0.09,-2.1295843569181794,-0.24923244546919934,
2021-01-12,1.15,0.14,111.5501,6.4613,104.22,1.3738437137002402,10.135170222344028,0.09,-2.1295843569181794,-0.7476973364075976,
2021-01-13,1.1,0.14,111.3622,6.4702,103.93,1.3738437137002402,10.135170222344028,0.09,-2.1295843569181794,-0.24923244546919934,
2021-01-14,1.15,0.16,111.1567,6.4673,104.1,1.3738437137002402,10.135170222344028,0.09,-2.1295843569181794,-0.7476973364075973,
2021-01-15,1.11,0.13,111.5106,6.4752,103.72,1.3738437137002402,10.135170222344028,0.09,-2.1295843569181794,-0.0,
2021-01-18,,,,6.4953,103.76,1.3738437137002402,10.135170222344028,0.09,-2.1295843569181794,,
2021-01-19,1.1,0.14,111.4527,6.4796,103.99,1.3738437137002402,10.135170222344028,0.09,-2.1295843569181794,-0.25208816377215904,
2021-01-20,1.1,0.13,,6.4699,103.81,1.3738437137002402,10.135170222344028,0.09,-2.1295843569181794,-0.0,
2021-01-21,1.12,0.13,111.1973,6.4609,103.41,1.3738437137002402,10.135170222344028,0.09,-2.1295843569181794,-0.0,
2021-01-22,1.1,0.13,111.5516,6.4831,103.79,1.3738437137002402,10.135170222344028,0.09,-2.1295843569181794,,
2021-01-25,1.05,0.13,111.8676,6.4773,103.74,1.3738437137002402,10.135170222344028,0.09,-2.1295843569181794,-0.0,
2021-01-26,1.05,0.11,111.6572,6.4677,103.71,1.3738437137002402,10.135170222344028,0.09,-2.1295843569181794,0.24569463498070943,
2021-01-27,1.04,0.12,112.0782,6.4728,103.9,1.3738437137002402,10.135170222344028,0.09,-2.1295843569181794,-0.0,
2021-01-28,1.07,0.12,112.0059,6.4698,104.38,1.3738437137002402,10.135170222344028,0.09,-2.1295843569181794,0.23968991109699128,
2021-01-29,1.11,0.11,111.9511,6.431,104.69,1.3738437137002402,10.135170222344028,0.09,-2.1295843569181794,,
2021-02-01,1.09,0.11,112.4189,6.4667,104.91,1.6698167791706853,11.82529962841823,0.08,-5.680577271180343,-0.0,73.95680236816406
2021-02-02,1.12,0.11,112.2862,6.456,105.0,1.6698167791706853,11.82529962841823,0.08,-5.680577271180343,0.482526277682246,
2021-02-03,1.15,0.11,112.2567,6.4594,105.06,1.6698167791706853,11.82529962841823,0.08,-5.680577271180343,0.7166055590284435,
2021-02-04,1.15,0.11,112.7469,6.464,105.24,1.6698167791706853,11.82529962841823,0.08,-5.680577271180343,0.7178834063481802,
2021-02-05,1.19,0.09,112.2379,6.4704,105.75,1.6698167791706853,11.82529962841823,0.08,-5.680577271180343,1.0,
2021-02-08,1.19,0.11,112.0428,6.4547,105.59,1.6698167791706853,11.82529962841823,0.08,-5.680577271180343,0.7310496304063274,
2021-02-09,1.18,0.11,111.7675,6.4354,104.58,1.6698167791706853,11.82529962841823,0.08,-5.680577271180343,0.7535559751387813,
2021-02-10,1.15,0.11,111.5834,6.4513,104.76,1.6698167791706853,11.82529962841823,0.08,-5.680577271180343,0.7549491284359645,
2021-02-11,1.16,0.11,111.5272,6.4582,104.65,1.6698167791706853,11.82529962841823,0.08,-5.680577271180343,1.0,
2021-02-12,1.2,0.11,111.4889,6.4591,105.01,1.6698167791706853,11.82529962841823,0.08,-5.680577271180343,0.5276414462450586,
2021-02-15,,,,6.4582,105.3,1.6698167791706853,11.82529962841823,0.08,-5.680577271180343,,
2021-02-16,1.3,0.13,111.7879,6.4582,105.54,1.6698167791706853,11.82529962841823,0.08,-5.680577271180343,0.27322724403840404,
2021-02-17,1.29,0.11,112.0204,6.4582,106.09,1.6698167791706853,11.82529962841823,0.08,-5.680577271180343,0.5655407259669218,
2021-02-18,1.29,0.11,112.1603,6.469,105.67,1.6698167791706853,11.82529962841823,0.08,-5.680577271180343,0.5645720429109132,
2021-02-19,1.34,0.11,111.7058,6.4518,105.29,1.6698167791706853,11.82529962841823,0.08,-5.680577271180343,0.575237474548965,
2021-02-22,1.37,0.11,111.918,6.4656,105.5,1.6698167791706853,11.82529962841823,0.08,-5.680577271180343,0.5881758266863619,
2021-02-23,1.37,0.11,111.8981,6.4651,105.39,1.6698167791706853,11.82529962841823,0.08,-5.680577271180343,-0.0,
2021-02-24,1.38,0.12,111.7212,6.4517,105.95,1.6698167791706853,11.82529962841823,0.08,-5.680577271180343,-0.0,
2021-02-25,1.54,0.17,111.9253,6.4538,106.12,1.6698167791706853,11.82529962841823,0.08,-5.680577271180343,-1.0,
2021-02-26,1.44,0.14,112.8306,6.4669,106.29,1.6698167791706853,11.82529962841823,0.08,-5.680577271180343,-0.9759336038450617,
2021-03-01,1.45,0.13,112.5263,6.4689,106.72,2.6678187820641908,13.185087849480487,0.07,1.0038210492383515,-0.6555512593259838,78.61876678466797
2021-03-02,1.42,0.13,112.5342,6.4716,106.9,2.6678187820641908,13.185087849480487,0.07,1.0038210492383515,-0.6606874726411253,
2021-03-03,1.47,0.14,112.7617,6.4656,106.91,2.6678187820641908,13.185087849480487,0.07,1.0038210492383515,-1.0,
2021-03-04,1.54,0.14,112.7037,6.4688,107.39,2.6678187820641908,13.185087849480487,0.07,1.0038210492383515,-1.0,
2021-03-05,1.56,0.14,113.7487,6.491,108.31,2.6678187820641908,13.185087849480487,0.07,1.0038210492383515,-1.0,
2021-03-08,1.59,0.17,114.2678,6.5267,108.63,2.6678187820641908,13.185087849480487,0.07,1.0038210492383515,-1.0,
2021-03-09,1.55,0.17,113.928,6.514,108.88,2.6678187820641908,13.185087849480487,0.07,1.0038210492383515,-1.0,
2021-03-10,1.53,0.16,113.5881,6.5114,108.58,2.6678187820641908,13.185087849480487,0.07,1.0038210492383515,-1.0,
2021-03-11,1.54,0.14,112.9214,6.4846,108.46,2.6678187820641908,13.185087849480487,0.07,1.0038210492383515,-0.8687090084646868,
2021-03-12,1.64,0.14,113.0269,6.506,109.06,2.6678187820641908,13.185087849480487,0.07,1.0038210492383515,-0.864902881724139,
2021-03-15,1.62,0.14,113.1928,6.5023,109.2,2.6678187820641908,13.185087849480487,0.07,1.0038210492383515,,
2021-03-16,1.62,0.15,112.9839,6.5,108.9,2.6678187820641908,13.185087849480487,0.07,1.0038210492383515,-0.5662151206186149,
2021-03-17,1.63,0.13,113.1589,6.5033,109.2,2.6678187820641908,13.185087849480487,0.07,1.0038210492383515,-0.5662151206186153,
2021-03-18,1.71,0.16,112.7744,6.5066,109.2,2.6678187820641908,13.185087849480487,0.07,1.0038210492383515,-1.0,
2021-03-19,1.74,0.16,112.9756,6.5102,108.94,2.6678187820641908,13.185087849480487,0.07,1.0038210492383515,-1.0,
2021-03-22,1.69,0.15,113.0023,6.5053,108.81,2.6678187820641908,13.185087849480487,0.07,1.0038210492383515,-1.0,
2021-03-23,1.63,0.15,113.2916,6.5107,108.55,2.6678187820641908,13.185087849480487,0.07,1.0038210492383515,-1.0,
2021-03-24,1.62,0.14,113.6565,6.5229,108.75,2.6678187820641908,13.185087849480487,0.07,1.0038210492383515,-0.5321933987408647,
2021-03-25,1.63,0.14,114.0016,6.543,109.09,2.6678187820641908,13.185087849480487,0.07,1.0038210492383515,0.7965955125849564,
2021-03-26,1.67,0.14,113.7406,6.5407,109.78,2.6678187820641908,13.185087849480487,0.07,1.0038210492383515,-0.0,
2021-03-29,1.73,0.14,113.9314,6.5626,109.63,2.6678187820641908,13.185087849480487,0.07,1.0038210492383515,-0.2699101265625429,
2021-03-30,1.73,0.16,114.203,6.5713,110.28,2.6678187820641908,13.185087849480487,0.07,1.0038210492383515,-0.7938310523949988,
2021-03-31,1.74,0.16,113.8234,6.5511,110.8,2.6678187820641908,13.185087849480487,0.07,1.0038210492383515,-0.520219841694261,
2021-04-01,1.69,0.17,113.7389,6.572,110.7,4.133077115360573,-37.438498824007695,0.07,16.55213518144698,-0.7566376789664122,88.16622161865234
2021-04-02,1.72,0.19,113.7315,,,4.133077115360573,-37.438498824007695,0.07,16.55213518144698,-1.0,
2021-04-05,1.73,0.17,113.394,,,4.133077115360573,-37.438498824007695,0.07,16.55213518144698,-0.0,
2021-04-06,1.67,0.16,113.1464,6.5518,110.29,4.133077115360573,-37.438498824007695,0.07,16.55213518144698,0.22787192482423252,
2021-04-07,1.68,0.16,113.2436,6.5433,109.86,4.133077115360573,-37.438498824007695,0.07,16.55213518144698,-0.0,
2021-04-08,1.64,0.14,113.0917,6.5484,109.25,4.133077115360573,-37.438498824007695,0.07,16.55213518144698,-0.0,
2021-04-09,1.67,0.16,113.2028,6.5557,109.71,4.133077115360573,-37.438498824007695,0.07,16.55213518144698,-0.4508004519235748,
2021-04-12,1.69,0.18,113.1815,6.5446,109.38,4.133077115360573,-37.438498824007695,0.07,16.55213518144698,-0.8790461538949255,
2021-04-13,1.64,0.16,113.0391,6.5488,109.47,4.133077115360573,-37.438498824007695,0.07,16.55213518144698,-0.21775476525088494,
2021-04-14,1.64,0.16,112.7849,6.5318,108.94,4.133077115360573,-37.438498824007695,0.07,16.55213518144698,-0.647899906248633,
2021-04-15,1.56,0.16,112.6181,6.5271,108.72,4.133077115360573,-37.438498824007695,0.07,16.55213518144698,-0.0,
2021-04-16,1.59,0.16,112.4814,6.5207,108.77,4.133077115360573,-37.438498824007695,0.07,16.55213518144698,-0.0,
2021-04-19,1.61,0.16,112.1835,6.5079,108.09,4.133077115360573,-37.438498824007695,0.07,16.55213518144698,-0.21144972376388302,
2021-04-20,1.58,0.15,112.2354,6.4976,108.41,4.133077115360573,-37.438498824007695,0.07,16.55213518144698,-0.0,
2021-04-21,1.57,0.15,112.1771,6.4971,108.1,4.133077115360573,-37.438498824007695,0.07,16.55213518144698,-0.2146020695010986,
2021-04-22,1.57,0.16,112.2297,6.4902,108.17,4.133077115360573,-37.438498824007695,0.07,16.55213518144698,-0.4291117476247417,
2021-04-23,1.58,0.16,112.0889,6.491,107.72,4.133077115360573,-37.438498824007695,0.07,16.55213518144698,-0.43297316421296683,
2021-04-26,1.58,0.18,111.8109,6.4856,108.02,4.133077115360573,-37.438498824007695,0.07,16.55213518144698,-0.8593803494872575,
2021-04-27,1.63,0.17,111.9097,6.4835,108.27,4.133077115360573,-37.438498824007695,0.07,16.55213518144698,-0.21596663541621244,
2021-04-28,1.63,0.17,111.7909,6.4845,108.92,4.133077115360573,-37.438498824007695,0.07,16.55213518144698,-0.2175378419708258,
2021-04-29,1.65,0.16,111.7464,6.469,108.99,4.133077115360573,-37.438498824007695,0.07,16.55213518144698,0.22105062031561745,
2021-04-30,1.65,0.16,112.0839,6.467,108.94,4.133077115360573,-37.438498824007695,0.07,16.55213518144698,0.6980760177664858,
2021-05-03,1.63,0.16,112.005,6.4735,109.52,4.918257089467626,-25.08139364126585,0.06,15.673379835366053,0.23794565279935406,
2021-05-04,1.61,0.16,112.2896,6.5,109.19,4.918257089467626,-25.08139364126585,0.06,15.673379835366053,-0.0,
2021-05-05,1.59,0.16,112.1514,6.467,109.29,4.918257089467626,-25.08139364126585,0.06,15.673379835366053,-0.0,
2021-05-06,1.58,0.16,111.8401,6.4721,109.2,4.918257089467626,-25.08139364126585,0.06,15.673379835366053,-0.5182690669378374,
2021-05-07,1.6,0.14,111.0249,6.4524,109.26,4.918257089467626,-25.08139364126585,0.06,15.673379835366053,0.5371978670104506,
2021-05-10,1.63,0.16,110.7905,6.4134,108.73,4.918257089467626,-25.08139364126585,0.06,15.673379835366053,0.5405327330717681,
2021-05-11,1.64,0.16,110.8921,6.4237,108.56,4.918257089467626,-25.08139364126585,0.06,15.673379835366053,-0.0,
2021-05-12,1.69,0.16,111.5636,6.4409,108.78,4.918257089467626,-25.08139364126585,0.06,15.673379835366053,-0.0,
2021-05-13,1.66,0.16,111.5955,6.4539,109.57,4.918257089467626,-25.08139364126585,0.06,15.673379835366053,-0.0,
2021-05-14,1.63,0.16,111.1353,6.436,109.29,4.918257089467626,-25.08139364126585,0.06,15.673379835366053,-0.0,
2021-05-17,1.64,0.16,111.079,6.4421,109.2,4.918257089467626,-25.08139364126585,0.06,15.673379835366053,-0.0,
2021-05-18,1.64,0.16,110.8317,6.4229,108.89,4.918257089467626,-25.08139364126585,0.06,15.673379835366053,-0.3678601648947215,
2021-05-19,1.68,0.16,110.8807,6.4358,109.15,4.918257089467626,-25.08139364126585,0.06,15.673379835366053,-0.39048821691834296,
2021-05-20,1.63,0.15,110.8605,6.438,108.95,4.918257089467626,-25.08139364126585,0.06,15.673379835366053,0.39417279334048355,
2021-05-21,1.63,0.17,111.0576,6.432,108.8,4.918257089467626,-25.08139364126585,0.06,15.673379835366053,-0.3949014263869788,
2021-05-24,1.61,0.15,110.9118,6.427,108.88,4.918257089467626,-25.08139364126585,0.06,15.673379835366053,1.0,
2021-05-25,1.56,0.15,110.842,6.4057,108.85,4.918257089467626,-25.08139364126585,0.06,15.673379835366053,0.850056732369788,
2021-05-26,1.58,0.14,110.8677,6.3905,108.89,4.918257089467626,-25.08139364126585,0.06,15.673379835366053,1.0,
2021-05-27,1.61,0.14,110.8688,6.3788,109.38,4.918257089467626,-25.08139364126585,0.06,15.673379835366053,0.8500567323697868,
2021-05-28,1.58,0.14,110.7576,6.3764,110.07,4.918257089467626,-25.08139364126585,0.06,15.673379835366053,0.8500567323697868,
2021-05-31,,,,6.3701,109.65,4.918257089467626,-25.08139364126585,0.06,15.673379835366053,,
2021-06-01,1.62,0.16,110.5046,6.3839,109.65,5.295632620349999,8.825782433842527,0.08,8.958396565691418,-0.0,74.12712097167969
2021-06-02,1.59,0.13,110.5799,6.3854,109.73,5.295632620349999,8.825782433842527,0.08,8.958396565691418,1.0,
2021-06-03,1.63,0.16,111.1782,6.3929,109.8,5.295632620349999,8.825782433842527,0.08,8.958396565691418,-0.0,
2021-06-04,1.56,0.14,110.7521,6.4098,110.09,5.295632620349999,8.825782433842527,0.08,8.958396565691418,-0.0,
2021-06-07,1.57,0.16,110.5155,6.3966,109.34,5.295632620349999,8.825782433842527,0.08,8.958396565691418,-0.0,
2021-06-08,1.53,0.14,110.649,6.3978,109.41,5.295632620349999,8.825782433842527,0.08,8.958396565691418,0.8408476635997022,
2021-06-09,1.5,0.16,110.5707,6.3861,109.37,5.295632620349999,8.825782433842527,0.08,8.958396565691418,-0.0,
2021-06-10,1.45,0.14,110.5456,6.393,109.54,5.295632620349999,8.825782433842527,0.08,8.958396565691418,0.8634429738291972,
2021-06-11,1.47,0.16,111.0933,6.3933,109.59,5.295632620349999,8.825782433842527,0.08,8.958396565691418,-0.0,
2021-06-14,1.51,0.16,110.9659,6.3987,109.77,5.295632620349999,8.825782433842527,0.08,8.958396565691418,-0.0,
2021-06-15,1.51,0.16,111.3507,6.4009,110.08,5.295632620349999,8.825782433842527,0.08,8.958396565691418,-0.0,
2021-06-16,1.57,0.21,111.1165,6.399,109.86,5.295632620349999,8.825782433842527,0.08,8.958396565691418,-1.0,
2021-06-17,1.52,0.23,112.5772,6.4402,110.66,5.295632620349999,8.825782433842527,0.08,8.958396565691418,-1.0,
2021-06-18,1.45,0.26,113.0408,6.4397,110.2,5.295632620349999,8.825782433842527,0.08,8.958396565691418,-1.0,
2021-06-21,1.5,0.27,112.8391,6.4684,110.09,5.295632620349999,8.825782433842527,0.08,8.958396565691418,-1.0,
2021-06-22,1.48,0.25,112.9174,6.475,110.56,5.295632620349999,8.825782433842527,0.08,8.958396565691418,-1.0,
2021-06-23,1.5,0.26,112.3819,6.4759,110.82,5.295632620349999,8.825782433842527,0.08,8.958396565691418,-1.0,
2021-06-24,1.49,0.26,112.326,6.4672,110.76,5.295632620349999,8.825782433842527,0.08,8.958396565691418,-1.0,
2021-06-25,1.54,0.28,111.9655,6.4551,110.69,5.295632620349999,8.825782433842527,0.08,8.958396565691418,-1.0,
2021-06-28,1.49,0.25,112.0248,6.4586,110.94,5.295632620349999,8.825782433842527,0.08,8.958396565691418,,
2021-06-29,1.49,0.27,112.2613,6.4615,110.65,5.295632620349999,8.825782433842527,0.08,8.958396565691418,-1.0,
2021-06-30,1.45,0.25,112.5533,6.4576,110.59,5.295632620349999,8.825782433842527,0.08,8.958396565691418,-1.0,
2021-07-01,1.48,0.25,112.74,6.466,111.43,5.245169381309234,42.98381365529237,0.1,5.4998863464161385,-1.0,58.42076873779297
2021-07-02,1.44,0.24,112.5425,6.4784,111.43,5.245169381309234,42.98381365529237,0.1,5.4998863464161385,-1.0,
2021-07-05,,,,6.4619,110.89,5.245169381309234,42.98381365529237,0.1,5.4998863464161385,,
2021-07-06,1.37,0.22,112.9516,6.466,110.65,5.245169381309234,42.98381365529237,0.1,5.4998863464161385,-0.94182038636088,
2021-07-07,1.33,0.22,113.1048,6.4642,110.61,5.245169381309234,42.98381365529237,0.1,5.4998863464161385,-0.7019996802140924,
2021-07-08,1.3,0.19,113.0776,6.4903,109.74,5.245169381309234,42.98381365529237,0.1,5.4998863464161385,-0.5858591102045696,
2021-07-09,1.37,0.23,112.8375,6.4795,110.02,5.245169381309234,42.98381365529237,0.1,5.4998863464161385,-0.8125386778771704,
2021-07-12,1.38,0.23,112.7611,6.4758,110.15,5.245169381309234,42.98381365529237,0.1,5.4998863464161385,-0.8057176178489849,
2021-07-13,1.42,0.26,113.0063,6.4672,110.22,5.245169381309234,42.98381365529237,0.1,5.4998863464161385,-1.0,
2021-07-14,1.37,0.23,112.8801,6.4568,110.31,5.245169381309234,42.98381365529237,0.1,5.4998863464161385,-0.2246060238743029,
2021-07-15,1.31,0.23,113.0041,6.4615,110.03,5.245169381309234,42.98381365529237,0.1,5.4998863464161385,-0.0,
2021-07-16,1.31,0.25,113.0428,6.4712,110.18,5.245169381309234,42.98381365529237,0.1,5.4998863464161385,0.11025921039302597,
2021-07-19,1.19,0.21,113.5472,6.4885,109.6,5.245169381309234,42.98381365529237,0.1,5.4998863464161385,0.6605504082641797,
2021-07-20,1.23,0.2,113.7502,6.4803,109.58,5.245169381309234,42.98381365529237,0.1,5.4998863464161385,0.5511015369527212,
2021-07-21,1.3,0.22,113.3926,6.4731,110.12,5.245169381309234,42.98381365529237,0.1,5.4998863464161385,0.43999286647701796,
2021-07-22,1.27,0.2,113.4695,6.4673,110.26,5.245169381309234,42.98381365529237,0.1,5.4998863464161385,0.6624767542176385,
2021-07-23,1.3,0.22,113.4398,6.4778,110.57,5.245169381309234,42.98381365529237,0.1,5.4998863464161385,0.6631226244358612,
2021-07-26,1.29,0.22,113.2238,6.4839,110.33,5.245169381309234,42.98381365529237,0.1,5.4998863464161385,0.33206225685112467,
2021-07-27,1.25,0.2,113.2227,6.5029,110.06,5.245169381309234,42.98381365529237,0.1,5.4998863464161385,0.7785136530153608,
2021-07-28,1.26,0.2,113.1807,6.498,110.08,5.245169381309234,42.98381365529237,0.1,5.4998863464161385,0.5588986677995654,
2021-07-29,1.28,0.2,112.4834,6.4593,109.84,5.245169381309234,42.98381365529237,0.1,5.4998863464161385,0.5618967437296947,
2021-07-30,1.24,0.19,112.6714,6.4619,109.65,5.245169381309234,42.98381365529237,0.1,5.4998863464161385,0.5697648338902179,
2021-08-02,1.2,0.17,112.6691,6.462,109.52,5.152015301793966,1.9988125988931713,0.09,4.261168528131454,,
2021-08-03,1.19,0.17,112.8228,6.4634,109.13,5.152015301793966,1.9988125988931713,0.09,4.261168528131454,0.5730696782344799,
2021-08-04,1.19,0.17,112.8953,6.4613,109.02,5.152015301793966,1.9988125988931713,0.09,4.261168528131454,0.5747575959010193,
2021-08-05,1.23,0.21,112.7674,6.4603,109.53,5.152015301793966,1.9988125988931713,0.09,4.261168528131454,-0.2312284487410923,
2021-08-06,1.31,0.21,113.3088,6.469,109.8,5.152015301793966,1.9988125988931713,0.09,4.261168528131454,0.23267224279712057,
2021-08-09,1.33,0.23,113.4521,6.4782,110.11,5.152015301793966,1.9988125988931713,0.09,4.261168528131454,-0.0,
2021-08-10,1.36,0.24,113.4973,6.4814,110.46,5.152015301793966,1.9988125988931713,0.09,4.261168528131454,0.23342070397469697,
2021-08-11,1.35,0.23,113.282,6.4854,110.67,5.152015301793966,1.9988125988931713,0.09,4.261168528131454,-0.0,
2021-08-12,1.36,0.23,113.2691,6.4772,110.41,5.152015301793966,1.9988125988931713,0.09,4.261168528131454,-0.0,
2021-08-13,1.29,0.23,113.0615,6.48,110.19,5.152015301793966,1.9988125988931713,0.09,4.261168528131454,0.23750511869986196,
2021-08-16,1.26,0.21,113.1698,6.4766,109.37,5.152015301793966,1.9988125988931713,0.09,4.261168528131454,-0.0,
2021-08-17,1.26,0.23,113.6174,6.4795,109.26,5.152015301793966,1.9988125988931713,0.09,4.261168528131454,-0.36673191527100507,
2021-08-18,1.27,0.23,113.6959,6.4809,109.76,5.152015301793966,1.9988125988931713,0.09,4.261168528131454,-0.12498936728234397,
2021-08-19,1.24,0.22,114.1106,6.4895,109.62,5.152015301793966,1.9988125988931713,0.09,4.261168528131454,-0.25670463033743174,
2021-08-20,1.26,0.23,114.5009,6.4994,109.65,5.152015301793966,1.9988125988931713,0.09,4.261168528131454,-0.1319646353422739,
2021-08-23,1.25,0.23,113.9418,6.4849,110.1,5.152015301793966,1.9988125988931713,0.09,4.261168528131454,-0.13285091110563235,
2021-08-24,1.29,0.24,113.6795,6.4772,109.66,5.152015301793966,1.9988125988931713,0.09,4.261168528131454,-0.5381062171139096,
2021-08-25,1.35,0.23,113.6322,6.4784,109.92,5.152015301793966,1.9988125988931713,0.09,4.261168528131454,-0.42201569020941126,
2021-08-26,1.34,0.25,113.7883,6.483,110.14,5.152015301793966,1.9988125988931713,0.09,4.261168528131454,-0.712922211638359,
2021-08-27,1.31,0.22,113.3404,6.4786,110.19,5.152015301793966,1.9988125988931713,0.09,4.261168528131454,-0.4468510153007046,
2021-08-30,1.29,0.2,113.246,6.4695,109.87,5.152015301793966,1.9988125988931713,0.09,4.261168528131454,-0.4577103918265018,
2021-08-31,1.3,0.2,113.1076,6.4615,109.81,5.152015301793966,1.9988125988931713,0.09,4.261168528131454,-0.48105176006751876,
2021-09-01,1.31,0.2,112.8732,6.467,110.31,5.351215590949132,-8.566098921529097,0.08,3.0124970172007215,-0.4953100204050706,80.69696807861328
2021-09-02,1.29,0.2,112.7863,6.4581,110.0,5.351215590949132,-8.566098921529097,0.08,3.0124970172007215,0.1754739376457977,
2021-09-03,1.33,0.21,112.5476,6.4484,109.96,5.351215590949132,-8.566098921529097,0.08,3.0124970172007215,-0.0,
2021-09-06,,,,6.4574,109.86,5.351215590949132,-8.566098921529097,0.08,3.0124970172007215,,
2021-09-07,1.38,0.22,112.9795,6.4646,110.04,5.351215590949132,-8.566098921529097,0.08,3.0124970172007215,0.4011421998396704,
2021-09-08,1.35,0.22,113.2319,6.4578,110.18,5.351215590949132,-8.566098921529097,0.08,3.0124970172007215,0.2011052840941055,
2021-09-09,1.3,0.23,113.043,6.454,109.9,5.351215590949132,-8.566098921529097,0.08,3.0124970172007215,-0.0,
2021-09-10,1.35,0.23,112.9425,6.4376,109.81,5.351215590949132,-8.566098921529097,0.08,3.0124970172007215,-0.0,
2021-09-13,1.33,0.21,113.0341,6.4566,110.03,5.351215590949132,-8.566098921529097,0.08,3.0124970172007215,-0.0,
2021-09-14,1.28,0.21,113.0061,6.4473,110.11,5.351215590949132,-8.566098921529097,0.08,3.0124970172007215,0.42600333149769676,
2021-09-15,1.31,0.21,112.9773,6.4334,109.19,5.351215590949132,-8.566098921529097,0.08,3.0124970172007215,0.43524002087703373,
2021-09-16,1.34,0.23,113.3036,6.4481,109.39,5.351215590949132,-8.566098921529097,0.08,3.0124970172007215,-0.22299383382652851,
2021-09-17,1.37,0.23,113.5989,6.4553,110.03,5.351215590949132,-8.566098921529097,0.08,3.0124970172007215,-0.0,
2021-09-20,1.31,0.23,113.9422,6.4662,109.45,5.351215590949132,-8.566098921529097,0.08,3.0124970172007215,-0.0,
2021-09-21,1.33,0.22,113.8179,6.47,109.34,5.351215590949132,-8.566098921529097,0.08,3.0124970172007215,0.511157421375863,
2021-09-22,1.32,0.25,113.6223,6.4669,109.56,5.351215590949132,-8.566098921529097,0.08,3.0124970172007215,-0.511157421375863,
2021-09-23,1.41,0.27,113.513,6.4569,110.01,5.351215590949132,-8.566098921529097,0.08,3.0124970172007215,-0.4929491834492956,
2021-09-24,1.47,0.29,113.7597,6.4684,110.5,5.351215590949132,-8.566098921529097,0.08,3.0124970172007215,-1.0,
2021-09-27,1.48,0.31,113.7432,6.4634,110.91,5.351215590949132,-8.566098921529097,0.08,3.0124970172007215,-1.0,
2021-09-28,1.54,0.31,114.2469,6.4594,111.47,5.351215590949132,-8.566098921529097,0.08,3.0124970172007215,-1.0,
2021-09-29,1.55,0.3,114.7092,6.4653,111.46,5.351215590949132,-8.566098921529097,0.08,3.0124970172007215,-1.0,
2021-09-30,1.52,0.28,114.6403,6.464,111.99,5.351215590949132,-8.566098921529097,0.08,3.0124970172007215,-1.0,
2021-10-01,1.48,0.27,114.3798,6.4466,111.18,6.235042390298062,56.50298478942911,0.08,3.5628709708763973,-0.991283561205312,79.02923583984375
2021-10-04,1.49,0.27,114.2739,6.4466,111.04,6.235042390298062,56.50298478942911,0.08,3.5628709708763973,,
2021-10-05,1.54,0.28,114.3654,6.4476,111.18,6.235042390298062,56.50298478942911,0.08,3.5628709708763973,-0.9597698174713819,
2021-10-06,1.53,0.3,114.7185,6.4466,111.35,6.235042390298062,56.50298478942911,0.08,3.5628709708763973,-1.0,
2021-10-07,1.58,0.32,114.5044,6.4466,111.38,6.235042390298062,56.50298478942911,0.08,3.5628709708763973,-1.0,
2021-10-08,1.61,0.32,114.5986,6.4475,111.78,6.235042390298062,56.50298478942911,0.08,3.5628709708763973,-1.0,
2021-10-11,,,,6.4493,112.93,6.235042390298062,56.50298478942911,0.08,3.5628709708763973,,
2021-10-12,1.59,0.35,114.7542,6.4493,113.42,6.235042390298062,56.50298478942911,0.08,3.5628709708763973,-1.0,
2021-10-13,1.56,0.37,114.4705,6.442,113.56,6.235042390298062,56.50298478942911,0.08,3.5628709708763973,-1.0,
2021-10-14,1.52,0.36,114.2053,6.4371,113.47,6.235042390298062,56.50298478942911,0.08,3.5628709708763973,-1.0,
2021-10-15,1.59,0.41,114.0905,6.4354,114.33,6.235042390298062,56.50298478942911,0.08,3.5628709708763973,-1.0,
2021-10-18,1.59,0.44,113.9899,6.4303,114.15,6.235042390298062,56.50298478942911,0.08,3.5628709708763973,-1.0,
2021-10-19,1.65,0.41,113.647,6.389,114.22,6.235042390298062,56.50298478942911,0.08,3.5628709708763973,-1.0,
2021-10-20,1.65,0.4,113.5083,6.3927,114.24,6.235042390298062,56.50298478942911,0.08,3.5628709708763973,-1.0,
2021-10-21,1.68,0.45,113.6188,6.3988,114.16,6.235042390298062,56.50298478942911,0.08,3.5628709708763973,-1.0,
2021-10-22,1.66,0.48,113.67,6.3918,113.87,6.235042390298062,56.50298478942911,0.08,3.5628709708763973,-1.0,
2021-10-25,1.64,0.47,113.605,6.3899,113.66,6.235042390298062,56.50298478942911,0.08,3.5628709708763973,-1.0,
2021-10-26,1.63,0.47,113.674,6.3801,114.02,6.235042390298062,56.50298478942911,0.08,3.5628709708763973,-0.9954538124731093,
2021-10-27,1.54,0.5,113.6218,6.3924,113.63,6.235042390298062,56.50298478942911,0.08,3.5628709708763973,-1.0,
2021-10-28,1.57,0.5,113.4389,6.3977,113.6,6.235042390298062,56.50298478942911,0.08,3.5628709708763973,-1.0,
2021-10-29,1.55,0.48,114.1349,6.3966,113.89,6.235042390298062,56.50298478942911,0.08,3.5628709708763973,-1.0,
2021-11-01,1.58,0.5,114.2067,6.3981,114.17,6.901970403700863,23.095233424909487,0.08,3.897545981936834,-1.0,86.56914520263672
2021-11-02,1.56,0.46,114.2847,6.3983,113.79,6.901970403700863,23.095233424909487,0.08,3.897545981936834,-0.9208230503565084,
2021-11-03,1.6,0.47,114.3593,6.3985,113.92,6.901970403700863,23.095233424909487,0.08,3.897545981936834,-0.8509258146888451,
2021-11-04,1.53,0.41,114.3558,6.3949,113.9,6.901970403700863,23.095233424909487,0.08,3.897545981936834,-0.4481003456595225,
2021-11-05,1.45,0.39,114.0732,6.403,113.71,6.901970403700863,23.095233424909487,0.08,3.897545981936834,-0.3481384452797336,
2021-11-08,1.51,0.45,113.8256,6.395,113.39,6.901970403700863,23.095233424909487,0.08,3.897545981936834,,
2021-11-09,1.46,0.41,113.762,6.391,113.07,6.901970403700863,23.095233424909487,0.08,3.897545981936834,-0.2952612431260774,
2021-11-10,1.56,0.51,114.1484,6.3909,113.25,6.901970403700863,23.095233424909487,0.08,3.897545981936834,-0.6722201826797062,
2021-11-11,,,,6.3955,113.95,6.901970403700863,23.095233424909487,0.08,3.897545981936834,,
2021-11-12,1.58,0.53,114.5144,6.3808,113.99,6.901970403700863,23.095233424909487,0.08,3.897545981936834,-0.5605054476241126,
2021-11-15,1.63,0.53,114.5876,6.3819,113.88,6.901970403700863,23.095233424909487,0.08,3.897545981936834,-0.41072329841432875,
2021-11-16,1.63,0.54,115.136,6.3887,114.26,6.901970403700863,23.095233424909487,0.08,3.897545981936834,-0.5790689037152212,
2021-11-17,1.6,0.52,115.0263,6.3777,114.69,6.901970403700863,23.095233424909487,0.08,3.897545981936834,-0.5269056796699388,
2021-11-18,1.59,0.52,115.0678,6.3833,114.22,6.901970403700863,23.095233424909487,0.08,3.897545981936834,-0.30283222790773706,
2021-11-19,1.54,0.52,115.2187,6.3905,113.76,6.901970403700863,23.095233424909487,0.08,3.897545981936834,-0.17163979437609317,
2021-11-22,1.63,0.63,115.6481,6.3819,114.11,6.901970403700863,23.095233424909487,0.08,3.897545981936834,-0.6646942287635675,
2021-11-23,1.67,0.6,116.0118,6.3898,114.89,6.901970403700863,23.095233424909487,0.08,3.897545981936834,-0.5305122986030092,
2021-11-24,1.64,0.64,116.2711,6.3894,115.17,6.901970403700863,23.095233424909487,0.08,3.897545981936834,-0.5570779086589406,
2021-11-25,,,,6.3865,115.31,6.901970403700863,23.095233424909487,0.08,3.897545981936834,,
2021-11-26,1.48,0.5,116.5103,6.39,114.09,6.901970403700863,23.095233424909487,0.08,3.897545981936834,-0.08098013297542099,
2021-11-29,1.52,0.51,116.581,6.3854,113.7,6.901970403700863,23.095233424909487,0.08,3.897545981936834,-0.04047401914938895,
2021-11-30,1.43,0.52,116.2071,6.3711,112.82,6.901970403700863,23.095233424909487,0.08,3.897545981936834,-0.24435361555540544,
2021-12-01,1.43,0.56,115.889,6.3695,113.37,7.174340285065539,-5.9417068156611315,0.08,2.2463731281071153,-0.3669975376647306,105.34542083740234
2021-12-02,1.44,0.63,116.018,6.376,112.83,7.174340285065539,-5.9417068156611315,0.08,2.2463731281071153,-0.884442681440655,
2021-12-03,1.35,0.6,116.2377,6.371,113.34,7.174340285065539,-5.9417068156611315,0.08,2.2463731281071153,-0.8411577576060896,
2021-12-06,1.43,0.65,116.1538,6.3778,113.21,7.174340285065539,-5.9417068156611315,0.08,2.2463731281071153,-0.794522930092734,
2021-12-07,1.48,0.7,115.8555,6.3674,113.57,7.174340285065539,-5.9417068156611315,0.08,2.2463731281071153,-1.0,
2021-12-08,1.52,0.68,115.4418,6.348,113.79,7.174340285065539,-5.9417068156611315,0.08,2.2463731281071153,-0.6582463388338576,
2021-12-09,1.49,0.7,115.7784,6.3756,113.35,7.174340285065539,-5.9417068156611315,0.08,2.2463731281071153,,
2021-12-10,1.48,0.67,115.5732,6.3704,113.72,7.174340285065539,-5.9417068156611315,0.08,2.2463731281071153,-0.5340505198646706,
2021-12-13,1.42,0.66,115.842,6.3643,113.66,7.174340285065539,-5.9417068156611315,0.08,2.2463731281071153,-0.4978991174776989,
2021-12-14,1.44,0.67,116.2397,6.3627,113.58,7.174340285065539,-5.9417068156611315,0.08,2.2463731281071153,-0.501858496463369,
2021-12-15,1.47,0.69,116.4219,6.3657,113.88,7.174340285065539,-5.9417068156611315,0.08,2.2463731281071153,-0.6561147718525077,
2021-12-16,1.44,0.64,115.7146,6.3676,114.12,7.174340285065539,-5.9417068156611315,0.08,2.2463731281071153,-0.4671250879986138,
2021-12-17,1.41,0.66,115.791,6.3755,113.22,7.174340285065539,-5.9417068156611315,0.08,2.2463731281071153,-0.5467491835190744,
2021-12-20,1.43,0.65,116.0092,6.3765,113.53,7.174340285065539,-5.9417068156611315,0.08,2.2463731281071153,-0.07837743010977172,
2021-12-21,1.48,0.7,116.1089,6.3714,113.71,7.174340285065539,-5.9417068156611315,0.08,2.2463731281071153,-0.3903374825884634,
2021-12-22,1.46,0.68,115.7485,6.371,114.22,7.174340285065539,-5.9417068156611315,0.08,2.2463731281071153,-0.15694556496463638,
2021-12-23,1.5,0.71,115.5337,6.371,114.4,7.174340285065539,-5.9417068156611315,0.08,2.2463731281071153,,
2021-12-24,,,,6.3678,114.39,7.174340285065539,-5.9417068156611315,0.08,2.2463731281071153,,
2021-12-27,1.48,0.76,115.4684,6.3726,114.74,7.174340285065539,-5.9417068156611315,0.08,2.2463731281071153,-1.0,
2021-12-28,1.49,0.74,115.4192,6.3683,114.87,7.174340285065539,-5.9417068156611315,0.08,2.2463731281071153,-0.9059809646034569,
2021-12-29,1.55,0.75,115.3678,6.3695,114.99,7.174340285065539,-5.9417068156611315,0.08,2.2463731281071153,-0.7884387766501819,
2021-12-30,1.52,0.73,115.283,6.3729,115.09,7.174340285065539,-5.9417068156611315,0.08,2.2463731281071153,-0.41959067914832826,
2021-12-31,1.52,0.73,,6.3524,115.12,7.174340285065539,-5.9417068156611315,0.08,2.2463731281071153,-0.5538649652507162,
2022-01-03,1.63,0.78,115.4101,6.3561,114.98,7.558805726967832,-111.74313426654005,0.08,1.3181341030033655,-0.5417291346848612,
2022-01-04,1.66,0.77,115.3103,6.3768,116.3,7.558805726967832,-111.74313426654005,0.08,1.3181341030033655,-0.29244966241769416,
2022-01-05,1.71,0.83,115.137,6.3687,115.76,7.558805726967832,-111.74313426654005,0.08,1.3181341030033655,-0.6170672737293834,
2022-01-06,1.73,0.88,115.4046,6.3798,115.82,7.558805726967832,-111.74313426654005,0.08,1.3181341030033655,-0.7230684062167839,
2022-01-07,1.76,0.87,115.0451,6.3781,115.86,7.558805726967832,-111.74313426654005,0.08,1.3181341030033655,-0.7828528014816852,
2022-01-10,1.78,0.92,115.2216,6.3729,115.26,7.558805726967832,-111.74313426654005,0.08,1.3181341030033655,-0.9765471575641449,
2022-01-11,1.75,0.9,114.8332,6.3739,115.52,7.558805726967832,-111.74313426654005,0.08,1.3181341030033655,-0.8439276643959457,
2022-01-12,1.74,0.92,114.355,6.3658,115.38,7.558805726967832,-111.74313426654005,0.08,1.3181341030033655,-0.8257278917898176,
2022-01-13,1.7,0.91,114.177,6.3607,114.26,7.558805726967832,-111.74313426654005,0.08,1.3181341030033655,-0.9471445114149784,
2022-01-14,1.78,0.99,114.3825,6.3535,113.72,7.558805726967832,-111.74313426654005,0.08,1.3181341030033655,-1.0,
2022-01-17,,,,6.3494,114.57,7.558805726967832,-111.74313426654005,0.08,1.3181341030033655,,
2022-01-18,1.87,1.06,114.7373,6.3528,114.71,7.558805726967832,-111.74313426654005,0.08,1.3181341030033655,-1.0,
2022-01-19,1.83,1.04,114.6109,6.3467,114.46,7.558805726967832,-111.74313426654005,0.08,1.3181341030033655,-1.0,
2022-01-20,1.83,1.08,114.4642,6.3447,114.24,7.558805726967832,-111.74313426654005,0.08,1.3181341030033655,-1.0,
2022-01-21,1.75,1.01,114.6125,6.34,113.8,7.558805726967832,-111.74313426654005,0.08,1.3181341030033655,,
2022-01-24,1.75,0.99,115.2034,6.3281,113.78,7.558805726967832,-111.74313426654005,0.08,1.3181341030033655,-0.6434524793985527,
2022-01-25,1.78,1.02,115.1654,6.3299,114.03,7.558805726967832,-111.74313426654005,0.08,1.3181341030033655,-0.7720343368832776,
2022-01-26,1.85,1.13,115.0922,6.322,114.27,7.558805726967832,-111.74313426654005,0.08,1.3181341030033655,-1.0,
2022-01-27,1.81,1.18,115.978,6.3675,115.36,7.558805726967832,-111.74313426654005,0.08,1.3181341030033655,-1.0,
2022-01-28,1.78,1.15,116.0393,6.3617,115.53,7.558805726967832,-111.74313426654005,0.08,1.3181341030033655,-1.0,
2022-01-31,1.79,1.18,115.566,6.361,115.44,7.558805726967832,-111.74313426654005,0.08,1.3181341030033655,-0.9963259482804689,
2022-02-01,1.81,1.18,115.3685,6.361,114.67,7.937278766517819,52.94130115259863,0.08,5.429593086433182,-1.0,216.1590118408203
2022-02-02,1.78,1.16,115.1538,6.361,114.25,7.937278766517819,52.94130115259863,0.08,5.429593086433182,-0.7969632343273872,
2022-02-03,1.82,1.19,114.9065,6.3614,114.86,7.937278766517819,52.94130115259863,0.08,5.429593086433182,-0.7298522990328936,
2022-02-04,1.93,1.31,115.1362,6.361,114.9,7.937278766517819,52.94130115259863,0.08,5.429593086433182,-0.9967779482610353,
2022-02-07,1.92,1.3,115.0098,6.3604,114.96,7.937278766517819,52.94130115259863,0.08,5.429593086433182,-0.8350752444766399,
2022-02-08,1.96,1.35,115.0892,6.3671,115.43,7.937278766517819,52.94130115259863,0.08,5.429593086433182,-0.95552930666364,
2022-02-09,1.94,1.36,114.8232,6.3628,115.47,7.937278766517819,52.94130115259863,0.08,5.429593086433182,-0.9082039334626233,
2022-02-10,2.03,1.61,114.5527,6.3574,115.76,7.937278766517819,52.94130115259863,0.08,5.429593086433182,-1.0,
2022-02-11,1.92,1.5,114.8413,6.3558,115.83,7.937278766517819,52.94130115259863,0.08,5.429593086433182,-0.9498611507117517,
2022-02-14,1.98,1.58,115.1946,6.3571,115.41,7.937278766517819,52.94130115259863,0.08,5.429593086433182,,
2022-02-15,2.05,1.58,114.93,6.3437,115.63,7.937278766517819,52.94130115259863,0.08,5.429593086433182,-0.8857380069517501,
2022-02-16,2.03,1.52,114.6886,6.3402,115.69,7.937278766517819,52.94130115259863,0.08,5.429593086433182,-0.7944067455722461,
2022-02-17,1.97,1.49,114.6755,6.3377,115.07,7.937278766517819,52.94130115259863,0.08,5.429593086433182,-0.6645159776256216,
2022-02-18,1.92,1.47,114.7982,6.3273,115.02,7.937278766517819,52.94130115259863,0.08,5.429593086433182,-0.7400647801378458,
2022-02-21,,,,6.3354,114.84,7.937278766517819,52.94130115259863,0.08,5.429593086433182,,
2022-02-22,1.94,1.56,114.7002,6.3279,115.09,7.937278766517819,52.94130115259863,0.08,5.429593086433182,-0.8650562302334224,
2022-02-23,1.99,1.58,114.6668,6.3178,115.11,7.937278766517819,52.94130115259863,0.08,5.429593086433182,-0.7099041119808912,
2022-02-24,1.96,1.54,115.9419,6.3246,114.92,7.937278766517819,52.94130115259863,0.08,5.429593086433182,-0.5605892379924956,
2022-02-25,1.97,1.55,115.2577,6.3149,115.58,7.937278766517819,52.94130115259863,0.08,5.429593086433182,-0.6173066033104534,
2022-02-28,1.83,1.44,115.2224,6.3104,115.47,7.937278766517819,52.94130115259863,0.08,5.429593086433182,-0.4007205435071984,
2022-03-01,1.72,1.31,115.7962,6.3127,114.81,8.572204966013853,-27.94496196695794,0.2,3.0544104015221674,-0.20124653878724275,318.9549255371094
2022-03-02,1.86,1.5,115.7623,6.3167,115.33,8.572204966013853,-27.94496196695794,0.2,3.0544104015221674,-0.5241346387914821,
2022-03-03,1.86,1.53,115.9495,6.3196,115.73,8.572204966013853,-27.94496196695794,0.2,3.0544104015221674,-0.5211673643989595,
2022-03-04,1.74,1.5,116.6503,6.3194,115.45,8.572204966013853,-27.94496196695794,0.2,3.0544104015221674,-0.2914044252093239,
2022-03-07,1.78,1.55,117.3278,6.319,115.24,8.572204966013853,-27.94496196695794,0.2,3.0544104015221674,-0.3833765901760928,
2022-03-08,1.86,1.63,117.6176,6.317,115.71,8.572204966013853,-27.94496196695794,0.2,3.0544104015221674,-0.4273434777608586,
2022-03-09,1.94,1.68,116.5961,6.318,115.81,8.572204966013853,-27.94496196695794,0.2,3.0544104015221674,-0.4846120979357028,
2022-03-10,1.98,1.72,116.7401,6.3211,115.97,8.572204966013853,-27.94496196695794,0.2,3.0544104015221674,-0.1658713044117397,
2022-03-11,2.0,1.75,117.0192,6.336,116.89,8.572204966013853,-27.94496196695794,0.2,3.0544104015221674,-0.3749708563113037,
2022-03-14,2.14,1.87,117.1506,6.363,117.97,8.572204966013853,-27.94496196695794,0.2,3.0544104015221674,-0.4295201043089152,
2022-03-15,2.15,1.85,117.246,6.3795,117.98,8.572204966013853,-27.94496196695794,0.2,3.0544104015221674,-0.3956923271827302,
2022-03-16,2.19,1.95,116.8073,6.3505,118.29,8.572204966013853,-27.94496196695794,0.2,3.0544104015221674,-0.6208045551820143,
2022-03-17,2.2,1.94,116.0467,6.3502,118.79,8.572204966013853,-27.94496196695794,0.2,3.0544104015221674,-0.6419503974670437,
2022-03-18,2.14,1.97,116.1378,6.3618,119.37,8.572204966013853,-27.94496196695794,0.2,3.0544104015221674,-0.6956590099551032,
2022-03-21,2.32,2.14,115.9398,6.3555,119.2,8.572204966013853,-27.94496196695794,0.2,3.0544104015221674,,
2022-03-22,2.38,2.18,116.0824,6.3622,120.61,8.572204966013853,-27.94496196695794,0.2,3.0544104015221674,-0.8172108552480148,
2022-03-23,2.32,2.13,116.005,6.3726,120.76,8.572204966013853,-27.94496196695794,0.2,3.0544104015221674,-0.7133077972177734,
2022-03-24,2.34,2.13,115.9599,6.3703,121.8,8.572204966013853,-27.94496196695794,0.2,3.0544104015221674,-0.757243642560382,
2022-03-25,2.48,2.3,115.7921,6.3631,121.86,8.572204966013853,-27.94496196695794,0.2,3.0544104015221674,-0.9417722890251786,
2022-03-28,2.46,2.35,116.1911,6.3708,123.96,8.572204966013853,-27.94496196695794,0.2,3.0544104015221674,-1.0,
2022-03-29,2.41,2.35,115.5679,6.3645,123.28,8.572204966013853,-27.94496196695794,0.2,3.0544104015221674,-1.0,
2022-03-30,2.35,2.31,115.0818,6.3514,121.76,8.572204966013853,-27.94496196695794,0.2,3.0544104015221674,-0.9599776262194166,
2022-03-31,2.32,2.28,115.2218,6.342,121.76,8.572204966013853,-27.94496196695794,0.2,3.0544104015221674,-0.8788876552390563,
2022-04-01,2.39,2.44,115.4814,6.3618,122.47,8.231750770777225,-75.8115649978421,0.33,2.923435475508507,-1.0,191.14309692382812
2022-04-04,2.42,2.43,115.4112,6.3631,122.74,8.231750770777225,-75.8115649978421,0.33,2.923435475508507,-0.9938915179141506,
2022-04-05,2.54,2.51,115.73,6.3618,122.86,8.231750770777225,-75.8115649978421,0.33,2.923435475508507,-0.9759532110126807,
2022-04-06,2.61,2.5,115.9995,6.3625,123.87,8.231750770777225,-75.8115649978421,0.33,2.923435475508507,-0.8965185006613928,
2022-04-07,2.66,2.47,116.3512,6.362,123.96,8.231750770777225,-75.8115649978421,0.33,2.923435475508507,-0.8137135467043841,
2022-04-08,2.72,2.53,116.4176,6.3636,124.18,8.231750770777225,-75.8115649978421,0.33,2.923435475508507,-0.8354476906591145,
2022-04-11,2.79,2.5,116.5401,6.3674,125.7,8.231750770777225,-75.8115649978421,0.33,2.923435475508507,-0.6628837920355453,
2022-04-12,2.72,2.39,116.3866,6.3713,125.49,8.231750770777225,-75.8115649978421,0.33,2.923435475508507,-0.5665308565449865,
2022-04-13,2.7,2.37,116.2796,6.3679,125.86,8.231750770777225,-75.8115649978421,0.33,2.923435475508507,-0.44124712194277366,
2022-04-14,2.83,2.47,116.7558,6.3725,125.32,8.231750770777225,-75.8115649978421,0.33,2.923435475508507,-0.5548649513307472,
2022-04-15,,,116.7017,,,8.231750770777225,-75.8115649978421,0.33,2.923435475508507,,
2022-04-18,2.85,2.46,116.8441,,,8.231750770777225,-75.8115649978421,0.33,2.923435475508507,-0.34155411591830115,
2022-04-19,2.93,2.61,117.1324,6.3879,128.11,8.231750770777225,-75.8115649978421,0.33,2.923435475508507,-0.45840608973739216,
2022-04-20,2.85,2.6,116.7306,6.4126,127.91,8.231750770777225,-75.8115649978421,0.33,2.923435475508507,-0.4991102076178601,
2022-04-21,2.9,2.68,117.1432,6.4506,128.24,8.231750770777225,-75.8115649978421,0.33,2.923435475508507,-0.5790967003800852,
2022-04-22,2.9,2.72,118.0186,6.502,128.34,8.231750770777225,-75.8115649978421,0.33,2.923435475508507,-0.43948370521860447,
2022-04-25,2.81,2.63,118.6271,6.5511,128.17,8.231750770777225,-75.8115649978421,0.33,2.923435475508507,-0.29314967018051674,
2022-04-26,2.77,2.54,118.9624,6.5427,127.55,8.231750770777225,-75.8115649978421,0.33,2.923435475508507,-0.20048398357161612,
2022-04-27,2.82,2.58,119.4708,6.5555,128.1,8.231750770777225,-75.8115649978421,0.33,2.923435475508507,-0.2877246951825909,
2022-04-28,2.85,2.63,120.0675,6.6172,130.79,8.231750770777225,-75.8115649978421,0.33,2.923435475508507,-0.37613016503057217,
2022-04-29,2.89,2.7,119.4933,6.5883,129.99,8.231750770777225,-75.8115649978421,0.33,2.923435475508507,-0.2794788413002022,
2022-05-02,2.99,2.73,119.8825,6.6085,129.83,8.538171195642065,-69.4655707473296,0.77,1.9110298059100916,-0.32309302001178897,
2022-05-03,2.97,2.78,119.7043,6.6085,129.84,8.538171195642065,-69.4655707473296,0.77,1.9110298059100916,-0.2904836563531123,
2022-05-04,2.93,2.66,119.5592,6.6085,129.94,8.538171195642065,-69.4655707473296,0.77,1.9110298059100916,-0.1734187277759908,
2022-05-05,3.05,2.71,120.0068,6.6185,129.81,8.538171195642065,-69.4655707473296,0.77,1.9110298059100916,-0.258732178441614,
2022-05-06,3.12,2.72,119.8577,6.6704,130.46,8.538171195642065,-69.4655707473296,0.77,1.9110298059100916,-0.20504080075611492,
2022-05-09,3.05,2.61,120.4972,6.7133,130.79,8.538171195642065,-69.4655707473296,0.77,1.9110298059100916,-0.11915745288470526,
2022-05-10,2.99,2.62,120.7742,6.7242,130.17,8.538171195642065,-69.4655707473296,0.77,1.9110298059100916,-0.25038527899762014,
2022-05-11,2.91,2.66,120.3925,6.7178,129.89,8.538171195642065,-69.4655707473296,0.77,1.9110298059100916,-0.31832085507306124,
2022-05-12,2.84,2.56,121.2796,6.792,128.6,8.538171195642065,-69.4655707473296,0.77,1.9110298059100916,-0.10034860630033295,
2022-05-13,2.93,2.61,120.8442,6.7899,128.95,8.538171195642065,-69.4655707473296,0.77,1.9110298059100916,,
2022-05-16,2.88,2.58,120.6881,6.792,129.54,8.538171195642065,-69.4655707473296,0.77,1.9110298059100916,-0.13660598961879597,
2022-05-17,2.98,2.71,119.8871,6.726,129.32,8.538171195642065,-69.4655707473296,0.77,1.9110298059100916,-0.11508812771681134,
2022-05-18,2.89,2.68,120.0274,6.7445,129.01,8.538171195642065,-69.4655707473296,0.77,1.9110298059100916,-0.09328911432882421,
2022-05-19,2.84,2.63,119.4278,6.7485,127.75,8.538171195642065,-69.4655707473296,0.77,1.9110298059100916,0.059489366087557595,
2022-05-20,2.78,2.6,119.3677,6.6785,127.96,8.538171195642065,-69.4655707473296,0.77,1.9110298059100916,0.14612078690802743,
2022-05-23,2.86,2.65,118.7169,6.647,127.64,8.538171195642065,-69.4655707473296,0.77,1.9110298059100916,-0.02521023126167878,
2022-05-24,2.76,2.5,118.6245,6.665,127.32,8.538171195642065,-69.4655707473296,0.77,1.9110298059100916,0.05351270045349134,
2022-05-25,2.75,2.48,118.9598,6.6943,127.01,8.538171195642065,-69.4655707473296,0.77,1.9110298059100916,0.1400871631334374,
2022-05-26,2.75,2.46,118.7687,6.7331,127.09,8.538171195642065,-69.4655707473296,0.77,1.9110298059100916,0.2502499425610929,
2022-05-27,2.74,2.47,118.2834,6.6994,126.89,8.538171195642065,-69.4655707473296,0.77,1.9110298059100916,0.36015687957388737,
2022-05-30,,,,6.6643,127.51,8.538171195642065,-69.4655707473296,0.77,1.9110298059100916,,
2022-05-31,2.85,2.53,118.0704,6.665,128.22,8.538171195642065,-69.4655707473296,0.77,1.9110298059100916,0.4408495515846305,
2022-06-01,2.94,2.66,118.6954,6.6828,129.46,8.979361103105798,-29.021982703943557,1.21,1.2217594016755706,-0.0,130.7073211669922
2022-06-02,2.92,2.65,118.0658,6.6732,129.74,8.979361103105798,-29.021982703943557,1.21,1.2217594016755706,0.11977061944583615,
2022-06-03,2.96,2.66,118.2153,6.6603,130.09,8.979361103105798,-29.021982703943557,1.21,1.2217594016755706,0.1285824422990838,
2022-06-06,3.04,2.73,118.3081,6.6402,130.67,8.979361103105798,-29.021982703943557,1.21,1.2217594016755706,-0.27107136396866743,
2022-06-07,2.98,2.75,118.4414,6.6729,132.86,8.979361103105798,-29.021982703943557,1.21,1.2217594016755706,-0.31411999224021964,
2022-06-08,3.03,2.78,118.3951,6.6845,134.02,8.979361103105798,-29.021982703943557,1.21,1.2217594016755706,-0.3054570732634322,
2022-06-09,3.04,2.83,118.9226,6.6762,133.98,8.979361103105798,-29.021982703943557,1.21,1.2217594016755706,-0.7299586279637227,
2022-06-10,3.15,3.06,119.9981,6.6996,133.95,8.979361103105798,-29.021982703943557,1.21,1.2217594016755706,-1.0,
2022-06-13,3.43,3.4,121.1523,6.7369,134.4,8.979361103105798,-29.021982703943557,1.21,1.2217594016755706,-1.0,
2022-06-14,3.49,3.45,121.6669,6.7372,134.54,8.979361103105798,-29.021982703943557,1.21,1.2217594016755706,-1.0,
2022-06-15,3.33,3.2,121.6403,6.712,134.69,8.979361103105798,-29.021982703943557,1.21,1.2217594016755706,-1.0,
2022-06-16,3.28,3.14,120.6714,6.7158,132.92,8.979361103105798,-29.021982703943557,1.21,1.2217594016755706,-1.0,
2022-06-17,3.25,3.17,121.2369,6.7049,134.67,8.979361103105798,-29.021982703943557,1.21,1.2217594016755706,-1.0,
2022-06-20,,,,6.6888,134.96,8.979361103105798,-29.021982703943557,1.21,1.2217594016755706,,
2022-06-21,3.31,3.21,120.6427,6.6995,136.26,8.979361103105798,-29.021982703943557,1.21,1.2217594016755706,-1.0,
2022-06-22,3.16,3.06,120.5197,6.7108,136.02,8.979361103105798,-29.021982703943557,1.21,1.2217594016755706,-1.0,
2022-06-23,3.09,3.01,120.7622,6.7061,135.43,8.979361103105798,-29.021982703943557,1.21,1.2217594016755706,-1.0,
2022-06-24,3.13,3.04,120.4853,6.6969,135.11,8.979361103105798,-29.021982703943557,1.21,1.2217594016755706,-1.0,
2022-06-27,3.2,3.08,120.1736,6.691,135.5,8.979361103105798,-29.021982703943557,1.21,1.2217594016755706,,
2022-06-28,3.2,3.1,120.62,6.7015,136.04,8.979361103105798,-29.021982703943557,1.21,1.2217594016755706,-1.0,
2022-06-29,3.1,3.06,120.9616,6.6922,136.47,8.979361103105798,-29.021982703943557,1.21,1.2217594016755706,-0.7817189532512938,
2022-06-30,2.98,2.92,120.9652,6.703,136.27,8.979361103105798,-29.021982703943557,1.21,1.2217594016755706,-0.5305014403001115,
2022-07-01,2.88,2.84,121.5058,6.7022,135.3,8.462576727730099,56.1898515107324,1.68,0.968659945597028,-0.35550104169642216,117.17676544189453
2022-07-04,,,,6.6932,135.35,8.462576727730099,56.1898515107324,1.68,0.968659945597028,,
2022-07-05,2.82,2.82,122.6203,6.7084,135.83,8.462576727730099,56.1898515107324,1.68,0.968659945597028,-0.14084037944805067,
2022-07-06,2.93,2.97,123.0073,6.7101,135.31,8.462576727730099,56.1898515107324,1.68,0.968659945597028,-0.3888878007575546,
2022-07-07,3.01,3.03,122.7257,6.7024,135.67,8.462576727730099,56.1898515107324,1.68,0.968659945597028,-0.41116346807295273,
2022-07-08,3.09,3.12,122.4662,6.7003,135.84,8.462576727730099,56.1898515107324,1.68,0.968659945597028,-0.1223567995949268,
2022-07-11,2.99,3.07,123.2974,6.7135,137.42,8.462576727730099,56.1898515107324,1.68,0.968659945597028,0.6762813098391756,
2022-07-12,2.96,3.03,123.4524,6.7236,136.74,8.462576727730099,56.1898515107324,1.68,0.968659945597028,0.8586742419715838,
2022-07-13,2.91,3.13,123.2834,6.7271,137.1,8.462576727730099,56.1898515107324,1.68,0.968659945597028,0.1418693463862444,
2022-07-14,2.96,3.15,124.0622,6.7584,138.97,8.462576727730099,56.1898515107324,1.68,0.968659945597028,-0.020001704478519823,
2022-07-15,2.93,3.13,123.4765,6.7544,138.67,8.462576727730099,56.1898515107324,1.68,0.968659945597028,0.07909353723580959,
2022-07-18,2.96,3.15,122.7727,6.7383,138.35,8.462576727730099,56.1898515107324,1.68,0.968659945597028,,
2022-07-19,3.01,3.23,122.4819,6.7412,137.64,8.462576727730099,56.1898515107324,1.68,0.968659945597028,-0.03893246934957025,
2022-07-20,3.04,3.25,122.5997,6.7548,138.17,8.462576727730099,56.1898515107324,1.68,0.968659945597028,-0.3660011886958515,
2022-07-21,2.91,3.1,122.9032,6.7693,138.7,8.462576727730099,56.1898515107324,1.68,0.968659945597028,-0.1734030951487704,
2022-07-22,2.77,2.98,122.451,6.7568,136.91,8.462576727730099,56.1898515107324,1.68,0.968659945597028,0.1158877031038672,
2022-07-25,2.81,3.0,122.4594,6.7501,136.62,8.462576727730099,56.1898515107324,1.68,0.968659945597028,0.1546614647711226,
2022-07-26,2.81,3.02,122.7581,6.7613,136.66,8.462576727730099,56.1898515107324,1.68,0.968659945597028,0.15448790733657888,
2022-07-27,2.78,2.96,122.8169,6.7508,136.81,8.462576727730099,56.1898515107324,1.68,0.968659945597028,0.1943122202366492,
2022-07-28,2.68,2.85,122.1161,6.7501,135.61,8.462576727730099,56.1898515107324,1.68,0.968659945597028,0.1365924978927996,
2022-07-29,2.67,2.89,121.7678,6.7371,133.77,8.462576727730099,56.1898515107324,1.68,0.968659945597028,-0.09796900668378061,
2022-08-01,2.6,2.9,121.4109,6.7532,132.3,8.222579178218826,-60.63279233608305,2.33,1.0521402147261716,,132.86322021484375
2022-08-02,2.75,3.06,121.9486,6.7603,130.97,8.222579178218826,-60.63279233608305,2.33,1.0521402147261716,-0.4795010497293805,
2022-08-03,2.73,3.1,122.3888,6.752,133.59,8.222579178218826,-60.63279233608305,2.33,1.0521402147261716,-0.26077642652197475,
2022-08-04,2.68,3.03,121.8333,6.7546,133.4,8.222579178218826,-60.63279233608305,2.33,1.0521402147261716,-0.0,
2022-08-05,2.83,3.24,122.321,6.7495,133.12,8.222579178218826,-60.63279233608305,2.33,1.0521402147261716,-0.24509401067217926,
2022-08-08,2.77,3.21,121.8783,6.7586,134.93,8.222579178218826,-60.63279233608305,2.33,1.0521402147261716,-0.2884233786671221,
2022-08-09,2.8,3.28,121.8614,6.7526,135.1,8.222579178218826,-60.63279233608305,2.33,1.0521402147261716,-0.5111820267630728,
2022-08-10,2.78,3.23,120.7543,6.752,134.76,8.222579178218826,-60.63279233608305,2.33,1.0521402147261716,-0.20467343532738358,
2022-08-11,2.87,3.23,120.7163,6.739,132.1,8.222579178218826,-60.63279233608305,2.33,1.0521402147261716,-0.1649590654539754,
2022-08-12,2.84,3.25,121.018,6.743,133.66,8.222579178218826,-60.63279233608305,2.33,1.0521402147261716,-0.2502715732596459,
2022-08-15,2.79,3.2,121.4315,6.7729,133.02,8.222579178218826,-60.63279233608305,2.33,1.0521402147261716,-0.10550466694350841,
2022-08-16,2.82,3.25,121.6807,6.7878,134.35,8.222579178218826,-60.63279233608305,2.33,1.0521402147261716,-0.043563014952284734,
2022-08-17,2.89,3.28,122.0711,6.7805,135.14,8.222579178218826,-60.63279233608305,2.33,1.0521402147261716,-0.06792649559639194,
2022-08-18,2.88,3.22,122.3627,6.7852,134.77,8.222579178218826,-60.63279233608305,2.33,1.0521402147261716,-0.2874334026369437,
2022-08-19,2.98,3.25,123.0501,6.8163,136.93,8.222579178218826,-60.63279233608305,2.33,1.0521402147261716,-0.6886695759877214,
2022-08-22,3.03,3.32,123.605,6.845,137.07,8.222579178218826,-60.63279233608305,2.33,1.0521402147261716,-0.8102342266779052,
2022-08-23,3.05,3.29,123.0547,6.8452,137.34,8.222579178218826,-60.63279233608305,2.33,1.0521402147261716,-0.7224074328151631,
2022-08-24,3.11,3.36,123.109,6.8673,136.64,8.222579178218826,-60.63279233608305,2.33,1.0521402147261716,-1.0,
2022-08-25,3.03,3.35,123.0586,6.8523,136.48,8.222579178218826,-60.63279233608305,2.33,1.0521402147261716,-1.0,
2022-08-26,3.04,3.37,123.0656,6.8623,136.92,8.222579178218826,-60.63279233608305,2.33,1.0521402147261716,-1.0,
2022-08-29,3.12,3.42,123.4686,6.9141,138.68,8.222579178218826,-60.63279233608305,2.33,1.0521402147261716,-1.0,
2022-08-30,3.11,3.46,123.6848,6.8998,138.24,8.222579178218826,-60.63279233608305,2.33,1.0521402147261716,-1.0,
2022-08-31,3.15,3.45,123.535,6.8947,138.72,8.222579178218826,-60.63279233608305,2.33,1.0521402147261716,-1.0,
2022-09-01,3.26,3.51,124.4006,6.8989,139.28,8.192106896425821,-69.83083265732414,2.56,2.462018715752601,-1.0,131.98587036132812
2022-09-02,3.2,3.4,123.7743,6.9079,140.46,8.192106896425821,-69.83083265732414,2.56,2.462018715752601,-0.47262422903792184,
2022-09-05,,,,6.9323,140.59,8.192106896425821,-69.83083265732414,2.56,2.462018715752601,,
2022-09-06,3.33,3.5,124.767,6.9592,141.93,8.192106896425821,-69.83083265732414,2.56,2.462018715752601,-0.649551296218853,
2022-09-07,3.27,3.45,124.8408,6.977,144.87,8.192106896425821,-69.83083265732414,2.56,2.462018715752601,-0.6332785063987746,
2022-09-08,3.29,3.48,124.578,6.9501,143.52,8.192106896425821,-69.83083265732414,2.56,2.462018715752601,-0.6992451245915238,
2022-09-09,3.33,3.56,123.7874,6.9204,142.6,8.192106896425821,-69.83083265732414,2.56,2.462018715752601,-0.8323083066300646,
2022-09-12,3.37,3.58,123.3332,6.9274,142.28,8.192106896425821,-69.83083265732414,2.56,2.462018715752601,-0.9886779331713798,
2022-09-13,3.42,3.75,124.4242,6.9255,142.01,8.192106896425821,-69.83083265732414,2.56,2.462018715752601,-1.0,
2022-09-14,3.41,3.78,124.4509,6.962,143.22,8.192106896425821,-69.83083265732414,2.56,2.462018715752601,-1.0,
2022-09-15,3.45,3.87,124.8843,6.9908,143.54,8.192106896425821,-69.83083265732414,2.56,2.462018715752601,-1.0,
2022-09-16,3.45,3.85,124.8794,7.011,143.19,8.192106896425821,-69.83083265732414,2.56,2.462018715752601,-1.0,
2022-09-19,3.49,3.95,125.0104,7.0136,143.56,8.192106896425821,-69.83083265732414,2.56,2.462018715752601,-1.0,
2022-09-20,3.57,3.96,125.1248,7.0128,143.54,8.192106896425821,-69.83083265732414,2.56,2.462018715752601,-1.0,
2022-09-21,3.51,4.02,125.7399,7.0484,144.01,8.192106896425821,-69.83083265732414,2.56,2.462018715752601,-1.0,
2022-09-22,3.7,4.11,126.1667,7.0623,140.81,8.192106896425821,-69.83083265732414,2.56,2.462018715752601,-1.0,
2022-09-23,3.69,4.2,127.2853,7.1193,142.95,8.192106896425821,-69.83083265732414,2.56,2.462018715752601,-1.0,
2022-09-26,3.88,4.27,128.4539,7.161,144.17,8.192106896425821,-69.83083265732414,2.56,2.462018715752601,-1.0,
2022-09-27,3.97,4.3,128.4386,7.1709,144.42,8.192106896425821,-69.83083265732414,2.56,2.462018715752601,-1.0,
2022-09-28,3.72,4.07,128.0884,7.2346,144.68,8.192106896425821,-69.83083265732414,2.56,2.462018715752601,-0.8379389034800455,
2022-09-29,3.76,4.16,127.5437,7.132,144.71,8.192106896425821,-69.83083265732414,2.56,2.462018715752601,-0.8539288801200939,
2022-09-30,3.83,4.22,127.5148,7.1161,144.66,8.192106896425821,-69.83083265732414,2.56,2.462018715752601,-1.0,
2022-10-03,3.67,4.12,127.0813,7.116,144.91,7.758813957693,-26.29485165630645,3.08,1.0648183730078253,,
2022-10-04,3.62,4.1,126.1819,7.116,144.88,7.758813957693,-26.29485165630645,3.08,1.0648183730078253,-0.737992357958328,
2022-10-05,3.76,4.15,126.8616,7.116,144.41,7.758813957693,-26.29485165630645,3.08,1.0648183730078253,-0.8452068231861737,
2022-10-06,3.83,4.23,127.2493,7.116,144.71,7.758813957693,-26.29485165630645,3.08,1.0648183730078253,-0.8856711165453616,
2022-10-07,3.89,4.3,127.3111,7.116,144.86,7.758813957693,-26.29485165630645,3.08,1.0648183730078253,-0.8534355596820051,
2022-10-10,,,,7.1511,145.57,7.758813957693,-26.29485165630645,3.08,1.0648183730078253,,
2022-10-11,3.93,4.3,127.6641,7.1654,145.57,7.758813957693,-26.29485165630645,3.08,1.0648183730078253,-0.6180871264422502,
2022-10-12,3.91,4.28,128.1481,7.1711,146.65,7.758813957693,-26.29485165630645,3.08,1.0648183730078253,-0.5508544758311832,
2022-10-13,3.97,4.47,127.7286,7.1819,146.77,7.758813957693,-26.29485165630645,3.08,1.0648183730078253,-0.6446019787722641,
2022-10-14,4.0,4.48,128.3325,7.1989,147.81,7.758813957693,-26.29485165630645,3.08,1.0648183730078253,-0.6654974651464028,
2022-10-17,4.02,4.45,127.6448,7.2009,148.89,7.758813957693,-26.29485165630645,3.08,1.0648183730078253,-0.5216420680359213,
2022-10-18,4.01,4.43,127.9153,7.1993,149.11,7.758813957693,-26.29485165630645,3.08,1.0648183730078253,-0.48584903013418834,
2022-10-19,4.14,4.55,128.3968,7.2277,149.66,7.758813957693,-26.29485165630645,3.08,1.0648183730078253,-0.5420589053685723,
2022-10-20,4.24,4.62,128.0052,7.2223,149.82,7.758813957693,-26.29485165630645,3.08,1.0648183730078253,-0.5188162226255447,
2022-10-21,4.21,4.49,127.6735,7.246,151.69,7.758813957693,-26.29485165630645,3.08,1.0648183730078253,-0.29613656647418873,
2022-10-24,4.25,4.5,128.0304,7.2626,148.98,7.758813957693,-26.29485165630645,3.08,1.0648183730078253,-0.23625889477152265,
2022-10-25,4.1,4.42,127.3771,7.3088,148.91,7.758813957693,-26.29485165630645,3.08,1.0648183730078253,-0.12371093852410994,
2022-10-26,4.04,4.39,126.4723,7.1783,146.98,7.758813957693,-26.29485165630645,3.08,1.0648183730078253,-0.33160825609013483,
2022-10-27,3.96,4.3,126.7028,7.2285,146.83,7.758813957693,-26.29485165630645,3.08,1.0648183730078253,-0.14728864412359244,
2022-10-28,4.02,4.41,127.2135,7.2514,147.51,7.758813957693,-26.29485165630645,3.08,1.0648183730078253,-0.20019465549956253,
2022-10-31,4.1,4.51,127.6219,7.3008,148.68,7.758813957693,-26.29485165630645,3.08,1.0648183730078253,-0.4110479123476933,
2022-11-01,4.07,4.54,127.3987,7.255,147.13,7.122856456533988,-34.70153086107919,3.78,0.08902953837490735,-0.46261178083589405,116.7162857055664
2022-11-02,4.1,4.61,127.3115,7.2826,147.1,7.122856456533988,-34.70153086107919,3.78,0.08902953837490735,-0.4830070435388247,
2022-11-03,4.14,4.71,128.1743,7.3174,148.24,7.122856456533988,-34.70153086107919,3.78,0.08902953837490735,-0.5018520349451064,
2022-11-04,4.17,4.66,127.1468,7.1813,147.07,7.122856456533988,-34.70153086107919,3.78,0.08902953837490735,-0.37648382000644565,
2022-11-07,4.22,4.72,126.3062,7.224,146.28,7.122856456533988,-34.70153086107919,3.78,0.08902953837490735,,
2022-11-08,4.14,4.67,125.633,7.2524,146.31,7.122856456533988,-34.70153086107919,3.78,0.08902953837490735,-0.39001883262108605,
2022-11-09,4.12,4.61,125.9861,7.253,146.25,7.122856456533988,-34.70153086107919,3.78,0.08902953837490735,-0.3510228319949496,
2022-11-10,3.82,4.34,124.7044,7.2518,146.14,7.122856456533988,-34.70153086107919,3.78,0.08902953837490735,0.14176311771858466,
2022-11-11,,,,7.1078,139.59,7.122856456533988,-34.70153086107919,3.78,0.08902953837490735,,
2022-11-14,3.88,4.4,123.4277,7.0652,140.38,7.122856456533988,-34.70153086107919,3.78,0.08902953837490735,0.05686644901548265,
2022-11-15,3.8,4.37,123.039,7.0453,139.22,7.122856456533988,-34.70153086107919,3.78,0.08902953837490735,0.07019373971799006,
2022-11-16,3.67,4.35,123.2817,7.0803,139.54,7.122856456533988,-34.70153086107919,3.78,0.08902953837490735,0.24030092231252903,
2022-11-17,3.77,4.43,123.977,7.1576,140.32,7.122856456533988,-34.70153086107919,3.78,0.08902953837490735,0.23495887641594862,
2022-11-18,3.82,4.51,123.8524,7.1185,140.0,7.122856456533988,-34.70153086107919,3.78,0.08902953837490735,-0.025442186291037124,
2022-11-21,3.83,4.48,124.7009,7.1656,141.84,7.122856456533988,-34.70153086107919,3.78,0.08902953837490735,0.026191571380351882,
2022-11-22,3.76,4.47,124.2365,7.1388,141.33,7.122856456533988,-34.70153086107919,3.78,0.08902953837490735,-0.0674552523227865,
2022-11-23,3.71,4.46,123.7574,7.1653,141.16,7.122856456533988,-34.70153086107919,3.78,0.08902953837490735,-0.09785101593726603,
2022-11-24,,,,7.1489,138.19,7.122856456533988,-34.70153086107919,3.78,0.08902953837490735,,
2022-11-25,3.68,4.42,123.3386,7.1735,139.39,7.122856456533988,-34.70153086107919,3.78,0.08902953837490735,-0.015192337361130633,
2022-11-28,3.69,4.46,123.6032,7.1993,138.49,7.122856456533988,-34.70153086107919,3.78,0.08902953837490735,0.07638718439077946,
2022-11-29,3.75,4.48,123.6615,7.1666,138.3,7.122856456533988,-34.70153086107919,3.78,0.08902953837490735,0.09613618868383936,
2022-11-30,3.68,4.38,123.5175,7.0776,139.05,7.122856456533988,-34.70153086107919,3.78,0.08902953837490735,0.39422348548198566,
2022-12-01,3.53,4.25,122.0045,7.0753,136.29,6.404600402357152,-79.17581535980321,4.1,-0.8016099812473643,0.8504470324500863,111.19593811035156
2022-12-02,3.51,4.28,122.0102,7.0195,134.11,6.404600402357152,-79.17581535980321,4.1,-0.8016099812473643,0.7567361931971381,
2022-12-05,3.6,4.41,122.6384,6.9494,135.14,6.404600402357152,-79.17581535980321,4.1,-0.8016099812473643,0.6719057774421952,
2022-12-06,3.51,4.34,123.0191,6.9888,136.3,6.404600402357152,-79.17581535980321,4.1,-0.8016099812473643,0.7608899655370498,
2022-12-07,3.42,4.26,122.7608,6.9784,137.18,6.404600402357152,-79.17581535980321,4.1,-0.8016099812473643,0.860104763277823,
2022-12-08,3.48,4.31,122.4152,6.9706,136.66,6.404600402357152,-79.17581535980321,4.1,-0.8016099812473643,0.07775834670066592,
2022-12-09,3.57,4.33,122.4201,6.9585,135.71,6.404600402357152,-79.17581535980321,4.1,-0.8016099812473643,,
2022-12-12,3.61,4.39,122.7714,6.975,137.15,6.404600402357152,-79.17581535980321,4.1,-0.8016099812473643,0.029196735258708487,
2022-12-13,3.51,4.22,121.8493,6.9831,137.36,6.404600402357152,-79.17581535980321,4.1,-0.8016099812473643,0.4594450634725677,
2022-12-14,3.49,4.23,121.8226,6.9499,134.92,6.404600402357152,-79.17581535980321,4.1,-0.8016099812473643,0.38165856825068517,
2022-12-15,3.44,4.23,122.5519,6.968,136.59,6.404600402357152,-79.17581535980321,4.1,-0.8016099812473643,0.648333455110251,
2022-12-16,3.48,4.17,122.6505,6.9721,137.05,6.404600402357152,-79.17581535980321,4.1,-0.8016099812473643,1.0,
2022-12-19,3.57,4.25,122.5275,6.9731,136.49,6.404600402357152,-79.17581535980321,4.1,-0.8016099812473643,0.7408379048739595,
2022-12-20,3.69,4.25,122.1357,6.9724,132.64,6.404600402357152,-79.17581535980321,4.1,-0.8016099812473643,0.7057476920317062,
2022-12-21,3.68,4.21,122.2828,6.9781,131.9,6.404600402357152,-79.17581535980321,4.1,-0.8016099812473643,0.8231063200364283,
2022-12-22,3.67,4.24,122.2419,6.981,132.06,6.404600402357152,-79.17581535980321,4.1,-0.8016099812473643,,
2022-12-23,3.75,4.31,121.9743,6.9853,132.61,6.404600402357152,-79.17581535980321,4.1,-0.8016099812473643,0.36976200214381333,
2022-12-26,,,,,,6.404600402357152,-79.17581535980321,4.1,-0.8016099812473643,,
2022-12-27,3.84,4.32,121.7539,6.9648,133.36,6.404600402357152,-79.17581535980321,4.1,-0.8016099812473643,0.5703040551104847,
2022-12-28,3.88,4.31,122.0075,6.9759,133.66,6.404600402357152,-79.17581535980321,4.1,-0.8016099812473643,0.2560469498374711,
2022-12-29,3.83,4.34,121.6577,6.9632,133.57,6.404600402357152,-79.17581535980321,4.1,-0.8016099812473643,-0.3334396793723691,
2022-12-30,3.88,4.41,121.4256,6.8987,131.88,6.404600402357152,-79.17581535980321,4.1,-0.8016099812473643,-0.48429667431665147,
2023-01-02,,,,6.8986,130.69,6.327178517960097,10.845535571719202,4.33,0.3188082918103907,,
2023-01-03,3.79,4.4,122.0905,6.9097,130.8,6.327178517960097,10.845535571719202,4.33,0.3188082918103907,-0.22481378914987904,
2023-01-04,3.69,4.36,121.5008,6.886,130.9,6.327178517960097,10.845535571719202,4.33,0.3188082918103907,-0.3774246306952479,
2023-01-05,3.71,4.45,122.1017,6.8732,132.96,6.327178517960097,10.845535571719202,4.33,0.3188082918103907,-0.5289545165653414,
2023-01-06,3.55,4.24,121.0852,6.8614,134.57,6.327178517960097,10.845535571719202,4.33,0.3188082918103907,0.33616078714543224,
2023-01-09,3.53,4.19,120.1508,6.7825,132.15,6.327178517960097,10.845535571719202,4.33,0.3188082918103907,0.7313441703812938,
2023-01-10,3.61,4.24,120.2483,6.7828,132.35,6.327178517960097,10.845535571719202,4.33,0.3188082918103907,-0.07229603965630807,
2023-01-11,3.54,4.2,120.1614,6.7746,132.7,6.327178517960097,10.845535571719202,4.33,0.3188082918103907,0.10778982715638495,
2023-01-12,3.43,4.12,119.4218,6.749,130.53,6.327178517960097,10.845535571719202,4.33,0.3188082918103907,0.3923456617014356,
2023-01-13,3.49,4.22,119.1673,6.7254,128.56,6.327178517960097,10.845535571719202,4.33,0.3188082918103907,-0.17728626220739482,
2023-01-16,,,,6.7324,128.49,6.327178517960097,10.845535571719202,4.33,0.3188082918103907,,
2023-01-17,3.53,4.18,119.2121,6.7761,128.65,6.327178517960097,10.845535571719202,4.33,0.3188082918103907,0.24382387836780178,
2023-01-18,3.37,4.06,119.0755,6.7527,128.97,6.327178517960097,10.845535571719202,4.33,0.3188082918103907,0.5018001729761793,
2023-01-19,3.39,4.09,119.6107,6.7891,128.54,6.327178517960097,10.845535571719202,4.33,0.3188082918103907,0.4878257776553305,
2023-01-20,3.48,4.14,119.3486,6.7823,130.11,6.327178517960097,10.845535571719202,4.33,0.3188082918103907,0.5434612471729928,
2023-01-23,3.52,4.21,119.1434,6.7823,130.3,6.327178517960097,10.845535571719202,4.33,0.3188082918103907,,
2023-01-24,3.46,4.12,119.0958,6.7823,130.29,6.327178517960097,10.845535571719202,4.33,0.3188082918103907,0.6372697615076882,
2023-01-25,3.46,4.11,118.9686,6.7823,129.78,6.327178517960097,10.845535571719202,4.33,0.3188082918103907,0.6427420796671788,
2023-01-26,3.49,4.17,119.021,6.7823,129.77,6.327178517960097,10.845535571719202,4.33,0.3188082918103907,0.573510674400301,
2023-01-27,3.52,4.19,118.9223,6.7823,129.87,6.327178517960097,10.845535571719202,4.33,0.3188082918103907,0.7755359868797788,
2023-01-30,3.55,4.25,118.8953,6.7505,130.05,6.327178517960097,10.845535571719202,4.33,0.3188082918103907,,
2023-01-31,3.52,4.21,118.9802,6.7569,130.41,6.327178517960097,10.845535571719202,4.33,0.3188082918103907,0.7829587958023684,
2023-02-01,3.39,4.09,118.6259,6.7424,129.77,5.957820738137087,-24.79276191613835,4.57,-0.1634816837026265,1.0,120.99437713623047
2023-02-02,3.4,4.09,118.3421,6.7235,128.43,5.957820738137087,-24.79276191613835,4.57,-0.1634816837026265,1.0,
2023-02-03,3.53,4.3,119.5095,6.7376,128.42,5.957820738137087,-24.79276191613835,4.57,-0.1634816837026265,-0.25332664952965533,
2023-02-06,3.63,4.44,120.541,6.7827,132.15,5.957820738137087,-24.79276191613835,4.57,-0.1634816837026265,-1.0,
2023-02-07,3.67,4.47,120.3475,6.7858,132.06,5.957820738137087,-24.79276191613835,4.57,-0.1634816837026265,-0.9481606304389889,
2023-02-08,3.63,4.45,120.1436,6.7854,131.17,5.957820738137087,-24.79276191613835,4.57,-0.1634816837026265,-1.0,
2023-02-09,3.67,4.48,119.9781,6.7767,130.72,5.957820738137087,-24.79276191613835,4.57,-0.1634816837026265,-1.0,
2023-02-10,3.74,4.5,120.1419,6.8136,130.85,5.957820738137087,-24.79276191613835,4.57,-0.1634816837026265,-1.0,
2023-02-13,3.72,4.52,119.9828,6.8248,132.56,5.957820738137087,-24.79276191613835,4.57,-0.1634816837026265,,
2023-02-14,3.77,4.6,119.9229,6.8142,132.11,5.957820738137087,-24.79276191613835,4.57,-0.1634816837026265,-1.0,
2023-02-15,3.81,4.62,120.4557,6.8438,133.69,5.957820738137087,-24.79276191613835,4.57,-0.1634816837026265,-1.0,
2023-02-16,3.86,4.62,120.4651,6.8552,133.93,5.957820738137087,-24.79276191613835,4.57,-0.1634816837026265,-1.0,
2023-02-17,3.82,4.6,120.5526,6.8782,134.76,5.957820738137087,-24.79276191613835,4.57,-0.1634816837026265,-1.0,
2023-02-20,,,,6.8569,134.05,5.957820738137087,-24.79276191613835,4.57,-0.1634816837026265,,
2023-02-21,3.95,4.67,120.6256,6.8803,134.81,5.957820738137087,-24.79276191613835,4.57,-0.1634816837026265,-1.0,
2023-02-22,3.93,4.66,120.8389,6.8928,134.57,5.957820738137087,-24.79276191613835,4.57,-0.1634816837026265,-1.0,
2023-02-23,3.88,4.66,121.0896,6.8978,135.0,5.957820738137087,-24.79276191613835,4.57,-0.1634816837026265,-1.0,
2023-02-24,3.95,4.78,121.5681,6.944,135.81,5.957820738137087,-24.79276191613835,4.57,-0.1634816837026265,-1.0,
2023-02-27,3.92,4.78,121.3941,6.9526,136.33,5.957820738137087,-24.79276191613835,4.57,-0.1634816837026265,-1.0,
2023-02-28,3.92,4.81,121.3341,6.9369,136.76,5.957820738137087,-24.79276191613835,4.57,-0.1634816837026265,-1.0,
2023-03-01,4.01,4.89,120.6347,6.8653,135.55,4.917719362889961,-89.86928653873383,4.65,-0.36512224493961964,-1.0,105.37997436523438
2023-03-02,4.08,4.89,121.1302,6.9104,136.79,4.917719362889961,-89.86928653873383,4.65,-0.36512224493961964,-1.0,
2023-03-03,3.97,4.86,120.7742,6.9078,136.18,4.917719362889961,-89.86928653873383,4.65,-0.36512224493961964,-1.0,
2023-03-06,3.98,4.89,120.485,6.9324,135.86,4.917719362889961,-89.86928653873383,4.65,-0.36512224493961964,-0.9324097852953385,
2023-03-07,3.97,5.0,121.4623,6.9362,136.16,4.917719362889961,-89.86928653873383,4.65,-0.36512224493961964,-1.0,
2023-03-08,3.98,5.05,121.4511,6.9526,137.22,4.917719362889961,-89.86928653873383,4.65,-0.36512224493961964,-1.0,
2023-03-09,3.93,4.9,121.4458,6.9656,136.27,4.917719362889961,-89.86928653873383,4.65,-0.36512224493961964,-0.7652977220624653,
2023-03-10,3.7,4.6,121.2421,6.952,136.69,4.917719362889961,-89.86928653873383,4.65,-0.36512224493961964,-0.18297355949475105,
2023-03-13,3.55,4.03,120.8897,6.8572,132.6,4.917719362889961,-89.86928653873383,4.65,-0.36512224493961964,0.8831065927946834,
2023-03-14,3.64,4.2,121.0141,6.8695,134.2,4.917719362889961,-89.86928653873383,4.65,-0.36512224493961964,0.7192116604852424,
2023-03-15,3.51,3.93,122.1079,6.9073,132.25,4.917719362889961,-89.86928653873383,4.65,-0.36512224493961964,1.0,
2023-03-16,3.56,4.14,121.7221,6.8943,132.31,4.917719362889961,-89.86928653873383,4.65,-0.36512224493961964,0.83946291554611,
2023-03-17,3.39,3.81,121.5643,6.8829,132.33,4.917719362889961,-89.86928653873383,4.65,-0.36512224493961964,1.0,
2023-03-20,3.47,3.92,121.0141,6.8806,131.35,4.917719362889961,-89.86928653873383,4.65,-0.36512224493961964,,
2023-03-21,3.59,4.17,120.8958,6.8725,132.36,4.917719362889961,-89.86928653873383,4.65,-0.36512224493961964,0.8261204511832144,
2023-03-22,3.48,3.96,120.6217,6.8834,132.71,4.917719362889961,-89.86928653873383,4.65,-0.36512224493961964,1.0,
2023-03-23,3.38,3.76,119.7587,6.8308,131.33,4.917719362889961,-89.86928653873383,4.65,-0.36512224493961964,1.0,
2023-03-24,3.38,3.76,120.4598,6.8707,130.15,4.917719362889961,-89.86928653873383,4.65,-0.36512224493961964,1.0,
2023-03-27,3.53,3.94,120.2541,6.8812,131.48,4.917719362889961,-89.86928653873383,4.65,-0.36512224493961964,1.0,
2023-03-28,3.55,4.02,119.7138,6.877,130.7,4.917719362889961,-89.86928653873383,4.65,-0.36512224493961964,1.0,
2023-03-29,3.57,4.08,119.7258,6.8848,132.37,4.917719362889961,-89.86928653873383,4.65,-0.36512224493961964,1.0,
2023-03-30,3.55,4.1,119.4078,6.8802,132.67,4.917719362889961,-89.86928653873383,4.65,-0.36512224493961964,1.0,
2023-03-31,3.48,4.06,119.3602,6.8748,133.18,4.917719362889961,-89.86928653873383,4.65,-0.36512224493961964,1.0,
2023-04-03,3.43,3.97,119.3204,6.8843,132.94,4.950079879124369,-25.50981813362549,4.83,-0.1843454258675048,1.0,
2023-04-04,3.35,3.84,119.142,6.8832,132.96,4.950079879124369,-25.50981813362549,4.83,-0.1843454258675048,1.0,
2023-04-05,3.3,3.79,119.2953,6.8798,131.39,4.950079879124369,-25.50981813362549,4.83,-0.1843454258675048,1.0,
2023-04-06,3.3,3.82,119.3072,6.8726,131.46,4.950079879124369,-25.50981813362549,4.83,-0.1843454258675048,1.0,
2023-04-07,3.39,3.97,119.3547,,,4.950079879124369,-25.50981813362549,4.83,-0.1843454258675048,0.8679318989059444,
2023-04-10,3.41,4.0,119.7948,,,4.950079879124369,-25.50981813362549,4.83,-0.1843454258675048,0.041424298509426596,
2023-04-11,3.43,4.03,119.5248,6.8849,133.22,4.950079879124369,-25.50981813362549,4.83,-0.1843454258675048,0.23380551789386916,
2023-04-12,3.41,3.95,119.003,6.8836,133.76,4.950079879124369,-25.50981813362549,4.83,-0.1843454258675048,-0.027388747219541862,
2023-04-13,3.45,3.96,118.3915,6.8777,133.28,4.950079879124369,-25.50981813362549,4.83,-0.1843454258675048,0.24535331695592585,
2023-04-14,3.52,4.08,118.8567,6.8519,132.59,4.950079879124369,-25.50981813362549,4.83,-0.1843454258675048,-0.3674887762862922,
2023-04-17,3.6,4.18,119.2787,6.8694,133.84,4.950079879124369,-25.50981813362549,4.83,-0.1843454258675048,-0.3537344885670154,
2023-04-18,3.58,4.19,119.1049,6.8753,133.88,4.950079879124369,-25.50981813362549,4.83,-0.1843454258675048,-0.027245980826055942,
2023-04-19,3.6,4.24,119.303,6.8971,134.67,4.950079879124369,-25.50981813362549,4.83,-0.1843454258675048,-0.38225850232418185,
2023-04-20,3.54,4.14,119.1199,6.8803,134.74,4.950079879124369,-25.50981813362549,4.83,-0.1843454258675048,-0.5184819534642349,
2023-04-21,3.57,4.17,119.3117,6.8882,133.83,4.950079879124369,-25.50981813362549,4.83,-0.1843454258675048,-0.5592375778987254,
2023-04-24,3.52,4.12,119.2039,6.893,134.68,4.950079879124369,-25.50981813362549,4.83,-0.1843454258675048,-0.24504070202845146,
2023-04-25,3.4,3.86,119.613,6.9215,134.2,4.950079879124369,-25.50981813362549,4.83,-0.1843454258675048,0.21529527873615925,
2023-04-26,3.43,3.9,119.3228,6.9231,133.77,4.950079879124369,-25.50981813362549,4.83,-0.1843454258675048,0.2405100177933533,
2023-04-27,3.53,4.07,119.4298,6.9239,133.27,4.950079879124369,-25.50981813362549,4.83,-0.1843454258675048,0.04006412268970997,
2023-04-28,3.44,4.04,119.2248,6.9191,136.01,4.950079879124369,-25.50981813362549,4.83,-0.1843454258675048,0.026608074877807992,
2023-05-01,3.59,4.14,119.4435,,,4.131851231385042,-10.989107254489618,5.06,-0.39957171123073953,-0.22621357096277675,108.46768188476562
2023-05-02,3.44,3.97,119.6105,6.9121,137.44,4.131851231385042,-10.989107254489618,5.06,-0.39957171123073953,-0.17237960130907168,
2023-05-03,3.38,3.89,119.1233,6.9121,135.52,4.131851231385042,-10.989107254489618,5.06,-0.39957171123073953,-0.13171880749106696,
2023-05-04,3.37,3.75,119.0465,6.9115,134.48,4.131851231385042,-10.989107254489618,5.06,-0.39957171123073953,0.09107354312911495,
2023-05-05,3.44,3.92,118.5548,6.9105,134.19,4.131851231385042,-10.989107254489618,5.06,-0.39957171123073953,0.06489113149202794,
2023-05-08,3.52,4.0,118.5759,6.9174,135.14,4.131851231385042,-10.989107254489618,5.06,-0.39957171123073953,-0.0,
2023-05-09,3.53,4.01,118.8239,6.9215,135.02,4.131851231385042,-10.989107254489618,5.06,-0.39957171123073953,0.026130417151045436,
2023-05-10,3.43,3.9,118.5864,6.924,135.32,4.131851231385042,-10.989107254489618,5.06,-0.39957171123073953,0.06556573312976413,
2023-05-11,3.39,3.89,119.0303,6.9366,134.07,4.131851231385042,-10.989107254489618,5.06,-0.39957171123073953,0.09219467701109392,
2023-05-12,3.46,3.98,119.3671,6.9521,134.98,4.131851231385042,-10.989107254489618,5.06,-0.39957171123073953,0.13266241871707224,
2023-05-15,3.5,3.99,119.1608,6.953,136.22,4.131851231385042,-10.989107254489618,5.06,-0.39957171123073953,0.2536297486364229,
2023-05-16,3.54,4.06,119.1743,6.9656,135.92,4.131851231385042,-10.989107254489618,5.06,-0.39957171123073953,0.17595708654138045,
2023-05-17,3.57,4.12,119.607,6.9962,136.96,4.131851231385042,-10.989107254489618,5.06,-0.39957171123073953,0.16487291127077366,
2023-05-18,3.65,4.24,120.0886,7.027,137.87,4.131851231385042,-10.989107254489618,5.06,-0.39957171123073953,-0.13957172525281006,
2023-05-19,3.7,4.28,119.7751,7.0102,138.37,4.131851231385042,-10.989107254489618,5.06,-0.39957171123073953,-0.15748534663326436,
2023-05-22,3.72,4.29,120.0875,7.0289,138.27,4.131851231385042,-10.989107254489618,5.06,-0.39957171123073953,-0.2500997605785923,
2023-05-23,3.7,4.26,120.3204,7.0544,138.42,4.131851231385042,-10.989107254489618,5.06,-0.39957171123073953,-0.6083124972478664,
2023-05-24,3.73,4.31,120.4752,7.0473,138.43,4.131851231385042,-10.989107254489618,5.06,-0.39957171123073953,-0.6521416334741879,
2023-05-25,3.83,4.5,120.8413,7.0695,139.39,4.131851231385042,-10.989107254489618,5.06,-0.39957171123073953,-0.7118876330441458,
2023-05-26,3.8,4.54,120.6304,7.0574,139.75,4.131851231385042,-10.989107254489618,5.06,-0.39957171123073953,-0.8582211111011981,
2023-05-29,,,,7.0761,140.26,4.131851231385042,-10.989107254489618,5.06,-0.39957171123073953,,
2023-05-30,3.69,4.46,120.5546,7.0728,139.62,4.131851231385042,-10.989107254489618,5.06,-0.39957171123073953,-0.9696840704155584,
2023-05-31,3.64,4.4,120.9662,7.1072,139.6,4.131851231385042,-10.989107254489618,5.06,-0.39957171123073953,-1.0,
2023-06-01,3.61,4.33,120.0491,7.111,139.53,3.070617072997095,-24.803385673211928,5.08,-0.8893464531073647,-1.0,110.52894592285156
2023-06-02,3.69,4.5,120.0049,7.0673,138.86,3.070617072997095,-24.803385673211928,5.08,-0.8893464531073647,-1.0,
2023-06-05,3.69,4.46,120.0048,7.1152,140.28,3.070617072997095,-24.803385673211928,5.08,-0.8893464531073647,-1.0,
2023-06-06,3.7,4.51,119.9718,7.1179,139.56,3.070617072997095,-24.803385673211928,5.08,-0.8893464531073647,-1.0,
2023-06-07,3.79,4.56,119.859,7.1135,139.42,3.070617072997095,-24.803385673211928,5.08,-0.8893464531073647,-1.0,
2023-06-08,3.73,4.52,119.5712,7.1287,139.69,3.070617072997095,-24.803385673211928,5.08,-0.8893464531073647,-1.0,
2023-06-09,3.75,4.59,119.4322,7.1279,139.37,3.070617072997095,-24.803385673211928,5.08,-0.8893464531073647,-1.0,
2023-06-12,3.73,4.55,119.6376,7.1424,139.37,3.070617072997095,-24.803385673211928,5.08,-0.8893464531073647,-1.0,
2023-06-13,3.84,4.67,119.1899,7.1497,139.55,3.070617072997095,-24.803385673211928,5.08,-0.8893464531073647,-1.0,
2023-06-14,3.83,4.74,118.776,7.1573,139.89,3.070617072997095,-24.803385673211928,5.08,-0.8893464531073647,-1.0,
2023-06-15,3.72,4.62,118.5521,7.1625,141.29,3.070617072997095,-24.803385673211928,5.08,-0.8893464531073647,-0.736182394784436,
2023-06-16,3.77,4.7,118.4184,7.122,141.03,3.070617072997095,-24.803385673211928,5.08,-0.8893464531073647,-0.8009921640794728,
2023-06-19,,,,7.1582,141.86,3.070617072997095,-24.803385673211928,5.08,-0.8893464531073647,,
2023-06-20,3.74,4.68,118.938,7.1766,141.32,3.070617072997095,-24.803385673211928,5.08,-0.8893464531073647,-0.7779548498521986,
2023-06-21,3.72,4.68,118.727,7.1884,141.8,3.070617072997095,-24.803385673211928,5.08,-0.8893464531073647,-0.6675390329442993,
2023-06-22,3.8,4.77,118.7552,7.1794,142.06,3.070617072997095,-24.803385673211928,5.08,-0.8893464531073647,-0.47075641082745634,
2023-06-23,3.74,4.71,119.152,7.1794,143.18,3.070617072997095,-24.803385673211928,5.08,-0.8893464531073647,-0.28966279091364455,
2023-06-26,3.72,4.65,119.0761,7.2332,143.26,3.070617072997095,-24.803385673211928,5.08,-0.8893464531073647,,
2023-06-27,3.77,4.74,118.8949,7.2118,143.49,3.070617072997095,-24.803385673211928,5.08,-0.8893464531073647,-0.46753824034571917,
2023-06-28,3.71,4.71,119.3382,7.2465,144.29,3.070617072997095,-24.803385673211928,5.08,-0.8893464531073647,-0.518194820280418,
2023-06-29,3.85,4.87,119.527,7.2353,144.21,3.070617072997095,-24.803385673211928,5.08,-0.8893464531073647,-0.8895742010294856,
2023-06-30,3.81,4.87,119.3606,7.2688,144.63,3.070617072997095,-24.803385673211928,5.08,-0.8893464531073647,-0.5963626905066399,
2023-07-03,3.86,4.94,119.2119,7.249,144.79,3.287749268428297,-49.220432835402335,5.12,-0.31247838929887584,-0.7527542582616654,
2023-07-04,,,,7.2185,144.41,3.287749268428297,-49.220432835402335,5.12,-0.31247838929887584,,
2023-07-05,3.95,4.94,119.3483,7.2431,144.55,3.287749268428297,-49.220432835402335,5.12,-0.31247838929887584,-0.5831408683947084,
2023-07-06,4.05,4.99,119.8193,7.2319,143.66,3.287749268428297,-49.220432835402335,5.12,-0.31247838929887584,-0.7055577038393869,
2023-07-07,4.06,4.94,119.0761,7.2348,143.29,3.287749268428297,-49.220432835402335,5.12,-0.31247838929887584,-0.514953653241034,
2023-07-10,4.01,4.85,118.9548,7.2372,142.14,3.287749268428297,-49.220432835402335,5.12,-0.31247838929887584,-0.4351308042762681,
2023-07-11,3.99,4.88,118.7344,7.202,140.39,3.287749268428297,-49.220432835402335,5.12,-0.31247838929887584,-0.300025551829396,
2023-07-12,3.86,4.72,117.6385,7.1923,139.58,3.287749268428297,-49.220432835402335,5.12,-0.31247838929887584,0.028410045154051416,
2023-07-13,3.76,4.59,117.1831,7.1631,138.47,3.287749268428297,-49.220432835402335,5.12,-0.31247838929887584,0.04272752436660228,
2023-07-14,3.83,4.74,117.0463,7.1363,138.59,3.287749268428297,-49.220432835402335,5.12,-0.31247838929887584,-0.05678030526898318,
2023-07-17,3.81,4.74,117.1267,7.1645,138.36,3.287749268428297,-49.220432835402335,5.12,-0.31247838929887584,,
2023-07-18,3.8,4.74,117.0264,7.1741,138.07,3.287749268428297,-49.220432835402335,5.12,-0.31247838929887584,-0.08665936813639052,
2023-07-19,3.75,4.74,117.3462,7.2192,139.69,3.287749268428297,-49.220432835402335,5.12,-0.31247838929887584,-0.0881408250195113,
2023-07-20,3.85,4.8,117.5947,7.1662,139.64,3.287749268428297,-49.220432835402335,5.12,-0.31247838929887584,-0.04422961083405972,
2023-07-21,3.84,4.82,117.9418,7.1797,141.72,3.287749268428297,-49.220432835402335,5.12,-0.31247838929887584,-0.16316974391188221,
2023-07-24,3.86,4.81,117.8124,7.1872,141.01,3.287749268428297,-49.220432835402335,5.12,-0.31247838929887584,-0.23778630947184312,
2023-07-25,3.91,4.85,117.8565,7.141,141.33,3.287749268428297,-49.220432835402335,5.12,-0.31247838929887584,-0.16571305677792958,
2023-07-26,3.86,4.82,117.76,7.1534,140.43,3.287749268428297,-49.220432835402335,5.12,-0.31247838929887584,-0.17005959470396836,
2023-07-27,4.01,4.91,117.8938,7.147,140.18,3.287749268428297,-49.220432835402335,5.12,-0.31247838929887584,-0.0645938565820453,
2023-07-28,3.96,4.87,117.788,7.157,139.28,3.287749268428297,-49.220432835402335,5.12,-0.31247838929887584,-0.0,
2023-07-31,3.97,4.88,117.8241,7.1494,142.18,3.287749268428297,-49.220432835402335,5.12,-0.31247838929887584,0.10227162259439346,
2023-08-01,4.05,4.92,118.5738,7.1668,142.98,3.722504803505289,-13.803793157513063,5.33,-0.25421306219911566,,101.14118194580078
2023-08-02,4.08,4.88,119.1268,7.1761,142.81,3.722504803505289,-13.803793157513063,5.33,-0.25421306219911566,0.11003088981676308,
2023-08-03,4.2,4.9,119.3963,7.1713,142.92,3.722504803505289,-13.803793157513063,5.33,-0.25421306219911566,0.17510658215603284,
2023-08-04,4.05,4.78,118.821,7.1863,142.62,3.722504803505289,-13.803793157513063,5.33,-0.25421306219911566,0.33050982078344365,
2023-08-07,4.09,4.76,119.0809,7.1901,142.22,3.722504803505289,-13.803793157513063,5.33,-0.25421306219911566,0.1994629218115531,
2023-08-08,4.02,4.74,119.6407,7.214,143.05,3.722504803505289,-13.803793157513063,5.33,-0.25421306219911566,0.3321874854192299,
2023-08-09,4.0,4.79,119.476,7.2055,143.46,3.722504803505289,-13.803793157513063,5.33,-0.25421306219911566,-0.17713919768069508,
2023-08-10,4.09,4.82,119.1581,7.2088,143.78,3.722504803505289,-13.803793157513063,5.33,-0.25421306219911566,-0.6084587566252313,
2023-08-11,4.16,4.89,119.6268,7.2323,144.47,3.722504803505289,-13.803793157513063,5.33,-0.25421306219911566,-0.41159694415383213,
2023-08-14,4.19,4.96,120.0725,7.2604,145.18,3.722504803505289,-13.803793157513063,5.33,-0.25421306219911566,-0.6235015938173349,
2023-08-15,4.21,4.92,120.2127,7.2858,145.56,3.722504803505289,-13.803793157513063,5.33,-0.25421306219911566,-0.5380636233461402,
2023-08-16,4.28,4.97,120.3551,7.2973,145.72,3.722504803505289,-13.803793157513063,5.33,-0.25421306219911566,-0.7168384111562385,
2023-08-17,4.3,4.94,120.5242,7.2832,145.76,3.722504803505289,-13.803793157513063,5.33,-0.25421306219911566,-0.4396693928875251,
2023-08-18,4.26,4.92,120.4321,7.2878,145.5,3.722504803505289,-13.803793157513063,5.33,-0.25421306219911566,-0.31590964129270077,
2023-08-21,4.34,4.97,120.4627,7.2842,145.9,3.722504803505289,-13.803793157513063,5.33,-0.25421306219911566,-0.5019060725735203,
2023-08-22,4.34,5.02,120.3554,7.2919,145.77,3.722504803505289,-13.803793157513063,5.33,-0.25421306219911566,-0.5382505742177651,
2023-08-23,4.19,4.95,120.0307,7.2925,145.56,3.722504803505289,-13.803793157513063,5.33,-0.25421306219911566,-0.42822324458372996,
2023-08-24,4.23,4.98,120.2354,7.2817,145.72,3.722504803505289,-13.803793157513063,5.33,-0.25421306219911566,-0.24684162145262892,
2023-08-25,4.25,5.03,120.5137,7.2893,145.96,3.722504803505289,-13.803793157513063,5.33,-0.25421306219911566,-0.5718996292433077,
2023-08-28,4.2,4.98,120.3155,7.2929,146.51,3.722504803505289,-13.803793157513063,5.33,-0.25421306219911566,-0.3721140742982954,
2023-08-29,4.12,4.87,120.2669,7.2943,147.12,3.722504803505289,-13.803793157513063,5.33,-0.25421306219911566,0.19443466799235026,
2023-08-30,4.12,4.9,119.7937,7.2889,146.2,3.722504803505289,-13.803793157513063,5.33,-0.25421306219911566,-0.08032263826161422,
2023-08-31,4.09,4.85,120.225,7.2871,145.83,3.722504803505289,-13.803793157513063,5.33,-0.25421306219911566,0.21197390156398563,
2023-09-01,4.18,4.87,120.759,7.2555,145.21,3.687206638119256,-45.70116213000355,5.33,-0.2672476942852109,-0.3954239054772962,98.63481140136719
2023-09-04,,,,7.2704,146.38,3.687206638119256,-45.70116213000355,5.33,-0.2672476942852109,,
2023-09-05,4.27,4.94,121.4345,7.3041,147.42,3.687206638119256,-45.70116213000355,5.33,-0.2672476942852109,-0.9346895259325377,
2023-09-06,4.3,5.01,121.8671,7.3035,147.21,3.687206638119256,-45.70116213000355,5.33,-0.2672476942852109,-1.0,
2023-09-07,4.27,4.94,121.9528,7.3285,147.25,3.687206638119256,-45.70116213000355,5.33,-0.2672476942852109,-0.5721704459003273,
2023-09-08,4.26,4.98,121.9475,7.3398,147.46,3.687206638119256,-45.70116213000355,5.33,-0.2672476942852109,-0.4315791397211455,
2023-09-11,4.29,4.97,121.3386,7.2949,146.55,3.687206638119256,-45.70116213000355,5.33,-0.2672476942852109,-0.04787046247057741,
2023-09-12,4.27,4.98,121.2913,7.2916,146.94,3.687206638119256,-45.70116213000355,5.33,-0.2672476942852109,-0.2913974003337588,
2023-09-13,4.25,4.96,121.0549,7.2807,147.47,3.687206638119256,-45.70116213000355,5.33,-0.2672476942852109,0.04959953930551059,
2023-09-14,4.29,5.0,121.2395,7.278,147.37,3.687206638119256,-45.70116213000355,5.33,-0.2672476942852109,-0.2957103956349201,
2023-09-15,4.33,5.02,121.199,7.2773,147.78,3.687206638119256,-45.70116213000355,5.33,-0.2672476942852109,-0.4950884535217913,
2023-09-18,4.32,5.05,121.1938,7.2959,147.65,3.687206638119256,-45.70116213000355,5.33,-0.2672476942852109,-0.4044081718724154,
2023-09-19,4.37,5.08,121.1645,7.2912,147.67,3.687206638119256,-45.70116213000355,5.33,-0.2672476942852109,-0.298969041195218,
2023-09-20,4.35,5.12,120.9648,7.2939,147.9,3.687206638119256,-45.70116213000355,5.33,-0.2672476942852109,-0.8337834157651048,
2023-09-21,4.49,5.12,121.5528,7.3056,147.95,3.687206638119256,-45.70116213000355,5.33,-0.2672476942852109,-0.6602015708781606,
2023-09-22,4.44,5.1,121.5306,7.304,148.28,3.687206638119256,-45.70116213000355,5.33,-0.2672476942852109,-0.32072099111944297,
2023-09-25,4.55,5.09,122.1143,7.3101,148.67,3.687206638119256,-45.70116213000355,5.33,-0.2672476942852109,-0.4922316341170771,
2023-09-26,4.56,5.04,122.4742,7.3095,148.86,3.687206638119256,-45.70116213000355,5.33,-0.2672476942852109,-0.7581445085819745,
2023-09-27,4.61,5.1,122.9895,7.3112,149.2,3.687206638119256,-45.70116213000355,5.33,-0.2672476942852109,-0.8712450867207953,
2023-09-28,4.59,5.04,122.5342,7.3049,149.28,3.687206638119256,-45.70116213000355,5.33,-0.2672476942852109,-0.8221753189274015,
2023-09-29,4.59,5.03,122.3077,7.3015,149.24,3.687206638119256,-45.70116213000355,5.33,-0.2672476942852109,-0.6866733939715812,
2023-10-02,4.69,5.12,123.0545,7.3015,149.73,3.2512659098611785,-36.4129025637792,5.33,-0.7742988102069082,,
2023-10-03,4.81,5.15,123.7848,7.3015,149.98,3.2512659098611785,-36.4129025637792,5.33,-0.7742988102069082,-0.8549064996187422,
2023-10-04,4.73,5.05,123.5946,7.3015,149.07,3.2512659098611785,-36.4129025637792,5.33,-0.7742988102069082,-0.16542948402407398,
2023-10-05,4.72,5.03,123.8993,7.3015,148.88,3.2512659098611785,-36.4129025637792,5.33,-0.7742988102069082,-0.3984586666420068,
2023-10-06,4.78,5.08,123.3563,7.3049,149.08,3.2512659098611785,-36.4129025637792,5.33,-0.7742988102069082,-0.44882184786334534,
2023-10-09,,,,7.2912,149.14,3.2512659098611785,-36.4129025637792,5.33,-0.7742988102069082,,
2023-10-10,4.66,4.96,122.9282,7.299,149.04,3.2512659098611785,-36.4129025637792,5.33,-0.7742988102069082,0.09472253320753188,
2023-10-11,4.58,4.99,122.7697,7.3022,148.88,3.2512659098611785,-36.4129025637792,5.33,-0.7742988102069082,-0.14719073781576283,
2023-10-12,4.7,5.06,123.2101,7.2996,149.12,3.2512659098611785,-36.4129025637792,5.33,-0.7742988102069082,-0.29780650788520713,
2023-10-13,4.63,5.04,123.5954,7.3073,149.6,3.2512659098611785,-36.4129025637792,5.33,-0.7742988102069082,-0.1004280197708876,
2023-10-16,4.71,5.09,123.3185,7.3124,149.5,3.2512659098611785,-36.4129025637792,5.33,-0.7742988102069082,-0.20231295558570772,
2023-10-17,4.83,5.19,123.1202,7.3127,149.52,3.2512659098611785,-36.4129025637792,5.33,-0.7742988102069082,-0.5400675752505149,
2023-10-18,4.91,5.19,123.8148,7.3145,149.65,3.2512659098611785,-36.4129025637792,5.33,-0.7742988102069082,-0.33759562424271894,
2023-10-19,4.98,5.14,123.798,7.3151,149.85,3.2512659098611785,-36.4129025637792,5.33,-0.7742988102069082,-0.09490519669722823,
2023-10-20,4.93,5.07,123.612,7.3165,149.94,3.2512659098611785,-36.4129025637792,5.33,-0.7742988102069082,0.14302961470510706,
2023-10-23,4.86,5.05,123.2846,7.3161,149.96,3.2512659098611785,-36.4129025637792,5.33,-0.7742988102069082,0.19190772814874782,
2023-10-24,4.83,5.02,123.6416,7.31,149.79,3.2512659098611785,-36.4129025637792,5.33,-0.7742988102069082,0.09627075795830692,
2023-10-25,4.95,5.08,123.7871,7.3167,149.91,3.2512659098611785,-36.4129025637792,5.33,-0.7742988102069082,0.09667815848160512,
2023-10-26,4.86,5.02,124.0064,7.319,150.36,3.2512659098611785,-36.4129025637792,5.33,-0.7742988102069082,0.09736433912289603,
2023-10-27,4.84,4.99,123.62,7.3184,149.97,3.2512659098611785,-36.4129025637792,5.33,-0.7742988102069082,0.20294207097671338,
2023-10-30,4.88,5.03,123.4076,7.3168,149.74,3.2512659098611785,-36.4129025637792,5.33,-0.7742988102069082,0.4826696875168829,
2023-10-31,4.88,5.07,123.8364,7.3158,150.96,3.2512659098611785,-36.4129025637792,5.33,-0.7742988102069082,0.46184110160882585,
2023-11-01,4.77,4.95,123.7922,7.319,151.21,3.1333462745911866,-46.99657662906146,5.33,-0.09043615385835313,0.6106790684676733,156.69613647460938
2023-11-02,4.67,4.98,122.8818,7.3172,149.98,3.1333462745911866,-46.99657662906146,5.33,-0.09043615385835313,0.3211722022988496,
2023-11-03,4.57,4.83,121.7564,7.3064,149.38,3.1333462745911866,-46.99657662906146,5.33,-0.09043615385835313,1.0,
2023-11-06,4.67,4.93,121.6484,7.2706,149.77,3.1333462745911866,-46.99657662906146,5.33,-0.09043615385835313,,
2023-11-07,4.58,4.91,122.0777,7.2842,150.45,3.1333462745911866,-46.99657662906146,5.33,-0.09043615385835313,0.31019800743193493,
2023-11-08,4.49,4.93,122.0926,7.2813,150.85,3.1333462745911866,-46.99657662906146,5.33,-0.09043615385835313,0.3696847158761117,
2023-11-09,4.62,5.03,122.1281,7.2852,151.13,3.1333462745911866,-46.99657662906146,5.33,-0.09043615385835313,0.18616692680476024,
2023-11-10,4.61,5.04,,7.2895,151.43,3.1333462745911866,-46.99657662906146,5.33,-0.09043615385835313,-0.0,
2023-11-13,4.63,5.02,122.4264,7.2909,151.79,3.1333462745911866,-46.99657662906146,5.33,-0.09043615385835313,0.4410030189997382,
2023-11-14,4.44,4.8,121.35,7.2894,151.69,3.1333462745911866,-46.99657662906146,5.33,-0.09043615385835313,1.0,
2023-11-15,4.53,4.9,121.0749,7.2416,150.34,3.1333462745911866,-46.99657662906146,5.33,-0.09043615385835313,1.0,
2023-11-16,4.45,4.83,121.1754,7.25,151.21,3.1333462745911866,-46.99657662906146,5.33,-0.09043615385835313,1.0,
2023-11-17,4.44,4.88,120.8477,7.2125,149.27,3.1333462745911866,-46.99657662906146,5.33,-0.09043615385835313,1.0,
2023-11-20,4.42,4.89,120.2533,7.1722,148.35,3.1333462745911866,-46.99657662906146,5.33,-0.09043615385835313,0.8750294667356652,
2023-11-21,4.41,4.86,120.2241,7.1363,147.52,3.1333462745911866,-46.99657662906146,5.33,-0.09043615385835313,0.8724365569584684,
2023-11-22,4.42,4.89,120.6802,7.1501,148.7,3.1333462745911866,-46.99657662906146,5.33,-0.09043615385835313,1.0,
2023-11-23,,,,7.1424,149.52,3.1333462745911866,-46.99657662906146,5.33,-0.09043615385835313,,
2023-11-24,4.47,4.92,120.2105,7.1537,149.6,3.1333462745911866,-46.99657662906146,5.33,-0.09043615385835313,0.39258537485267725,
2023-11-27,4.39,4.84,120.173,7.1529,148.72,3.1333462745911866,-46.99657662906146,5.33,-0.09043615385835313,1.0,
2023-11-28,4.34,4.73,119.5904,7.1534,148.63,3.1333462745911866,-46.99657662906146,5.33,-0.09043615385835313,1.0,
2023-11-29,4.27,4.64,119.8159,7.1275,147.58,3.1333462745911866,-46.99657662906146,5.33,-0.09043615385835313,1.0,
2023-11-30,4.37,4.73,120.2434,7.1364,147.46,3.1333462745911866,-46.99657662906146,5.33,-0.09043615385835313,1.0,
2023-12-01,4.22,4.56,119.9424,7.1434,148.17,3.3159099427102934,-34.86656827545584,5.33,0.8386591076755323,1.0,142.2794647216797
2023-12-04,4.28,4.64,120.4727,7.1384,146.73,3.3159099427102934,-34.86656827545584,5.33,0.8386591076755323,1.0,
2023-12-05,4.18,4.57,120.7913,7.1433,147.11,3.3159099427102934,-34.86656827545584,5.33,0.8386591076755323,1.0,
2023-12-06,4.12,4.6,120.5334,7.1579,147.24,3.3159099427102934,-34.86656827545584,5.33,0.8386591076755323,1.0,
2023-12-07,4.14,4.58,120.6013,7.1542,145.0,3.3159099427102934,-34.86656827545584,5.33,0.8386591076755323,1.0,
2023-12-08,4.23,4.71,120.7607,7.1615,144.32,3.3159099427102934,-34.86656827545584,5.33,0.8386591076755323,1.0,
2023-12-11,4.23,4.71,120.9279,7.1773,146.45,3.3159099427102934,-34.86656827545584,5.33,0.8386591076755323,0.9251036956391457,
2023-12-12,4.2,4.73,120.6817,7.1684,145.17,3.3159099427102934,-34.86656827545584,5.33,0.8386591076755323,0.20704815363195828,
2023-12-13,4.04,4.46,121.1571,7.1777,145.67,3.3159099427102934,-34.86656827545584,5.33,0.8386591076755323,1.0,
2023-12-14,3.92,4.37,119.5683,7.1312,141.77,3.3159099427102934,-34.86656827545584,5.33,0.8386591076755323,1.0,
2023-12-15,3.91,4.44,119.7382,7.1087,141.74,3.3159099427102934,-34.86656827545584,5.33,0.8386591076755323,1.0,
2023-12-18,3.95,4.43,119.9102,7.1344,142.84,3.3159099427102934,-34.86656827545584,5.33,0.8386591076755323,1.0,
2023-12-19,3.93,4.41,119.4632,7.1366,144.32,3.3159099427102934,-34.86656827545584,5.33,0.8386591076755323,1.0,
2023-12-20,3.86,4.34,119.5435,7.1382,143.57,3.3159099427102934,-34.86656827545584,5.33,0.8386591076755323,1.0,
2023-12-21,3.89,4.33,119.3168,7.1407,142.76,3.3159099427102934,-34.86656827545584,5.33,0.8386591076755323,,
2023-12-22,3.9,4.31,119.0625,7.1342,142.12,3.3159099427102934,-34.86656827545584,5.33,0.8386591076755323,1.0,
2023-12-25,,,,,,3.3159099427102934,-34.86656827545584,5.33,0.8386591076755323,,
2023-12-26,3.89,4.26,118.8875,,,3.3159099427102934,-34.86656827545584,5.33,0.8386591076755323,0.9276217679494864,
2023-12-27,3.79,4.2,118.4729,7.1474,142.62,3.3159099427102934,-34.86656827545584,5.33,0.8386591076755323,0.8310462748539409,
2023-12-28,3.84,4.26,118.4104,7.1028,140.88,3.3159099427102934,-34.86656827545584,5.33,0.8386591076755323,0.8610602894608583,
2023-12-29,3.88,4.23,118.4208,7.1049,141.48,3.3159099427102934,-34.86656827545584,5.33,0.8386591076755323,0.5884888339153895,
2024-01-02,3.95,4.33,119.2686,7.1435,142.1,3.0883429864855705,-12.077297794148876,5.33,-1.2762549126908995,0.4200722521925451,
2024-01-03,3.91,4.33,119.6958,7.1487,143.02,3.0883429864855705,-12.077297794148876,5.33,-1.2762549126908995,0.4654650534156074,
2024-01-04,3.99,4.38,119.6208,7.1515,144.17,3.0883429864855705,-12.077297794148876,5.33,-1.2762549126908995,0.3430643179269964,
2024-01-05,4.05,4.4,119.388,7.1541,145.2,3.0883429864855705,-12.077297794148876,5.33,-1.2762549126908995,0.5300886210125854,
2024-01-08,4.01,4.36,119.2506,7.1622,144.52,3.0883429864855705,-12.077297794148876,5.33,-1.2762549126908995,0.5979116808380761,
2024-01-09,4.02,4.36,119.6666,7.1646,144.09,3.0883429864855705,-12.077297794148876,5.33,-1.2762549126908995,0.6384468573949581,
2024-01-10,4.04,4.37,119.7614,7.1694,145.29,3.0883429864855705,-12.077297794148876,5.33,-1.2762549126908995,0.15742179184374613,
2024-01-11,3.98,4.26,119.8916,7.1584,145.36,3.0883429864855705,-12.077297794148876,5.33,-1.2762549126908995,0.19284081745763298,
2024-01-12,3.96,4.14,119.534,7.1697,145.47,3.0883429864855705,-12.077297794148876,5.33,-1.2762549126908995,0.5188418470916991,
2024-01-15,,,,7.1749,145.88,3.0883429864855705,-12.077297794148876,5.33,-1.2762549126908995,,
2024-01-16,4.07,4.22,120.5759,7.1896,146.7,3.0883429864855705,-12.077297794148876,5.33,-1.2762549126908995,0.32930344933209954,
2024-01-17,4.1,4.34,121.0402,7.1952,147.7,3.0883429864855705,-12.077297794148876,5.33,-1.2762549126908995,-0.0,
2024-01-18,4.14,4.34,120.8895,7.1937,147.94,3.0883429864855705,-12.077297794148876,5.33,-1.2762549126908995,-0.017693765683044965,
2024-01-19,4.15,4.39,120.6442,7.1912,148.04,3.0883429864855705,-12.077297794148876,5.33,-1.2762549126908995,-0.14307657250854602,
2024-01-22,4.11,4.37,120.6178,7.1946,147.8,3.0883429864855705,-12.077297794148876,5.33,-1.2762549126908995,,
2024-01-23,4.14,4.31,121.1001,7.1701,147.98,3.0883429864855705,-12.077297794148876,5.33,-1.2762549126908995,-0.09254349654617998,
2024-01-24,4.18,4.34,120.4916,7.1523,147.14,3.0883429864855705,-12.077297794148876,5.33,-1.2762549126908995,-0.261876024516891,
2024-01-25,4.14,4.28,120.8311,7.1691,147.63,3.0883429864855705,-12.077297794148876,5.33,-1.2762549126908995,-0.03785538323223683,
2024-01-26,4.15,4.34,120.6173,7.1745,147.75,3.0883429864855705,-12.077297794148876,5.33,-1.2762549126908995,-0.20903788123217137,
2024-01-29,4.08,4.29,120.8538,7.1793,147.95,3.0883429864855705,-12.077297794148876,5.33,-1.2762549126908995,,
2024-01-30,4.06,4.36,120.6025,7.1792,147.49,3.0883429864855705,-12.077297794148876,5.33,-1.2762549126908995,-0.05854389674236061,
2024-01-31,3.99,4.27,120.4331,7.1781,147.82,3.0883429864855705,-12.077297794148876,5.33,-1.2762549126908995,0.11878661357080371,
2024-02-01,3.87,4.2,120.3335,7.1822,146.99,3.157074141648697,26.51123269845973,5.33,-0.3543266402759926,0.3656463423204567,146.59817504882812
2024-02-02,4.03,4.36,120.902,7.1773,146.63,3.157074141648697,26.51123269845973,5.33,-0.3543266402759926,0.08487325467563729,
2024-02-05,4.17,4.46,121.349,7.198,148.63,3.157074141648697,26.51123269845973,5.33,-0.3543266402759926,-0.22288323985949804,
2024-02-06,4.09,4.39,120.9588,7.189,148.52,3.157074141648697,26.51123269845973,5.33,-0.3543266402759926,-0.06807777529692992,
2024-02-07,4.09,4.41,120.9049,7.1946,148.21,3.157074141648697,26.51123269845973,5.33,-0.3543266402759926,-0.09405968968882182,
2024-02-08,4.15,4.46,121.0798,7.1965,149.24,3.157074141648697,26.51123269845973,5.33,-0.3543266402759926,-0.48379782857254156,
2024-02-09,4.17,4.48,121.039,7.1936,149.46,3.157074141648697,26.51123269845973,5.33,-0.3543266402759926,-0.8561725153854108,
2024-02-12,4.17,4.46,120.9378,7.1936,148.99,3.157074141648697,26.51123269845973,5.33,-0.3543266402759926,,
2024-02-13,4.31,4.64,121.5202,7.1936,149.33,3.157074141648697,26.51123269845973,5.33,-0.3543266402759926,-1.0,
2024-02-14,4.27,4.56,121.4002,7.1936,150.55,3.157074141648697,26.51123269845973,5.33,-0.3543266402759926,-0.6363316331061266,
2024-02-15,4.24,4.56,121.2121,7.1943,150.11,3.157074141648697,26.51123269845973,5.33,-0.3543266402759926,-0.6389759708130259,
2024-02-16,4.3,4.64,121.1505,7.1936,150.33,3.157074141648697,26.51123269845973,5.33,-0.3543266402759926,-0.7729155176053772,
2024-02-19,,,,7.1984,149.95,3.157074141648697,26.51123269845973,5.33,-0.3543266402759926,,
2024-02-20,4.27,4.59,121.0199,7.1948,150.14,3.157074141648697,26.51123269845973,5.33,-0.3543266402759926,-0.9376267508941029,
2024-02-21,4.32,4.64,121.0379,7.1912,149.99,3.157074141648697,26.51123269845973,5.33,-0.3543266402759926,-1.0,
2024-02-22,4.33,4.69,121.102,7.1918,150.42,3.157074141648697,26.51123269845973,5.33,-0.3543266402759926,-1.0,
2024-02-23,4.26,4.67,121.0369,7.197,150.37,3.157074141648697,26.51123269845973,5.33,-0.3543266402759926,-1.0,
2024-02-26,4.28,4.69,121.0592,7.1968,150.55,3.157074141648697,26.51123269845973,5.33,-0.3543266402759926,-1.0,
2024-02-27,4.31,4.7,120.9647,7.1979,150.18,3.157074141648697,26.51123269845973,5.33,-0.3543266402759926,-1.0,
2024-02-28,4.27,4.64,121.128,7.199,150.69,3.157074141648697,26.51123269845973,5.33,-0.3543266402759926,-1.0,
2024-02-29,4.25,4.64,121.1824,7.1945,150.13,3.157074141648697,26.51123269845973,5.33,-0.3543266402759926,-1.0,
2024-03-01,4.19,4.54,121.0111,7.1985,150.58,3.4868349120836584,44.643382329305076,5.33,-0.557312624665296,-0.5865412386419349,133.21316528320312
2024-03-04,4.22,4.61,120.872,7.1993,150.49,3.4868349120836584,44.643382329305076,5.33,-0.557312624665296,-0.4980247537648427,
2024-03-05,4.13,4.54,120.8846,7.1992,150.25,3.4868349120836584,44.643382329305076,5.33,-0.557312624665296,-0.5152350912802088,
2024-03-06,4.11,4.55,120.4649,7.1989,149.6,3.4868349120836584,44.643382329305076,5.33,-0.557312624665296,-0.4777048926737117,
2024-03-07,4.09,4.5,120.1909,7.1971,147.86,3.4868349120836584,44.643382329305076,5.33,-0.557312624665296,-0.13626897833394036,
2024-03-08,4.09,4.48,119.975,7.1894,147.26,3.4868349120836584,44.643382329305076,5.33,-0.557312624665296,-0.0,
2024-03-11,4.1,4.51,120.0394,7.182,146.83,3.4868349120836584,44.643382329305076,5.33,-0.557312624665296,-0.1695823396897072,
2024-03-12,4.16,4.58,120.1668,7.1775,147.85,3.4868349120836584,44.643382329305076,5.33,-0.557312624665296,0.2015101514858571,
2024-03-13,4.19,4.61,119.9642,7.1924,147.94,3.4868349120836584,44.643382329305076,5.33,-0.557312624665296,-0.16624702075727485,
2024-03-14,4.29,4.68,120.241,7.1912,148.01,3.4868349120836584,44.643382329305076,5.33,-0.557312624665296,-0.3913298077167058,
2024-03-15,4.31,4.72,120.4003,7.1961,148.76,3.4868349120836584,44.643382329305076,5.33,-0.557312624665296,-0.25501200630013726,
2024-03-18,4.34,4.73,120.5752,7.1981,149.2,3.4868349120836584,44.643382329305076,5.33,-0.557312624665296,,
2024-03-19,4.3,4.68,120.9332,7.1992,150.52,3.4868349120836584,44.643382329305076,5.33,-0.557312624665296,-0.2799973316387282,
2024-03-20,4.27,4.59,120.9289,7.1983,151.73,3.4868349120836584,44.643382329305076,5.33,-0.557312624665296,0.15839678856695089,
2024-03-21,4.27,4.62,120.8086,7.199,151.24,3.4868349120836584,44.643382329305076,5.33,-0.557312624665296,0.22334876654671568,
2024-03-22,4.22,4.59,121.1842,7.2295,151.29,3.4868349120836584,44.643382329305076,5.33,-0.557312624665296,0.2596330558487098,
2024-03-25,4.25,4.54,121.0295,7.2113,151.16,3.4868349120836584,44.643382329305076,5.33,-0.557312624665296,0.4904206303838234,
2024-03-26,4.24,4.56,121.0742,7.2186,151.45,3.4868349120836584,44.643382329305076,5.33,-0.557312624665296,0.4605221677106389,
2024-03-27,4.2,4.54,121.0089,7.2284,151.18,3.4868349120836584,44.643382329305076,5.33,-0.557312624665296,0.33153865151421263,
2024-03-28,4.2,4.59,121.0635,7.2282,151.19,3.4868349120836584,44.643382329305076,5.33,-0.557312624665296,0.16583649660798988,
2024-03-29,,,121.0191,,,3.4868349120836584,44.643382329305076,5.33,-0.557312624665296,,
2024-04-01,4.33,4.72,121.5151,,,3.3607951262196734,-123.4410835546047,5.33,-0.9971062585799939,-0.3581888179972519,163.9473419189453
2024-04-02,4.36,4.7,121.3035,7.2359,151.65,3.3607951262196734,-123.4410835546047,5.33,-0.9971062585799939,-0.5170461134338363,
2024-04-03,4.36,4.68,121.0198,7.2357,151.78,3.3607951262196734,-123.4410835546047,5.33,-0.9971062585799939,-0.41825457967360447,
2024-04-04,4.31,4.65,120.7613,7.2338,151.76,3.3607951262196734,-123.4410835546047,5.33,-0.9971062585799939,-0.4907373065050514,
2024-04-05,4.39,4.73,120.9646,7.2337,151.37,3.3607951262196734,-123.4410835546047,5.33,-0.9971062585799939,-0.8514365418211282,
2024-04-08,4.42,4.78,120.7359,7.2329,151.93,3.3607951262196734,-123.4410835546047,5.33,-0.9971062585799939,-0.9042409197137031,
2024-04-09,4.36,4.74,120.7048,7.2332,151.81,3.3607951262196734,-123.4410835546047,5.33,-0.9971062585799939,-0.5482510230832298,
2024-04-10,4.55,4.97,121.5727,7.2328,151.83,3.3607951262196734,-123.4410835546047,5.33,-0.9971062585799939,-1.0,
2024-04-11,4.56,4.93,121.6081,7.237,153.02,3.3607951262196734,-123.4410835546047,5.33,-0.9971062585799939,-0.7845098987952759,
2024-04-12,4.5,4.88,122.2885,7.2375,153.17,3.3607951262196734,-123.4410835546047,5.33,-0.9971062585799939,-0.490496969892787,
2024-04-15,4.63,4.93,122.425,7.2386,153.95,3.3607951262196734,-123.4410835546047,5.33,-0.9971062585799939,-0.5964889912115785,
2024-04-16,4.67,4.97,123.1234,7.2384,154.69,3.3607951262196734,-123.4410835546047,5.33,-0.9971062585799939,-0.8456084545200575,
2024-04-17,4.59,4.93,123.0207,7.2388,154.67,3.3607951262196734,-123.4410835546047,5.33,-0.9971062585799939,-0.9776444126416945,
2024-04-18,4.64,4.98,123.0017,7.2379,154.34,3.3607951262196734,-123.4410835546047,5.33,-0.9971062585799939,-1.0,
2024-04-19,4.62,4.97,123.1075,7.2411,154.59,3.3607951262196734,-123.4410835546047,5.33,-0.9971062585799939,-1.0,
2024-04-22,4.62,4.97,123.0609,7.2434,154.73,3.3607951262196734,-123.4410835546047,5.33,-0.9971062585799939,-1.0,
2024-04-23,4.61,4.86,122.7227,7.2469,154.8,3.3607951262196734,-123.4410835546047,5.33,-0.9971062585799939,-0.8493411811472901,
2024-04-24,4.65,4.89,122.89,7.246,154.94,3.3607951262196734,-123.4410835546047,5.33,-0.9971062585799939,-1.0,
2024-04-25,4.7,4.96,122.8384,7.2465,155.56,3.3607951262196734,-123.4410835546047,5.33,-0.9971062585799939,-1.0,
2024-04-26,4.67,4.96,122.9471,7.2464,156.83,3.3607951262196734,-123.4410835546047,5.33,-0.9971062585799939,,
2024-04-29,4.63,4.97,122.5449,7.2413,156.28,3.3607951262196734,-123.4410835546047,5.33,-0.9971062585799939,-0.7483347368960449,
2024-04-30,4.69,5.04,122.9853,7.241,157.0,3.3607951262196734,-123.4410835546047,5.33,-0.9971062585799939,-1.0,
2024-05-01,4.63,4.96,123.0168,,,3.244278584003113,-94.94199840382524,5.33,-0.06499644303002983,-0.8350715563188326,130.52186584472656
2024-05-02,4.58,4.87,122.4384,7.2411,154.82,3.244278584003113,-94.94199840382524,5.33,-0.06499644303002983,-0.6638618726310911,
2024-05-03,4.5,4.81,122.1375,7.2411,153.22,3.244278584003113,-94.94199840382524,5.33,-0.06499644303002983,-0.24513576125799733,
2024-05-06,4.49,4.82,121.8913,7.2069,153.77,3.244278584003113,-94.94199840382524,5.33,-0.06499644303002983,-0.12504189271856483,
2024-05-07,4.47,4.82,122.093,7.2178,154.61,3.244278584003113,-94.94199840382524,5.33,-0.06499644303002983,-0.24999867075126656,
2024-05-08,4.48,4.84,122.1926,7.2281,155.59,3.244278584003113,-94.94199840382524,5.33,-0.06499644303002983,0.40870256422977946,
2024-05-09,4.45,4.8,122.1634,7.2264,155.91,3.244278584003113,-94.94199840382524,5.33,-0.06499644303002983,0.41254491805228055,
2024-05-10,4.5,4.87,122.014,7.2249,155.74,3.244278584003113,-94.94199840382524,5.33,-0.06499644303002983,0.03165580933269365,
2024-05-13,4.48,4.85,122.0261,7.2344,155.86,3.244278584003113,-94.94199840382524,5.33,-0.06499644303002983,0.25442933362498316,
2024-05-14,4.45,4.81,121.9256,7.2344,156.44,3.244278584003113,-94.94199840382524,5.33,-0.06499644303002983,0.5124434221643759,
2024-05-15,4.36,4.73,121.3543,7.2205,155.49,3.244278584003113,-94.94199840382524,5.33,-0.06499644303002983,0.6431412873742538,
2024-05-16,4.38,4.78,121.2236,7.2179,154.91,3.244278584003113,-94.94199840382524,5.33,-0.06499644303002983,0.6437438332475812,
2024-05-17,4.42,4.83,121.2354,7.227,155.81,3.244278584003113,-94.94199840382524,5.33,-0.06499644303002983,0.4507080213268965,
2024-05-20,4.44,4.82,121.2289,7.2332,155.83,3.244278584003113,-94.94199840382524,5.33,-0.06499644303002983,0.482863429412509,
2024-05-21,4.41,4.82,121.3793,7.2358,156.35,3.244278584003113,-94.94199840382524,5.33,-0.06499644303002983,0.12872242501975878,
2024-05-22,4.43,4.86,121.5462,7.2404,156.55,3.244278584003113,-94.94199840382524,5.33,-0.06499644303002983,0.09668095441207428,
2024-05-23,4.47,4.91,121.7477,7.2395,156.53,3.244278584003113,-94.94199840382524,5.33,-0.06499644303002983,0.160771719238154,
2024-05-24,4.46,4.93,121.6172,7.2437,157.08,3.244278584003113,-94.94199840382524,5.33,-0.06499644303002983,0.09738541046723471,
2024-05-27,,,,7.2438,156.85,3.244278584003113,-94.94199840382524,5.33,-0.06499644303002983,,
2024-05-28,4.54,4.94,121.43,7.2452,156.72,3.244278584003113,-94.94199840382524,5.33,-0.06499644303002983,0.32875228862937433,
2024-05-29,4.61,4.96,122.1641,7.2493,157.26,3.244278584003113,-94.94199840382524,5.33,-0.06499644303002983,-0.0,
2024-05-30,4.55,4.92,121.9601,7.2363,156.73,3.244278584003113,-94.94199840382524,5.33,-0.06499644303002983,-0.17059149119627,
2024-05-31,4.51,4.89,122.098,7.2408,157.13,3.244278584003113,-94.94199840382524,5.33,-0.06499644303002983,-0.28408171983476577,
2024-06-03,4.41,4.82,122.3509,7.2461,156.88,2.9702579486470926,-71.66394307701046,5.33,0.7734749239909133,-0.0,
2024-06-04,4.33,4.77,122.7256,7.237,154.89,2.9702579486470926,-71.66394307701046,5.33,0.7734749239909133,0.1895731261291559,
2024-06-05,4.29,4.72,122.5339,7.2475,156.11,2.9702579486470926,-71.66394307701046,5.33,0.7734749239909133,0.46262859748548485,
2024-06-06,4.28,4.72,122.3713,7.2448,156.23,2.9702579486470926,-71.66394307701046,5.33,0.7734749239909133,0.3098982908892022,
2024-06-07,4.43,4.87,123.549,7.2413,155.55,2.9702579486470926,-71.66394307701046,5.33,0.7734749239909133,-0.0,
2024-06-10,4.47,4.87,123.9125,7.2478,156.88,2.9702579486470926,-71.66394307701046,5.33,0.7734749239909133,-0.07794175146538024,
2024-06-11,4.39,4.81,124.0349,7.2543,157.0,2.9702579486470926,-71.66394307701046,5.33,0.7734749239909133,-0.0,
2024-06-12,4.31,4.75,123.8295,7.2537,157.32,2.9702579486470926,-71.66394307701046,5.33,0.7734749239909133,-0.08095973012509947,
2024-06-13,4.24,4.68,124.0235,7.2525,157.25,2.9702579486470926,-71.66394307701046,5.33,0.7734749239909133,0.4097765435637843,
2024-06-14,4.2,4.67,124.1694,7.2552,157.03,2.9702579486470926,-71.66394307701046,5.33,0.7734749239909133,0.6681165668019278,
2024-06-17,4.28,4.75,124.239,7.2562,157.87,2.9702579486470926,-71.66394307701046,5.33,0.7734749239909133,0.30716011599875065,
2024-06-18,4.22,4.69,123.9776,7.256,158.11,2.9702579486470926,-71.66394307701046,5.33,0.7734749239909133,0.5923456971829265,
2024-06-19,,,,7.257,157.95,2.9702579486470926,-71.66394307701046,5.33,0.7734749239909133,,
2024-06-20,4.25,4.7,124.192,7.2605,158.43,2.9702579486470926,-71.66394307701046,5.33,0.7734749239909133,1.0,
2024-06-21,4.25,4.7,124.1086,7.2607,158.89,2.9702579486470926,-71.66394307701046,5.33,0.7734749239909133,1.0,
2024-06-24,4.25,4.71,123.7125,7.2592,159.52,2.9702579486470926,-71.66394307701046,5.33,0.7734749239909133,,
2024-06-25,4.23,4.65,123.9417,7.2626,159.45,2.9702579486470926,-71.66394307701046,5.33,0.7734749239909133,1.0,
2024-06-26,4.32,4.71,124.26,7.2666,160.37,2.9702579486470926,-71.66394307701046,5.33,0.7734749239909133,1.0,
2024-06-27,4.29,4.7,124.3379,7.2686,160.49,2.9702579486470926,-71.66394307701046,5.33,0.7734749239909133,1.0,
2024-06-28,4.36,4.71,124.2103,7.2628,160.62,2.9702579486470926,-71.66394307701046,5.33,0.7734749239909133,0.8966149290950428,
2024-07-01,4.48,4.77,124.4667,7.2682,161.14,2.9414757935583014,-88.2658490557421,5.33,-0.9226344732312097,0.24878984809685495,92.3948745727539
2024-07-02,4.43,4.74,124.2917,7.2713,161.53,2.9414757935583014,-88.2658490557421,5.33,-0.9226344732312097,0.14927390885810768,
2024-07-03,4.36,4.71,123.7768,7.2734,161.91,2.9414757935583014,-88.2658490557421,5.33,-0.9226344732312097,0.049870738920840735,
2024-07-04,,,,7.2699,160.96,2.9414757935583014,-88.2658490557421,5.33,-0.9226344732312097,,
2024-07-05,4.28,4.6,123.4762,7.2667,160.81,2.9414757935583014,-88.2658490557421,5.33,-0.9226344732312097,1.0,
2024-07-08,4.28,4.62,123.3576,7.2696,160.93,2.9414757935583014,-88.2658490557421,5.33,-0.9226344732312097,1.0,
2024-07-09,4.3,4.62,123.4071,7.272,161.09,2.9414757935583014,-88.2658490557421,5.33,-0.9226344732312097,0.8758630345084302,
2024-07-10,4.28,4.62,123.1895,7.276,161.47,2.9414757935583014,-88.2658490557421,5.33,-0.9226344732312097,0.5891483891269742,
2024-07-11,4.2,4.5,122.769,7.265,161.58,2.9414757935583014,-88.2658490557421,5.33,-0.9226344732312097,0.7808331592455361,
2024-07-12,4.18,4.45,122.4404,7.2529,158.74,2.9414757935583014,-88.2658490557421,5.33,-0.9226344732312097,0.9016101954764845,
2024-07-15,4.23,4.44,122.6347,7.2619,158.01,2.9414757935583014,-88.2658490557421,5.33,-0.9226344732312097,1.0,
2024-07-16,4.17,4.43,122.7264,7.2668,158.37,2.9414757935583014,-88.2658490557421,5.33,-0.9226344732312097,0.9561385268870898,
2024-07-17,4.16,4.42,122.518,7.2592,156.58,2.9414757935583014,-88.2658490557421,5.33,-0.9226344732312097,,
2024-07-18,4.2,4.46,122.7909,7.2577,156.47,2.9414757935583014,-88.2658490557421,5.33,-0.9226344732312097,0.8211245420561311,
2024-07-19,4.25,4.49,123.147,7.2695,157.58,2.9414757935583014,-88.2658490557421,5.33,-0.9226344732312097,0.710543455631782,
2024-07-22,4.26,4.5,123.2172,7.2732,156.87,2.9414757935583014,-88.2658490557421,5.33,-0.9226344732312097,0.7077335085602695,
2024-07-23,4.25,4.4,123.3843,7.2747,156.21,2.9414757935583014,-88.2658490557421,5.33,-0.9226344732312097,0.8357912551550347,
2024-07-24,4.28,4.37,123.5575,7.2764,154.16,2.9414757935583014,-88.2658490557421,5.33,-0.9226344732312097,1.0,
2024-07-25,4.27,4.41,123.5286,7.2188,152.63,2.9414757935583014,-88.2658490557421,5.33,-0.9226344732312097,0.9194417097462805,
2024-07-26,4.2,4.36,123.672,7.2514,154.55,2.9414757935583014,-88.2658490557421,5.33,-0.9226344732312097,1.0,
2024-07-29,4.17,4.36,124.1392,7.2588,153.87,2.9414757935583014,-88.2658490557421,5.33,-0.9226344732312097,1.0,
2024-07-30,4.15,4.35,124.2855,7.2514,154.85,2.9414757935583014,-88.2658490557421,5.33,-0.9226344732312097,1.0,
2024-07-31,4.09,4.29,123.6373,7.2215,150.31,2.9414757935583014,-88.2658490557421,5.33,-0.9226344732312097,1.0,
2024-08-01,3.99,4.16,123.8693,7.2484,150.76,2.607144490692037,-104.36099164607188,5.33,-0.4050008280501727,,140.97506713867188
2024-08-02,3.8,3.88,123.4681,7.2058,148.93,2.607144490692037,-104.36099164607188,5.33,-0.4050008280501727,1.0,
2024-08-05,3.78,3.89,123.5787,7.1171,142.24,2.607144490692037,-104.36099164607188,5.33,-0.4050008280501727,1.0,
2024-08-06,3.9,3.99,123.6532,7.1526,145.02,2.607144490692037,-104.36099164607188,5.33,-0.4050008280501727,1.0,
2024-08-07,3.96,4.0,123.5698,7.1805,147.06,2.607144490692037,-104.36099164607188,5.33,-0.4050008280501727,1.0,
2024-08-08,3.99,4.04,123.4466,7.1723,146.15,2.607144490692037,-104.36099164607188,5.33,-0.4050008280501727,0.8431452931039469,
2024-08-09,3.94,4.05,122.9276,7.1705,146.86,2.607144490692037,-104.36099164607188,5.33,-0.4050008280501727,0.7140127185117806,
2024-08-12,3.9,4.01,123.2204,7.1798,147.6,2.607144490692037,-104.36099164607188,5.33,-0.4050008280501727,0.7463570321118149,
2024-08-13,3.85,3.93,123.0146,7.1632,147.44,2.607144490692037,-104.36099164607188,5.33,-0.4050008280501727,0.8391908377200464,
2024-08-14,3.83,3.94,122.4297,7.1356,147.0,2.607144490692037,-104.36099164607188,5.33,-0.4050008280501727,0.7854499576163172,
2024-08-15,3.92,4.08,122.5844,7.1579,147.25,2.607144490692037,-104.36099164607188,5.33,-0.4050008280501727,0.6188571356401402,
2024-08-16,3.89,4.06,122.3972,7.1637,148.01,2.607144490692037,-104.36099164607188,5.33,-0.4050008280501727,0.6985306562567427,
2024-08-19,3.86,4.06,121.8788,7.1414,146.02,2.607144490692037,-104.36099164607188,5.33,-0.4050008280501727,0.7083886021190787,
2024-08-20,3.82,3.99,121.7728,7.1447,146.32,2.607144490692037,-104.36099164607188,5.33,-0.4050008280501727,0.6576155766049651,
2024-08-21,3.79,3.92,121.8535,7.1344,145.97,2.607144490692037,-104.36099164607188,5.33,-0.4050008280501727,0.7177876523499543,
2024-08-22,3.86,3.99,122.3626,7.1388,146.06,2.607144490692037,-104.36099164607188,5.33,-0.4050008280501727,0.6701942171439649,
2024-08-23,3.81,3.9,121.4597,7.1364,146.0,2.607144490692037,-104.36099164607188,5.33,-0.4050008280501727,0.728740396880797,
2024-08-26,3.82,3.91,121.6943,7.1228,144.17,2.607144490692037,-104.36099164607188,5.33,-0.4050008280501727,0.7067247369818862,
2024-08-27,3.83,3.83,121.8672,7.1266,144.45,2.607144490692037,-104.36099164607188,5.33,-0.4050008280501727,0.8032084078383697,
2024-08-28,3.84,3.83,121.8943,7.129,144.44,2.607144490692037,-104.36099164607188,5.33,-0.4050008280501727,0.698858462161007,
2024-08-29,3.87,3.87,122.2333,7.0935,144.62,2.607144490692037,-104.36099164607188,5.33,-0.4050008280501727,0.43592713328636884,
2024-08-30,3.91,3.91,122.3262,7.088,145.39,2.607144490692037,-104.36099164607188,5.33,-0.4050008280501727,-0.04532128515479582,
2024-09-02,,,,7.113,146.97,2.4264830315416708,27.461067733835677,5.13,-1.2004422838397089,,
2024-09-03,3.84,3.88,122.7811,7.1241,146.14,2.4264830315416708,27.461067733835677,5.13,-1.2004422838397089,0.16882700462426328,
2024-09-04,3.77,3.76,122.5144,7.1175,145.03,2.4264830315416708,27.461067733835677,5.13,-1.2004422838397089,0.36472267865168806,
2024-09-05,3.73,3.75,122.4533,7.0955,143.46,2.4264830315416708,27.461067733835677,5.13,-1.2004422838397089,0.4351896596794425,
2024-09-06,3.72,3.66,122.4991,7.0837,143.14,2.4264830315416708,27.461067733835677,5.13,-1.2004422838397089,0.5745151979921987,
2024-09-09,3.7,3.68,122.7156,7.1166,143.56,2.4264830315416708,27.461067733835677,5.13,-1.2004422838397089,0.4823120479489867,
2024-09-10,3.65,3.59,123.0071,7.119,143.06,2.4264830315416708,27.461067733835677,5.13,-1.2004422838397089,0.48848538240810685,
2024-09-11,3.65,3.62,122.7754,7.1117,141.81,2.4264830315416708,27.461067733835677,5.13,-1.2004422838397089,0.4516573254102321,
2024-09-12,3.68,3.64,122.4423,7.1206,142.54,2.4264830315416708,27.461067733835677,5.13,-1.2004422838397089,0.6169751913770153,
2024-09-13,3.66,3.57,121.6551,7.0963,140.93,2.4264830315416708,27.461067733835677,5.13,-1.2004422838397089,0.6806842512235074,
2024-09-16,3.63,3.56,121.4976,7.0963,139.91,2.4264830315416708,27.461067733835677,5.13,-1.2004422838397089,0.6901883658588815,
2024-09-17,3.65,3.59,121.6031,7.0963,140.69,2.4264830315416708,27.461067733835677,5.13,-1.2004422838397089,0.5492855973474671,
2024-09-18,3.7,3.61,121.5618,7.0835,141.98,2.4264830315416708,27.461067733835677,5.13,-1.2004422838397089,0.4270489172774705,
2024-09-19,3.73,3.59,121.3059,7.0659,143.0,2.4264830315416708,27.461067733835677,5.13,-1.2004422838397089,0.5531425014141104,
2024-09-20,3.73,3.55,121.4052,7.055,144.26,2.4264830315416708,27.461067733835677,5.13,-1.2004422838397089,0.4863022838304417,
2024-09-23,3.75,3.57,121.4303,7.0544,143.52,2.4264830315416708,27.461067733835677,5.13,-1.2004422838397089,0.4795307971481322,
2024-09-24,3.74,3.49,121.1291,7.0322,143.84,2.4264830315416708,27.461067733835677,5.13,-1.2004422838397089,0.4843561748769491,
2024-09-25,3.79,3.53,121.4447,7.0298,144.26,2.4264830315416708,27.461067733835677,5.13,-1.2004422838397089,0.4334437706289045,
2024-09-26,3.79,3.6,121.0785,7.0115,144.13,2.4264830315416708,27.461067733835677,5.13,-1.2004422838397089,0.3884383045574841,
2024-09-27,3.75,3.55,121.1111,7.0111,143.06,2.4264830315416708,27.461067733835677,5.13,-1.2004422838397089,0.52296376628646,
2024-09-30,3.81,3.66,121.2864,7.0124,142.75,2.4264830315416708,27.461067733835677,5.13,-1.2004422838397089,,
2024-10-01,3.74,3.61,121.6881,7.0185,143.76,2.578844053871343,-69.13989878363199,4.83,-0.9947356843759692,0.4092175409155808,130.689208984375
2024-10-02,3.79,3.63,121.5724,7.0185,144.76,2.578844053871343,-69.13989878363199,4.83,-0.9947356843759692,0.20232779757344888,
2024-10-03,3.85,3.7,122.1197,7.0185,146.73,2.578844053871343,-69.13989878363199,4.83,-0.9947356843759692,0.07948130888325478,
2024-10-04,3.98,3.93,122.2197,7.0185,146.6,2.578844053871343,-69.13989878363199,4.83,-0.9947356843759692,-0.43952066041762095,
2024-10-07,4.03,3.99,122.4241,7.0185,148.09,2.578844053871343,-69.13989878363199,4.83,-0.9947356843759692,-0.5170880910815859,
2024-10-08,4.04,3.98,122.6625,7.0524,147.96,2.578844053871343,-69.13989878363199,4.83,-0.9947356843759692,-0.6672735230849134,
2024-10-09,4.06,3.99,122.8821,7.0672,148.74,2.578844053871343,-69.13989878363199,4.83,-0.9947356843759692,-0.649881908217698,
2024-10-10,4.09,3.98,123.0951,7.0779,148.97,2.578844053871343,-69.13989878363199,4.83,-0.9947356843759692,-0.6175228019553863,
2024-10-11,4.08,3.95,122.9805,7.0655,148.97,2.578844053871343,-69.13989878363199,4.83,-0.9947356843759692,-0.7195701312191969,
2024-10-14,,,,7.0849,149.69,2.578844053871343,-69.13989878363199,4.83,-0.9947356843759692,,
2024-10-15,4.03,3.95,123.5124,7.1149,149.36,2.578844053871343,-69.13989878363199,4.83,-0.9947356843759692,-0.737537843763254,
2024-10-16,4.02,3.93,123.9235,7.1131,149.19,2.578844053871343,-69.13989878363199,4.83,-0.9947356843759692,-0.6809873130797482,
2024-10-17,4.09,3.96,124.1122,7.1218,149.55,2.578844053871343,-69.13989878363199,4.83,-0.9947356843759692,-0.8267669171363494,
2024-10-18,4.08,3.95,123.9185,7.1047,150.04,2.578844053871343,-69.13989878363199,4.83,-0.9947356843759692,-0.9353742065338542,
2024-10-21,4.19,4.02,124.4757,7.1131,150.0,2.578844053871343,-69.13989878363199,4.83,-0.9947356843759692,-1.0,
2024-10-22,4.2,4.03,124.4107,7.1206,150.84,2.578844053871343,-69.13989878363199,4.83,-0.9947356843759692,-1.0,
2024-10-23,4.24,4.07,124.6931,7.1291,152.93,2.578844053871343,-69.13989878363199,4.83,-0.9947356843759692,-1.0,
2024-10-24,4.21,4.07,124.5127,7.1149,151.95,2.578844053871343,-69.13989878363199,4.83,-0.9947356843759692,-1.0,
2024-10-25,4.25,4.11,124.6105,7.1245,151.92,2.578844053871343,-69.13989878363199,4.83,-0.9947356843759692,-1.0,
2024-10-28,4.28,4.12,124.8076,7.1269,152.69,2.578844053871343,-69.13989878363199,4.83,-0.9947356843759692,-1.0,
2024-10-29,4.28,4.11,124.8612,7.1371,153.76,2.578844053871343,-69.13989878363199,4.83,-0.9947356843759692,-1.0,
2024-10-30,4.29,4.15,124.8153,7.1247,153.41,2.578844053871343,-69.13989878363199,4.83,-0.9947356843759692,-1.0,
2024-10-31,4.28,4.16,124.7988,7.116,152.82,2.578844053871343,-69.13989878363199,4.83,-0.9947356843759692,-1.0,
2024-11-01,4.37,4.21,124.8076,7.111,152.08,2.719472461284833,16.451506151742148,4.64,-1.5579409481489392,-0.6869581407194697,128.90164184570312
2024-11-04,4.31,4.17,124.5903,7.0949,151.75,2.719472461284833,16.451506151742148,4.64,-1.5579409481489392,-0.4346519094916155,
2024-11-05,4.26,4.19,124.5532,7.1033,152.27,2.719472461284833,16.451506151742148,4.64,-1.5579409481489392,-0.4963660009032717,
2024-11-06,4.42,4.27,125.7035,7.179,154.32,2.719472461284833,16.451506151742148,4.64,-1.5579409481489392,-0.6417703134115554,
2024-11-07,4.31,4.21,124.775,7.1543,153.65,2.719472461284833,16.451506151742148,4.64,-1.5579409481489392,-0.5202021323413507,
2024-11-08,4.3,4.26,125.5811,7.1698,152.41,2.719472461284833,16.451506151742148,4.64,-1.5579409481489392,-0.6868209669416778,
2024-11-11,,,,7.203,153.81,2.719472461284833,16.451506151742148,4.64,-1.5579409481489392,,
2024-11-12,4.43,4.34,126.7762,7.2319,154.2,2.719472461284833,16.451506151742148,4.64,-1.5579409481489392,-0.832356572540375,
2024-11-13,4.44,4.27,126.9572,7.2091,154.96,2.719472461284833,16.451506151742148,4.64,-1.5579409481489392,-0.7080534163621675,
2024-11-14,4.43,4.34,127.0015,7.2408,155.93,2.719472461284833,16.451506151742148,4.64,-1.5579409481489392,-0.7679996012603777,
2024-11-15,4.43,4.31,126.8848,7.2278,155.31,2.719472461284833,16.451506151742148,4.64,-1.5579409481489392,-0.7093107525077177,
2024-11-18,4.42,4.29,126.6045,7.2443,155.17,2.719472461284833,16.451506151742148,4.64,-1.5579409481489392,-0.5207910445195014,
2024-11-19,4.39,4.27,126.3994,7.2394,153.82,2.719472461284833,16.451506151742148,4.64,-1.5579409481489392,-0.4550676007239915,
2024-11-20,4.41,4.31,126.88,7.2456,155.67,2.719472461284833,16.451506151742148,4.64,-1.5579409481489392,-0.44630317419081755,
2024-11-21,4.43,4.34,127.1047,7.2396,154.41,2.719472461284833,16.451506151742148,4.64,-1.5579409481489392,-0.4915037875851855,
2024-11-22,4.41,4.37,127.4712,7.2472,154.48,2.719472461284833,16.451506151742148,4.64,-1.5579409481489392,-0.46262419382143466,
2024-11-25,4.27,4.21,126.9948,7.2433,154.02,2.719472461284833,16.451506151742148,4.64,-1.5579409481489392,-0.16016979799791617,
2024-11-26,4.3,4.21,127.4301,7.2481,153.14,2.719472461284833,16.451506151742148,4.64,-1.5579409481489392,-0.1765774170708119,
2024-11-27,4.25,4.19,126.8205,7.2497,151.6,2.719472461284833,16.451506151742148,4.64,-1.5579409481489392,-0.070425062277763,
2024-11-28,,,,7.2475,151.67,2.719472461284833,16.451506151742148,4.64,-1.5579409481489392,,
2024-11-29,4.18,4.13,126.5798,7.2414,150.2,2.719472461284833,16.451506151742148,4.64,-1.5579409481489392,0.1410946354249266,
2024-12-02,4.19,4.17,127.1272,7.2733,150.13,2.870690967509981,88.38088924810813,4.48,-0.2741466217243804,-0.0,
2024-12-03,4.23,4.17,126.9565,7.2859,149.64,2.870690967509981,88.38088924810813,4.48,-0.2741466217243804,0.03585878415259741,
2024-12-04,4.19,4.13,126.7574,7.2708,151.15,2.870690967509981,88.38088924810813,4.48,-0.2741466217243804,0.25423369218125114,
2024-12-05,4.17,4.15,126.4286,7.2654,150.4,2.870690967509981,88.38088924810813,4.48,-0.2741466217243804,0.11024266933287478,
2024-12-06,4.15,4.1,126.688,7.2632,150.51,2.870690967509981,88.38088924810813,4.48,-0.2741466217243804,0.3004076816094688,
2024-12-09,4.2,4.13,126.5981,7.2644,150.83,2.870690967509981,88.38088924810813,4.48,-0.2741466217243804,,
2024-12-10,4.22,4.15,126.957,7.2532,151.74,2.870690967509981,88.38088924810813,4.48,-0.2741466217243804,0.3739159633037925,
2024-12-11,4.26,4.15,126.8483,7.2635,152.61,2.870690967509981,88.38088924810813,4.48,-0.2741466217243804,0.24162735067425617,
2024-12-12,4.32,4.18,126.9556,7.2702,152.13,2.870690967509981,88.38088924810813,4.48,-0.2741466217243804,0.33104111234852396,
2024-12-13,4.4,4.25,127.3096,7.2742,153.5,2.870690967509981,88.38088924810813,4.48,-0.2741466217243804,0.12835979558617067,
2024-12-16,4.39,4.25,127.2687,7.2836,154.06,2.870690967509981,88.38088924810813,4.48,-0.2741466217243804,0.08864445867656219,
2024-12-17,4.4,4.25,127.5043,7.2844,153.98,2.870690967509981,88.38088924810813,4.48,-0.2741466217243804,0.046974321233240225,
2024-12-18,4.5,4.35,127.6418,7.285,153.89,2.870690967509981,88.38088924810813,4.48,-0.2741466217243804,-0.09884980524163844,
2024-12-19,4.57,4.32,128.6366,7.2975,156.87,2.870690967509981,88.38088924810813,4.48,-0.2741466217243804,0.051809246716965913,
2024-12-20,4.52,4.3,127.893,7.2985,156.78,2.870690967509981,88.38088924810813,4.48,-0.2741466217243804,0.19523665780012464,
2024-12-23,4.59,4.3,128.3021,7.2992,157.18,2.870690967509981,88.38088924810813,4.48,-0.2741466217243804,-0.2653995699208606,
2024-12-24,4.59,4.29,128.3377,7.2961,157.05,2.870690967509981,88.38088924810813,4.48,-0.2741466217243804,-0.25745389978090566,
2024-12-25,,,,,,2.870690967509981,88.38088924810813,4.48,-0.2741466217243804,,
2024-12-26,4.58,4.3,128.3329,,,2.870690967509981,88.38088924810813,4.48,-0.2741466217243804,,
2024-12-27,4.62,4.31,128.45,7.2994,157.79,2.870690967509981,88.38088924810813,4.48,-0.2741466217243804,-0.7234279629799452,
2024-12-30,4.55,4.24,128.8205,7.2993,157.57,2.870690967509981,88.38088924810813,4.48,-0.2741466217243804,-0.28640215969150024,
2024-12-31,4.58,4.25,129.2775,7.2994,156.95,2.870690967509981,88.38088924810813,4.48,-0.2741466217243804,-0.3344709853338324,
2025-01-02,4.57,4.25,129.4598,7.2995,157.0,2.9909783078999608,-100.55725308779418,4.33,0.849002693950851,-0.43608269433495583,
2025-01-03,4.6,4.28,129.4535,7.3183,157.07,2.9909783078999608,-100.55725308779418,4.33,0.849002693950851,-0.8151322229547177,
2025-01-06,4.62,4.28,128.538,7.3167,156.58,2.9909783078999608,-100.55725308779418,4.33,0.849002693950851,-0.6819728271934451,
2025-01-07,4.67,4.3,128.613,7.3263,157.66,2.9909783078999608,-100.55725308779418,4.33,0.849002693950851,-0.7109167533093449,
2025-01-08,4.67,4.28,129.0785,7.3316,158.41,2.9909783078999608,-100.55725308779418,4.33,0.849002693950851,-0.6555672262218896,
2025-01-09,4.68,4.27,129.2827,7.3322,157.75,2.9909783078999608,-100.55725308779418,4.33,0.849002693950851,-0.4817105585371695,
2025-01-10,4.77,4.4,129.8664,7.3313,158.06,2.9909783078999608,-100.55725308779418,4.33,0.849002693950851,-0.8387995759764553,
2025-01-13,4.79,4.4,130.0413,7.3319,157.11,2.9909783078999608,-100.55725308779418,4.33,0.849002693950851,-0.851509437254807,
2025-01-14,4.78,4.37,129.3812,7.3312,157.76,2.9909783078999608,-100.55725308779418,4.33,0.849002693950851,-0.7001960735128012,
2025-01-15,4.66,4.27,129.2092,7.3316,157.04,2.9909783078999608,-100.55725308779418,4.33,0.849002693950851,0.48345925194085193,
2025-01-16,4.61,4.23,129.436,7.3317,156.21,2.9909783078999608,-100.55725308779418,4.33,0.849002693950851,0.5663880111263948,
2025-01-17,4.61,4.27,129.4859,7.329,155.59,2.9909783078999608,-100.55725308779418,4.33,0.849002693950851,0.19372098737497848,
2025-01-20,,,,7.312,156.42,2.9909783078999608,-100.55725308779418,4.33,0.849002693950851,,
2025-01-21,4.57,4.29,128.4151,7.2843,155.7,2.9909783078999608,-100.55725308779418,4.33,0.849002693950851,-0.0,
2025-01-22,4.6,4.29,128.3402,7.2673,155.82,2.9909783078999608,-100.55725308779418,4.33,0.849002693950851,,
2025-01-23,4.65,4.29,128.2162,7.2884,156.27,2.9909783078999608,-100.55725308779418,4.33,0.849002693950851,0.06960166843528572,
2025-01-24,4.63,4.27,127.4611,7.247,156.51,2.9909783078999608,-100.55725308779418,4.33,0.849002693950851,0.2794258194867064,
2025-01-27,4.53,4.17,128.0912,7.2465,154.05,2.9909783078999608,-100.55725308779418,4.33,0.849002693950851,0.48899518410173776,
2025-01-28,4.55,4.19,128.2817,7.2466,155.32,2.9909783078999608,-100.55725308779418,4.33,0.849002693950851,0.4191387292300565,
2025-01-29,4.55,4.21,128.3418,7.2513,155.35,2.9909783078999608,-100.55725308779418,4.33,0.849002693950851,,
2025-01-30,4.52,4.18,128.1004,7.2514,154.11,2.9909783078999608,-100.55725308779418,4.33,0.849002693950851,0.4840387351857663,
2025-01-31,4.58,4.22,128.4828,7.2513,154.9,2.9909783078999608,-100.55725308779418,4.33,0.849002693950851,0.41398491115235714,
2025-02-03,4.54,4.26,129.109,7.2513,154.63,2.8015834477613355,-33.2677314546686,4.33,0.8119858403550007,0.1392610286569288,
2025-02-04,4.52,4.21,128.1083,7.2514,155.32,2.8015834477613355,-33.2677314546686,4.33,0.8119858403550007,0.6327904304063332,
2025-02-05,4.43,4.17,127.9751,7.2728,152.8,2.8015834477613355,-33.2677314546686,4.33,0.8119858403550007,0.7646727983363366,
2025-02-06,4.45,4.21,128.2017,7.2887,152.46,2.8015834477613355,-33.2677314546686,4.33,0.8119858403550007,0.4219591782767036,
2025-02-07,4.49,4.29,128.4292,7.2886,152.04,2.8015834477613355,-33.2677314546686,4.33,0.8119858403550007,0.776469890379514,
2025-02-10,4.51,4.28,128.6382,7.3057,152.05,2.8015834477613355,-33.2677314546686,4.33,0.8119858403550007,0.8481867283617746,
2025-02-11,4.54,4.29,128.4322,7.3072,152.34,2.8015834477613355,-33.2677314546686,4.33,0.8119858403550007,0.5641635036229363,
2025-02-12,4.62,4.36,128.3288,7.309,153.54,2.8015834477613355,-33.2677314546686,4.33,0.8119858403550007,-0.6250395391104658,
2025-02-13,4.52,4.31,127.8931,7.2971,153.79,2.8015834477613355,-33.2677314546686,4.33,0.8119858403550007,-0.5600763792599374,
2025-02-14,4.47,4.26,127.1491,7.2667,152.79,2.8015834477613355,-33.2677314546686,4.33,0.8119858403550007,0.07192617922448354,
2025-02-17,,,,7.2631,151.5,2.8015834477613355,-33.2677314546686,4.33,0.8119858403550007,,
2025-02-18,4.55,4.29,127.2906,7.2802,151.77,2.8015834477613355,-33.2677314546686,4.33,0.8119858403550007,-0.0,
2025-02-19,4.53,4.28,127.7317,7.2855,151.82,2.8015834477613355,-33.2677314546686,4.33,0.8119858403550007,0.07178609852219275,
2025-02-20,4.5,4.28,127.1126,7.2591,149.96,2.8015834477613355,-33.2677314546686,4.33,0.8119858403550007,0.07233164470141464,
2025-02-21,4.42,4.19,127.1408,7.2559,150.46,2.8015834477613355,-33.2677314546686,4.33,0.8119858403550007,0.5911735749515854,
2025-02-24,4.4,4.13,127.1921,7.25,149.83,2.8015834477613355,-33.2677314546686,4.33,0.8119858403550007,0.29091221330669237,
2025-02-25,4.3,4.07,127.3752,7.261,149.75,2.8015834477613355,-33.2677314546686,4.33,0.8119858403550007,0.8319074653448261,
2025-02-26,4.25,4.05,127.2822,7.259,149.42,2.8015834477613355,-33.2677314546686,4.33,0.8119858403550007,1.0,
2025-02-27,4.29,4.07,127.9704,7.2661,149.59,2.8015834477613355,-33.2677314546686,4.33,0.8119858403550007,0.70622237775369,
2025-02-28,4.24,3.99,128.2805,7.279,150.76,2.8015834477613355,-33.2677314546686,4.33,0.8119858403550007,1.0,
2025-03-03,4.16,3.96,127.75,7.2892,151.29,2.381981462805549,-7.288105464021298,4.33,0.5802453773984029,1.0,
2025-03-04,4.22,3.96,127.9966,7.2572,148.24,2.381981462805549,-7.288105464021298,4.33,0.5802453773984029,1.0,
2025-03-05,4.28,3.99,126.504,7.2634,149.7,2.381981462805549,-7.288105464021298,4.33,0.5802453773984029,0.8847127958202488,
2025-03-06,4.29,3.96,126.1099,7.2478,147.5,2.381981462805549,-7.288105464021298,4.33,0.5802453773984029,1.0,
2025-03-07,4.32,3.99,125.9814,7.236,147.69,2.381981462805549,-7.288105464021298,4.33,0.5802453773984029,1.0,
2025-03-10,4.22,3.89,126.268,7.2585,146.97,2.381981462805549,-7.288105464021298,4.33,0.5802453773984029,1.0,
2025-03-11,4.28,3.94,126.0457,7.2332,148.02,2.381981462805549,-7.288105464021298,4.33,0.5802453773984029,1.0,
2025-03-12,4.32,4.01,125.8664,7.2431,149.03,2.381981462805549,-7.288105464021298,4.33,0.5802453773984029,1.0,
2025-03-13,4.27,3.94,126.0031,7.2477,148.33,2.381981462805549,-7.288105464021298,4.33,0.5802453773984029,1.0,
2025-03-14,4.31,4.02,125.6942,7.2387,148.66,2.381981462805549,-7.288105464021298,4.33,0.5802453773984029,0.8958316646144772,
2025-03-17,4.31,4.06,125.3688,7.2337,148.82,2.381981462805549,-7.288105464021298,4.33,0.5802453773984029,,
2025-03-18,4.29,4.04,125.488,7.2272,149.75,2.381981462805549,-7.288105464021298,4.33,0.5802453773984029,0.9237578457847467,
2025-03-19,4.25,3.99,125.8006,7.2301,149.83,2.381981462805549,-7.288105464021298,4.33,0.5802453773984029,1.0,
2025-03-20,4.24,3.95,125.985,7.2446,148.48,2.381981462805549,-7.288105464021298,4.33,0.5802453773984029,1.0,
2025-03-21,4.25,3.94,126.2679,7.2483,148.69,2.381981462805549,-7.288105464021298,4.33,0.5802453773984029,0.8826014281020821,
2025-03-24,4.34,4.04,126.1956,7.2536,149.81,2.381981462805549,-7.288105464021298,4.33,0.5802453773984029,0.3160137013229119,
2025-03-25,4.31,3.96,126.0535,7.2583,149.95,2.381981462805549,-7.288105464021298,4.33,0.5802453773984029,0.3803209760770673,
2025-03-26,4.35,3.98,126.2364,7.2656,150.35,2.381981462805549,-7.288105464021298,4.33,0.5802453773984029,0.24078258490265497,
2025-03-27,4.38,3.97,126.3626,7.2657,150.72,2.381981462805549,-7.288105464021298,4.33,0.5802453773984029,0.34017832734958364,
2025-03-28,4.27,3.89,126.4187,7.2654,150.63,2.381981462805549,-7.288105464021298,4.33,0.5802453773984029,0.3331311916201696,
2025-03-31,4.23,3.89,126.7075,7.2531,149.42,2.381981462805549,-7.288105464021298,4.33,0.5802453773984029,0.22900294785412262,
2025-04-01,4.17,3.87,126.4338,7.2702,149.18,2.32538823025783,23.085632785259023,4.33,0.8823523543694645,0.28945462505529707,141.1845245361328
2025-04-02,4.2,3.91,126.3811,7.2692,149.24,2.32538823025783,23.085632785259023,4.33,0.8823523543694645,0.2547864406958181,
2025-04-03,4.06,3.71,124.7316,7.292,146.14,2.32538823025783,23.085632785259023,4.33,0.8823523543694645,0.7568657342013065,
2025-04-04,4.01,3.68,125.8129,7.2821,145.21,2.32538823025783,23.085632785259023,4.33,0.8823523543694645,0.908404221958014,
2025-04-07,4.15,3.73,126.8282,7.3087,146.42,2.32538823025783,23.085632785259023,4.33,0.8823523543694645,0.4622249853688438,
2025-04-08,4.26,3.71,126.8668,7.3387,146.71,2.32538823025783,23.085632785259023,4.33,0.8823523543694645,0.6521346679061599,
2025-04-09,4.34,3.91,126.628,7.3498,144.51,2.32538823025783,23.085632785259023,4.33,0.8823523543694645,0.2840844677454091,
2025-04-10,4.4,3.84,125.089,7.3215,145.53,2.32538823025783,23.085632785259023,4.33,0.8823523543694645,0.2816653480851784,
2025-04-11,4.48,3.96,124.0163,7.2994,142.84,2.32538823025783,23.085632785259023,4.33,0.8823523543694645,0.1703864721191568,
2025-04-14,4.38,3.84,123.6598,7.3126,143.25,2.32538823025783,23.085632785259023,4.33,0.8823523543694645,0.6214893267117513,
2025-04-15,4.35,3.84,123.776,7.315,142.93,2.32538823025783,23.085632785259023,4.33,0.8823523543694645,0.5660128875026783,
2025-04-16,4.29,3.77,123.2724,7.3061,142.75,2.32538823025783,23.085632785259023,4.33,0.8823523543694645,0.6191574555293086,
2025-04-17,4.34,3.81,123.1298,7.2975,142.59,2.32538823025783,23.085632785259023,4.33,0.8823523543694645,0.3949406080980243,
2025-04-18,,,122.9865,,,2.32538823025783,23.085632785259023,4.33,0.8823523543694645,,
2025-04-21,4.42,3.75,122.3145,,,2.32538823025783,23.085632785259023,4.33,0.8823523543694645,0.810347560030981,
2025-04-22,4.41,3.76,122.4175,7.3134,140.34,2.32538823025783,23.085632785259023,4.33,0.8823523543694645,0.5527747927130549,
2025-04-23,4.4,3.81,123.0252,7.2886,141.64,2.32538823025783,23.085632785259023,4.33,0.8823523543694645,0.4693729442881481,
2025-04-24,4.32,3.77,122.9251,7.2895,142.55,2.32538823025783,23.085632785259023,4.33,0.8823523543694645,0.5482678626622739,
2025-04-25,4.29,3.74,122.8858,7.2883,143.35,2.32538823025783,23.085632785259023,4.33,0.8823523543694645,0.4091171121779743,
2025-04-28,4.23,3.67,122.7176,7.298,143.34,2.32538823025783,23.085632785259023,4.33,0.8823523543694645,0.5952996255870174,
2025-04-29,4.19,3.65,122.5944,7.2729,142.69,2.32538823025783,23.085632785259023,4.33,0.8823523543694645,0.5867458355650667,
2025-04-30,4.17,3.6,122.5921,7.2659,143.04,2.32538823025783,23.085632785259023,4.33,0.8823523543694645,0.807197237193229,
2025-05-01,4.25,3.7,123.1405,,,2.3772651073680873,-48.084187819200714,4.33,0.10162299356553106,0.02599461229822861,167.42288208007812
2025-05-02,4.33,3.83,122.4962,7.2714,144.52,2.3772651073680873,-48.084187819200714,4.33,0.10162299356553106,-0.3992945666417832,
2025-05-05,4.36,3.83,122.2613,7.2714,143.87,2.3772651073680873,-48.084187819200714,4.33,0.10162299356553106,-0.27295118363798776,
2025-05-06,4.3,3.78,122.0417,7.2172,142.73,2.3772651073680873,-48.084187819200714,4.33,0.10162299356553106,-0.19623553852827222,
2025-05-07,4.26,3.78,122.117,7.2253,143.39,2.3772651073680873,-48.084187819200714,4.33,0.10162299356553106,0.3821973631664313,
2025-05-08,4.37,3.9,122.7568,7.2377,144.68,2.3772651073680873,-48.084187819200714,4.33,0.10162299356553106,-0.18514311366492608,
2025-05-09,4.37,3.88,122.5191,7.2405,145.18,2.3772651073680873,-48.084187819200714,4.33,0.10162299356553106,0.2573458249463696,
2025-05-12,4.45,3.98,123.4863,7.2032,148.08,2.3772651073680873,-48.084187819200714,4.33,0.10162299356553106,-0.4534843212193522,
2025-05-13,4.49,4.02,122.9583,7.2013,148.14,2.3772651073680873,-48.084187819200714,4.33,0.10162299356553106,-0.6133515565506217,
2025-05-14,4.53,4.05,122.6746,7.2047,146.25,2.3772651073680873,-48.084187819200714,4.33,0.10162299356553106,-1.0,
2025-05-15,4.45,3.96,122.8174,7.2115,146.0,2.3772651073680873,-48.084187819200714,4.33,0.10162299356553106,-0.5747319513026883,
2025-05-16,4.43,3.98,123.0737,7.2056,145.66,2.3772651073680873,-48.084187819200714,4.33,0.10162299356553106,,
2025-05-19,4.46,3.97,122.4186,7.2123,144.97,2.3772651073680873,-48.084187819200714,4.33,0.10162299356553106,-0.9047823788893455,
2025-05-20,4.48,3.97,122.3199,7.2195,144.64,2.3772651073680873,-48.084187819200714,4.33,0.10162299356553106,-0.8770939204761177,
2025-05-21,4.58,4.0,121.7496,7.2034,143.77,2.3772651073680873,-48.084187819200714,4.33,0.10162299356553106,-0.8001637361001106,
2025-05-22,4.54,4.0,122.0429,7.2046,143.42,2.3772651073680873,-48.084187819200714,4.33,0.10162299356553106,-0.981099731092543,
2025-05-23,4.51,4.0,121.3837,7.1849,142.58,2.3772651073680873,-48.084187819200714,4.33,0.10162299356553106,-1.0,
2025-05-26,,,,7.187,142.9,2.3772651073680873,-48.084187819200714,4.33,0.10162299356553106,,
2025-05-27,4.43,3.92,121.6099,7.1952,144.17,2.3772651073680873,-48.084187819200714,4.33,0.10162299356553106,-1.0,
2025-05-28,4.47,3.96,121.9888,7.1929,144.41,2.3772651073680873,-48.084187819200714,4.33,0.10162299356553106,-1.0,
2025-05-29,4.43,3.92,121.5617,7.1885,144.91,2.3772651073680873,-48.084187819200714,4.33,0.10162299356553106,-0.9407181421474909,
2025-05-30,4.41,3.89,121.7674,7.1943,143.72,2.3772651073680873,-48.084187819200714,4.33,0.10162299356553106,-0.25845903749302357,
2025-06-02,4.46,3.94,121.1881,7.1998,142.73,2.680453865910226,-63.29863398734081,4.33,0.5793208714095943,-0.47284208252627713,
2025-06-03,4.46,3.96,121.4592,7.1879,143.16,2.680453865910226,-63.29863398734081,4.33,0.5793208714095943,-0.7724027353216378,
2025-06-04,4.37,3.87,121.0539,7.1886,144.19,2.680453865910226,-63.29863398734081,4.33,0.5793208714095943,-0.39031357055476357,
2025-06-05,4.4,3.92,120.9596,7.1792,143.27,2.680453865910226,-63.29863398734081,4.33,0.5793208714095943,-0.08684947061678826,
2025-06-06,4.51,4.04,121.161,7.1821,144.26,2.680453865910226,-63.29863398734081,4.33,0.5793208714095943,-0.6920663374816497,
2025-06-09,4.49,4.01,120.9103,7.1817,144.5,2.680453865910226,-63.29863398734081,4.33,0.5793208714095943,-0.1310995088148128,
2025-06-10,4.47,4.01,121.0485,7.1848,144.57,2.680453865910226,-63.29863398734081,4.33,0.5793208714095943,0.043957297970634295,
2025-06-11,4.41,3.94,120.587,7.1873,145.34,2.680453865910226,-63.29863398734081,4.33,0.5793208714095943,0.48637273806191367,
2025-06-12,4.36,3.9,120.1723,7.1762,143.73,2.680453865910226,-63.29863398734081,4.33,0.5793208714095943,0.26615022488380774,
2025-06-13,4.41,3.96,120.3245,7.1822,144.15,2.680453865910226,-63.29863398734081,4.33,0.5793208714095943,0.08854069570029548,
2025-06-16,4.46,3.97,120.1565,7.1801,144.19,2.680453865910226,-63.29863398734081,4.33,0.5793208714095943,-0.0,
2025-06-17,4.39,3.94,120.5048,7.1828,144.67,2.680453865910226,-63.29863398734081,4.33,0.5793208714095943,0.13475066072328862,
2025-06-18,4.38,3.94,120.7305,7.1883,144.83,2.680453865910226,-63.29863398734081,4.33,0.5793208714095943,0.270789388519958,
2025-06-19,,,,7.1873,145.67,2.680453865910226,-63.29863398734081,4.33,0.5793208714095943,,
2025-06-20,4.38,3.9,121.0408,7.177,145.61,2.680453865910226,-63.29863398734081,4.33,0.5793208714095943,0.4501154203310438,
2025-06-23,4.34,3.84,121.1694,7.1864,147.55,2.680453865910226,-63.29863398734081,4.33,0.5793208714095943,,
2025-06-24,4.3,3.75,120.3645,7.1734,144.97,2.680453865910226,-63.29863398734081,4.33,0.5793208714095943,0.7565501484702757,
2025-06-25,4.29,3.74,120.3336,7.1745,145.78,2.680453865910226,-63.29863398734081,4.33,0.5793208714095943,0.96865832872211,
2025-06-26,4.26,3.7,119.6451,7.1708,144.44,2.680453865910226,-63.29863398734081,4.33,0.5793208714095943,0.9664748803214397,
2025-06-27,4.29,3.73,119.659,7.1718,144.6,2.680453865910226,-63.29863398734081,4.33,0.5793208714095943,0.7109575807376355,
2025-06-30,4.24,3.72,119.4088,7.1647,144.34,2.680453865910226,-63.29863398734081,4.33,0.5793208714095943,0.975586910487162,
2025-07-01,4.26,3.78,119.3436,7.1621,142.85,2.742618052167134,-1.6105418059823586,4.33,1.9187662602012212,0.8081666903243739,134.64071655273438
2025-07-02,4.3,3.78,119.3037,7.1693,144.15,2.742618052167134,-1.6105418059823586,4.33,1.9187662602012212,0.40227754357384343,
2025-07-03,4.35,3.88,119.2382,7.1615,143.93,2.742618052167134,-1.6105418059823586,4.33,1.9187662602012212,0.17887423089258028,
2025-07-04,,,,7.1628,144.4,2.742618052167134,-1.6105418059823586,4.33,1.9187662602012212,,
2025-07-07,4.4,3.9,119.6201,7.1733,145.56,2.742618052167134,-1.6105418059823586,4.33,1.9187662602012212,0.49037397446767894,
2025-07-08,4.42,3.9,119.8371,7.1741,146.53,2.742618052167134,-1.6105418059823586,4.33,1.9187662602012212,0.49031323560080015,
2025-07-09,4.34,3.86,119.7311,7.1801,146.72,2.742618052167134,-1.6105418059823586,4.33,1.9187662602012212,0.3591654666972687,
2025-07-10,4.35,3.86,119.8343,7.1748,146.32,2.742618052167134,-1.6105418059823586,4.33,1.9187662602012212,0.18006060234496377,
2025-07-11,4.43,3.9,119.9214,7.1678,147.06,2.742618052167134,-1.6105418059823586,4.33,1.9187662602012212,0.2723763021628792,
2025-07-14,4.43,3.9,120.2209,7.1672,147.37,2.742618052167134,-1.6105418059823586,4.33,1.9187662602012212,0.32122525018641795,
2025-07-15,4.5,3.95,120.5105,7.173,147.95,2.742618052167134,-1.6105418059823586,4.33,1.9187662602012212,-0.04617262551215949,
2025-07-16,4.46,3.88,120.4175,7.1806,148.73,2.742618052167134,-1.6105418059823586,4.33,1.9187662602012212,0.27803586390694646,
2025-07-17,4.47,3.91,120.6384,7.1817,148.79,2.742618052167134,-1.6105418059823586,4.33,1.9187662602012212,,
2025-07-18,4.44,3.88,120.356,7.1779,148.45,2.742618052167134,-1.6105418059823586,4.33,1.9187662602012212,0.09502367402503799,
2025-07-21,4.38,3.85,119.9961,7.1763,147.44,2.742618052167134,-1.6105418059823586,4.33,1.9187662602012212,-0.04934758179401749,
2025-07-22,4.35,3.83,119.681,7.175,147.17,2.742618052167134,-1.6105418059823586,4.33,1.9187662602012212,-0.41458799237910465,
2025-07-23,4.4,3.88,119.5697,7.1602,146.28,2.742618052167134,-1.6105418059823586,4.33,1.9187662602012212,-0.7936721142197789,
2025-07-24,4.43,3.91,119.5664,7.1574,146.5,2.742618052167134,-1.6105418059823586,4.33,1.9187662602012212,-1.0,
2025-07-25,4.4,3.91,119.9857,7.1687,147.65,2.742618052167134,-1.6105418059823586,4.33,1.9187662602012212,-1.0,
2025-07-28,4.42,3.91,120.6149,7.1739,148.15,2.742618052167134,-1.6105418059823586,4.33,1.9187662602012212,-1.0,
2025-07-29,4.34,3.86,120.9674,7.1775,148.77,2.742618052167134,-1.6105418059823586,4.33,1.9187662602012212,-0.4895483959270241,
2025-07-30,4.38,3.94,121.4042,7.1817,148.31,2.742618052167134,-1.6105418059823586,4.33,1.9187662602012212,-0.9983982800548087,
2025-07-31,4.37,3.94,121.721,7.1947,149.85,2.742618052167134,-1.6105418059823586,4.33,1.9187662602012212,-0.37383795434961814,
2025-08-01,4.23,3.69,121.2122,7.2118,150.48,2.9385917430316155,-87.7166992012066,4.33,1.1886779865559305,,138.98846435546875
2025-08-04,4.22,3.69,120.9859,7.1762,147.38,2.9385917430316155,-87.7166992012066,4.33,1.1886779865559305,1.0,
2025-08-05,4.22,3.72,120.9082,7.1874,147.6,2.9385917430316155,-87.7166992012066,4.33,1.1886779865559305,0.9929850282925611,
2025-08-06,4.22,3.69,120.5082,7.1857,147.55,2.9385917430316155,-87.7166992012066,4.33,1.1886779865559305,0.9234771306712518,
2025-08-07,4.23,3.72,120.5043,7.1792,147.38,2.9385917430316155,-87.7166992012066,4.33,1.1886779865559305,0.7438625502786268,
2025-08-08,4.27,3.76,120.3329,7.1838,147.82,2.9385917430316155,-87.7166992012066,4.33,1.1886779865559305,0.740355902083177,
2025-08-11,4.27,3.76,120.6892,7.1846,147.87,2.9385917430316155,-87.7166992012066,4.33,1.1886779865559305,0.7366784614396694,
2025-08-12,4.29,3.72,120.2736,7.1873,148.46,2.9385917430316155,-87.7166992012066,4.33,1.1886779865559305,1.0,
2025-08-13,4.24,3.67,120.13,7.1745,147.27,2.9385917430316155,-87.7166992012066,4.33,1.1886779865559305,1.0,
2025-08-14,4.29,3.74,120.6446,7.1706,146.54,2.9385917430316155,-87.7166992012066,4.33,1.1886779865559305,0.8676946980781183,
2025-08-15,4.33,3.75,120.3377,7.1791,147.0,2.9385917430316155,-87.7166992012066,4.33,1.1886779865559305,0.668791980544808,
2025-08-18,4.34,3.77,120.5622,7.1788,147.58,2.9385917430316155,-87.7166992012066,4.33,1.1886779865559305,0.4124013232941778,
2025-08-19,4.3,3.75,120.7224,7.1791,147.81,2.9385917430316155,-87.7166992012066,4.33,1.1886779865559305,0.4100657102792499,
2025-08-20,4.29,3.74,120.7757,7.1761,147.43,2.9385917430316155,-87.7166992012066,4.33,1.1886779865559305,0.7177153896775779,
2025-08-21,4.33,3.79,121.0843,7.1782,147.86,2.9385917430316155,-87.7166992012066,4.33,1.1886779865559305,0.616421719202795,
2025-08-22,4.26,3.68,120.2774,7.1789,148.69,2.9385917430316155,-87.7166992012066,4.33,1.1886779865559305,1.0,
2025-08-25,4.28,3.73,120.4214,7.1565,147.35,2.9385917430316155,-87.7166992012066,4.33,1.1886779865559305,0.9025150404422992,
2025-08-26,4.26,3.61,120.5274,7.1574,147.37,2.9385917430316155,-87.7166992012066,4.33,1.1886779865559305,1.0,
2025-08-27,4.24,3.59,120.7274,7.1618,148.05,2.9385917430316155,-87.7166992012066,4.33,1.1886779865559305,1.0,
2025-08-28,4.22,3.62,120.2595,7.1314,146.87,2.9385917430316155,-87.7166992012066,4.33,1.1886779865559305,1.0,
2025-08-29,4.23,3.59,120.2082,7.1329,147.3,2.9385917430316155,-87.7166992012066,4.33,1.1886779865559305,0.4531891380071537,
2025-09-01,,,,7.1345,147.22,3.0225715847133294,16.48687649586605,4.22,1.8631698334008018,,125.86952209472656
2025-09-02,4.28,3.66,120.6837,7.1443,148.63,3.0225715847133294,16.48687649586605,4.22,1.8631698334008018,0.28149995168471853,
2025-09-03,4.22,3.61,120.5052,7.1456,148.61,3.0225715847133294,16.48687649586605,4.22,1.8631698334008018,0.37017995778301505,
2025-09-04,4.17,3.59,120.7629,7.1407,148.33,3.0225715847133294,16.48687649586605,4.22,1.8631698334008018,0.5873973215896058,
2025-09-05,4.1,3.51,120.1282,7.1376,147.98,3.0225715847133294,16.48687649586605,4.22,1.8631698334008018,1.0,
2025-09-08,4.05,3.49,120.0971,7.1299,147.84,3.0225715847133294,16.48687649586605,4.22,1.8631698334008018,1.0,
2025-09-09,4.08,3.54,120.1569,7.1215,146.76,3.0225715847133294,16.48687649586605,4.22,1.8631698334008018,0.7475967097659588,
2025-09-10,4.04,3.54,120.1223,7.1228,147.49,3.0225715847133294,16.48687649586605,4.22,1.8631698334008018,0.5329267149270726,
2025-09-11,4.01,3.52,119.9534,7.1247,147.95,3.0225715847133294,16.48687649586605,4.22,1.8631698334008018,0.8796879869516352,
2025-09-12,4.06,3.56,120.0611,7.1225,147.92,3.0225715847133294,16.48687649586605,4.22,1.8631698334008018,0.752247162179937,
2025-09-15,4.05,3.54,119.5644,7.1218,147.36,3.0225715847133294,16.48687649586605,4.22,1.8631698334008018,0.8929075218389038,
2025-09-16,4.04,3.51,119.1348,7.1153,146.99,3.0225715847133294,16.48687649586605,4.22,1.8631698334008018,0.9054424902387916,
2025-09-17,4.06,3.52,119.1582,7.1042,146.39,3.0225715847133294,16.48687649586605,4.22,1.8631698334008018,0.8102750028087419,
2025-09-18,4.11,3.57,119.6616,7.1055,147.44,3.0225715847133294,16.48687649586605,4.22,1.8631698334008018,0.8000388003010042,
2025-09-19,4.14,3.57,119.7858,7.1157,148.08,3.0225715847133294,16.48687649586605,4.22,1.8631698334008018,0.3949755334165157,
2025-09-22,4.15,3.61,119.8152,7.1121,147.84,3.0225715847133294,16.48687649586605,4.22,1.8631698334008018,0.4279441475992228,
2025-09-23,4.12,3.53,119.6202,7.1118,147.8,3.0225715847133294,16.48687649586605,4.22,1.8631698334008018,0.2805706837232806,
2025-09-24,4.16,3.57,120.1707,7.1271,148.44,3.0225715847133294,16.48687649586605,4.22,1.8631698334008018,0.06948881380829008,
2025-09-25,4.18,3.64,120.5419,7.1241,148.82,3.0225715847133294,16.48687649586605,4.22,1.8631698334008018,-0.07001353704742905,
2025-09-26,4.2,3.63,120.4349,7.1374,149.75,3.0225715847133294,16.48687649586605,4.22,1.8631698334008018,-0.14075596290507114,
2025-09-29,4.15,3.63,120.115,7.1212,148.75,3.0225715847133294,16.48687649586605,4.22,1.8631698334008018,,
2025-09-30,4.16,3.6,120.1368,7.1196,147.99,3.0225715847133294,16.48687649586605,4.22,1.8631698334008018,0.21561752147785793,
2025-10-01,4.12,3.55,120.1502,7.1196,147.11,3.0225715847133294,-106.46362676352182,4.09,1.7593332629600056,0.2154764000919709,153.4799346923828
2025-10-02,4.1,3.55,120.4296,7.1195,146.78,3.0225715847133294,-106.46362676352182,4.09,1.7593332629600056,0.1437651985766042,
2025-10-03,4.13,3.58,120.0881,7.1196,147.35,3.0225715847133294,-106.46362676352182,4.09,1.7593332629600056,-0.25474750566104704,
2025-10-06,4.18,3.6,120.2722,7.1195,150.04,3.0225715847133294,-106.46362676352182,4.09,1.7593332629600056,-0.4068902010708809,
2025-10-07,4.14,3.57,120.4884,7.1196,150.91,,-106.46362676352182,4.09,1.7593332629600056,-0.11404751178513851,
2025-10-08,4.13,3.58,120.7766,7.1195,152.69,,-106.46362676352182,4.09,1.7593332629600056,-0.15438904159312505,
2025-10-09,4.14,3.6,121.0902,7.1224,152.79,,-106.46362676352182,4.09,1.7593332629600056,-0.31697779360972295,
2025-10-10,4.05,3.52,121.1163,7.1228,152.54,,-106.46362676352182,4.09,1.7593332629600056,0.16042956243046128,
2025-10-13,,,,7.1321,152.11,,-106.46362676352182,4.09,1.7593332629600056,,
2025-10-14,4.03,3.48,121.1822,7.14,152.1,,-106.46362676352182,4.09,1.7593332629600056,0.12138329506668563,
2025-10-15,4.05,3.5,120.8642,7.1264,151.55,,-106.46362676352182,4.09,1.7593332629600056,0.0822388334503129,
2025-10-16,3.99,3.41,120.6698,7.1258,151.28,,-106.46362676352182,4.09,1.7593332629600056,0.6634303206177543,
2025-10-17,4.02,3.46,120.7028,7.1223,150.42,,-106.46362676352182,4.09,1.7593332629600056,0.46825421731890454,
2025-10-20,4.0,3.46,120.6209,7.1235,150.76,,-106.46362676352182,4.09,1.7593332629600056,0.6595915866671443,
2025-10-21,3.98,3.45,120.8895,7.1186,152.02,,-106.46362676352182,4.09,1.7593332629600056,0.3582849386540886,
2025-10-22,3.97,3.45,120.8958,7.1266,151.83,,-106.46362676352182,4.09,1.7593332629600056,0.5698225311927236,
2025-10-23,4.01,3.48,120.9531,7.1244,152.63,,-106.46362676352182,4.09,1.7593332629600056,0.8242462979580178,
2025-10-24,4.02,3.48,120.9345,7.1225,152.9,,-106.46362676352182,4.09,1.7593332629600056,0.7679558276713034,
2025-10-27,4.01,3.48,120.7988,7.1075,152.86,,-106.46362676352182,4.09,1.7593332629600056,0.7643248791114855,
2025-10-28,3.99,3.47,120.6361,7.1014,152.29,,-106.46362676352182,4.09,1.7593332629600056,0.6629096735826421,
2025-10-29,4.08,3.59,120.5312,7.0994,152.17,,-106.46362676352182,4.09,1.7593332629600056,-0.20584588494637424,
2025-10-30,4.11,3.61,121.2832,7.1143,154.43,,-106.46362676352182,4.09,1.7593332629600056,-0.31371163111583705,
2025-10-31,4.11,3.6,121.3859,7.1162,154.18,,-106.46362676352182,4.09,1.7593332629600056,-0.10771765945500136,
2025-11-03,4.13,3.6,121.4512,7.1206,154.22,2.988299628363511,6.347043679474464,3.88,1.7543117556713783,-0.0,
2025-11-04,4.1,3.58,121.8271,7.1253,153.5,2.988299628363511,6.347043679474464,3.88,1.7543117556713783,-0.05684490346702785,
2025-11-05,4.17,3.63,121.8482,7.1271,153.73,2.988299628363511,6.347043679474464,3.88,1.7543117556713783,-0.28606464222710154,
2025-11-06,4.11,3.57,121.6948,7.1195,153.6,2.988299628363511,6.347043679474464,3.88,1.7543117556713783,0.1770816013559538,
2025-11-07,4.11,3.55,121.388,7.1208,153.09,2.988299628363511,6.347043679474464,3.88,1.7543117556713783,-0.18402385070042063,
2025-11-10,4.13,3.58,121.2984,7.1193,154.1,2.988299628363511,6.347043679474464,3.88,1.7543117556713783,,
2025-11-11,,,,7.1185,154.18,2.988299628363511,6.347043679474464,3.88,1.7543117556713783,,
2025-11-12,4.08,3.56,121.0458,7.1165,154.79,2.988299628363511,6.347043679474464,3.88,1.7543117556713783,-0.4279535080171738,
2025-11-13,4.11,3.58,120.7725,7.0961,154.55,2.988299628363511,6.347043679474464,3.88,1.7543117556713783,-1.0,
2025-11-14,4.14,3.62,120.9666,7.0961,153.86,2.988299628363511,6.347043679474464,3.88,1.7543117556713783,-1.0,
2025-11-17,4.13,3.6,121.1146,7.1076,154.9,2.988299628363511,6.347043679474464,3.88,1.7543117556713783,-1.0,
2025-11-18,4.12,3.58,121.2127,7.1104,155.25,2.988299628363511,6.347043679474464,3.88,1.7543117556713783,-1.0,
2025-11-19,4.13,3.58,121.4978,7.1103,156.13,2.988299628363511,6.347043679474464,3.88,1.7543117556713783,-1.0,
2025-11-20,4.1,3.55,121.6889,7.1138,157.61,2.988299628363511,6.347043679474464,3.88,1.7543117556713783,-0.6226010725075126,
2025-11-21,4.06,3.51,121.8653,7.1098,156.74,2.988299628363511,6.347043679474464,3.88,1.7543117556713783,-0.2664278714966058,
2025-11-24,4.04,3.46,121.9171,7.0888,156.98,2.988299628363511,6.347043679474464,3.88,1.7543117556713783,0.17508681024184022,
2025-11-25,4.01,3.43,121.6335,7.0855,156.19,2.988299628363511,6.347043679474464,3.88,1.7543117556713783,0.34843168084746556,
2025-11-26,4.0,3.45,121.2437,7.0795,156.42,2.988299628363511,6.347043679474464,3.88,1.7543117556713783,1.0,
2025-11-27,,,,7.0834,156.32,2.988299628363511,6.347043679474464,3.88,1.7543117556713783,,
2025-11-28,4.02,3.47,121.0527,7.0756,156.12,2.988299628363511,6.347043679474464,3.88,1.7543117556713783,1.0,
2025-12-01,4.09,3.54,120.9862,7.0718,154.8,3.00226204316838,-22.422341063876026,3.72,1.1629935222018384,0.5121790860381367,132.48622131347656
2025-12-02,4.09,3.51,121.1467,7.071,156.07,3.00226204316838,-22.422341063876026,3.72,1.1629935222018384,0.595830878615524,
2025-12-03,4.06,3.49,120.7336,7.0638,155.37,3.00226204316838,-22.422341063876026,3.72,1.1629935222018384,1.0,
2025-12-04,4.11,3.52,120.6766,7.0717,154.77,3.00226204316838,-22.422341063876026,3.72,1.1629935222018384,0.42257334494982984,
2025-12-05,4.14,3.56,120.6863,7.0702,155.23,3.00226204316838,-22.422341063876026,3.72,1.1629935222018384,-0.08451466898996822,
2025-12-08,4.17,3.57,120.776,7.068,155.55,3.00226204316838,-22.422341063876026,3.72,1.1629935222018384,0.08435399958822486,
2025-12-09,4.18,3.61,120.6832,7.0643,156.36,3.00226204316838,-22.422341063876026,3.72,1.1629935222018384,,
2025-12-10,4.13,3.54,120.6752,7.0625,156.71,3.00226204316838,-22.422341063876026,3.72,1.1629935222018384,0.16757324924694136,
2025-12-11,4.14,3.52,119.98,7.0581,155.58,3.00226204316838,-22.422341063876026,3.72,1.1629935222018384,0.5027860990776016,
2025-12-12,4.19,3.52,120.1442,7.0547,155.99,3.00226204316838,-22.422341063876026,3.72,1.1629935222018384,0.8382719408301038,
2025-12-15,4.18,3.51,119.9561,7.0471,155.13,3.00226204316838,-22.422341063876026,3.72,1.1629935222018384,0.7612455053927567,
2025-12-16,4.15,3.48,119.8902,7.0423,154.61,3.00226204316838,-22.422341063876026,3.72,1.1629935222018384,0.8381612384088513,
2025-12-17,4.16,3.49,120.155,7.0439,155.59,3.00226204316838,-22.422341063876026,3.72,1.1629935222018384,0.7513875083872074,
2025-12-18,4.12,3.46,120.0528,7.0413,155.77,3.00226204316838,-22.422341063876026,3.72,1.1629935222018384,0.7599181601953598,
2025-12-19,4.16,3.48,120.1652,7.0411,157.23,3.00226204316838,-22.422341063876026,3.72,1.1629935222018384,0.2573379978354809,
2025-12-22,4.17,3.44,119.9912,7.037,157.32,3.00226204316838,-22.422341063876026,3.72,1.1629935222018384,0.1721325931652102,
2025-12-23,4.18,3.48,119.7057,7.0281,156.02,3.00226204316838,-22.422341063876026,3.72,1.1629935222018384,-0.4333835174894073,
2025-12-24,4.15,3.47,119.4372,7.0144,155.96,3.00226204316838,-22.422341063876026,3.72,1.1629935222018384,-0.17208787178405519,
2025-12-25,,,,,,3.00226204316838,-22.422341063876026,3.72,1.1629935222018384,,
2025-12-26,4.14,3.46,119.4723,,,3.00226204316838,-22.422341063876026,3.72,1.1629935222018384,0.08512885768591859,
2025-12-29,4.12,3.45,119.5899,7.0065,156.36,3.00226204316838,-22.422341063876026,3.72,1.1629935222018384,0.7676240896059022,
2025-12-30,4.14,3.45,119.4939,6.9929,156.06,3.00226204316838,-22.422341063876026,3.72,1.1629935222018384,0.5084741020153087,
2025-12-31,4.18,3.47,119.7456,7.001,156.67,3.00226204316838,-22.422341063876026,3.72,1.1629935222018384,0.17016485246898566,
2026-01-02,4.19,3.47,119.6059,6.9937,156.93,2.8286797395498997,98.85536309425386,3.64,0.9734701648033584,0.7688784312964697,
2026-01-05,4.17,3.46,119.6192,6.9854,156.83,2.8286797395498997,98.85536309425386,3.64,0.9734701648033584,0.9409492469152257,
2026-01-06,4.18,3.47,119.7807,6.9844,156.44,2.8286797395498997,98.85536309425386,3.64,0.9734701648033584,1.0,
2026-01-07,4.15,3.47,119.8719,6.9912,156.55,2.8286797395498997,98.85536309425386,3.64,0.9734701648033584,0.5948866829495729,
2026-01-08,4.19,3.49,120.0904,6.9818,156.72,2.8286797395498997,98.85536309425386,3.64,0.9734701648033584,0.26206835218088304,
2026-01-09,4.18,3.54,120.2215,6.9823,157.64,2.8286797395498997,98.85536309425386,3.64,0.9734701648033584,-0.17590168335823286,
2026-01-12,4.19,3.54,119.9958,6.9731,157.73,2.8286797395498997,98.85536309425386,3.64,0.9734701648033584,-0.2658469886727126,
2026-01-13,4.18,3.53,120.1401,6.9756,158.85,2.8286797395498997,98.85536309425386,3.64,0.9734701648033584,-0.44886519346359766,
2026-01-14,4.15,3.51,119.9537,6.9734,158.63,2.8286797395498997,98.85536309425386,3.64,0.9734701648033584,-0.18207926394247576,
2026-01-15,4.17,3.56,119.9951,6.9673,158.56,2.8286797395498997,98.85536309425386,3.64,0.9734701648033584,-0.9106315971741206,
2026-01-16,4.24,3.59,120.0838,6.9697,158.1,2.8286797395498997,98.85536309425386,3.64,0.9734701648033584,-0.9933165056288411,
2026-01-19,,,,6.9634,157.93,2.8286797395498997,98.85536309425386,3.64,0.9734701648033584,,
2026-01-20,4.3,3.6,119.4455,6.9589,157.9,2.8286797395498997,98.85536309425386,3.64,0.9734701648033584,-1.0,
2026-01-21,4.26,3.6,119.3431,6.9639,157.79,2.8286797395498997,98.85536309425386,3.64,0.9734701648033584,-1.0,
2026-01-22,4.26,3.61,119.1962,6.9757,158.79,2.8286797395498997,98.85536309425386,3.64,0.9734701648033584,,
2026-01-23,4.24,3.6,118.8976,6.9646,158.16,2.8286797395498997,98.85536309425386,3.64,0.9734701648033584,-1.0,
2026-01-26,4.22,3.56,118.0525,6.9544,154.21,2.8286797395498997,98.85536309425386,3.64,0.9734701648033584,-0.9909770444897033,
2026-01-27,4.24,3.53,117.4523,6.9548,153.34,2.8286797395498997,98.85536309425386,3.64,0.9734701648033584,-0.7272180923555651,
2026-01-28,4.26,3.56,117.5117,6.9464,152.63,2.8286797395498997,98.85536309425386,3.64,0.9734701648033584,-0.8440997823753196,
2026-01-29,4.24,3.53,117.4396,6.9462,153.31,2.8286797395498997,98.85536309425386,3.64,0.9734701648033584,,
2026-01-30,4.26,3.52,117.8996,6.9497,154.03,2.8286797395498997,98.85536309425386,3.64,0.9734701648033584,-0.47340723327860024,
2026-02-02,4.29,3.57,118.3609,6.9434,155.06,2.6645890876940914,-103.90835487111632,3.64,0.7972359848188892,-1.0,
2026-02-03,4.28,3.57,117.9764,6.9381,155.85,2.6645890876940914,-103.90835487111632,3.64,0.7972359848188892,-0.951784119699293,
2026-02-04,4.29,3.57,118.2602,6.9417,156.64,2.6645890876940914,-103.90835487111632,3.64,0.7972359848188892,-0.9491691011100506,
2026-02-05,4.21,3.47,118.5034,6.9392,156.9,2.6645890876940914,-103.90835487111632,3.64,0.7972359848188892,0.19021365643935265,
2026-02-06,4.22,3.5,118.2407,6.939,157.09,2.6645890876940914,-103.90835487111632,3.64,0.7972359848188892,0.39298135655634014,
2026-02-09,4.22,3.48,117.6392,6.9225,156.19,2.6645890876940914,-103.90835487111632,3.64,0.7972359848188892,0.6006908015799974,
2026-02-10,4.16,3.45,117.5216,6.9148,155.13,2.6645890876940914,-103.90835487111632,3.64,0.7972359848188892,0.8003118705883834,
2026-02-11,4.18,3.52,117.4601,6.9113,153.61,2.6645890876940914,-103.90835487111632,3.64,0.7972359848188892,-0.10164490847833588,
2026-02-12,4.09,3.47,117.5376,6.9011,153.71,2.6645890876940914,-103.90835487111632,3.64,0.7972359848188892,0.9132370587923191,
2026-02-13,4.04,3.4,117.5258,6.9086,153.29,2.6645890876940914,-103.90835487111632,3.64,0.7972359848188892,1.0,
2026-02-16,,,,6.9086,153.34,2.6645890876940914,-103.90835487111632,3.64,0.7972359848188892,,
2026-02-17,4.05,3.43,117.7375,6.9087,153.1,2.6645890876940914,-103.90835487111632,3.64,0.7972359848188892,1.0,
2026-02-18,4.09,3.47,117.8426,6.9087,153.64,2.6645890876940914,-103.90835487111632,3.64,0.7972359848188892,1.0,
2026-02-19,4.08,3.47,118.2354,6.9086,154.9,2.6645890876940914,-103.90835487111632,3.64,0.7972359848188892,1.0,
2026-02-20,4.08,3.48,117.9917,6.9086,155.21,2.6645890876940914,-103.90835487111632,3.64,0.7972359848188892,1.0,
2026-02-23,4.03,3.43,117.9395,6.9087,154.82,2.6645890876940914,-103.90835487111632,3.64,0.7972359848188892,1.0,
2026-02-24,4.04,3.43,117.9463,6.8817,155.84,2.6645890876940914,-103.90835487111632,3.64,0.7972359848188892,0.9453717029900184,
2026-02-25,4.05,3.45,117.769,6.8695,156.74,2.6645890876940914,-103.90835487111632,3.64,0.7972359848188892,1.0,
2026-02-26,4.02,3.42,117.9042,6.8413,156.06,2.6645890876940914,-103.90835487111632,3.64,0.7972359848188892,1.0,
2026-02-27,3.97,3.38,117.8223,6.8582,155.98,2.6645890876940914,-103.90835487111632,3.64,0.7972359848188892,1.0,
2026-03-02,4.05,3.47,118.667,6.8825,157.45,3.3202055812236786,102.41370882934932,3.64,0.706549063542905,0.893582748134144,
2026-03-03,4.06,3.51,119.4341,6.9076,157.66,3.3202055812236786,102.41370882934932,3.64,0.706549063542905,0.5561776437421675,
2026-03-04,4.09,3.54,119.0705,6.8973,157.11,3.3202055812236786,102.41370882934932,3.64,0.706549063542905,0.2780888218710817,
2026-03-05,4.13,3.57,119.5683,6.9011,157.54,3.3202055812236786,102.41370882934932,3.64,0.706549063542905,-0.9138258024101372,
2026-03-06,4.15,3.56,119.491,6.9047,157.92,3.3202055812236786,102.41370882934932,3.64,0.706549063542905,-0.5429746585729394,
2026-03-09,4.12,3.56,119.5151,6.9173,158.5,3.3202055812236786,102.41370882934932,3.64,0.706549063542905,-0.7165922840105399,
2026-03-10,4.15,3.57,118.7255,6.8772,157.78,3.3202055812236786,102.41370882934932,3.64,0.706549063542905,-1.0,
2026-03-11,4.21,3.64,119.2885,6.8662,158.56,3.3202055812236786,102.41370882934932,3.64,0.706549063542905,-1.0,
2026-03-12,4.27,3.76,119.8227,6.869,158.86,3.3202055812236786,102.41370882934932,3.64,0.706549063542905,-1.0,
2026-03-13,4.28,3.73,120.5518,6.8966,159.33,3.3202055812236786,102.41370882934932,3.64,0.706549063542905,-1.0,
2026-03-16,4.23,3.68,120.097,6.8961,159.14,3.3202055812236786,102.41370882934932,3.64,0.706549063542905,,
2026-03-17,4.2,3.68,119.8328,6.8868,158.95,3.3202055812236786,102.41370882934932,3.64,0.706549063542905,-1.0,
2026-03-18,4.26,3.76,119.9276,6.8882,159.56,3.3202055812236786,102.41370882934932,3.64,0.706549063542905,-1.0,
2026-03-19,4.25,3.79,120.1802,6.9004,158.81,3.3202055812236786,102.41370882934932,3.64,0.706549063542905,-1.0,
2026-03-20,4.39,3.88,120.2757,6.8943,158.77,3.3202055812236786,102.41370882934932,3.64,0.706549063542905,-1.0,
2026-03-23,4.34,3.83,119.9371,6.8917,158.55,3.3202055812236786,102.41370882934932,3.64,0.706549063542905,-1.0,
2026-03-24,4.39,3.9,120.1295,6.8934,158.93,3.3202055812236786,102.41370882934932,3.64,0.706549063542905,-1.0,
2026-03-25,4.33,3.84,120.1282,6.8995,158.96,3.3202055812236786,102.41370882934932,3.64,0.706549063542905,-1.0,
2026-03-26,4.42,3.96,120.389,6.9102,159.62,3.3202055812236786,102.41370882934932,3.64,0.706549063542905,-1.0,
2026-03-27,4.44,3.88,120.8851,6.9138,159.9,3.3202055812236786,102.41370882934932,3.64,0.706549063542905,-1.0,
2026-03-30,4.35,3.82,121.2851,6.9114,159.46,3.3202055812236786,102.41370882934932,3.64,0.706549063542905,-1.0,
2026-03-31,4.3,3.79,121.035,6.9004,159.5,3.3202055812236786,102.41370882934932,3.64,0.706549063542905,-0.9849893653508848,
2026-04-01,4.33,3.81,120.1198,6.8738,158.32,3.9470269087042764,63.41112744037802,3.64,1.3763758567121531,-0.9359531437489224,250.28366088867188
2026-04-02,4.31,3.79,120.503,6.8976,159.6,3.9470269087042764,63.41112744037802,3.64,1.3763758567121531,-0.7540921257929273,
2026-04-03,4.35,3.84,120.6565,,,3.9470269087042764,63.41112744037802,3.64,1.3763758567121531,-0.9391144635295446,
2026-04-06,4.34,3.84,120.4302,,,3.9470269087042764,63.41112744037802,3.64,1.3763758567121531,-0.9208345943084284,
2026-04-07,4.33,3.81,120.32,6.8574,159.84,3.9470269087042764,63.41112744037802,3.64,1.3763758567121531,-0.7794668511218493,
2026-04-08,4.29,3.79,119.0596,6.8297,158.15,3.9470269087042764,63.41112744037802,3.64,1.3763758567121531,-0.48368785339533404,
2026-04-09,4.29,3.78,118.8998,6.8347,158.92,3.9470269087042764,63.41112744037802,3.64,1.3763758567121531,-0.06397499387682437,
2026-04-10,4.31,3.81,118.8552,6.8284,159.19,3.9470269087042764,63.41112744037802,3.64,1.3763758567121531,-0.25285375351908235,
2026-04-13,4.3,3.78,118.9916,6.8322,159.83,3.9470269087042764,63.41112744037802,3.64,1.3763758567121531,-0.3162262874638152,
2026-04-14,4.26,3.76,118.3581,6.8158,158.85,3.9470269087042764,63.41112744037802,3.64,1.3763758567121531,-0.2515734640646521,
2026-04-15,4.29,3.76,118.3623,6.8211,159.09,3.9470269087042764,63.41112744037802,3.64,1.3763758567121531,-0.0,
2026-04-16,4.32,3.78,118.3616,6.8213,158.98,3.9470269087042764,63.41112744037802,3.64,1.3763758567121531,0.031068453245905518,
2026-04-17,4.26,3.71,118.0795,6.8223,159.13,3.9470269087042764,63.41112744037802,3.64,1.3763758567121531,0.5274702308948032,
2026-04-20,4.26,3.72,118.2374,6.8177,158.91,3.9470269087042764,63.41112744037802,3.64,1.3763758567121531,0.34127968869363623,
2026-04-21,4.3,3.78,118.4331,6.8158,159.04,3.9470269087042764,63.41112744037802,3.64,1.3763758567121531,0.37155337073167005,
2026-04-22,4.3,3.79,118.6004,6.8244,159.22,3.9470269087042764,63.41112744037802,3.64,1.3763758567121531,0.1541557475628323,
2026-04-23,4.34,3.83,118.7155,6.835,159.48,3.9470269087042764,63.41112744037802,3.64,1.3763758567121531,0.3985659675473579,
2026-04-24,4.31,3.78,118.7294,6.8363,159.42,3.9470269087042764,63.41112744037802,3.64,1.3763758567121531,0.30690499480913647,
2026-04-27,4.35,3.78,118.5458,6.8231,159.21,3.9470269087042764,63.41112744037802,3.64,1.3763758567121531,0.12251297987632474,
2026-04-28,4.36,3.84,118.7717,6.8388,159.74,3.9470269087042764,63.41112744037802,3.64,1.3763758567121531,-0.15206009188785347,
2026-04-29,4.42,3.92,119.0975,6.8335,159.79,3.9470269087042764,63.41112744037802,3.64,1.3763758567121531,-0.3290255963808027,
2026-04-30,4.4,3.88,118.671,6.8287,156.56,3.9470269087042764,63.41112744037802,3.64,1.3763758567121531,-0.2692604940636039,
2026-05-01,4.39,3.88,118.3926,,,4.270032656680245,16.976958270757805,3.63,1.529631408748533,-0.11946253147994086,203.5819854736328
2026-05-04,4.45,3.95,118.8264,6.8303,157.12,4.270032656680245,16.976958270757805,3.63,1.529631408748533,-0.3261492384939685,
2026-05-05,4.43,3.93,118.6207,6.8302,157.81,4.270032656680245,16.976958270757805,3.63,1.529631408748533,-0.3566092205772211,
2026-05-06,4.36,3.87,118.0982,6.8112,156.21,4.270032656680245,16.976958270757805,3.63,1.529631408748533,-0.23823924757080442,
2026-05-07,4.41,3.92,118.0116,6.8019,156.39,4.270032656680245,16.976958270757805,3.63,1.529631408748533,-0.4188378258243207,
2026-05-08,4.38,3.9,118.0392,6.8012,156.76,4.270032656680245,16.976958270757805,3.63,1.529631408748533,-0.27523531447025534,
2026-05-11,4.42,3.95,118.0562,6.7965,157.14,4.270032656680245,16.976958270757805,3.63,1.529631408748533,-0.5160521320158067,
2026-05-12,4.46,4.0,118.5238,6.7921,157.59,4.270032656680245,16.976958270757805,3.63,1.529631408748533,-0.7331051491525415,
2026-05-13,4.46,3.98,118.4737,6.791,157.77,4.270032656680245,16.976958270757805,3.63,1.529631408748533,-0.675600768927598,
2026-05-14,4.47,4.0,118.6696,6.7852,157.95,4.270032656680245,16.976958270757805,3.63,1.529631408748533,-0.6790805467904862,
2026-05-15,4.59,4.09,119.2825,6.8106,158.55,4.270032656680245,16.976958270757805,3.63,1.529631408748533,-1.0,
2026-05-18,4.61,4.07,119.0574,6.8002,158.77,4.270032656680245,16.976958270757805,3.63,1.529631408748533,-1.0,
2026-05-19,4.67,4.13,119.451,6.8061,159.11,4.270032656680245,16.976958270757805,3.63,1.529631408748533,-1.0,
2026-05-20,4.57,4.04,119.1624,6.8028,159.03,4.270032656680245,16.976958270757805,3.63,1.529631408748533,-0.7848703084402164,
2026-05-21,4.57,4.08,119.369,6.8022,159.14,4.270032656680245,16.976958270757805,3.63,1.529631408748533,-0.8036378509703802,
2026-05-22,4.56,4.13,119.2868,6.7953,159.15,4.270032656680245,16.976958270757805,3.63,1.529631408748533,-1.0,
2026-05-25,,,,6.7843,158.93,4.270032656680245,16.976958270757805,3.63,1.529631408748533,,
2026-05-26,4.5,4.01,119.1696,6.7852,159.21,4.270032656680245,16.976958270757805,3.63,1.529631408748533,-0.605369184071778,
2026-05-27,4.48,4.0,119.1829,6.7821,159.42,4.270032656680245,16.976958270757805,3.63,1.529631408748533,-0.293088010244915,
2026-05-28,4.45,3.99,119.0318,6.7799,159.46,4.270032656680245,16.976958270757805,3.63,1.529631408748533,-0.4137695856601727,
2026-05-29,4.45,3.98,118.8783,6.7668,159.27,4.270032656680245,16.976958270757805,3.63,1.529631408748533,-0.3896796733067832,
2026-06-01,4.47,4.05,119.1653,6.7651,159.49,3.7265298484186804,-1.8314452969006851,3.63,1.2892386071926554,-0.4013698570447611,179.9416961669922
2026-06-02,4.46,4.05,119.0359,6.7626,159.75,3.7265298484186804,-1.8314452969006851,3.63,1.2892386071926554,-0.49759642566860623,
2026-06-03,4.49,4.08,119.3848,6.7694,159.86,3.7265298484186804,-1.8314452969006851,3.63,1.2892386071926554,-0.8785983016443527,
2026-06-04,4.47,4.05,119.3615,6.7739,159.8,3.7265298484186804,-1.8314452969006851,3.63,1.2892386071926554,-0.5397782137971522,
2026-06-05,4.55,4.17,120.0831,6.7656,159.86,3.7265298484186804,-1.8314452969006851,3.63,1.2892386071926554,-1.0,
2026-06-08,4.56,4.15,120.034,6.7819,159.97,3.7265298484186804,-1.8314452969006851,3.63,1.2892386071926554,-0.7977632440342671,
2026-06-09,4.53,4.13,119.9617,6.7715,160.16,3.7265298484186804,-1.8314452969006851,3.63,1.2892386071926554,-0.5185027162475876,
2026-06-10,4.55,4.13,119.9134,6.7807,160.49,3.7265298484186804,-1.8314452969006851,3.63,1.2892386071926554,-0.5903642291085062,
2026-06-11,4.45,4.05,120.1174,6.7774,160.54,3.7265298484186804,-1.8314452969006851,3.63,1.2892386071926554,-0.1966307731493819,
2026-06-12,4.48,4.09,119.5073,6.7623,160.2,3.7265298484186804,-1.8314452969006851,3.63,1.2892386071926554,-0.0,
2026-06-15,4.47,4.07,119.3158,6.757,160.19,3.7265298484186804,-1.8314452969006851,3.63,1.2892386071926554,-0.0,
2026-06-16,4.43,4.05,119.256,6.7564,160.38,3.7265298484186804,-1.8314452969006851,3.63,1.2892386071926554,0.30609067027185516,
2026-06-17,4.49,4.2,119.3871,6.7595,160.31,3.7265298484186804,-1.8314452969006851,3.63,1.2892386071926554,-0.5936030812696006,
2026-06-18,4.46,4.19,120.3958,6.7716,160.93,3.7265298484186804,-1.8314452969006851,3.63,1.2892386071926554,-0.3963796907338405,
2026-06-19,,,,6.7693,161.23,3.7265298484186804,-1.8314452969006851,3.63,1.2892386071926554,,
2026-06-22,4.51,4.24,120.5463,6.7748,161.78,3.7265298484186804,-1.8314452969006851,3.63,1.2892386071926554,,
2026-06-23,4.5,4.16,121.0552,6.7857,161.53,3.7265298484186804,-1.8314452969006851,3.63,1.2892386071926554,-0.5162554300974944,
2026-06-24,4.41,4.11,121.412,6.8109,161.68,3.7265298484186804,-1.8314452969006851,3.63,1.2892386071926554,-0.37827841887661967,
2026-06-25,4.4,4.09,121.0559,6.7982,161.85,3.7265298484186804,-1.8314452969006851,3.63,1.2892386071926554,-0.3457796727336621,
2026-06-26,4.38,4.07,120.8866,6.7982,161.65,3.7265298484186804,-1.8314452969006851,3.63,1.2892386071926554,-0.311892568294699,
2026-06-29,4.38,4.1,120.9525,6.794,161.86,3.7265298484186804,-1.8314452969006851,3.63,1.2892386071926554,-0.17329983971578056,
2026-06-30,4.44,4.14,120.9248,6.7855,162.44,3.7265298484186804,-1.8314452969006851,3.63,1.2892386071926554,-0.3120070635995025,
2026-07-01,4.48,4.17,121.1455,6.7945,162.71,3.5397514271936714,-5.204268129048264,3.63,1.0794551200266955,-0.31219688180608085,167.53224182128906
2026-07-02,4.49,4.14,120.6902,6.789,161.58,3.5397514271936714,-5.204268129048264,3.63,1.0794551200266955,-0.31491550043777145,
2026-07-03,,,,6.7814,161.15,3.5397514271936714,-5.204268129048264,3.63,1.0794551200266955,,
2026-07-06,4.48,4.13,120.835,6.7957,162.34,3.5397514271936714,-5.204268129048264,3.63,1.0794551200266955,0.0713320651495016,
2026-07-07,4.55,4.19,120.8145,6.7935,161.89,3.5397514271936714,-5.204268129048264,3.63,1.0794551200266955,-0.2165038780998468,
2026-07-08,4.56,4.21,121.1307,6.8002,162.49,3.5397514271936714,-5.204268129048264,3.63,1.0794551200266955,-0.29201430319631333,
2026-07-09,4.54,4.16,120.753,6.796,162.41,3.5397514271936714,-5.204268129048264,3.63,1.0794551200266955,-0.40890238211994123,
2026-07-10,4.56,4.21,120.5046,6.7745,161.87,3.5397514271936714,-5.204268129048264,3.63,1.0794551200266955,-0.4616463018286158,
2026-07-13,4.62,4.26,120.7413,6.7776,162.14,3.5397514271936714,-5.204268129048264,3.63,1.0794551200266955,-0.7510674156477929,
2026-07-14,4.58,4.18,120.4728,6.7801,162.22,3.5397514271936714,-5.204268129048264,3.63,1.0794551200266955,-0.5293734231401428,
2026-07-15,4.55,4.13,120.3088,6.7743,162.39,3.5397514271936714,-5.204268129048264,3.63,1.0794551200266955,0.29611160459638636,
2026-07-16,4.57,4.16,120.331,6.7669,162.2,3.5397514271936714,-5.204268129048264,3.63,1.0794551200266955,0.13035575479173173,
2026-07-17,4.55,4.18,120.5315,6.7775,162.35,3.5397514271936714,-5.204268129048264,3.63,1.0794551200266955,,
2026-07-20,4.6,4.21,120.5401,6.7669,162.38,3.5397514271936714,-5.204268129048264,3.63,1.0794551200266955,0.14374419434644436,
2026-07-21,4.63,4.26,120.5779,6.7661,162.74,3.5397514271936714,-5.204268129048264,3.63,1.0794551200266955,-0.48868838013878885,
2026-07-22,4.67,4.31,120.5736,6.773,163.07,3.5397514271936714,-5.204268129048264,3.63,1.0794551200266955,-0.9585428539680179,
2026-07-23,4.71,4.37,120.9075,6.7703,163.47,3.5397514271936714,-5.204268129048264,3.63,1.0794551200266955,-1.0,
2026-07-24,4.69,4.33,120.7105,6.7722,163.82,3.5397514271936714,-5.204268129048264,3.63,1.0794551200266955,-1.0,
2026-07-27,4.65,4.31,120.7739,6.7661,163.64,3.5397514271936714,-5.204268129048264,3.63,1.0794551200266955,-0.9671247244068135,
2026-07-28,4.61,4.26,120.6247,6.7713,163.91,3.5397514271936714,-5.204268129048264,3.63,1.0794551200266955,-0.5580529309987666,
2026-07-29,4.67,4.22,120.7892,6.7663,163.68,3.5397514271936714,-5.204268129048264,3.63,1.0794551200266955,-0.24260359074467255,
2026-07-30,4.68,4.23,119.6753,6.7551,162.94,3.5397514271936714,-5.204268129048264,3.63,1.0794551200266955,-0.448793870310179,
2026-07-31,4.75,4.28,119.7034,6.7513,160.24,3.5397514271936714,-5.204268129048264,3.63,1.0794551200266955,,
2026-08-03,4.7,4.25,119.6951,6.7526,156.68,3.7129581058388483,58.14046859723818,3.63,1.0794551200266955,-0.6298540523767309,
2026-08-04,4.63,4.2,119.5977,6.7535,157.41,3.7129581058388483,58.14046859723818,3.63,1.0794551200266955,-0.05338748866701216,
2026-08-05,4.63,4.18,119.3881,6.75,157.59,3.7129581058388483,58.14046859723818,3.63,1.0794551200266955,0.1646457685309354,
2026-08-06,4.69,4.25,119.5113,6.7491,157.83,3.7129581058388483,58.14046859723818,3.63,,-0.5006918165522475,
2026-08-07,4.65,4.19,119.0649,6.7476,158.34,3.7129581058388483,58.14046859723818,3.63,,0.11158556171214251,
2026-08-10,4.72,4.25,119.1187,6.7444,158.64,3.7129581058388483,58.14046859723818,3.63,,0.05569120518075454,
2026-08-11,4.7,4.22,119.179,6.7453,159.2,3.7129581058388483,58.14046859723818,3.63,,-0.22200509052672654,
2026-08-12,4.68,4.2,119.1179,6.7432,159.09,3.7129581058388483,58.14046859723818,3.63,,-0.3940981495755035,
2026-08-13,4.63,4.15,119.1848,6.743,159.33,3.7129581058388483,58.14046859723818,3.63,,0.05672400015038375,
2026-08-14,4.68,4.17,118.9028,6.7413,159.01,3.7129581058388483,58.14046859723818,3.63,,0.0567918217011687,
2026-08-17,4.72,4.19,118.814,6.7394,159.23,3.7129581058388483,58.14046859723818,3.63,,0.1145011588539467,
2026-08-18,4.71,4.19,118.9831,6.7423,159.7,3.7129581058388483,58.14046859723818,3.63,,0.41205678398142526,
2026-08-19,4.65,4.19,118.3328,6.7382,159.09,3.7129581058388483,58.14046859723818,3.63,,0.7316784185517472,
2026-08-20,4.69,4.19,118.2548,6.7236,158.76,3.7129581058388483,58.14046859723818,3.63,,1.0,
2026-08-21,4.74,4.24,118.0628,6.7206,158.7,3.7129581058388483,58.14046859723818,3.63,,0.6040964228077287,
2026-08-24,4.7,4.24,118.3195,6.7227,159.12,3.7129581058388483,58.14046859723818,3.63,,0.47997643464086925,
2026-08-25,4.64,4.17,118.2283,6.7198,159.24,3.7129581058388483,58.14046859723818,3.63,,0.6356044936271524,
2026-08-26,4.66,4.19,118.4461,6.7205,159.07,3.7129581058388483,58.14046859723818,3.63,,0.2160161716310385,
2026-08-27,4.67,4.2,118.3583,6.7203,159.39,3.7129581058388483,58.14046859723818,3.63,,0.22367145637081526,
2026-08-28,4.73,4.34,118.7479,6.7209,159.68,3.7129581058388483,58.14046859723818,3.63,,-0.429065686795792,
2026-08-31,4.75,4.34,118.5679,6.7197,159.73,3.7129581058388483,58.14046859723818,3.63,,-0.621727424625505,
2026-09-01,4.79,4.39,118.6568,6.7223,160.16,3.7129581058388483,58.14046859723818,3.63,,-1.0,
2026-09-02,4.79,4.39,118.5296,6.7215,159.6,3.7129581058388483,58.14046859723818,3.63,,-1.0,
2026-09-03,4.77,4.34,118.127,6.7191,156.01,3.7129581058388483,58.14046859723818,3.63,,-0.5691769241434352,
2026-09-04,4.78,4.37,118.0732,6.7109,156.25,3.7129581058388483,58.14046859723818,3.63,,-1.0,
2026-09-07,,,,6.711,154.75,,,,,,
2026-09-08,4.8,4.39,,6.7105,154.3,,,,,-1.0,
2026-09-09,4.83,4.43,,6.7078,153.27,,,,,-1.0,
2026-09-10,4.95,4.56,,6.7063,154.18,,,,,-1.0,
2026-09-11,,,,6.7082,154.04,,,,,,
