,us10y,us2y,dxy,usdcny,usdjpy,cpi_yoy,nonfarm_surprise,fedfunds,demand_proxy,fed_expectation,gpr_index
2016-09-12,1.68,0.79,112.1516,6.6788,101.96,1.5486446201652182,54.912152124610486,0.4,-1.9939516469206886,,
2016-09-13,1.73,0.8,112.5207,6.6782,102.14,1.5486446201652182,54.912152124610486,0.4,-1.9939516469206886,,
2016-09-14,1.7,0.77,112.4678,6.6707,102.33,1.5486446201652182,54.912152124610486,0.4,-1.9939516469206886,,
2016-09-15,1.71,0.74,112.4753,6.6707,102.24,1.5486446201652182,54.912152124610486,0.4,-1.9939516469206886,,
2016-09-16,1.7,0.77,113.1765,6.6707,102.36,1.5486446201652182,54.912152124610486,0.4,-1.9939516469206886,,
2016-09-19,1.7,0.79,112.903,6.665,101.82,1.5486446201652182,54.912152124610486,0.4,-1.9939516469206886,,
2016-09-20,1.69,0.79,113.1848,6.67,101.66,1.5486446201652182,54.912152124610486,0.4,-1.9939516469206886,,
2016-09-21,1.66,0.79,112.9842,6.6695,100.62,1.5486446201652182,54.912152124610486,0.4,-1.9939516469206886,,
2016-09-22,1.63,0.79,112.2592,6.663,100.8,1.5486446201652182,54.912152124610486,0.4,-1.9939516469206886,,
2016-09-23,1.62,0.77,112.7166,6.669,101.04,1.5486446201652182,54.912152124610486,0.4,-1.9939516469206886,,
2016-09-26,1.59,0.76,112.7112,6.6683,100.34,1.5486446201652182,54.912152124610486,0.4,-1.9939516469206886,,
2016-09-27,1.56,0.75,112.5515,6.6691,100.36,1.5486446201652182,54.912152124610486,0.4,-1.9939516469206886,,
2016-09-28,1.57,0.75,112.6283,6.673,100.57,1.5486446201652182,54.912152124610486,0.4,-1.9939516469206886,,
2016-09-29,1.56,0.73,112.2879,6.665,101.48,1.5486446201652182,54.912152124610486,0.4,-1.9939516469206886,,
2016-09-30,1.6,0.77,112.2795,6.6685,101.21,1.5486446201652182,54.912152124610486,0.4,-1.9939516469206886,,
2016-10-03,1.63,0.8,112.5077,6.6685,101.54,1.685924966243646,-70.9818686506805,0.4,-1.5023811304759715,,
2016-10-04,1.69,0.82,112.6579,6.6685,102.66,1.685924966243646,-70.9818686506805,0.4,-1.5023811304759715,,
2016-10-05,1.72,0.85,112.7946,6.6685,103.53,1.685924966243646,-70.9818686506805,0.4,-1.5023811304759715,,
2016-10-06,1.75,0.86,113.0066,6.6685,104.02,1.685924966243646,-70.9818686506805,0.4,-1.5023811304759715,,
2016-10-07,1.73,0.83,113.2915,6.6685,103.42,1.685924966243646,-70.9818686506805,0.4,-1.5023811304759715,,
2016-10-10,,,,,,1.685924966243646,-70.9818686506805,0.4,-1.5023811304759715,,
2016-10-11,1.77,0.87,113.4461,6.719,103.36,1.685924966243646,-70.9818686506805,0.4,-1.5023811304759715,-0.9128709291752757,
2016-10-12,1.79,0.87,113.7442,6.718,104.48,1.685924966243646,-70.9818686506805,0.4,-1.5023811304759715,-1.0,
2016-10-13,1.75,0.85,113.6238,6.7248,103.62,1.685924966243646,-70.9818686506805,0.4,-1.5023811304759715,-1.0,
2016-10-14,1.8,0.84,113.7119,6.7277,104.1,1.685924966243646,-70.9818686506805,0.4,-1.5023811304759715,-0.8351484444023852,
2016-10-17,1.77,0.81,113.5488,6.735,103.96,1.685924966243646,-70.9818686506805,0.4,-1.5023811304759715,-0.24332412774463616,
2016-10-18,1.75,0.82,113.1393,6.7401,103.8,1.685924966243646,-70.9818686506805,0.4,-1.5023811304759715,-0.3704681114773858,
2016-10-19,1.76,0.81,113.0547,6.737,103.3,1.685924966243646,-70.9818686506805,0.4,-1.5023811304759715,-0.25152741762454245,
2016-10-20,1.76,0.84,113.4033,6.7439,103.92,1.685924966243646,-70.9818686506805,0.4,-1.5023811304759715,-0.6288853452209424,
2016-10-21,1.74,0.84,113.9015,6.7654,103.96,1.685924966243646,-70.9818686506805,0.4,-1.5023811304759715,-0.8816069517166952,
2016-10-24,1.77,0.84,113.8571,6.7728,104.2,1.685924966243646,-70.9818686506805,0.4,-1.5023811304759715,-1.0,
2016-10-25,1.77,0.86,113.6801,6.778,104.25,1.685924966243646,-70.9818686506805,0.4,-1.5023811304759715,-1.0,
2016-10-26,1.79,0.86,113.8131,6.7706,104.42,1.685924966243646,-70.9818686506805,0.4,-1.5023811304759715,-1.0,
2016-10-27,1.85,0.87,114.1998,6.7819,105.14,1.685924966243646,-70.9818686506805,0.4,-1.5023811304759715,-1.0,
2016-10-28,1.86,0.86,114.0931,6.776,105.4,1.685924966243646,-70.9818686506805,0.4,-1.5023811304759715,-1.0,
2016-10-31,1.84,0.86,114.0188,6.7735,105.07,1.685924966243646,-70.9818686506805,0.4,-1.5023811304759715,-0.7131925525559525,
2016-11-01,1.83,0.83,113.9915,6.763,104.59,1.6843334719788938,-50.26201517978678,0.41,-1.1862778785850958,-0.1202862783349962,
2016-11-02,1.81,0.81,113.9206,6.7606,103.22,1.6843334719788938,-50.26201517978678,0.41,-1.1862778785850958,0.4879456754749179,
2016-11-03,1.82,0.81,113.7664,6.7612,103.17,1.6843334719788938,-50.26201517978678,0.41,-1.1862778785850958,0.6183159006279285,
2016-11-04,1.79,0.8,113.5828,6.7534,103.02,1.6843334719788938,-50.26201517978678,0.41,-1.1862778785850958,0.37550709962314616,
2016-11-07,1.83,0.82,113.5443,6.774,104.6,1.6843334719788938,-50.26201517978678,0.41,-1.1862778785850958,,
2016-11-08,1.88,0.87,113.3017,6.784,104.98,1.6843334719788938,-50.26201517978678,0.41,-1.1862778785850958,-0.0,
2016-11-09,2.07,0.9,114.6956,6.7769,104.84,1.6843334719788938,-50.26201517978678,0.41,-1.1862778785850958,-0.3598786397927244,
2016-11-10,2.15,0.92,115.9375,6.7987,106.56,1.6843334719788938,-50.26201517978678,0.41,-1.1862778785850958,-0.7928303426757225,
2016-11-11,,,,,,1.6843334719788938,-50.26201517978678,0.41,-1.1862778785850958,,
2016-11-14,2.23,1.0,117.2245,6.8447,108.3,1.6843334719788938,-50.26201517978678,0.41,-1.1862778785850958,-1.0,
2016-11-15,2.23,1.02,116.7724,6.8556,108.94,1.6843334719788938,-50.26201517978678,0.41,-1.1862778785850958,-1.0,
2016-11-16,2.22,1.0,116.8062,6.877,109.16,1.6843334719788938,-50.26201517978678,0.41,-1.1862778785850958,-1.0,
2016-11-17,2.29,1.04,116.8952,6.8674,109.64,1.6843334719788938,-50.26201517978678,0.41,-1.1862778785850958,-1.0,
2016-11-18,2.34,1.07,117.5936,6.8873,110.51,1.6843334719788938,-50.26201517978678,0.41,-1.1862778785850958,-1.0,
2016-11-21,2.33,1.08,117.4762,6.8918,111.12,1.6843334719788938,-50.26201517978678,0.41,-1.1862778785850958,-1.0,
2016-11-22,2.31,1.07,117.4508,6.888,110.98,1.6843334719788938,-50.26201517978678,0.41,-1.1862778785850958,-1.0,
2016-11-23,2.36,1.12,118.0356,6.9195,112.58,1.6843334719788938,-50.26201517978678,0.41,-1.1862778785850958,-1.0,
2016-11-24,,,,,,1.6843334719788938,-50.26201517978678,0.41,-1.1862778785850958,,
2016-11-25,2.36,1.12,118.02,6.9176,113.17,1.6843334719788938,-50.26201517978678,0.41,-1.1862778785850958,-1.0,
2016-11-28,2.32,1.11,117.7278,6.9055,112.36,1.6843334719788938,-50.26201517978678,0.41,-1.1862778785850958,-1.0,
2016-11-29,2.3,1.09,117.644,6.8933,112.78,1.6843334719788938,-50.26201517978678,0.41,-1.1862778785850958,-1.0,
2016-11-30,2.37,1.11,117.7636,6.8837,114.34,1.6843334719788938,-50.26201517978678,0.41,-1.1862778785850958,-1.0,
2016-12-01,2.45,1.14,117.6642,6.883,114.34,2.0507989115119862,19.787481697412197,0.54,-0.02049641716570516,-1.0,
2016-12-02,2.4,1.11,117.3116,6.883,113.76,2.0507989115119862,19.787481697412197,0.54,-0.02049641716570516,-1.0,
2016-12-05,2.39,1.13,117.1008,6.8775,114.1,2.0507989115119862,19.787481697412197,0.54,-0.02049641716570516,-1.0,
2016-12-06,2.39,1.12,116.9225,6.879,113.98,2.0507989115119862,19.787481697412197,0.54,-0.02049641716570516,-0.9786110968864442,
2016-12-07,2.34,1.1,116.672,6.878,113.5,2.0507989115119862,19.787481697412197,0.54,-0.02049641716570516,-0.7721505622869693,
2016-12-08,2.4,1.12,117.0327,6.8771,114.16,2.0507989115119862,19.787481697412197,0.54,-0.02049641716570516,-0.7636872556703042,
2016-12-09,2.47,1.15,117.2834,6.9042,115.17,2.0507989115119862,19.787481697412197,0.54,-0.02049641716570516,,
2016-12-12,2.49,1.15,116.9161,6.9045,115.34,2.0507989115119862,19.787481697412197,0.54,-0.02049641716570516,-0.5508757617372747,
2016-12-13,2.48,1.17,116.8029,6.8984,115.26,2.0507989115119862,19.787481697412197,0.54,-0.02049641716570516,-0.5395588617546581,
2016-12-14,2.54,1.27,116.7332,6.9025,115.06,2.0507989115119862,19.787481697412197,0.54,-0.02049641716570516,-0.930658755059777,
2016-12-15,2.6,1.29,118.8072,6.941,118.32,2.0507989115119862,19.787481697412197,0.54,-0.02049641716570516,-0.8267632902054933,
2016-12-16,2.6,1.28,118.3584,6.958,117.74,2.0507989115119862,19.787481697412197,0.54,-0.02049641716570516,-0.6738829362749873,
2016-12-19,2.54,1.24,118.3875,6.9506,116.6,2.0507989115119862,19.787481697412197,0.54,-0.02049641716570516,-0.5056034092230535,
2016-12-20,2.57,1.25,118.63,6.947,117.86,2.0507989115119862,19.787481697412197,0.54,-0.02049641716570516,-0.5617141586748933,
2016-12-21,2.55,1.21,118.581,6.939,117.79,2.0507989115119862,19.787481697412197,0.54,-0.02049641716570516,-0.28021288972419944,
2016-12-22,2.55,1.22,118.8209,6.9473,117.48,2.0507989115119862,19.787481697412197,0.54,-0.02049641716570516,,
2016-12-23,2.55,1.22,118.7856,6.9432,117.22,2.0507989115119862,19.787481697412197,0.54,-0.02049641716570516,-0.3114517153604551,
2016-12-27,2.57,1.28,118.9506,6.9491,117.52,2.0507989115119862,19.787481697412197,0.54,-0.02049641716570516,-0.5850069888938132,
2016-12-28,2.51,1.26,119.2305,6.9559,117.66,2.0507989115119862,19.787481697412197,0.54,-0.02049641716570516,-0.4559141149123552,
2016-12-29,2.49,1.22,118.6637,6.9535,116.32,2.0507989115119862,19.787481697412197,0.54,-0.02049641716570516,-0.24172804953059265,
2016-12-30,2.45,1.2,118.3466,6.943,116.78,2.0507989115119862,19.787481697412197,0.54,-0.02049641716570516,-0.2724165455786599,
2017-01-02,,,,,,2.5103933482571117,12.143135764487324,0.65,-0.8031281419274894,,
2017-01-03,2.45,1.22,119.0903,6.9575,117.68,2.5103933482571117,12.143135764487324,0.65,-0.8031281419274894,-0.30152576262423186,
2017-01-04,2.46,1.24,118.8803,6.9322,117.38,2.5103933482571117,12.143135764487324,0.65,-0.8031281419274894,-0.42007649361960586,
2017-01-05,2.37,1.17,117.9999,6.887,115.46,2.5103933482571117,12.143135764487324,0.65,-0.8031281419274894,-0.15101370361307181,
2017-01-06,2.42,1.22,118.3495,6.9176,116.85,2.5103933482571117,12.143135764487324,0.65,-0.8031281419274894,-0.2123484891215056,
2017-01-09,2.38,1.21,118.4111,6.935,116.07,2.5103933482571117,12.143135764487324,0.65,-0.8031281419274894,-0.18421001088515893,
2017-01-10,2.38,1.19,118.5386,6.918,115.74,2.5103933482571117,12.143135764487324,0.65,-0.8031281419274894,-0.06229715812439277,
2017-01-11,2.38,1.2,119.0219,6.9365,116.26,2.5103933482571117,12.143135764487324,0.65,-0.8031281419274894,0.22191810494434808,
2017-01-12,2.36,1.18,117.8001,6.889,113.87,2.5103933482571117,12.143135764487324,0.65,-0.8031281419274894,0.3544533158337384,
2017-01-13,2.4,1.21,117.9884,6.8985,115.03,2.5103933482571117,12.143135764487324,0.65,-0.8031281419274894,0.22916253449866017,
2017-01-16,,,,,,2.5103933482571117,12.143135764487324,0.65,-0.8031281419274894,,
2017-01-17,2.33,1.17,117.2656,6.852,112.96,2.5103933482571117,12.143135764487324,0.65,-0.8031281419274894,0.27117482128841947,
2017-01-18,2.42,1.23,117.7242,6.836,113.4,2.5103933482571117,12.143135764487324,0.65,-0.8031281419274894,-0.068944128797655,
2017-01-19,2.47,1.25,118.3182,6.868,115.3,2.5103933482571117,12.143135764487324,0.65,-0.8031281419274894,-0.10498583670459861,
2017-01-20,2.48,1.2,,,,2.5103933482571117,12.143135764487324,0.65,-0.8031281419274894,0.07180541249174516,
2017-01-23,2.41,1.16,117.2479,6.8514,112.9,2.5103933482571117,12.143135764487324,0.65,-0.8031281419274894,,
2017-01-24,2.47,1.21,117.0516,6.8555,113.63,2.5103933482571117,12.143135764487324,0.65,-0.8031281419274894,0.2703480149314291,
2017-01-25,2.53,1.23,116.9355,6.8812,113.6,2.5103933482571117,12.143135764487324,0.65,-0.8031281419274894,0.12228441465792858,
2017-01-26,2.51,1.21,117.2766,6.8768,114.7,2.5103933482571117,12.143135764487324,0.65,-0.8031281419274894,0.043592529820989524,
2017-01-27,2.49,1.22,117.0735,6.8768,115.16,2.5103933482571117,12.143135764487324,0.65,-0.8031281419274894,-0.09511160786092024,
2017-01-30,2.49,1.22,116.7325,6.8768,113.86,2.5103933482571117,12.143135764487324,0.65,-0.8031281419274894,,
2017-01-31,2.45,1.19,116.2241,6.8768,112.72,2.5103933482571117,12.143135764487324,0.65,-0.8031281419274894,0.1725079387424427,
2017-02-01,2.48,1.22,116.3914,6.8768,113.29,2.8103616813294208,9.616446555278072,0.66,-0.6864591168616152,0.12581479510887011,
2017-02-02,2.48,1.21,115.903,6.8768,112.48,2.8103616813294208,9.616446555278072,0.66,-0.6864591168616152,-0.27775865561215674,
2017-02-03,2.49,1.21,115.6259,6.865,112.42,2.8103616813294208,9.616446555278072,0.66,-0.6864591168616152,0.06991282221816536,
2017-02-06,2.42,1.16,116.0504,6.86,112.32,2.8103616813294208,9.616446555278072,0.66,-0.6864591168616152,0.3701771976796136,
2017-02-07,2.4,1.16,116.4082,6.8821,112.14,2.8103616813294208,9.616446555278072,0.66,-0.6864591168616152,0.2338692744535815,
2017-02-08,2.34,1.15,116.1382,6.87,111.74,2.8103616813294208,9.616446555278072,0.66,-0.6864591168616152,0.42026771174541777,
2017-02-09,2.4,1.2,116.306,6.866,113.24,2.8103616813294208,9.616446555278072,0.66,-0.6864591168616152,-0.1775893829631288,
2017-02-10,2.41,1.2,116.148,6.8775,113.22,2.8103616813294208,9.616446555278072,0.66,-0.6864591168616152,0.09236139435542258,
2017-02-13,2.43,1.2,116.3427,6.8776,113.79,2.8103616813294208,9.616446555278072,0.66,-0.6864591168616152,,
2017-02-14,2.47,1.25,116.3949,6.8649,114.34,2.8103616813294208,9.616446555278072,0.66,-0.6864591168616152,-0.7968242060243421,
2017-02-15,2.51,1.27,116.2162,6.8685,114.17,2.8103616813294208,9.616446555278072,0.66,-0.6864591168616152,-0.3978358723078713,
2017-02-16,2.45,1.22,116.0067,6.8517,113.36,2.8103616813294208,9.616446555278072,0.66,-0.6864591168616152,0.3004143908549028,
2017-02-17,2.42,1.21,116.4035,6.864,112.86,2.8103616813294208,9.616446555278072,0.66,-0.6864591168616152,-0.1022169671293433,
2017-02-20,,,,,,2.8103616813294208,9.616446555278072,0.66,-0.6864591168616152,,
2017-02-21,2.43,1.22,116.5921,6.881,113.48,2.8103616813294208,9.616446555278072,0.66,-0.6864591168616152,-0.10951009944796591,
2017-02-22,2.42,1.22,116.2136,6.8765,113.46,2.8103616813294208,9.616446555278072,0.66,-0.6864591168616152,0.11360283763957703,
2017-02-23,2.38,1.18,115.6527,6.8622,112.68,2.8103616813294208,9.616446555278072,0.66,-0.6864591168616152,0.3464761632599246,
2017-02-24,2.31,1.12,115.8143,6.8645,112.26,2.8103616813294208,9.616446555278072,0.66,-0.6864591168616152,1.0,
2017-02-27,2.36,1.2,115.6764,6.8675,112.01,2.8103616813294208,9.616446555278072,0.66,-0.6864591168616152,0.23960649717073723,
2017-02-28,2.36,1.22,116.0032,6.8665,112.06,2.8103616813294208,9.616446555278072,0.66,-0.6864591168616152,-0.37368290503656215,
2017-03-01,2.46,1.29,116.438,6.8794,113.66,2.44119623655914,-44.309281514494934,0.79,0.7162067590550603,-0.8982780659802971,
2017-03-02,2.49,1.32,116.8429,6.8868,114.45,2.44119623655914,-44.309281514494934,0.79,0.7162067590550603,-1.0,
2017-03-03,2.49,1.32,116.6438,6.8954,114.6,2.44119623655914,-44.309281514494934,0.79,0.7162067590550603,-1.0,
2017-03-06,2.49,1.31,116.4313,6.8955,113.92,2.44119623655914,-44.309281514494934,0.79,0.7162067590550603,-1.0,
2017-03-07,2.52,1.32,116.4303,6.9,113.99,2.44119623655914,-44.309281514494934,0.79,0.7162067590550603,-1.0,
2017-03-08,2.57,1.36,116.875,6.9113,114.58,2.44119623655914,-44.309281514494934,0.79,0.7162067590550603,-1.0,
2017-03-09,2.6,1.37,116.9959,6.9086,114.71,2.44119623655914,-44.309281514494934,0.79,0.7162067590550603,-1.0,
2017-03-10,2.58,1.36,116.616,6.905,115.02,2.44119623655914,-44.309281514494934,0.79,0.7162067590550603,-1.0,
2017-03-13,2.62,1.4,116.4004,6.905,114.61,2.44119623655914,-44.309281514494934,0.79,0.7162067590550603,-1.0,
2017-03-14,2.6,1.4,116.5646,6.913,114.63,2.44119623655914,-44.309281514494934,0.79,0.7162067590550603,-1.0,
2017-03-15,2.51,1.33,116.3584,6.9132,114.66,2.44119623655914,-44.309281514494934,0.79,0.7162067590550603,-0.4752238693292882,
2017-03-16,2.53,1.35,115.4456,6.913,113.02,2.44119623655914,-44.309281514494934,0.79,0.7162067590550603,-1.0,
2017-03-17,2.5,1.33,115.2783,6.9,112.67,2.44119623655914,-44.309281514494934,0.79,0.7162067590550603,-0.9078932632457689,
2017-03-20,2.47,1.3,115.0426,6.905,112.59,2.44119623655914,-44.309281514494934,0.79,0.7162067590550603,,
2017-03-21,2.43,1.27,114.8119,6.883,111.9,2.44119623655914,-44.309281514494934,0.79,0.7162067590550603,-0.37936608501660757,
2017-03-22,2.4,1.27,114.7937,6.8785,111.06,2.44119623655914,-44.309281514494934,0.79,0.7162067590550603,-0.378972608317898,
2017-03-23,2.41,1.26,114.7899,6.8843,111.12,2.44119623655914,-44.309281514494934,0.79,0.7162067590550603,-0.6063736347180746,
2017-03-24,2.4,1.26,114.6372,6.8803,111.03,2.44119623655914,-44.309281514494934,0.79,0.7162067590550603,-1.0,
2017-03-27,2.38,1.27,114.2347,6.8687,110.48,2.44119623655914,-44.309281514494934,0.79,0.7162067590550603,-0.5358790706006843,
2017-03-28,2.42,1.3,114.419,6.8779,110.56,2.44119623655914,-44.309281514494934,0.79,0.7162067590550603,-0.6089883992821353,
2017-03-29,2.39,1.26,114.7167,6.8879,111.05,2.44119623655914,-44.309281514494934,0.79,0.7162067590550603,0.22825225581452077,
2017-03-30,2.42,1.28,114.5245,6.887,111.36,2.44119623655914,-44.309281514494934,0.79,0.7162067590550603,0.30705710259408964,
2017-03-31,2.4,1.27,114.7938,6.8832,111.41,2.44119623655914,-44.309281514494934,0.79,0.7162067590550603,0.3839103472937229,
2017-04-03,2.35,1.24,114.8734,6.8832,110.96,2.176223471915395,7.505138718763351,0.9,1.3993011097695573,0.538935365213589,
2017-04-04,2.36,1.25,115.0038,6.8832,110.74,2.176223471915395,7.505138718763351,0.9,1.3993011097695573,0.5426847161885198,
2017-04-05,2.34,1.24,114.9494,6.892,111.2,2.176223471915395,7.505138718763351,0.9,1.3993011097695573,0.9348141591033418,
2017-04-06,2.34,1.24,115.0181,6.8955,111.02,2.176223471915395,7.505138718763351,0.9,1.3993011097695573,1.0,
2017-04-07,2.38,1.29,115.0547,6.8978,110.76,2.176223471915395,7.505138718763351,0.9,1.3993011097695573,0.5509686706382265,
2017-04-10,2.37,1.29,115.11,6.8988,110.95,2.176223471915395,7.505138718763351,0.9,1.3993011097695573,0.8705745321955687,
2017-04-11,2.32,1.24,115.009,6.8893,109.74,2.176223471915395,7.505138718763351,0.9,1.3993011097695573,1.0,
2017-04-12,2.28,1.24,114.9162,6.889,109.54,2.176223471915395,7.505138718763351,0.9,1.3993011097695573,0.7233189014176948,
2017-04-13,2.24,1.21,114.5059,6.8865,109.23,2.176223471915395,7.505138718763351,0.9,1.3993011097695573,1.0,
2017-04-17,2.26,1.21,114.3283,6.88,108.46,2.176223471915395,7.505138718763351,0.9,1.3993011097695573,0.7299586279637298,
2017-04-18,2.18,1.18,114.2575,6.8778,108.4,2.176223471915395,7.505138718763351,0.9,1.3993011097695573,0.7240612265665543,
2017-04-19,2.21,1.19,114.7923,6.886,109.06,2.176223471915395,7.505138718763351,0.9,1.3993011097695573,0.6385888599743835,
2017-04-20,2.24,1.21,114.6205,6.88,109.34,2.176223471915395,7.505138718763351,0.9,1.3993011097695573,0.3991180374839897,
2017-04-21,2.24,1.2,114.8128,6.8845,109.08,2.176223471915395,7.505138718763351,0.9,1.3993011097695573,0.4771133785541413,
2017-04-24,2.28,1.25,114.3659,6.884,109.74,2.176223471915395,7.505138718763351,0.9,1.3993011097695573,0.15942061903039467,
2017-04-25,2.35,1.29,114.5111,6.8824,110.88,2.176223471915395,7.505138718763351,0.9,1.3993011097695573,0.08021758624185878,
2017-04-26,2.32,1.28,114.9479,6.8918,111.52,2.176223471915395,7.505138718763351,0.9,1.3993011097695573,-0.16067553806540194,
2017-04-27,2.3,1.25,114.9946,6.8958,111.13,2.176223471915395,7.505138718763351,0.9,1.3993011097695573,0.2421734624897197,
2017-04-28,2.29,1.28,114.7877,6.89,111.44,2.176223471915395,7.505138718763351,0.9,1.3993011097695573,-0.08104493517928632,
2017-05-01,2.33,1.28,114.5921,6.89,111.78,1.8563431667619756,-1.2480102063145764,0.91,1.7500792534729248,-0.3314009499011355,
2017-05-02,2.29,1.27,114.6792,6.8949,112.06,1.8563431667619756,-1.2480102063145764,0.91,1.7500792534729248,-0.16988825531427157,
2017-05-03,2.33,1.3,114.6637,6.8968,112.34,1.8563431667619756,-1.2480102063145764,0.91,1.7500792534729248,-0.5251241081957089,
2017-05-04,2.36,1.32,114.9076,6.8959,112.7,1.8563431667619756,-1.2480102063145764,0.91,1.7500792534729248,-0.7026706432827062,
2017-05-05,2.36,1.32,114.7725,6.9021,112.63,1.8563431667619756,-1.2480102063145764,0.91,1.7500792534729248,-0.2648098384451565,
2017-05-08,2.39,1.33,115.0895,6.904,112.84,1.8563431667619756,-1.2480102063145764,0.91,1.7500792534729248,-0.3542757925854658,
2017-05-09,2.42,1.37,115.3933,6.906,114.19,1.8563431667619756,-1.2480102063145764,0.91,1.7500792534729248,-1.0,
2017-05-10,2.41,1.35,115.1145,6.9011,114.02,1.8563431667619756,-1.2480102063145764,0.91,1.7500792534729248,-0.9364478689368139,
2017-05-11,2.39,1.35,115.0669,6.9033,113.77,1.8563431667619756,-1.2480102063145764,0.91,1.7500792534729248,-1.0,
2017-05-12,2.33,1.29,114.7479,6.8972,113.3,1.8563431667619756,-1.2480102063145764,0.91,1.7500792534729248,,
2017-05-15,2.34,1.31,114.3504,6.89,113.54,1.8563431667619756,-1.2480102063145764,0.91,1.7500792534729248,-0.8606350217674342,
2017-05-16,2.33,1.29,113.9923,6.884,113.24,1.8563431667619756,-1.2480102063145764,0.91,1.7500792534729248,-0.9549525752781468,
2017-05-17,2.22,1.26,113.7506,6.8773,111.46,1.8563431667619756,-1.2480102063145764,0.91,1.7500792534729248,-0.6128148155328793,
2017-05-18,2.23,1.27,114.2683,6.888,110.82,1.8563431667619756,-1.2480102063145764,0.91,1.7500792534729248,-0.539875505368518,
2017-05-19,2.23,1.28,113.7001,6.883,111.47,1.8563431667619756,-1.2480102063145764,0.91,1.7500792534729248,-0.7801709119444699,
2017-05-22,2.25,1.29,113.5442,6.8828,111.15,1.8563431667619756,-1.2480102063145764,0.91,1.7500792534729248,-0.3997197570884349,
2017-05-23,2.29,1.31,113.6862,6.888,111.64,1.8563431667619756,-1.2480102063145764,0.91,1.7500792534729248,-0.20262471223366085,
2017-05-24,2.26,1.29,113.675,6.8883,112.02,1.8563431667619756,-1.2480102063145764,0.91,1.7500792534729248,-0.10131235611683043,
2017-05-25,2.25,1.3,113.3719,6.8672,111.7,1.8563431667619756,-1.2480102063145764,0.91,1.7500792534729248,-0.5081862218612777,
2017-05-26,2.25,1.3,113.4839,6.8525,111.3,1.8563431667619756,-1.2480102063145764,0.91,1.7500792534729248,-0.20394047094350087,
2017-05-29,,,,,,1.8563431667619756,-1.2480102063145764,0.91,1.7500792534729248,,
2017-05-30,2.21,1.28,113.5552,6.8525,110.68,1.8563431667619756,-1.2480102063145764,0.91,1.7500792534729248,-0.10168852688897882,
2017-05-31,2.21,1.28,113.2956,6.8098,110.71,1.8563431667619756,-1.2480102063145764,0.91,1.7500792534729248,0.20761803073968016,
2017-06-01,2.21,1.28,113.3017,6.8029,111.24,1.640565809959127,0.0,1.04,1.4803308546539107,0.4274222546791186,
2017-06-02,2.15,1.28,113.1908,6.8085,110.49,1.640565809959127,0.0,1.04,1.4803308546539107,0.438158961455915,
2017-06-05,2.18,1.32,112.9755,6.803,110.49,1.640565809959127,0.0,1.04,1.4803308546539107,0.11589194961221119,
2017-06-06,2.14,1.3,112.7095,6.7945,109.34,1.640565809959127,0.0,1.04,1.4803308546539107,0.8713751623102273,
2017-06-07,2.18,1.32,112.8191,6.7935,109.54,1.640565809959127,0.0,1.04,1.4803308546539107,0.37535497253361155,
2017-06-08,2.19,1.33,112.8351,6.799,110.1,1.640565809959127,0.0,1.04,1.4803308546539107,0.25371077801012454,
2017-06-09,2.21,1.35,112.9562,6.797,110.61,1.640565809959127,0.0,1.04,1.4803308546539107,-0.7507099450672231,
2017-06-12,2.21,1.35,112.9837,6.7974,109.72,1.640565809959127,0.0,1.04,1.4803308546539107,-0.48821293326490967,
2017-06-13,2.21,1.38,112.6271,6.7981,110.12,1.640565809959127,0.0,1.04,1.4803308546539107,-1.0,
2017-06-14,2.15,1.35,112.0734,6.7888,109.16,1.640565809959127,0.0,1.04,1.4803308546539107,-1.0,
2017-06-15,2.16,1.35,112.8708,6.8061,110.66,1.640565809959127,0.0,1.04,1.4803308546539107,-0.89447454042149,
2017-06-16,2.16,1.32,112.6155,6.8097,110.84,1.640565809959127,0.0,1.04,1.4803308546539107,-0.44594407077658205,
2017-06-19,2.19,1.36,112.7576,6.818,111.34,1.640565809959127,0.0,1.04,1.4803308546539107,-0.7630924316487807,
2017-06-20,2.16,1.36,113.2698,6.8285,111.46,1.640565809959127,0.0,1.04,1.4803308546539107,-0.53372141890163,
2017-06-21,2.16,1.36,113.3327,6.8275,111.58,1.640565809959127,0.0,1.04,1.4803308546539107,-0.7346570179013417,
2017-06-22,2.15,1.34,113.1654,6.8275,111.36,1.640565809959127,0.0,1.04,1.4803308546539107,-0.4159307997026475,
2017-06-23,2.15,1.34,112.8665,6.8345,111.26,1.640565809959127,0.0,1.04,1.4803308546539107,-0.4128608797538374,
2017-06-26,2.14,1.36,112.7633,6.8382,111.48,1.640565809959127,0.0,1.04,1.4803308546539107,,
2017-06-27,2.21,1.38,112.55,6.81,112.42,1.640565809959127,0.0,1.04,1.4803308546539107,-1.0,
2017-06-28,2.22,1.34,112.0747,6.7984,112.18,1.640565809959127,0.0,1.04,1.4803308546539107,-0.6064997562301107,
2017-06-29,2.27,1.38,111.998,6.784,112.32,1.640565809959127,0.0,1.04,1.4803308546539107,-0.9996493073712845,
2017-06-30,2.31,1.38,111.9896,6.7793,112.4,1.640565809959127,0.0,1.04,1.4803308546539107,-0.9787321262287173,
2017-07-03,2.35,1.41,112.4268,6.7984,113.32,1.7251073506566073,1.3733725432167594,1.15,1.1187969195710634,-0.8489859382910707,
2017-07-04,,,,,,1.7251073506566073,1.3733725432167594,1.15,1.1187969195710634,,
2017-07-05,2.33,1.41,112.6534,6.7995,113.2,1.7251073506566073,1.3733725432167594,1.15,1.1187969195710634,-0.8356199947519447,
2017-07-06,2.37,1.4,112.4199,6.799,113.28,1.7251073506566073,1.3733725432167594,1.15,1.1187969195710634,-0.6532874902056462,
2017-07-07,2.39,1.4,112.3137,6.8039,114.1,1.7251073506566073,1.3733725432167594,1.15,1.1187969195710634,-0.4597925510151222,
2017-07-10,2.38,1.4,112.1587,6.8026,114.08,1.7251073506566073,1.3733725432167594,1.15,1.1187969195710634,-0.46465047817994687,
2017-07-11,2.37,1.37,112.1434,6.801,114.2,1.7251073506566073,1.3733725432167594,1.15,1.1187969195710634,0.0978414661587116,
2017-07-12,2.33,1.35,111.5904,6.7865,113.19,1.7251073506566073,1.3733725432167594,1.15,1.1187969195710634,-0.0,
2017-07-13,2.35,1.37,111.5365,6.7825,113.39,1.7251073506566073,1.3733725432167594,1.15,1.1187969195710634,-0.2161129573652936,
2017-07-14,2.33,1.35,110.9075,6.7741,112.66,1.7251073506566073,1.3733725432167594,1.15,1.1187969195710634,-0.3465989237627349,
2017-07-17,2.31,1.36,110.9304,6.769,112.76,1.7251073506566073,1.3733725432167594,1.15,1.1187969195710634,-0.0,
2017-07-18,2.27,1.36,110.4356,6.7451,111.89,1.7251073506566073,1.3733725432167594,1.15,1.1187969195710634,-0.0,
2017-07-19,2.27,1.37,110.4339,6.7511,111.77,1.7251073506566073,1.3733725432167594,1.15,1.1187969195710634,-0.11943824881232512,
2017-07-20,2.27,1.37,110.2512,6.757,111.68,1.7251073506566073,1.3733725432167594,1.15,1.1187969195710634,-0.36861283538830136,
2017-07-21,2.24,1.36,110.191,6.7663,111.18,1.7251073506566073,1.3733725432167594,1.15,1.1187969195710634,-0.24885238139685997,
2017-07-24,2.26,1.37,110.2004,6.7488,111.1,1.7251073506566073,1.3733725432167594,1.15,1.1187969195710634,-0.125801657323319,
2017-07-25,2.33,1.4,110.2835,6.7495,111.57,1.7251073506566073,1.3733725432167594,1.15,1.1187969195710634,-0.25270657206116165,
2017-07-26,2.29,1.36,110.3811,6.753,112.1,1.7251073506566073,1.3733725432167594,1.15,1.1187969195710634,-0.2543628739654329,
2017-07-27,2.32,1.36,110.216,6.741,111.62,1.7251073506566073,1.3733725432167594,1.15,1.1187969195710634,0.25442263148867245,
2017-07-28,2.3,1.34,109.92,6.7362,110.87,1.7251073506566073,1.3733725432167594,1.15,1.1187969195710634,0.5101253537102561,
2017-07-31,2.3,1.34,109.8177,6.724,110.38,1.7251073506566073,1.3733725432167594,1.15,1.1187969195710634,0.8933612684591554,
2017-08-01,2.26,1.34,109.8495,6.717,110.33,1.92812155729698,-42.7054355269535,1.16,0.8523014668689877,,
2017-08-02,2.27,1.36,109.7503,6.72,110.43,1.92812155729698,-42.7054355269535,1.16,0.8523014668689877,0.6401367877976147,
2017-08-03,2.24,1.34,109.8332,6.715,110.12,1.92812155729698,-42.7054355269535,1.16,0.8523014668689877,0.7685223971176455,
2017-08-04,2.27,1.36,110.2808,6.7272,110.76,1.92812155729698,-42.7054355269535,1.16,0.8523014668689877,0.5192854922990109,
2017-08-07,2.26,1.36,110.373,6.7207,110.76,1.92812155729698,-42.7054355269535,1.16,0.8523014668689877,0.5216040400645461,
2017-08-08,2.29,1.36,110.396,6.7049,110.74,1.92812155729698,-42.7054355269535,1.16,0.8523014668689877,0.13246799877946583,
2017-08-09,2.24,1.33,110.3671,6.672,110.04,1.92812155729698,-42.7054355269535,1.16,0.8523014668689877,0.2770826732777601,
2017-08-10,2.2,1.33,110.1886,6.646,109.37,1.92812155729698,-42.7054355269535,1.16,0.8523014668689877,0.575922106315228,
2017-08-11,2.19,1.3,110.0422,6.6612,109.06,1.92812155729698,-42.7054355269535,1.16,0.8523014668689877,0.7320484333951237,
2017-08-14,2.22,1.33,110.095,6.6695,109.48,1.92812155729698,-42.7054355269535,1.16,0.8523014668689877,0.4493663590022905,
2017-08-15,2.27,1.35,110.4846,6.6845,110.42,1.92812155729698,-42.7054355269535,1.16,0.8523014668689877,0.15149272529328853,
2017-08-16,2.23,1.33,110.4394,6.69,110.8,1.92812155729698,-42.7054355269535,1.16,0.8523014668689877,0.6215617983839644,
2017-08-17,2.19,1.32,110.1673,6.673,109.88,1.92812155729698,-42.7054355269535,1.16,0.8523014668689877,0.7874198419533625,
2017-08-18,2.19,1.33,110.041,6.67,109.32,1.92812155729698,-42.7054355269535,1.16,0.8523014668689877,0.4811725438262914,
2017-08-21,2.18,1.32,109.7349,6.663,108.89,1.92812155729698,-42.7054355269535,1.16,0.8523014668689877,0.8027185521673926,
2017-08-22,2.22,1.33,109.8386,6.66,109.4,1.92812155729698,-42.7054355269535,1.16,0.8523014668689877,1.0,
2017-08-23,2.17,1.32,109.8095,6.6569,109.14,1.92812155729698,-42.7054355269535,1.16,0.8523014668689877,0.6968724161622747,
2017-08-24,2.19,1.33,109.7524,6.66,109.34,1.92812155729698,-42.7054355269535,1.16,0.8523014668689877,0.5498584383337711,
2017-08-25,2.17,1.35,109.3415,6.6465,109.24,1.92812155729698,-42.7054355269535,1.16,0.8523014668689877,-0.195427644630213,
2017-08-28,2.16,1.33,109.1815,6.6084,109.22,1.92812155729698,-42.7054355269535,1.16,0.8523014668689877,0.1968743617558669,
2017-08-29,2.13,1.33,109.0946,6.5945,109.02,1.92812155729698,-42.7054355269535,1.16,0.8523014668689877,0.20318618318230142,
2017-08-30,2.15,1.33,109.4052,6.5918,110.2,1.92812155729698,-42.7054355269535,1.16,0.8523014668689877,0.6145613611625359,
2017-08-31,2.12,1.33,109.3686,6.5888,110.06,1.92812155729698,-42.7054355269535,1.16,0.8523014668689877,0.20485378705417864,
2017-09-01,2.16,1.35,109.0504,6.5552,110.09,2.1805652303711787,-95.04083081996413,1.15,1.0630336308315114,0.20485378705417864,
2017-09-04,,,,,,2.1805652303711787,-95.04083081996413,1.15,1.0630336308315114,,
2017-09-05,2.07,1.3,108.8664,6.5345,108.94,2.1805652303711787,-95.04083081996413,1.15,1.0630336308315114,1.0,
2017-09-06,2.1,1.3,108.4897,6.5221,108.75,2.1805652303711787,-95.04083081996413,1.15,1.0630336308315114,0.5713333536105293,
2017-09-07,2.05,1.27,107.9224,6.483,108.26,2.1805652303711787,-95.04083081996413,1.15,1.0630336308315114,1.0,
2017-09-08,2.06,1.27,107.808,6.4773,107.72,2.1805652303711787,-95.04083081996413,1.15,1.0630336308315114,0.500210188253867,
2017-09-11,2.14,1.32,108.153,6.5254,109.03,2.1805652303711787,-95.04083081996413,1.15,1.0630336308315114,0.16560422778863954,
2017-09-12,2.17,1.33,108.3239,6.5334,110.01,2.1805652303711787,-95.04083081996413,1.15,1.0630336308315114,0.33060018513614936,
2017-09-13,2.2,1.35,108.6628,6.54,110.58,2.1805652303711787,-95.04083081996413,1.15,1.0630336308315114,-0.3310547013950401,
2017-09-14,2.2,1.37,108.618,6.552,110.66,2.1805652303711787,-95.04083081996413,1.15,1.0630336308315114,-0.8243231659523976,
2017-09-15,2.2,1.39,108.3147,6.55,110.84,2.1805652303711787,-95.04083081996413,1.15,1.0630336308315114,-0.974166359347614,
2017-09-18,2.23,1.4,108.6401,6.5725,111.48,2.1805652303711787,-95.04083081996413,1.15,1.0630336308315114,-1.0,
2017-09-19,2.24,1.4,108.6142,6.58,111.49,2.1805652303711787,-95.04083081996413,1.15,1.0630336308315114,-1.0,
2017-09-20,2.28,1.45,108.4329,6.57,111.5,2.1805652303711787,-95.04083081996413,1.15,1.0630336308315114,-1.0,
2017-09-21,2.27,1.45,108.9267,6.5861,112.3,2.1805652303711787,-95.04083081996413,1.15,1.0630336308315114,-1.0,
2017-09-22,2.26,1.46,108.7542,6.5899,112.01,2.1805652303711787,-95.04083081996413,1.15,1.0630336308315114,-1.0,
2017-09-25,2.22,1.44,109.3302,6.6189,111.64,2.1805652303711787,-95.04083081996413,1.15,1.0630336308315114,-1.0,
2017-09-26,2.24,1.45,109.7769,6.6371,112.16,2.1805652303711787,-95.04083081996413,1.15,1.0630336308315114,-1.0,
2017-09-27,2.31,1.47,110.0722,6.64,112.76,2.1805652303711787,-95.04083081996413,1.15,1.0630336308315114,-1.0,
2017-09-28,2.31,1.45,110.2415,6.6591,112.66,2.1805652303711787,-95.04083081996413,1.15,1.0630336308315114,-1.0,
2017-09-29,2.33,1.47,110.0867,6.6533,112.64,2.1805652303711787,-95.04083081996413,1.15,1.0630336308315114,-1.0,
2017-10-02,2.34,1.49,110.3686,6.6533,112.6,2.020757753132485,-41.685261855708,1.15,2.2919955326540453,,
2017-10-03,2.33,1.47,110.3281,6.6533,112.8,2.020757753132485,-41.685261855708,1.15,2.2919955326540453,-1.0,
2017-10-04,2.33,1.47,110.2425,6.6533,112.84,2.020757753132485,-41.685261855708,1.15,2.2919955326540453,-1.0,
2017-10-05,2.35,1.49,110.5823,6.6533,112.74,2.020757753132485,-41.685261855708,1.15,2.2919955326540453,-1.0,
2017-10-06,2.37,1.54,110.7841,6.6533,112.68,2.020757753132485,-41.685261855708,1.15,2.2919955326540453,-1.0,
2017-10-09,,,,,,2.020757753132485,-41.685261855708,1.15,2.2919955326540453,,
2017-10-10,2.35,1.51,110.3034,6.5712,112.15,2.020757753132485,-41.685261855708,1.15,2.2919955326540453,-1.0,
2017-10-11,2.35,1.51,110.3037,6.587,112.35,2.020757753132485,-41.685261855708,1.15,2.2919955326540453,-1.0,
2017-10-12,2.33,1.51,110.3152,6.5855,112.38,2.020757753132485,-41.685261855708,1.15,2.2919955326540453,-1.0,
2017-10-13,2.28,1.51,110.2669,6.5785,111.94,2.020757753132485,-41.685261855708,1.15,2.2919955326540453,-0.8544177120301553,
2017-10-16,2.3,1.54,110.5432,6.5885,111.72,2.020757753132485,-41.685261855708,1.15,2.2919955326540453,-0.9555169293607605,
2017-10-17,2.3,1.54,110.9141,6.622,112.32,2.020757753132485,-41.685261855708,1.15,2.2919955326540453,-0.9202495238513497,
2017-10-18,2.34,1.59,110.7214,6.625,112.94,2.020757753132485,-41.685261855708,1.15,2.2919955326540453,-0.8689490531745118,
2017-10-19,2.33,1.58,110.4577,6.6126,112.54,2.020757753132485,-41.685261855708,1.15,2.2919955326540453,-0.7717517381656781,
2017-10-20,2.39,1.6,111.0375,6.6185,113.5,2.020757753132485,-41.685261855708,1.15,2.2919955326540453,-0.7941213173301174,
2017-10-23,2.38,1.58,111.2134,6.638,113.66,2.020757753132485,-41.685261855708,1.15,2.2919955326540453,-0.7695637465571417,
2017-10-24,2.42,1.6,111.4027,6.6335,113.92,2.020757753132485,-41.685261855708,1.15,2.2919955326540453,-0.7962727234378989,
2017-10-25,2.44,1.61,111.3904,6.635,113.7,2.020757753132485,-41.685261855708,1.15,2.2919955326540453,-0.7167053604192163,
2017-10-26,2.46,1.63,111.6418,6.6392,113.72,2.020757753132485,-41.685261855708,1.15,2.2919955326540453,-0.888243947663263,
2017-10-27,2.42,1.59,112.1495,6.6498,113.82,2.020757753132485,-41.685261855708,1.15,2.2919955326540453,-0.579329923239554,
2017-10-30,2.37,1.58,111.901,6.6498,113.26,2.020757753132485,-41.685261855708,1.15,2.2919955326540453,-0.4271664984221499,
2017-10-31,2.38,1.6,111.8052,6.6328,113.63,2.020757753132485,-41.685261855708,1.15,2.2919955326540453,-0.6047220978125288,
2017-11-01,2.37,1.61,111.7942,6.6018,114.04,2.172493864295566,53.560993583471586,1.16,2.9662701539719283,-0.6405291412513736,
2017-11-02,2.35,1.61,111.5474,6.6068,113.84,2.172493864295566,53.560993583471586,1.16,2.9662701539719283,-0.5413253644072891,
2017-11-03,2.34,1.63,111.9383,6.636,114.25,2.172493864295566,53.560993583471586,1.16,2.9662701539719283,-0.40137344609859094,
2017-11-06,2.32,1.61,111.7197,6.6311,113.9,2.172493864295566,53.560993583471586,1.16,2.9662701539719283,,
2017-11-07,2.32,1.63,111.9446,6.638,113.9,2.172493864295566,53.560993583471586,1.16,2.9662701539719283,-0.5223017920707238,
2017-11-08,2.32,1.65,111.6935,6.6249,113.62,2.172493864295566,53.560993583471586,1.16,2.9662701539719283,-0.6006479609728372,
2017-11-09,2.33,1.63,111.5626,6.6378,113.4,2.172493864295566,53.560993583471586,1.16,2.9662701539719283,-0.5120033887254497,
2017-11-10,2.4,1.67,,,,2.172493864295566,53.560993583471586,1.16,2.9662701539719283,-0.6730130130466766,
2017-11-13,2.4,1.7,111.7833,6.6385,113.62,2.172493864295566,53.560993583471586,1.16,2.9662701539719283,-0.661542186848668,
2017-11-14,2.38,1.68,111.5097,6.635,113.5,2.172493864295566,53.560993583471586,1.16,2.9662701539719283,-0.5726845190443491,
2017-11-15,2.33,1.68,111.4809,6.62,113.15,2.172493864295566,53.560993583471586,1.16,2.9662701539719283,-0.3658945324082648,
2017-11-16,2.37,1.72,111.2568,6.6273,112.89,2.172493864295566,53.560993583471586,1.16,2.9662701539719283,-0.5608118479366352,
2017-11-17,2.35,1.73,111.0016,6.6245,111.98,2.172493864295566,53.560993583471586,1.16,2.9662701539719283,-0.511734608591784,
2017-11-20,2.37,1.77,111.2599,6.6245,112.49,2.172493864295566,53.560993583471586,1.16,2.9662701539719283,-0.7324926448893114,
2017-11-21,2.36,1.77,110.9828,6.6265,112.46,2.172493864295566,53.560993583471586,1.16,2.9662701539719283,-0.6445648847309818,
2017-11-22,2.32,1.74,110.5632,6.6086,111.62,2.172493864295566,53.560993583471586,1.16,2.9662701539719283,-0.48995888216506284,
2017-11-23,,,,,,2.172493864295566,53.560993583471586,1.16,2.9662701539719283,,
2017-11-24,2.34,1.75,110.0253,6.5998,111.54,2.172493864295566,53.560993583471586,1.16,2.9662701539719283,-0.6046803755021706,
2017-11-27,2.32,1.74,110.1136,6.5967,111.0,2.172493864295566,53.560993583471586,1.16,2.9662701539719283,-0.5975231352517361,
2017-11-28,2.34,1.75,110.3018,6.6044,111.13,2.172493864295566,53.560993583471586,1.16,2.9662701539719283,-0.5643719141810182,
2017-11-29,2.37,1.78,110.3265,6.6091,111.75,2.172493864295566,53.560993583471586,1.16,2.9662701539719283,-0.6426401373140468,
2017-11-30,2.42,1.78,110.4648,6.609,112.3,2.172493864295566,53.560993583471586,1.16,2.9662701539719283,-0.6538941401924878,
2017-12-01,2.37,1.78,110.1413,6.6137,111.88,2.129930719552253,-34.30619490580599,1.3,2.467143465957866,-0.5902920506850833,
2017-12-04,2.37,1.8,110.397,6.6185,112.8,2.129930719552253,-34.30619490580599,1.3,2.467143465957866,-0.7538989949258628,
2017-12-05,2.36,1.83,110.4905,6.617,112.76,2.129930719552253,-34.30619490580599,1.3,2.467143465957866,-0.7953981741637636,
2017-12-06,2.33,1.78,110.8711,6.6136,112.32,2.129930719552253,-34.30619490580599,1.3,2.467143465957866,-0.5238425487208135,
2017-12-07,2.37,1.8,111.0178,6.6173,112.7,2.129930719552253,-34.30619490580599,1.3,2.467143465957866,-0.6899678007518953,
2017-12-08,2.38,1.8,111.2273,6.6199,113.55,2.129930719552253,-34.30619490580599,1.3,2.467143465957866,-0.5306008144214539,
2017-12-11,2.39,1.82,111.0827,6.6175,113.34,2.129930719552253,-34.30619490580599,1.3,2.467143465957866,-0.4907418118735079,
2017-12-12,2.4,1.83,111.5214,6.621,113.62,2.129930719552253,-34.30619490580599,1.3,2.467143465957866,-0.6153847573468171,
2017-12-13,2.36,1.79,111.2759,6.6171,113.19,2.129930719552253,-34.30619490580599,1.3,2.467143465957866,-0.45272637721876535,
2017-12-14,2.35,1.82,111.0893,6.6091,112.56,2.129930719552253,-34.30619490580599,1.3,2.467143465957866,-0.41139788834570656,
2017-12-15,2.35,1.84,111.1286,6.6088,112.68,2.129930719552253,-34.30619490580599,1.3,2.467143465957866,-0.45061323396702935,
2017-12-18,2.39,1.84,110.9086,6.6088,112.4,2.129930719552253,-34.30619490580599,1.3,2.467143465957866,-0.2877370432179222,
2017-12-19,2.46,1.87,111.1255,6.6088,112.98,2.129930719552253,-34.30619490580599,1.3,2.467143465957866,-0.4098931471217557,
2017-12-20,2.49,1.87,110.8361,6.5771,113.29,2.129930719552253,-34.30619490580599,1.3,2.467143465957866,-0.5307077951383037,
2017-12-21,2.48,1.89,110.8786,6.5833,113.42,2.129930719552253,-34.30619490580599,1.3,2.467143465957866,,
2017-12-22,2.48,1.91,111.0997,6.575,113.3,2.129930719552253,-34.30619490580599,1.3,2.467143465957866,-0.6481380339872684,
2017-12-26,2.47,1.92,110.9758,6.5429,113.2,2.129930719552253,-34.30619490580599,1.3,2.467143465957866,-0.694595357013819,
2017-12-27,2.42,1.89,110.8553,6.556,113.28,2.129930719552253,-34.30619490580599,1.3,2.467143465957866,-0.452838788695917,
2017-12-28,2.43,1.91,110.5154,6.5322,112.85,2.129930719552253,-34.30619490580599,1.3,2.467143465957866,-0.5357947584130055,
2017-12-29,2.4,1.89,110.0783,6.5063,112.69,2.129930719552253,-34.30619490580599,1.3,2.467143465957866,-0.4522207173409725,
2018-01-02,2.46,1.92,109.6445,6.491,112.18,2.151318868063945,-44.933651817358374,1.41,2.7352874765469437,-0.3701273516047024,
2018-01-03,2.44,1.94,109.6751,6.501,112.28,2.151318868063945,-44.933651817358374,1.41,2.7352874765469437,-0.6573455350455298,
2018-01-04,2.46,1.96,109.4777,6.4915,112.78,2.151318868063945,-44.933651817358374,1.41,2.7352874765469437,-0.6558490340236779,
2018-01-05,2.47,1.96,109.3496,6.4875,113.18,2.151318868063945,-44.933651817358374,1.41,2.7352874765469437,-0.6571579120372139,
2018-01-08,2.49,1.96,109.5681,6.497,113.08,2.151318868063945,-44.933651817358374,1.41,2.7352874765469437,-0.5739440431835562,
2018-01-09,2.55,1.98,109.9025,6.5263,112.57,2.151318868063945,-44.933651817358374,1.41,2.7352874765469437,-0.6129551993915351,
2018-01-10,2.55,1.98,109.628,6.5055,111.48,2.151318868063945,-44.933651817358374,1.41,2.7352874765469437,-0.7679335674791636,
2018-01-11,2.54,1.98,109.4888,6.4956,111.35,2.151318868063945,-44.933651817358374,1.41,2.7352874765469437,-0.6431099203414147,
2018-01-12,2.55,1.99,108.901,6.4607,111.23,2.151318868063945,-44.933651817358374,1.41,2.7352874765469437,-0.5975608196977771,
2018-01-15,,,,,,2.151318868063945,-44.933651817358374,1.41,2.7352874765469437,,
2018-01-16,2.54,2.03,108.3218,6.4395,110.74,2.151318868063945,-44.933651817358374,1.41,2.7352874765469437,-0.6371086268242165,
2018-01-17,2.57,2.05,108.1526,6.433,110.81,2.151318868063945,-44.933651817358374,1.41,2.7352874765469437,-0.7038556983052022,
2018-01-18,2.62,2.05,108.0655,6.4175,110.88,2.151318868063945,-44.933651817358374,1.41,2.7352874765469437,-0.6146246566445978,
2018-01-19,2.64,2.06,107.9455,6.399,110.56,2.151318868063945,-44.933651817358374,1.41,2.7352874765469437,-0.5716716555341653,
2018-01-22,2.66,2.08,108.107,6.4035,111.15,2.151318868063945,-44.933651817358374,1.41,2.7352874765469437,,
2018-01-23,2.63,2.06,107.9979,6.4,110.46,2.151318868063945,-44.933651817358374,1.41,2.7352874765469437,-0.5292646703745076,
2018-01-24,2.65,2.08,107.0802,6.365,109.15,2.151318868063945,-44.933651817358374,1.41,2.7352874765469437,-0.7147116605534148,
2018-01-25,2.63,2.08,106.5052,6.3189,108.7,2.151318868063945,-44.933651817358374,1.41,2.7352874765469437,-0.6388997097771718,
2018-01-26,2.66,2.13,106.6911,6.3199,108.38,2.151318868063945,-44.933651817358374,1.41,2.7352874765469437,-0.8891827813745604,
2018-01-29,2.7,2.11,107.1142,6.3328,109.12,2.151318868063945,-44.933651817358374,1.41,2.7352874765469437,,
2018-01-30,2.73,2.13,107.1064,6.3199,108.9,2.151318868063945,-44.933651817358374,1.41,2.7352874765469437,-0.7743169286043559,
2018-01-31,2.72,2.14,106.7696,6.2841,109.31,2.151318868063945,-44.933651817358374,1.41,2.7352874765469437,-0.7316129302451759,
2018-02-01,2.78,2.16,106.4877,6.2969,109.5,2.263468931091861,162.6283437526529,1.42,3.3994953469032696,-0.7288323464995128,
2018-02-02,2.84,2.15,107.1151,6.2984,110.4,2.263468931091861,162.6283437526529,1.42,3.3994953469032696,-0.6881314463389483,
2018-02-05,2.77,2.08,107.33,6.285,110.09,2.263468931091861,162.6283437526529,1.42,3.3994953469032696,-0.43687766977381803,
2018-02-06,2.79,2.1,107.5204,6.283,109.18,2.263468931091861,162.6283437526529,1.42,3.3994953469032696,-0.4407178704805268,
2018-02-07,2.84,2.15,107.7175,6.2649,109.53,2.263468931091861,162.6283437526529,1.42,3.3994953469032696,-0.625613530298261,
2018-02-08,2.85,2.13,108.3025,6.3222,109.0,2.263468931091861,162.6283437526529,1.42,3.3994953469032696,-0.5525101958704788,
2018-02-09,2.83,2.05,108.2582,6.2966,108.44,2.263468931091861,162.6283437526529,1.42,3.3994953469032696,-0.2241218104801486,
2018-02-12,2.86,2.09,108.0332,6.325,108.72,2.263468931091861,162.6283437526529,1.42,3.3994953469032696,,
2018-02-13,2.83,2.1,107.7574,6.338,107.59,2.263468931091861,162.6283437526529,1.42,3.3994953469032696,-0.26319490164283604,
2018-02-14,2.91,2.17,107.4691,6.3438,107.0,2.263468931091861,162.6283437526529,1.42,3.3994953469032696,-0.45060467132653703,
2018-02-15,2.9,2.19,106.9867,6.3438,106.36,2.263468931091861,162.6283437526529,1.42,3.3994953469032696,-0.5163977794943274,
2018-02-16,2.87,2.21,107.0359,6.3438,106.1,2.263468931091861,162.6283437526529,1.42,3.3994953469032696,-0.5493763887282865,
2018-02-19,,,,,,2.263468931091861,162.6283437526529,1.42,3.3994953469032696,,
2018-02-20,2.88,2.25,107.6249,6.3351,107.23,2.263468931091861,162.6283437526529,1.42,3.3994953469032696,-0.6996114544392631,
2018-02-21,2.94,2.26,107.8679,6.3351,107.64,2.263468931091861,162.6283437526529,1.42,3.3994953469032696,-0.6521823634298647,
2018-02-22,2.92,2.25,107.8668,6.3471,106.96,2.263468931091861,162.6283437526529,1.42,3.3994953469032696,-0.6101832553798189,
2018-02-23,2.88,2.25,107.6804,6.3329,106.64,2.263468931091861,162.6283437526529,1.42,3.3994953469032696,-0.4283160816316063,
2018-02-26,2.86,2.22,107.7347,6.3115,106.96,2.263468931091861,162.6283437526529,1.42,3.3994953469032696,-0.3926503612091928,
2018-02-27,2.9,2.27,108.1731,6.3169,107.47,2.263468931091861,162.6283437526529,1.42,3.3994953469032696,-0.49331341234038517,
2018-02-28,2.87,2.25,108.3903,6.328,106.62,2.263468931091861,162.6283437526529,1.42,3.3994953469032696,-0.3894227148802477,
2018-03-01,2.81,2.22,108.5358,6.3565,106.91,2.3309497646499366,26.49097499381593,1.51,3.224806264183644,-0.2143853516242329,
2018-03-02,2.86,2.25,,6.3428,105.65,2.3309497646499366,26.49097499381593,1.51,3.224806264183644,-0.35982798165727553,
2018-03-05,2.88,2.24,108.3614,6.3491,105.97,2.3309497646499366,26.49097499381593,1.51,3.224806264183644,-0.580208509868778,
2018-03-06,2.88,2.25,107.7969,6.3093,106.03,2.3309497646499366,26.49097499381593,1.51,3.224806264183644,-0.547690313483482,
2018-03-07,2.89,2.25,108.0911,6.3225,105.94,2.3309497646499366,26.49097499381593,1.51,3.224806264183644,-0.3726524545688763,
2018-03-08,2.86,2.25,108.2671,6.3389,106.08,2.3309497646499366,26.49097499381593,1.51,3.224806264183644,-0.4547031615885103,
2018-03-09,2.9,2.27,107.923,6.3285,106.74,2.3309497646499366,26.49097499381593,1.51,3.224806264183644,-0.8433136684127237,
2018-03-12,2.87,2.27,107.9438,6.327,106.52,2.3309497646499366,26.49097499381593,1.51,3.224806264183644,-0.7007324752442473,
2018-03-13,2.84,2.26,107.7384,6.318,106.64,2.3309497646499366,26.49097499381593,1.51,3.224806264183644,-0.6311887899612199,
2018-03-14,2.81,2.26,107.8623,6.314,106.17,2.3309497646499366,26.49097499381593,1.51,3.224806264183644,-0.3610560154419005,
2018-03-15,2.82,2.29,108.2032,6.3202,106.07,2.3309497646499366,26.49097499381593,1.51,3.224806264183644,-0.4048799762010738,
2018-03-16,2.85,2.31,108.4332,6.33,106.1,2.3309497646499366,26.49097499381593,1.51,3.224806264183644,-0.4061617412183048,
2018-03-19,2.85,2.31,108.3145,6.3291,105.83,2.3309497646499366,26.49097499381593,1.51,3.224806264183644,,
2018-03-20,2.89,2.34,108.4953,6.3328,106.42,2.3309497646499366,26.49097499381593,1.51,3.224806264183644,-0.36077264573709683,
2018-03-21,2.89,2.31,,6.32,106.3,2.3309497646499366,26.49097499381593,1.51,3.224806264183644,-0.203854391204081,
2018-03-22,2.83,2.29,107.9935,6.331,105.34,2.3309497646499366,26.49097499381593,1.51,3.224806264183644,-0.16623180856893877,
2018-03-23,2.82,2.28,107.7495,6.311,104.83,2.3309497646499366,26.49097499381593,1.51,3.224806264183644,-0.1286556538334802,
2018-03-26,2.85,2.33,107.1819,6.2685,105.0,2.3309497646499366,26.49097499381593,1.51,3.224806264183644,-0.46646026525414785,
2018-03-27,2.78,2.26,107.3359,6.2781,105.72,2.3309497646499366,26.49097499381593,1.51,3.224806264183644,0.04369478859729099,
2018-03-28,2.77,2.28,107.5733,6.2946,106.3,2.3309497646499366,26.49097499381593,1.51,3.224806264183644,-0.1344085619338477,
2018-03-29,2.74,2.27,107.665,6.2876,106.27,2.3309497646499366,26.49097499381593,1.51,3.224806264183644,-0.2295147022288436,
2018-03-30,,,107.4784,6.2726,106.2,2.3309497646499366,26.49097499381593,1.51,3.224806264183644,,
2018-04-02,2.73,2.25,107.7033,6.2785,105.99,2.4709963021052994,-36.5886108499266,1.69,3.309758614070435,-0.0487878714390062,
2018-04-03,2.79,2.28,107.5624,6.2881,106.45,2.4709963021052994,-36.5886108499266,1.69,3.309758614070435,-0.15051533152286445,
2018-04-04,2.79,2.28,107.6361,6.3045,106.56,2.4709963021052994,-36.5886108499266,1.69,3.309758614070435,-0.15551080206951812,
2018-04-05,2.83,2.3,107.7281,6.3045,107.48,2.4709963021052994,-36.5886108499266,1.69,3.309758614070435,-0.2682397535909015,
2018-04-06,2.77,2.27,107.7886,6.3045,107.03,2.4709963021052994,-36.5886108499266,1.69,3.309758614070435,-0.0,
2018-04-09,2.78,2.29,107.5316,6.3035,107.06,2.4709963021052994,-36.5886108499266,1.69,3.309758614070435,-0.11189206599306394,
2018-04-10,2.8,2.32,107.3659,6.2798,107.3,2.4709963021052994,-36.5886108499266,1.69,3.309758614070435,-0.34245664564856915,
2018-04-11,2.79,2.32,107.1224,6.2655,106.78,2.4709963021052994,-36.5886108499266,1.69,3.309758614070435,-0.3480004640009364,
2018-04-12,2.83,2.34,107.2905,6.2876,107.3,2.4709963021052994,-36.5886108499266,1.69,3.309758614070435,-0.29414381667041417,
2018-04-13,2.82,2.37,107.2368,6.2725,107.52,2.4709963021052994,-36.5886108499266,1.69,3.309758614070435,-0.35447116557218566,
2018-04-16,2.83,2.39,107.0595,6.2752,107.26,2.4709963021052994,-36.5886108499266,1.69,3.309758614070435,-0.46941302211389463,
2018-04-17,2.82,2.41,107.0344,6.2804,107.09,2.4709963021052994,-36.5886108499266,1.69,3.309758614070435,-0.40957359178485175,
2018-04-18,2.87,2.42,107.1096,6.2722,107.26,2.4709963021052994,-36.5886108499266,1.69,3.309758614070435,-0.637187020847719,
2018-04-19,2.92,2.44,107.5197,6.2765,107.42,2.4709963021052994,-36.5886108499266,1.69,3.309758614070435,-0.8570728102256064,
2018-04-20,2.96,2.46,108.1787,6.2945,107.6,2.4709963021052994,-36.5886108499266,1.69,3.309758614070435,-0.9948824506821193,
2018-04-23,2.98,2.49,108.9332,6.3158,108.62,2.4709963021052994,-36.5886108499266,1.69,3.309758614070435,-0.8540484684967647,
2018-04-24,3.0,2.48,108.7906,6.3035,109.03,2.4709963021052994,-36.5886108499266,1.69,3.309758614070435,-1.0,
2018-04-25,3.03,2.49,109.3447,6.3236,109.33,2.4709963021052994,-36.5886108499266,1.69,3.309758614070435,-1.0,
2018-04-26,3.0,2.49,109.3646,6.334,109.3,2.4709963021052994,-36.5886108499266,1.69,3.309758614070435,-1.0,
2018-04-27,2.96,2.49,109.1735,6.3325,109.12,2.4709963021052994,-36.5886108499266,1.69,3.309758614070435,,
2018-04-30,2.95,2.49,109.3363,6.3325,109.28,2.4709963021052994,-36.5886108499266,1.69,3.309758614070435,-1.0,
2018-05-01,2.97,2.5,109.7445,6.3325,109.69,2.781921607842497,86.81505198934316,1.7,2.2584201444366236,-1.0,
2018-05-02,2.97,2.49,110.1625,6.361,109.89,2.781921607842497,86.81505198934316,1.7,2.2584201444366236,-0.9887074942837414,
2018-05-03,2.94,2.49,110.1803,6.352,109.06,2.781921607842497,86.81505198934316,1.7,2.2584201444366236,-0.8923076974395799,
2018-05-04,2.95,2.51,110.25,6.3589,109.16,2.781921607842497,86.81505198934316,1.7,2.2584201444366236,-1.0,
2018-05-07,2.95,2.49,110.5721,6.364,109.14,2.781921607842497,86.81505198934316,1.7,2.2584201444366236,-0.9811515707426736,
2018-05-08,2.97,2.51,111.063,6.369,109.16,2.781921607842497,86.81505198934316,1.7,2.2584201444366236,-0.9466144485762478,
2018-05-09,3.0,2.54,110.8818,6.3585,109.68,2.781921607842497,86.81505198934316,1.7,2.2584201444366236,-1.0,
2018-05-10,2.97,2.54,110.405,6.344,109.53,2.781921607842497,86.81505198934316,1.7,2.2584201444366236,-0.9687225684379169,
2018-05-11,2.97,2.54,110.2847,6.3333,109.26,2.781921607842497,86.81505198934316,1.7,2.2584201444366236,-0.8106438470019369,
2018-05-14,3.0,2.55,110.408,6.336,109.52,2.781921607842497,86.81505198934316,1.7,2.2584201444366236,-0.746252303707189,
2018-05-15,3.08,2.58,111.2292,6.376,110.25,2.781921607842497,86.81505198934316,1.7,2.2584201444366236,-0.7702792880315352,
2018-05-16,3.09,2.58,111.3068,6.3706,110.22,2.781921607842497,86.81505198934316,1.7,2.2584201444366236,-0.7061321243136593,
2018-05-17,3.11,2.57,111.3547,6.3645,110.76,2.781921607842497,86.81505198934316,1.7,2.2584201444366236,-0.5631243077940863,
2018-05-18,3.06,2.55,111.7171,6.3768,110.71,2.781921607842497,86.81505198934316,1.7,2.2584201444366236,-0.3855414173821637,
2018-05-21,3.06,2.58,111.6394,6.3815,111.08,2.781921607842497,86.81505198934316,1.7,2.2584201444366236,-0.3814973868202614,
2018-05-22,3.06,2.59,111.1945,6.366,110.94,2.781921607842497,86.81505198934316,1.7,2.2584201444366236,-0.4577104947526846,
2018-05-23,3.01,2.53,111.6933,6.3875,110.05,2.781921607842497,86.81505198934316,1.7,2.2584201444366236,-0.1662988836975856,
2018-05-24,2.98,2.5,111.4885,6.3757,109.3,2.781921607842497,86.81505198934316,1.7,2.2584201444366236,-0.042028925658125195,
2018-05-25,2.93,2.48,111.5843,6.3903,109.35,2.781921607842497,86.81505198934316,1.7,2.2584201444366236,0.04240516747398131,
2018-05-28,,,,,,2.781921607842497,86.81505198934316,1.7,2.2584201444366236,,
2018-05-29,2.77,2.32,112.2127,6.4162,108.62,2.781921607842497,86.81505198934316,1.7,2.2584201444366236,0.7771448377832143,
2018-05-30,2.84,2.42,111.6731,6.4175,109.04,2.781921607842497,86.81505198934316,1.7,2.2584201444366236,0.3069613790236511,
2018-05-31,2.83,2.4,111.9894,6.4096,108.73,2.781921607842497,86.81505198934316,1.7,2.2584201444366236,0.4013526815357632,
2018-06-01,2.89,2.47,111.8265,6.418,109.49,2.8075506935940187,13.781399824294223,1.82,2.8410387544831828,0.1803867236764979,
2018-06-04,2.94,2.52,111.8247,6.405,109.66,2.8075506935940187,13.781399824294223,1.82,2.8410387544831828,-0.13619368160013715,
2018-06-05,2.92,2.49,112.264,6.4042,109.63,2.8075506935940187,13.781399824294223,1.82,2.8410387544831828,0.09211273070867057,
2018-06-06,2.97,2.52,111.7525,6.385,110.0,2.8075506935940187,13.781399824294223,1.82,2.8410387544831828,0.09327133605434274,
2018-06-07,2.93,2.5,112.0725,6.389,109.92,2.8075506935940187,13.781399824294223,1.82,2.8410387544831828,0.18842102325854135,
2018-06-08,2.93,2.5,112.1066,6.4031,109.45,2.8075506935940187,13.781399824294223,1.82,2.8410387544831828,0.18979591549807184,
2018-06-11,2.96,2.52,112.1106,6.4,109.94,2.8075506935940187,13.781399824294223,1.82,2.8410387544831828,0.14319728466102602,
2018-06-12,2.96,2.54,112.2138,6.3992,110.22,2.8075506935940187,13.781399824294223,1.82,2.8410387544831828,0.19070903766126962,
2018-06-13,2.98,2.59,112.2577,6.3944,110.41,2.8075506935940187,13.781399824294223,1.82,2.8410387544831828,-0.04747659830380618,
2018-06-14,2.94,2.59,112.8593,6.398,110.44,2.8075506935940187,13.781399824294223,1.82,2.8410387544831828,-0.09520277489781166,
2018-06-15,2.93,2.55,113.3379,6.4379,110.58,2.8075506935940187,13.781399824294223,1.82,2.8410387544831828,-0.0,
2018-06-18,2.92,2.56,113.4899,6.4379,110.44,2.8075506935940187,13.781399824294223,1.82,2.8410387544831828,0.09704208786482019,
2018-06-19,2.89,2.54,113.639,6.4802,110.02,2.8075506935940187,13.781399824294223,1.82,2.8410387544831828,0.24952758262033237,
2018-06-20,2.93,2.56,113.4784,6.4713,110.14,2.8075506935940187,13.781399824294223,1.82,2.8410387544831828,-0.15304561744783196,
2018-06-21,2.9,2.56,113.6109,6.49,110.05,2.8075506935940187,13.781399824294223,1.82,2.8410387544831828,-0.3152186980539025,
2018-06-22,2.9,2.56,113.3047,6.5027,109.98,2.8075506935940187,13.781399824294223,1.82,2.8410387544831828,-0.42082751771659016,
2018-06-25,2.87,2.54,113.286,6.536,109.62,2.8075506935940187,13.781399824294223,1.82,2.8410387544831828,,
2018-06-26,2.88,2.53,113.3016,6.5759,109.92,2.8075506935940187,13.781399824294223,1.82,2.8410387544831828,-1.0,
2018-06-27,2.83,2.52,113.8971,6.5992,110.34,2.8075506935940187,13.781399824294223,1.82,2.8410387544831828,-0.6023784397717271,
2018-06-28,2.84,2.52,113.8405,6.6235,110.38,2.8075506935940187,13.781399824294223,1.82,2.8410387544831828,-0.7560341597295356,
2018-06-29,2.85,2.52,113.2586,6.6171,110.71,2.8075506935940187,13.781399824294223,1.82,2.8410387544831828,-0.33825572433268447,
2018-07-02,2.87,2.57,114.1673,6.6632,110.73,2.854124785561929,-80.0072110377208,1.91,3.2543243815604805,-0.36005782938431824,
2018-07-03,2.83,2.53,113.3222,6.6368,110.54,2.854124785561929,-80.0072110377208,1.91,3.2543243815604805,-0.3059383635623644,
2018-07-04,,,,,,2.854124785561929,-80.0072110377208,1.91,3.2543243815604805,,
2018-07-05,2.84,2.55,112.9759,6.6341,110.59,2.854124785561929,-80.0072110377208,1.91,3.2543243815604805,-0.4354756387121047,
2018-07-06,2.82,2.53,112.6428,6.6396,110.48,2.854124785561929,-80.0072110377208,1.91,3.2543243815604805,-0.27589246795751954,
2018-07-09,2.86,2.57,112.6425,6.6123,110.78,2.854124785561929,-80.0072110377208,1.91,3.2543243815604805,-0.47718815270051,
2018-07-10,2.87,2.59,112.5794,6.6296,111.24,2.854124785561929,-80.0072110377208,1.91,3.2543243815604805,-0.4865434442205626,
2018-07-11,2.85,2.58,112.8582,6.6764,111.52,2.854124785561929,-80.0072110377208,1.91,3.2543243815604805,0.09938918737888705,
2018-07-12,2.85,2.6,112.779,6.663,112.41,2.854124785561929,-80.0072110377208,1.91,3.2543243815604805,-0.0996371927427451,
2018-07-13,2.83,2.59,113.0705,6.69,112.38,2.854124785561929,-80.0072110377208,1.91,3.2543243815604805,-0.39845545335358684,
2018-07-16,2.85,2.59,112.8437,6.6866,112.29,2.854124785561929,-80.0072110377208,1.91,3.2543243815604805,-0.29611665213407806,
2018-07-17,2.86,2.62,113.1504,6.7018,112.79,2.854124785561929,-80.0072110377208,1.91,3.2543243815604805,-0.7740875685167143,
2018-07-18,2.88,2.6,113.3348,6.7161,112.82,2.854124785561929,-80.0072110377208,1.91,3.2543243815604805,-0.3831719858529273,
2018-07-19,2.84,2.6,113.9463,6.7701,112.98,2.854124785561929,-80.0072110377208,1.91,3.2543243815604805,-0.3799148562111244,
2018-07-20,2.89,2.6,113.3213,6.7659,111.74,2.854124785561929,-80.0072110377208,1.91,3.2543243815604805,-0.37722962197012216,
2018-07-23,2.96,2.64,113.4246,6.7927,111.36,2.854124785561929,-80.0072110377208,1.91,3.2543243815604805,-0.9192700701441021,
2018-07-24,2.95,2.63,113.2045,6.7912,111.27,2.854124785561929,-80.0072110377208,1.91,3.2543243815604805,-0.901645244513303,
2018-07-25,2.94,2.66,112.9221,6.7658,111.02,2.854124785561929,-80.0072110377208,1.91,3.2543243815604805,-1.0,
2018-07-26,2.98,2.69,112.9179,6.7865,111.2,2.854124785561929,-80.0072110377208,1.91,3.2543243815604805,-1.0,
2018-07-27,2.96,2.67,112.8125,6.8097,110.94,2.854124785561929,-80.0072110377208,1.91,3.2543243815604805,-1.0,
2018-07-30,2.98,2.66,112.6044,6.8102,110.98,2.854124785561929,-80.0072110377208,1.91,3.2543243815604805,-0.7147928919204676,
2018-07-31,2.96,2.67,112.7299,6.8038,111.88,2.854124785561929,-80.0072110377208,1.91,3.2543243815604805,-1.0,
2018-08-01,3.0,2.67,112.8899,6.8154,111.72,2.6429238568742575,37.60038697915514,1.91,4.353587280888749,,
2018-08-02,2.98,2.66,113.1679,6.838,111.48,2.6429238568742575,37.60038697915514,1.91,4.353587280888749,-0.814365193379247,
2018-08-03,2.95,2.63,113.012,6.8309,111.12,2.6429238568742575,37.60038697915514,1.91,4.353587280888749,-0.7341147719572377,
2018-08-06,2.94,2.64,113.229,6.85,111.43,2.6429238568742575,37.60038697915514,1.91,4.353587280888749,-0.5082008196151873,
2018-08-07,2.98,2.68,112.9759,6.828,111.19,2.6429238568742575,37.60038697915514,1.91,4.353587280888749,-0.637926182242809,
2018-08-08,2.96,2.68,113.1411,6.8344,110.96,2.6429238568742575,37.60038697915514,1.91,4.353587280888749,-0.6931817272076968,
2018-08-09,2.93,2.64,113.3806,6.8199,110.9,2.6429238568742575,37.60038697915514,1.91,4.353587280888749,-0.2748066173482313,
2018-08-10,2.87,2.61,114.3005,6.8458,110.66,2.6429238568742575,37.60038697915514,1.91,4.353587280888749,-0.13707492697087367,
2018-08-13,2.88,2.61,114.851,6.888,110.65,2.6429238568742575,37.60038697915514,1.91,4.353587280888749,-0.13671989090416614,
2018-08-14,2.89,2.63,114.658,6.8809,110.92,2.6429238568742575,37.60038697915514,1.91,4.353587280888749,-0.06799797415950351,
2018-08-15,2.86,2.61,115.1526,6.933,110.62,2.6429238568742575,37.60038697915514,1.91,4.353587280888749,-0.06800406144067232,
2018-08-16,2.87,2.63,114.6416,6.8792,110.89,2.6429238568742575,37.60038697915514,1.91,4.353587280888749,-0.204630836236457,
2018-08-17,2.87,2.61,114.5339,6.874,110.54,2.6429238568742575,37.60038697915514,1.91,4.353587280888749,-0.06907763423178774,
2018-08-20,2.82,2.6,114.3504,6.8546,110.38,2.6429238568742575,37.60038697915514,1.91,4.353587280888749,0.2784492016958218,
2018-08-21,2.85,2.61,113.8604,6.8444,110.48,2.6429238568742575,37.60038697915514,1.91,4.353587280888749,0.15761950645054337,
2018-08-22,2.82,2.6,113.663,6.84,110.54,2.6429238568742575,37.60038697915514,1.91,4.353587280888749,0.5016806221619367,
2018-08-23,2.82,2.61,114.0932,6.8748,111.14,2.6429238568742575,37.60038697915514,1.91,4.353587280888749,0.7313089954055912,
2018-08-24,2.82,2.63,113.5985,6.803,111.22,2.6429238568742575,37.60038697915514,1.91,4.353587280888749,0.37948840146697477,
2018-08-27,2.85,2.67,113.2721,6.8145,111.09,2.6429238568742575,37.60038697915514,1.91,4.353587280888749,-0.09455923775610868,
2018-08-28,2.88,2.67,113.3444,6.8018,111.04,2.6429238568742575,37.60038697915514,1.91,4.353587280888749,-0.0,
2018-08-29,2.89,2.67,113.6461,6.819,111.8,2.6429238568742575,37.60038697915514,1.91,4.353587280888749,-0.0,
2018-08-30,2.86,2.64,114.0899,6.8415,111.17,2.6429238568742575,37.60038697915514,1.91,4.353587280888749,0.1978470748626354,
2018-08-31,2.86,2.62,114.2755,6.83,110.98,2.6429238568742575,37.60038697915514,1.91,4.353587280888749,0.1024432266493548,
2018-09-03,,,,,,2.332055105808828,-70.75708622769979,1.95,4.313826088176409,,
2018-09-04,2.9,2.66,114.8584,6.8427,111.44,2.332055105808828,-70.75708622769979,1.95,4.313826088176409,0.20942250884630956,
2018-09-05,2.9,2.66,114.7477,6.827,111.47,2.332055105808828,-70.75708622769979,1.95,4.313826088176409,0.20740045767050322,
2018-09-06,2.88,2.64,114.6479,6.8322,110.87,2.332055105808828,-70.75708622769979,1.95,4.313826088176409,-0.0,
2018-09-07,2.94,2.71,114.5816,6.8419,111.18,2.332055105808828,-70.75708622769979,1.95,4.313826088176409,-1.0,
2018-09-10,2.94,2.73,114.6802,6.8545,111.09,2.332055105808828,-70.75708622769979,1.95,4.313826088176409,-1.0,
2018-09-11,2.98,2.76,114.7051,6.8704,111.54,2.332055105808828,-70.75708622769979,1.95,4.313826088176409,-1.0,
2018-09-12,2.97,2.74,114.2192,6.8574,111.29,2.332055105808828,-70.75708622769979,1.95,4.313826088176409,-1.0,
2018-09-13,2.97,2.76,113.9268,6.8407,111.92,2.332055105808828,-70.75708622769979,1.95,4.313826088176409,-1.0,
2018-09-14,2.99,2.78,114.0657,6.8673,112.09,2.332055105808828,-70.75708622769979,1.95,4.313826088176409,-1.0,
2018-09-17,2.99,2.78,113.9158,6.854,111.97,2.332055105808828,-70.75708622769979,1.95,4.313826088176409,-1.0,
2018-09-18,3.05,2.81,113.7739,6.8591,112.3,2.332055105808828,-70.75708622769979,1.95,4.313826088176409,-1.0,
2018-09-19,3.08,2.81,113.6532,6.8466,112.21,2.332055105808828,-70.75708622769979,1.95,4.313826088176409,-1.0,
2018-09-20,3.07,2.81,113.4989,6.8455,112.58,2.332055105808828,-70.75708622769979,1.95,4.313826088176409,-1.0,
2018-09-21,3.07,2.81,113.5099,6.8559,112.62,2.332055105808828,-70.75708622769979,1.95,4.313826088176409,-1.0,
2018-09-24,3.08,2.83,113.5301,6.8559,112.62,2.332055105808828,-70.75708622769979,1.95,4.313826088176409,-1.0,
2018-09-25,3.1,2.83,113.7202,6.8632,112.88,2.332055105808828,-70.75708622769979,1.95,4.313826088176409,-1.0,
2018-09-26,3.06,2.83,113.6739,6.8763,112.92,2.332055105808828,-70.75708622769979,1.95,4.313826088176409,-1.0,
2018-09-27,3.06,2.83,113.9784,6.888,113.38,2.332055105808828,-70.75708622769979,1.95,4.313826088176409,-1.0,
2018-09-28,3.05,2.81,113.8077,6.868,113.48,2.332055105808828,-70.75708622769979,1.95,4.313826088176409,-1.0,
2018-10-01,3.09,2.82,113.8235,6.868,113.96,2.492032470218053,-18.17780692175935,2.19,2.930867401734427,,
2018-10-02,3.05,2.82,113.8954,6.868,113.66,2.492032470218053,-18.17780692175935,2.19,2.930867401734427,-0.9914714056062273,
2018-10-03,3.15,2.85,114.1569,6.868,114.19,2.492032470218053,-18.17780692175935,2.19,2.930867401734427,-1.0,
2018-10-04,3.19,2.87,114.6867,6.868,113.79,2.492032470218053,-18.17780692175935,2.19,2.930867401734427,-1.0,
2018-10-05,3.23,2.88,114.561,6.868,113.56,2.492032470218053,-18.17780692175935,2.19,2.930867401734427,-0.9728347845298805,
2018-10-08,,,,,,2.492032470218053,-18.17780692175935,2.19,2.930867401734427,,
2018-10-09,3.21,2.88,114.6583,6.9217,113.13,2.492032470218053,-18.17780692175935,2.19,2.930867401734427,-0.6700039054965027,
2018-10-10,3.22,2.88,114.6072,6.9224,112.71,2.492032470218053,-18.17780692175935,2.19,2.930867401734427,-0.765433374197622,
2018-10-11,3.14,2.85,114.4074,6.888,112.26,2.492032470218053,-18.17780692175935,2.19,2.930867401734427,-0.4881300096238953,
2018-10-12,3.15,2.85,114.3691,6.9182,112.02,2.492032470218053,-18.17780692175935,2.19,2.930867401734427,-0.377496370762284,
2018-10-15,3.16,2.85,114.045,6.9131,111.82,2.492032470218053,-18.17780692175935,2.19,2.930867401734427,-0.37317822456650646,
2018-10-16,3.16,2.87,113.8963,6.9102,112.16,2.492032470218053,-18.17780692175935,2.19,2.930867401734427,-0.3156237009647803,
2018-10-17,3.19,2.89,114.1755,6.9263,112.21,2.492032470218053,-18.17780692175935,2.19,2.930867401734427,-0.4118739332331435,
2018-10-18,3.17,2.87,114.8164,6.9367,112.11,2.492032470218053,-18.17780692175935,2.19,2.930867401734427,-0.3037925948130325,
2018-10-19,3.2,2.92,114.8567,6.9291,112.52,2.492032470218053,-18.17780692175935,2.19,2.930867401734427,-0.5420473191570782,
2018-10-22,3.2,2.92,115.1782,6.9446,112.78,2.492032470218053,-18.17780692175935,2.19,2.930867401734427,-0.43350835676496363,
2018-10-23,3.17,2.89,115.1651,6.9373,112.12,2.492032470218053,-18.17780692175935,2.19,2.930867401734427,-0.2851057873189344,
2018-10-24,3.1,2.84,115.3755,6.942,112.58,2.492032470218053,-18.17780692175935,2.19,2.930867401734427,-0.047389054963322776,
2018-10-25,3.14,2.86,115.4831,6.9477,112.54,2.492032470218053,-18.17780692175935,2.19,2.930867401734427,-0.14163706551022112,
2018-10-26,3.08,2.81,115.473,6.9425,111.65,2.492032470218053,-18.17780692175935,2.19,2.930867401734427,-0.0,
2018-10-29,3.08,2.81,115.8936,6.9605,112.49,2.492032470218053,-18.17780692175935,2.19,2.930867401734427,0.048018741249859935,
2018-10-30,3.12,2.84,116.2357,6.9663,112.76,2.492032470218053,-18.17780692175935,2.19,2.930867401734427,-0.09596896611123094,
2018-10-31,3.15,2.87,116.5281,6.9737,112.86,2.492032470218053,-18.17780692175935,2.19,2.930867401734427,-0.09553757291154182,
2018-11-01,3.14,2.84,115.8657,6.9205,112.79,2.147328577667773,-57.84157740620776,2.2,2.7666629800210174,0.14440289841473555,
2018-11-02,3.22,2.91,115.643,6.8894,113.09,2.147328577667773,-57.84157740620776,2.2,2.7666629800210174,-0.1449647874411078,
2018-11-05,3.2,2.91,115.703,6.9249,113.22,2.147328577667773,-57.84157740620776,2.2,2.7666629800210174,,
2018-11-06,3.22,2.93,115.5622,6.9172,113.38,2.147328577667773,-57.84157740620776,2.2,2.7666629800210174,-0.24297092610110055,
2018-11-07,3.22,2.96,115.2519,6.9174,113.32,2.147328577667773,-57.84157740620776,2.2,2.7666629800210174,-0.3885010417073078,
2018-11-08,3.24,2.98,115.6478,6.9318,113.87,2.147328577667773,-57.84157740620776,2.2,2.7666629800210174,-0.6258687191440374,
2018-11-09,3.19,2.94,116.4778,6.9553,113.77,2.147328577667773,-57.84157740620776,2.2,2.7666629800210174,-0.43820801299094997,
2018-11-12,,,,,,2.147328577667773,-57.84157740620776,2.2,2.7666629800210174,,
2018-11-13,3.14,2.89,116.6694,6.9546,113.97,2.147328577667773,-57.84157740620776,2.2,2.7666629800210174,-0.10275314629592276,
2018-11-14,3.12,2.86,116.498,6.95,113.7,2.147328577667773,-57.84157740620776,2.2,2.7666629800210174,0.16049471613032054,
2018-11-15,3.11,2.86,116.3861,6.938,113.46,2.147328577667773,-57.84157740620776,2.2,2.7666629800210174,0.05579147508469031,
2018-11-16,3.08,2.81,115.9258,6.9367,112.76,2.147328577667773,-57.84157740620776,2.2,2.7666629800210174,0.6391645100366496,
2018-11-19,3.06,2.79,115.9859,6.9398,112.54,2.147328577667773,-57.84157740620776,2.2,2.7666629800210174,0.7758956913562725,
2018-11-20,3.06,2.79,116.2367,6.9448,112.66,2.147328577667773,-57.84157740620776,2.2,2.7666629800210174,0.6144055320621978,
2018-11-21,3.06,2.81,116.092,6.9248,113.06,2.147328577667773,-57.84157740620776,2.2,2.7666629800210174,0.19050307833263408,
2018-11-22,,,,,,2.147328577667773,-57.84157740620776,2.2,2.7666629800210174,,
2018-11-23,3.05,2.81,116.4713,6.9477,112.83,2.147328577667773,-57.84157740620776,2.2,2.7666629800210174,-0.0,
2018-11-26,3.07,2.84,116.6208,6.9397,113.58,2.147328577667773,-57.84157740620776,2.2,2.7666629800210174,-0.21678668416467867,
2018-11-27,3.06,2.83,116.9001,6.9498,113.84,2.147328577667773,-57.84157740620776,2.2,2.7666629800210174,0.07672817856346456,
2018-11-28,3.06,2.81,116.8343,6.9534,113.96,2.147328577667773,-57.84157740620776,2.2,2.7666629800210174,0.4931677328314203,
2018-11-29,3.03,2.81,116.1961,6.9419,113.42,2.147328577667773,-57.84157740620776,2.2,2.7666629800210174,0.2736869931160889,
2018-11-30,3.01,2.8,116.413,6.9558,113.54,2.147328577667773,-57.84157740620776,2.2,2.7666629800210174,1.0,
2018-12-03,2.98,2.83,115.9057,6.8798,113.54,2.0023809043401064,0.8994237357585293,2.27,2.5912536810940523,0.8005318582386216,
2018-12-04,2.91,2.8,116.0028,6.8343,112.93,2.0023809043401064,0.8994237357585293,2.27,2.5912536810940523,1.0,
2018-12-05,,,,,,2.0023809043401064,0.8994237357585293,2.27,2.5912536810940523,,
2018-12-06,2.87,2.75,116.3991,6.8816,112.46,2.0023809043401064,0.8994237357585293,2.27,2.5912536810940523,1.0,
2018-12-07,2.85,2.72,116.0847,6.8733,112.6,2.0023809043401064,0.8994237357585293,2.27,2.5912536810940523,1.0,
2018-12-10,2.85,2.72,116.6746,6.9077,112.96,2.0023809043401064,0.8994237357585293,2.27,2.5912536810940523,,
2018-12-11,2.89,2.78,116.7564,6.8968,113.41,2.0023809043401064,0.8994237357585293,2.27,2.5912536810940523,1.0,
2018-12-12,2.91,2.77,116.2214,6.8778,113.28,2.0023809043401064,0.8994237357585293,2.27,2.5912536810940523,0.846347297876234,
2018-12-13,2.91,2.75,116.3974,6.8798,113.66,2.0023809043401064,0.8994237357585293,2.27,2.5912536810940523,1.0,
2018-12-14,2.89,2.73,116.79,6.905,113.35,2.0023809043401064,0.8994237357585293,2.27,2.5912536810940523,0.7100667592119099,
2018-12-17,2.86,2.7,116.4532,6.8962,112.96,2.0023809043401064,0.8994237357585293,2.27,2.5912536810940523,0.7576680999497357,
2018-12-18,2.82,2.65,116.4127,6.8939,112.54,2.0023809043401064,0.8994237357585293,2.27,2.5912536810940523,1.0,
2018-12-19,2.77,2.63,116.0676,6.8918,112.15,2.0023809043401064,0.8994237357585293,2.27,2.5912536810940523,1.0,
2018-12-20,2.79,2.67,116.0183,6.8834,111.34,2.0023809043401064,0.8994237357585293,2.27,2.5912536810940523,,
2018-12-21,2.79,2.63,116.2227,6.9048,111.14,2.0023809043401064,0.8994237357585293,2.27,2.5912536810940523,1.0,
2018-12-24,2.74,2.55,116.2182,,,2.0023809043401064,0.8994237357585293,2.27,2.5912536810940523,1.0,
2018-12-25,,,,,,2.0023809043401064,0.8994237357585293,2.27,2.5912536810940523,,
2018-12-26,2.81,2.61,116.1162,6.8847,110.45,2.0023809043401064,0.8994237357585293,2.27,2.5912536810940523,1.0,
2018-12-27,2.77,2.56,115.9927,6.8649,110.78,2.0023809043401064,0.8994237357585293,2.27,2.5912536810940523,1.0,
2018-12-28,2.72,2.52,115.7232,6.8755,110.34,2.0023809043401064,0.8994237357585293,2.27,2.5912536810940523,1.0,
2018-12-31,2.69,2.48,115.5674,6.8755,109.7,2.0023809043401064,0.8994237357585293,2.27,2.5912536810940523,1.0,
2019-01-02,2.66,2.5,115.7689,6.8597,109.22,1.4875893578291333,30.62004877731197,2.4,1.9116422323518512,,
2019-01-03,2.56,2.39,115.4622,6.8708,108.07,1.4875893578291333,30.62004877731197,2.4,1.9116422323518512,1.0,
2019-01-04,2.67,2.5,114.9821,6.8663,108.29,1.4875893578291333,30.62004877731197,2.4,1.9116422323518512,0.8113584649781616,
2019-01-07,2.7,2.53,114.5628,6.8501,108.62,1.4875893578291333,30.62004877731197,2.4,1.9116422323518512,0.6827454966735592,
2019-01-08,2.73,2.58,114.7281,6.8519,108.57,1.4875893578291333,30.62004877731197,2.4,1.9116422323518512,0.7104154058997428,
2019-01-09,2.74,2.56,114.1406,6.8117,108.38,1.4875893578291333,30.62004877731197,2.4,1.9116422323518512,0.7376679549944182,
2019-01-10,2.74,2.56,114.0496,6.7875,108.29,1.4875893578291333,30.62004877731197,2.4,1.9116422323518512,0.6598428749641363,
2019-01-11,2.71,2.55,114.0404,6.7596,108.34,1.4875893578291333,30.62004877731197,2.4,1.9116422323518512,0.6221302250485228,
2019-01-14,2.71,2.53,,,,1.4875893578291333,30.62004877731197,2.4,1.9116422323518512,0.5840236100193703,
2019-01-15,2.72,2.53,114.3402,6.7595,108.72,1.4875893578291333,30.62004877731197,2.4,1.9116422323518512,0.40894243453406637,
2019-01-16,2.73,2.55,114.137,6.7532,108.84,1.4875893578291333,30.62004877731197,2.4,1.9116422323518512,0.2702845628718569,
2019-01-17,2.75,2.56,114.4115,6.7735,109.01,1.4875893578291333,30.62004877731197,2.4,1.9116422323518512,0.3702776149694879,
2019-01-18,2.79,2.62,114.558,6.7765,109.79,1.4875893578291333,30.62004877731197,2.4,1.9116422323518512,0.03363430586418477,
2019-01-21,,,,,,1.4875893578291333,30.62004877731197,2.4,1.9116422323518512,,
2019-01-22,2.74,2.58,114.7541,6.8072,109.34,1.4875893578291333,30.62004877731197,2.4,1.9116422323518512,,
2019-01-23,2.76,2.58,114.5759,6.7897,109.44,1.4875893578291333,30.62004877731197,2.4,1.9116422323518512,0.1006207649867701,
2019-01-24,2.72,2.56,114.617,6.7835,109.72,1.4875893578291333,30.62004877731197,2.4,1.9116422323518512,-0.0,
2019-01-25,2.76,2.6,114.0197,6.7448,109.6,1.4875893578291333,30.62004877731197,2.4,1.9116422323518512,-0.27214967898179204,
2019-01-28,2.75,2.6,114.0522,6.7437,109.2,1.4875893578291333,30.62004877731197,2.4,1.9116422323518512,-0.4152915480209276,
2019-01-29,2.72,2.56,114.026,6.7304,109.36,1.4875893578291333,30.62004877731197,2.4,1.9116422323518512,,
2019-01-30,2.7,2.52,114.0731,6.7115,109.57,1.4875893578291333,30.62004877731197,2.4,1.9116422323518512,-0.07247036872817794,
2019-01-31,2.63,2.45,113.5504,6.6958,108.84,1.4875893578291333,30.62004877731197,2.4,1.9116422323518512,-0.22275036492477526,
2019-02-01,2.7,2.52,113.7548,6.7426,109.55,1.5188615351321877,-102.71621624840259,2.4,1.1096417703535089,-0.07659102154885222,
2019-02-04,2.73,2.53,113.8766,6.7426,109.96,1.5188615351321877,-102.71621624840259,2.4,1.1096417703535089,-0.0,
2019-02-05,2.71,2.53,114.0431,6.7426,109.99,1.5188615351321877,-102.71621624840259,2.4,1.1096417703535089,0.19613259450808906,
2019-02-06,2.7,2.52,114.2305,6.7426,109.75,1.5188615351321877,-102.71621624840259,2.4,1.1096417703535089,0.15969856710539984,
2019-02-07,2.65,2.48,114.4339,6.7426,109.7,1.5188615351321877,-102.71621624840259,2.4,1.1096417703535089,0.32397527279466287,
2019-02-08,2.63,2.45,114.5003,6.7426,109.76,1.5188615351321877,-102.71621624840259,2.4,1.1096417703535089,0.4046153421555093,
2019-02-11,2.65,2.48,115.031,6.7907,110.4,1.5188615351321877,-102.71621624840259,2.4,1.1096417703535089,0.2030026404239995,
2019-02-12,2.68,2.5,114.7297,6.7726,110.5,1.5188615351321877,-102.71621624840259,2.4,1.1096417703535089,0.12287423733426844,
2019-02-13,2.71,2.53,114.9407,6.7598,110.86,1.5188615351321877,-102.71621624840259,2.4,1.1096417703535089,0.08352200212232254,
2019-02-14,2.66,2.5,115.1007,6.7711,110.68,1.5188615351321877,-102.71621624840259,2.4,1.1096417703535089,0.25086121186980287,
2019-02-15,2.66,2.52,114.9923,6.768,110.54,1.5188615351321877,-102.71621624840259,2.4,1.1096417703535089,0.4271550401961315,
2019-02-18,,,,,,1.5188615351321877,-102.71621624840259,2.4,1.1096417703535089,,
2019-02-19,2.65,2.5,114.57,6.756,110.68,1.5188615351321877,-102.71621624840259,2.4,1.1096417703535089,0.3635888149901948,
2019-02-20,2.65,2.5,,,,1.5188615351321877,-102.71621624840259,2.4,1.1096417703535089,0.3748802065740784,
2019-02-21,2.69,2.53,114.5091,6.7195,110.72,1.5188615351321877,-102.71621624840259,2.4,1.1096417703535089,0.14620929966669496,
2019-02-22,2.65,2.48,114.2716,6.7112,110.7,1.5188615351321877,-102.71621624840259,2.4,1.1096417703535089,0.6050571656630311,
2019-02-25,2.67,2.51,114.1457,6.6844,111.07,1.5188615351321877,-102.71621624840259,2.4,1.1096417703535089,0.48197150008901257,
2019-02-26,2.64,2.48,114.0687,6.698,110.76,1.5188615351321877,-102.71621624840259,2.4,1.1096417703535089,0.4503865771150979,
2019-02-27,2.69,2.5,114.0363,6.6822,110.92,1.5188615351321877,-102.71621624840259,2.4,1.1096417703535089,0.11304926367369642,
2019-02-28,2.73,2.52,114.1991,6.6912,111.38,1.5188615351321877,-102.71621624840259,2.4,1.1096417703535089,-0.4116370891248712,
2019-03-01,2.76,2.55,114.537,6.7048,111.89,1.8831863513063984,38.345360212658875,2.41,0.6545559146318158,-0.1823379747943246,
2019-03-04,2.72,2.55,114.6925,6.7045,111.68,1.8831863513063984,38.345360212658875,2.41,0.6545559146318158,-0.12612082199964245,
2019-03-05,2.72,2.55,114.804,6.706,111.98,1.8831863513063984,38.345360212658875,2.41,0.6545559146318158,-0.13664630162480615,
2019-03-06,2.69,2.52,114.9714,6.7099,111.66,1.8831863513063984,38.345360212658875,2.41,0.6545559146318158,-0.0,
2019-03-07,2.64,2.47,115.4919,6.7132,111.6,1.8831863513063984,38.345360212658875,2.41,0.6545559146318158,0.0808898504942811,
2019-03-08,2.62,2.45,115.3599,6.7201,111.11,1.8831863513063984,38.345360212658875,2.41,0.6545559146318158,-0.0,
2019-03-11,2.64,2.47,115.2967,6.7215,111.21,1.8831863513063984,38.345360212658875,2.41,0.6545559146318158,0.09299824156483517,
2019-03-12,2.61,2.45,114.939,6.707,111.38,1.8831863513063984,38.345360212658875,2.41,0.6545559146318158,0.47636305701831116,
2019-03-13,2.61,2.45,114.7372,6.7064,111.23,1.8831863513063984,38.345360212658875,2.41,0.6545559146318158,0.7734220475866562,
2019-03-14,2.63,2.46,114.79,6.7209,111.71,1.8831863513063984,38.345360212658875,2.41,0.6545559146318158,0.4112975875178572,
2019-03-15,2.59,2.43,114.5815,6.7129,111.57,1.8831863513063984,38.345360212658875,2.41,0.6545559146318158,0.9389247527354628,
2019-03-18,2.6,2.45,114.4375,6.7121,111.41,1.8831863513063984,38.345360212658875,2.41,0.6545559146318158,,
2019-03-19,2.61,2.46,114.2324,6.7106,111.38,1.8831863513063984,38.345360212658875,2.41,0.6545559146318158,0.4101587616531483,
2019-03-20,2.54,2.4,114.1509,6.6916,111.41,1.8831863513063984,38.345360212658875,2.41,0.6545559146318158,1.0,
2019-03-21,2.54,2.41,114.1684,6.6952,110.86,1.8831863513063984,38.345360212658875,2.41,0.6545559146318158,1.0,
2019-03-22,2.44,2.31,114.6856,6.7162,109.76,1.8831863513063984,38.345360212658875,2.41,0.6545559146318158,1.0,
2019-03-25,2.43,2.26,114.4171,6.7079,110.09,1.8831863513063984,38.345360212658875,2.41,0.6545559146318158,1.0,
2019-03-26,2.41,2.24,114.6414,6.7145,110.5,1.8831863513063984,38.345360212658875,2.41,0.6545559146318158,1.0,
2019-03-27,2.39,2.22,115.1243,6.7262,110.38,1.8831863513063984,38.345360212658875,2.41,0.6545559146318158,1.0,
2019-03-28,2.39,2.23,115.2581,6.7381,110.54,1.8831863513063984,38.345360212658875,2.41,0.6545559146318158,1.0,
2019-03-29,2.41,2.27,115.1371,6.7112,110.68,1.8831863513063984,38.345360212658875,2.41,0.6545559146318158,1.0,
2019-04-01,2.49,2.33,114.9362,6.7102,111.29,2.000583470209061,68.79315658338467,2.42,-1.0247462328067725,1.0,
2019-04-02,2.48,2.3,115.1173,6.7223,111.32,2.000583470209061,68.79315658338467,2.42,-1.0247462328067725,1.0,
2019-04-03,2.52,2.33,114.7211,6.7098,111.48,2.000583470209061,68.79315658338467,2.42,-1.0247462328067725,0.9666020000854718,
2019-04-04,2.51,2.33,114.9697,6.7167,111.55,2.000583470209061,68.79315658338467,2.42,-1.0247462328067725,0.7043382442723508,
2019-04-05,2.5,2.35,114.9726,6.7182,111.71,2.000583470209061,68.79315658338467,2.42,-1.0247462328067725,0.4998639394052007,
2019-04-08,2.52,2.36,114.6893,6.7158,111.47,2.000583470209061,68.79315658338467,2.42,-1.0247462328067725,0.5465874546840606,
2019-04-09,2.51,2.35,114.5321,6.7111,111.08,2.000583470209061,68.79315658338467,2.42,-1.0247462328067725,0.49351248278364246,
2019-04-10,2.48,2.31,114.4269,6.7153,110.92,2.000583470209061,68.79315658338467,2.42,-1.0247462328067725,0.6829933204879765,
2019-04-11,2.51,2.35,114.6303,6.7188,111.48,2.000583470209061,68.79315658338467,2.42,-1.0247462328067725,0.536718756033798,
2019-04-12,2.56,2.4,114.3531,6.7039,112.0,2.000583470209061,68.79315658338467,2.42,-1.0247462328067725,0.1496671727322256,
2019-04-15,2.55,2.4,114.495,6.7072,112.0,2.000583470209061,68.79315658338467,2.42,-1.0247462328067725,0.2511075505552011,
2019-04-16,2.6,2.41,114.6756,6.7112,111.95,2.000583470209061,68.79315658338467,2.42,-1.0247462328067725,0.25477312838281996,
2019-04-17,2.59,2.4,114.5141,6.687,112.0,2.000583470209061,68.79315658338467,2.42,-1.0247462328067725,-0.0,
2019-04-18,2.57,2.38,114.7073,6.7081,111.94,2.000583470209061,68.79315658338467,2.42,-1.0247462328067725,0.1567301924125555,
2019-04-19,,,114.6977,6.7032,111.92,2.000583470209061,68.79315658338467,2.42,-1.0247462328067725,,
2019-04-22,2.59,2.38,114.7694,6.7112,111.94,2.000583470209061,68.79315658338467,2.42,-1.0247462328067725,-0.6534863614416251,
2019-04-23,2.57,2.36,115.1578,6.7249,111.86,2.000583470209061,68.79315658338467,2.42,-1.0247462328067725,-0.6615589114762759,
2019-04-24,2.53,2.32,115.4187,6.7207,111.81,2.000583470209061,68.79315658338467,2.42,-1.0247462328067725,-0.5495638383428494,
2019-04-25,2.54,2.33,115.7709,6.7418,111.59,2.000583470209061,68.79315658338467,2.42,-1.0247462328067725,-0.5447831218513247,
2019-04-26,2.51,2.28,115.4767,6.7282,111.6,2.000583470209061,68.79315658338467,2.42,-1.0247462328067725,-0.053900748485079725,
2019-04-29,2.54,2.3,115.5227,6.7332,111.8,2.000583470209061,68.79315658338467,2.42,-1.0247462328067725,0.16151301294491713,
2019-04-30,2.51,2.27,115.3281,6.7347,111.4,2.000583470209061,68.79315658338467,2.42,-1.0247462328067725,0.16039084794210964,
2019-05-01,2.52,2.31,115.0022,6.7319,111.18,1.7959105553606136,-78.54952344695806,2.39,-0.010156011968476264,0.10718833667600092,
2019-05-02,2.55,2.35,115.5617,6.7337,111.39,1.7959105553606136,-78.54952344695806,2.39,-0.010156011968476264,-0.10743373064231064,
2019-05-03,2.54,2.33,115.2646,6.7337,111.28,1.7959105553606136,-78.54952344695806,2.39,-0.010156011968476264,0.10706654702741326,
2019-05-06,2.51,2.31,115.3811,6.7602,110.86,1.7959105553606136,-78.54952344695806,2.39,-0.010156011968476264,0.26706098087132224,
2019-05-07,2.45,2.28,115.6116,6.7755,110.34,1.7959105553606136,-78.54952344695806,2.39,-0.010156011968476264,0.37252995357813906,
2019-05-08,2.49,2.3,115.5171,6.7818,110.12,1.7959105553606136,-78.54952344695806,2.39,-0.010156011968476264,0.05372699523428089,
2019-05-09,2.45,2.26,115.8421,6.8256,109.55,1.7959105553606136,-78.54952344695806,2.39,-0.010156011968476264,0.48112928353757783,
2019-05-10,2.47,2.26,115.5334,6.8217,109.56,1.7959105553606136,-78.54952344695806,2.39,-0.010156011968476264,0.7499756947257974,
2019-05-13,2.4,2.18,115.915,6.8765,109.18,1.7959105553606136,-78.54952344695806,2.39,-0.010156011968476264,1.0,
2019-05-14,2.42,2.2,115.9425,6.8737,109.68,1.7959105553606136,-78.54952344695806,2.39,-0.010156011968476264,1.0,
2019-05-15,2.37,2.16,115.8565,6.8742,109.58,1.7959105553606136,-78.54952344695806,2.39,-0.010156011968476264,1.0,
2019-05-16,2.4,2.2,116.0346,6.8832,109.89,1.7959105553606136,-78.54952344695806,2.39,-0.010156011968476264,0.8969099092864883,
2019-05-17,2.39,2.2,116.448,6.9182,109.9,1.7959105553606136,-78.54952344695806,2.39,-0.010156011968476264,,
2019-05-20,2.41,2.21,116.3119,6.9111,109.96,1.7959105553606136,-78.54952344695806,2.39,-0.010156011968476264,0.8399066613504957,
2019-05-21,2.43,2.26,116.2844,6.9007,110.6,1.7959105553606136,-78.54952344695806,2.39,-0.010156011968476264,0.49735169855718164,
2019-05-22,2.39,2.23,116.2412,6.9054,110.28,1.7959105553606136,-78.54952344695806,2.39,-0.010156011968476264,0.4511524247325862,
2019-05-23,2.31,2.12,116.2368,6.9087,109.58,1.7959105553606136,-78.54952344695806,2.39,-0.010156011968476264,1.0,
2019-05-24,2.32,2.16,116.0806,6.8997,109.38,1.7959105553606136,-78.54952344695806,2.39,-0.010156011968476264,0.6000683927558772,
2019-05-27,,,,,,1.7959105553606136,-78.54952344695806,2.39,-0.010156011968476264,,
2019-05-28,2.26,2.12,116.3174,6.9078,109.49,1.7959105553606136,-78.54952344695806,2.39,-0.010156011968476264,0.7829632971892645,
2019-05-29,2.25,2.09,116.5535,6.9138,109.24,1.7959105553606136,-78.54952344695806,2.39,-0.010156011968476264,1.0,
2019-05-30,2.22,2.06,116.3989,6.9011,109.67,1.7959105553606136,-78.54952344695806,2.39,-0.010156011968476264,1.0,
2019-05-31,2.14,1.95,116.7273,6.9027,108.66,1.7959105553606136,-78.54952344695806,2.39,-0.010156011968476264,1.0,
2019-06-03,2.07,1.82,116.4764,6.9028,108.39,1.671194894390049,38.52131075821377,2.38,-0.7369328862962377,1.0,
2019-06-04,2.12,1.88,116.091,6.9072,108.3,1.671194894390049,38.52131075821377,2.38,-0.7369328862962377,1.0,
2019-06-05,2.12,1.83,116.03,6.9084,108.2,1.671194894390049,38.52131075821377,2.38,-0.7369328862962377,1.0,
2019-06-06,2.12,1.88,115.9771,6.9082,108.08,1.671194894390049,38.52131075821377,2.38,-0.7369328862962377,1.0,
2019-06-07,2.09,1.85,115.7368,6.9057,108.15,1.671194894390049,38.52131075821377,2.38,-0.7369328862962377,1.0,
2019-06-10,2.15,1.9,115.5001,6.9298,108.56,1.671194894390049,38.52131075821377,2.38,-0.7369328862962377,0.8717082228262597,
2019-06-11,2.15,1.93,115.3794,6.9107,108.52,1.671194894390049,38.52131075821377,2.38,-0.7369328862962377,0.8294882642842866,
2019-06-12,2.13,1.88,115.438,6.9161,108.42,1.671194894390049,38.52131075821377,2.38,-0.7369328862962377,0.836551135932959,
2019-06-13,2.1,1.83,115.6275,6.9212,108.44,1.671194894390049,38.52131075821377,2.38,-0.7369328862962377,1.0,
2019-06-14,2.09,1.84,115.9057,6.9247,108.44,1.671194894390049,38.52131075821377,2.38,-0.7369328862962377,1.0,
2019-06-17,2.09,1.86,115.9684,6.9251,108.56,1.671194894390049,38.52131075821377,2.38,-0.7369328862962377,0.9493241560938553,
2019-06-18,2.06,1.86,115.8797,6.9002,108.39,1.671194894390049,38.52131075821377,2.38,-0.7369328862962377,1.0,
2019-06-19,2.03,1.74,115.7889,6.8996,108.36,1.671194894390049,38.52131075821377,2.38,-0.7369328862962377,1.0,
2019-06-20,2.01,1.72,114.8046,6.851,107.52,1.671194894390049,38.52131075821377,2.38,-0.7369328862962377,0.9662023113332759,
2019-06-21,2.07,1.77,114.8377,6.8686,107.55,1.671194894390049,38.52131075821377,2.38,-0.7369328862962377,0.9151166345447245,
2019-06-24,2.02,1.72,114.6559,6.8758,107.36,1.671194894390049,38.52131075821377,2.38,-0.7369328862962377,,
2019-06-25,2.0,1.71,114.6363,6.8791,106.92,1.671194894390049,38.52131075821377,2.38,-0.7369328862962377,0.9065621225671315,
2019-06-26,2.05,1.77,114.5608,6.8781,107.64,1.671194894390049,38.52131075821377,2.38,-0.7369328862962377,0.6961469322782854,
2019-06-27,2.01,1.74,114.665,6.8762,107.73,1.671194894390049,38.52131075821377,2.38,-0.7369328862962377,0.6840406249638125,
2019-06-28,2.0,1.75,114.5821,6.865,107.84,1.671194894390049,38.52131075821377,2.38,-0.7369328862962377,0.4222087539358486,
2019-07-01,2.03,1.78,114.7239,6.8487,108.42,1.826331335037068,-37.950364384439425,2.4,-1.3774541767684445,0.08390035509631533,
2019-07-02,1.98,1.77,114.8258,6.8717,107.98,1.826331335037068,-37.950364384439425,2.4,-1.3774541767684445,0.22926541291363683,
2019-07-03,1.96,1.77,114.8135,6.8806,107.84,1.826331335037068,-37.950364384439425,2.4,-1.3774541767684445,0.12411684273103998,
2019-07-04,,,,,,1.826331335037068,-37.950364384439425,2.4,-1.3774541767684445,,
2019-07-05,2.04,1.87,115.1132,6.8925,108.55,1.826331335037068,-37.950364384439425,2.4,-1.3774541767684445,-0.04189914115477259,
2019-07-08,2.05,1.88,115.0254,6.8808,108.72,1.826331335037068,-37.950364384439425,2.4,-1.3774541767684445,0.042436546588349604,
2019-07-09,2.07,1.92,115.1017,6.8866,108.78,1.826331335037068,-37.950364384439425,2.4,-1.3774541767684445,0.02159961449741828,
2019-07-10,2.07,1.82,115.0879,6.8705,108.44,1.826331335037068,-37.950364384439425,2.4,-1.3774541767684445,0.13126862289785204,
2019-07-11,2.13,1.85,114.8361,6.8682,108.29,1.826331335037068,-37.950364384439425,2.4,-1.3774541767684445,-0.044406099099079596,
2019-07-12,2.12,1.84,114.7685,6.8796,108.0,1.826331335037068,-37.950364384439425,2.4,-1.3774541767684445,-0.0,
2019-07-15,2.09,1.83,114.6819,6.8769,107.89,1.826331335037068,-37.950364384439425,2.4,-1.3774541767684445,0.06786873147675657,
2019-07-16,2.13,1.87,115.0111,6.8753,108.35,1.826331335037068,-37.950364384439425,2.4,-1.3774541767684445,-0.023039479309035125,
2019-07-17,2.06,1.83,114.8819,6.8731,108.1,1.826331335037068,-37.950364384439425,2.4,-1.3774541767684445,-0.21006672446761257,
2019-07-18,2.04,1.77,114.8744,6.8788,107.74,1.826331335037068,-37.950364384439425,2.4,-1.3774541767684445,-0.11808484037298388,
2019-07-19,2.05,1.8,114.8695,6.8812,107.78,1.826331335037068,-37.950364384439425,2.4,-1.3774541767684445,-0.07157090280198698,
2019-07-22,2.05,1.8,115.0018,6.8803,107.91,1.826331335037068,-37.950364384439425,2.4,-1.3774541767684445,-0.19364964781074503,
2019-07-23,2.08,1.83,115.2995,6.8787,108.06,1.826331335037068,-37.950364384439425,2.4,-1.3774541767684445,-0.29476279595587457,
2019-07-24,2.05,1.83,115.2436,6.8717,108.08,1.826331335037068,-37.950364384439425,2.4,-1.3774541767684445,-0.15071923954452113,
2019-07-25,2.08,1.86,115.2982,6.8714,108.58,1.826331335037068,-37.950364384439425,2.4,-1.3774541767684445,-0.31183695321925375,
2019-07-26,2.08,1.86,115.5449,6.8785,108.69,1.826331335037068,-37.950364384439425,2.4,-1.3774541767684445,-0.2958648841553964,
2019-07-29,2.06,1.85,115.5885,6.8927,108.86,1.826331335037068,-37.950364384439425,2.4,-1.3774541767684445,-0.19487016415412634,
2019-07-30,2.06,1.85,115.6211,6.8833,108.66,1.826331335037068,-37.950364384439425,2.4,-1.3774541767684445,-0.23009625200791778,
2019-07-31,2.02,1.89,115.4946,6.8833,108.58,1.826331335037068,-37.950364384439425,2.4,-1.3774541767684445,-0.36023629051115347,
2019-08-01,1.9,1.73,116.0499,6.8972,108.28,1.7376412106666406,47.4495749697864,2.13,-1.3396749291328724,,
2019-08-02,1.86,1.72,116.1864,6.9387,106.64,1.7376412106666406,47.4495749697864,2.13,-1.3396749291328724,0.47777852348645367,
2019-08-05,1.75,1.59,116.5851,7.0481,106.02,1.7376412106666406,47.4495749697864,2.13,-1.3396749291328724,0.9196182023316402,
2019-08-06,1.73,1.6,116.6904,7.0192,106.45,1.7376412106666406,47.4495749697864,2.13,-1.3396749291328724,1.0,
2019-08-07,1.71,1.59,116.7987,7.0592,105.62,1.7376412106666406,47.4495749697864,2.13,-1.3396749291328724,0.7338433168576239,
2019-08-08,1.72,1.62,116.474,7.044,106.04,1.7376412106666406,47.4495749697864,2.13,-1.3396749291328724,0.747810283492613,
2019-08-09,1.74,1.63,116.4419,7.0613,105.3,1.7376412106666406,47.4495749697864,2.13,-1.3396749291328724,0.7006601381314924,
2019-08-12,1.65,1.58,116.7548,7.0578,105.38,1.7376412106666406,47.4495749697864,2.13,-1.3396749291328724,0.8553969538164825,
2019-08-13,1.68,1.66,116.7267,7.0423,106.6,1.7376412106666406,47.4495749697864,2.13,-1.3396749291328724,0.7675939684984818,
2019-08-14,1.59,1.58,117.0913,7.0224,105.79,1.7376412106666406,47.4495749697864,2.13,-1.3396749291328724,0.962742828628347,
2019-08-15,1.52,1.48,117.2239,7.0327,106.12,1.7376412106666406,47.4495749697864,2.13,-1.3396749291328724,1.0,
2019-08-16,1.55,1.48,117.0786,7.0413,106.34,1.7376412106666406,47.4495749697864,2.13,-1.3396749291328724,1.0,
2019-08-19,1.6,1.53,117.3886,7.0499,106.5,1.7376412106666406,47.4495749697864,2.13,-1.3396749291328724,1.0,
2019-08-20,1.55,1.5,117.3726,7.0597,106.35,1.7376412106666406,47.4495749697864,2.13,-1.3396749291328724,1.0,
2019-08-21,1.59,1.56,117.1764,7.0623,106.52,1.7376412106666406,47.4495749697864,2.13,-1.3396749291328724,1.0,
2019-08-22,1.62,1.61,117.3558,7.0829,106.44,1.7376412106666406,47.4495749697864,2.13,-1.3396749291328724,1.0,
2019-08-23,1.52,1.51,117.3009,7.0928,105.3,1.7376412106666406,47.4495749697864,2.13,-1.3396749291328724,1.0,
2019-08-26,1.54,1.54,117.6658,7.1503,106.0,1.7376412106666406,47.4495749697864,2.13,-1.3396749291328724,1.0,
2019-08-27,1.49,1.53,117.75,7.1603,105.8,1.7376412106666406,47.4495749697864,2.13,-1.3396749291328724,1.0,
2019-08-28,1.47,1.5,117.8767,7.1628,105.86,1.7376412106666406,47.4495749697864,2.13,-1.3396749291328724,1.0,
2019-08-29,1.5,1.53,118.0625,7.1434,106.5,1.7376412106666406,47.4495749697864,2.13,-1.3396749291328724,0.7433565571078559,
2019-08-30,1.5,1.5,118.1575,7.1543,106.3,1.7376412106666406,47.4495749697864,2.13,-1.3396749291328724,0.802811707135011,
2019-09-02,,,,,,1.6844977040391562,18.895646657435126,2.04,-1.7374573008364869,,
2019-09-03,1.47,1.47,118.3113,7.1786,105.88,1.6844977040391562,18.895646657435126,2.04,-1.7374573008364869,0.47257329618490795,
2019-09-04,1.47,1.43,117.6729,7.144,106.28,1.6844977040391562,18.895646657435126,2.04,-1.7374573008364869,0.5679607085625316,
2019-09-05,1.57,1.55,117.4776,7.1468,106.96,1.6844977040391562,18.895646657435126,2.04,-1.7374573008364869,0.24743928984046365,
2019-09-06,1.55,1.53,117.1292,7.1131,106.8,1.6844977040391562,18.895646657435126,2.04,-1.7374573008364869,0.3518641129123191,
2019-09-09,1.63,1.58,117.0601,7.121,107.14,1.6844977040391562,18.895646657435126,2.04,-1.7374573008364869,-0.0,
2019-09-10,1.72,1.67,117.0887,7.1121,107.34,1.6844977040391562,18.895646657435126,2.04,-1.7374573008364869,-0.03581999852718021,
2019-09-11,1.75,1.68,117.3125,7.1153,107.73,1.6844977040391562,18.895646657435126,2.04,-1.7374573008364869,-0.3585742538406183,
2019-09-12,1.79,1.72,116.8375,7.0787,107.97,1.6844977040391562,18.895646657435126,2.04,-1.7374573008364869,-0.8605782092174851,
2019-09-13,1.9,1.79,116.7677,7.0754,108.12,1.6844977040391562,18.895646657435126,2.04,-1.7374573008364869,-1.0,
2019-09-16,1.84,1.74,117.0251,7.0659,107.94,1.6844977040391562,18.895646657435126,2.04,-1.7374573008364869,-0.7512595782588799,
2019-09-17,1.81,1.72,116.9826,7.0905,108.12,1.6844977040391562,18.895646657435126,2.04,-1.7374573008364869,-0.7868638921863992,
2019-09-18,1.8,1.77,116.9766,7.0849,108.17,1.6844977040391562,18.895646657435126,2.04,-1.7374573008364869,-0.7510973516324719,
2019-09-19,1.79,1.74,117.0861,7.0959,108.0,1.6844977040391562,18.895646657435126,2.04,-1.7374573008364869,-0.46496502720105376,
2019-09-20,1.74,1.69,117.1819,7.0909,107.95,1.6844977040391562,18.895646657435126,2.04,-1.7374573008364869,-0.6448225410995482,
2019-09-23,1.72,1.68,117.2986,7.1168,107.47,1.6844977040391562,18.895646657435126,2.04,-1.7374573008364869,-0.5033844894941999,
2019-09-24,1.64,1.6,117.2227,7.1138,107.32,1.6844977040391562,18.895646657435126,2.04,-1.7374573008364869,-0.2516219978834377,
2019-09-25,1.73,1.68,117.6527,7.1313,107.78,1.6844977040391562,18.895646657435126,2.04,-1.7374573008364869,-0.6491734655181888,
2019-09-26,1.7,1.66,117.7267,7.13,107.67,1.6844977040391562,18.895646657435126,2.04,-1.7374573008364869,-0.4728222436424174,
2019-09-27,1.69,1.63,117.7218,7.1218,108.05,1.6844977040391562,18.895646657435126,2.04,-1.7374573008364869,-0.48009303807179904,
2019-09-30,1.68,1.63,117.9461,7.1477,108.11,1.6844977040391562,18.895646657435126,2.04,-1.7374573008364869,,
2019-10-01,1.65,1.56,117.9595,7.1473,107.7,1.7339736996186295,-42.34697372708552,1.83,-2.4594751580988228,-0.3470153765489137,
2019-10-02,1.6,1.48,117.9671,7.1473,107.21,1.7339736996186295,-42.34697372708552,1.83,-2.4594751580988228,-0.19171323738812665,
2019-10-03,1.54,1.39,117.6608,7.1473,106.76,1.7339736996186295,-42.34697372708552,1.83,-2.4594751580988228,0.6025316775205751,
2019-10-04,1.52,1.4,117.5288,7.1473,106.91,1.7339736996186295,-42.34697372708552,1.83,-2.4594751580988228,0.4830133196945022,
2019-10-07,1.56,1.46,117.5533,7.1473,107.06,1.7339736996186295,-42.34697372708552,1.83,-2.4594751580988228,0.4458850714660381,
2019-10-08,1.54,1.42,117.7407,7.1422,107.06,1.7339736996186295,-42.34697372708552,1.83,-2.4594751580988228,0.9317736552710512,
2019-10-09,1.59,1.47,117.6835,7.1316,107.43,1.7339736996186295,-42.34697372708552,1.83,-2.4594751580988228,0.7878650074144136,
2019-10-10,1.67,1.53,117.2801,7.1153,107.91,1.7339736996186295,-42.34697372708552,1.83,-2.4594751580988228,0.7168611481683865,
2019-10-11,1.76,1.63,116.8239,7.0868,108.52,1.7339736996186295,-42.34697372708552,1.83,-2.4594751580988228,0.6132179123648923,
2019-10-14,,,,,,1.7339736996186295,-42.34697372708552,1.83,-2.4594751580988228,,
2019-10-15,1.77,1.61,116.8111,7.0814,108.83,1.7339736996186295,-42.34697372708552,1.83,-2.4594751580988228,0.4355763690340456,
2019-10-16,1.75,1.58,116.6425,7.092,108.71,1.7339736996186295,-42.34697372708552,1.83,-2.4594751580988228,0.7723822313033863,
2019-10-17,1.76,1.6,116.2615,7.0766,108.51,1.7339736996186295,-42.34697372708552,1.83,-2.4594751580988228,0.5913697356255748,
2019-10-18,1.76,1.58,116.1344,7.0805,108.44,1.7339736996186295,-42.34697372708552,1.83,-2.4594751580988228,0.484979190069017,
2019-10-21,1.8,1.62,116.0436,7.0748,108.57,1.7339736996186295,-42.34697372708552,1.83,-2.4594751580988228,0.2766436599569371,
2019-10-22,1.78,1.6,115.9851,7.0761,108.56,1.7339736996186295,-42.34697372708552,1.83,-2.4594751580988228,-0.0,
2019-10-23,1.77,1.58,116.0586,7.0624,108.64,1.7339736996186295,-42.34697372708552,1.83,-2.4594751580988228,0.5261029167898646,
2019-10-24,1.77,1.58,116.1278,7.0684,108.62,1.7339736996186295,-42.34697372708552,1.83,-2.4594751580988228,0.4296591772751988,
2019-10-25,1.8,1.63,116.0774,7.0647,108.75,1.7339736996186295,-42.34697372708552,1.83,-2.4594751580988228,-0.0,
2019-10-28,1.85,1.64,116.0222,7.067,109.02,1.7339736996186295,-42.34697372708552,1.83,-2.4594751580988228,-0.054444305012745844,
2019-10-29,1.84,1.64,115.9797,7.0655,108.83,1.7339736996186295,-42.34697372708552,1.83,-2.4594751580988228,-0.4342543814616554,
2019-10-30,1.78,1.61,116.1636,7.0541,108.88,1.7339736996186295,-42.34697372708552,1.83,-2.4594751580988228,-0.7052109747929615,
2019-10-31,1.69,1.52,115.9125,7.0379,108.09,1.7339736996186295,-42.34697372708552,1.83,-2.4594751580988228,-0.703210804914635,
2019-11-01,1.73,1.56,115.7312,7.0368,108.16,2.092290394862917,23.683092450821835,1.55,-2.047601522464615,-0.8670710240020735,
2019-11-04,1.79,1.6,115.8624,7.03,108.56,2.092290394862917,23.683092450821835,1.55,-2.047601522464615,-0.7584338667679691,
2019-11-05,1.86,1.63,116.1138,7.0082,109.13,2.092290394862917,23.683092450821835,1.55,-2.047601522464615,-1.0,
2019-11-06,1.81,1.61,116.1004,6.9968,108.86,2.092290394862917,23.683092450821835,1.55,-2.047601522464615,-0.7607877866460696,
2019-11-07,1.92,1.68,116.1172,6.9766,109.42,2.092290394862917,23.683092450821835,1.55,-2.047601522464615,-0.816414268655619,
2019-11-08,1.94,1.68,116.3436,6.9954,109.14,2.092290394862917,23.683092450821835,1.55,-2.047601522464615,-0.2729611489498074,
2019-11-11,,,,,,2.092290394862917,23.683092450821835,1.55,-2.047601522464615,,
2019-11-12,1.92,1.66,116.5837,7.0066,109.09,2.092290394862917,23.683092450821835,1.55,-2.047601522464615,-0.27261278347579876,
2019-11-13,1.88,1.63,116.8397,7.0223,108.83,2.092290394862917,23.683092450821835,1.55,-2.047601522464615,-0.2725488271585185,
2019-11-14,1.82,1.58,116.8022,7.0195,108.33,2.092290394862917,23.683092450821835,1.55,-2.047601522464615,0.1090280563716782,
2019-11-15,1.84,1.61,116.4401,7.0075,108.8,2.092290394862917,23.683092450821835,1.55,-2.047601522464615,-0.16474902631737584,
2019-11-18,1.81,1.6,116.3625,7.0246,108.61,2.092290394862917,23.683092450821835,1.55,-2.047601522464615,0.11020062554775278,
2019-11-19,1.79,1.6,116.5391,7.0263,108.59,2.092290394862917,23.683092450821835,1.55,-2.047601522464615,-0.0,
2019-11-20,1.73,1.56,116.828,7.0344,108.67,2.092290394862917,23.683092450821835,1.55,-2.047601522464615,0.1117425906236057,
2019-11-21,1.77,1.6,116.7435,7.0285,108.53,2.092290394862917,23.683092450821835,1.55,-2.047601522464615,-0.11234407111309422,
2019-11-22,1.77,1.61,116.9137,7.0389,108.67,2.092290394862917,23.683092450821835,1.55,-2.047601522464615,0.1136415311904989,
2019-11-25,1.76,1.61,117.0098,7.0349,108.95,2.092290394862917,23.683092450821835,1.55,-2.047601522464615,0.17196429838318536,
2019-11-26,1.74,1.58,117.0513,7.0319,109.11,2.092290394862917,23.683092450821835,1.55,-2.047601522464615,0.35092719429934727,
2019-11-27,1.77,1.63,117.1273,7.028,109.38,2.092290394862917,23.683092450821835,1.55,-2.047601522464615,-0.12146247444321107,
2019-11-28,,,,,,2.092290394862917,23.683092450821835,1.55,-2.047601522464615,,
2019-11-29,1.78,1.61,117.1204,7.0308,109.47,2.092290394862917,23.683092450821835,1.55,-2.047601522464615,-0.30477730137648934,
2019-12-02,1.83,1.61,116.9647,7.038,109.09,2.3195274699624457,-25.00512450922394,1.55,-2.2991807373363926,-0.06102796218357438,
2019-12-03,1.72,1.53,116.8898,7.0609,108.53,2.3195274699624457,-25.00512450922394,1.55,-2.2991807373363926,0.6082560543859299,
2019-12-04,1.77,1.58,116.692,7.0489,108.87,2.3195274699624457,-25.00512450922394,1.55,-2.2991807373363926,0.18360391232353968,
2019-12-05,1.8,1.58,116.3838,7.0445,108.69,2.3195274699624457,-25.00512450922394,1.55,-2.2991807373363926,0.6226605180223609,
2019-12-06,1.84,1.61,116.5381,7.0348,108.66,2.3195274699624457,-25.00512450922394,1.55,-2.2991807373363926,0.4588716163940979,
2019-12-09,1.83,1.63,116.3283,7.0389,108.59,2.3195274699624457,-25.00512450922394,1.55,-2.2991807373363926,,
2019-12-10,1.85,1.65,116.2542,7.0328,108.73,2.3195274699624457,-25.00512450922394,1.55,-2.2991807373363926,0.06891860286086753,
2019-12-11,1.79,1.61,116.1478,7.0384,108.67,2.3195274699624457,-25.00512450922394,1.55,-2.2991807373363926,0.14547762892880947,
2019-12-12,1.9,1.66,115.8741,6.9925,109.16,2.3195274699624457,-25.00512450922394,1.55,-2.2991807373363926,-0.6015681565082617,
2019-12-13,1.82,1.61,115.6967,6.9925,109.28,2.3195274699624457,-25.00512450922394,1.55,-2.2991807373363926,-0.0,
2019-12-16,1.89,1.65,115.555,6.9921,109.64,2.3195274699624457,-25.00512450922394,1.55,-2.2991807373363926,-0.38679843711875334,
2019-12-17,1.89,1.63,115.5553,6.9967,109.52,2.3195274699624457,-25.00512450922394,1.55,-2.2991807373363926,-0.23137737370970632,
2019-12-18,1.92,1.63,115.6618,7.0029,109.58,2.3195274699624457,-25.00512450922394,1.55,-2.2991807373363926,-0.5473573265310769,
2019-12-19,1.92,1.62,115.5988,7.0097,109.23,2.3195274699624457,-25.00512450922394,1.55,-2.2991807373363926,-0.15776212754931654,
2019-12-20,1.92,1.63,115.7598,7.0063,109.45,2.3195274699624457,-25.00512450922394,1.55,-2.2991807373363926,-0.15776212754931476,
2019-12-23,1.93,1.64,115.8059,7.0124,109.39,2.3195274699624457,-25.00512450922394,1.55,-2.2991807373363926,-0.2361722371670335,
2019-12-24,1.9,1.62,,7.0064,109.38,2.3195274699624457,-25.00512450922394,1.55,-2.2991807373363926,-0.31495502628637617,
2019-12-25,,,,,,2.3195274699624457,-25.00512450922394,1.55,-2.2991807373363926,,
2019-12-26,1.9,1.64,115.634,6.9949,109.67,2.3195274699624457,-25.00512450922394,1.55,-2.2991807373363926,,
2019-12-27,1.88,1.59,115.22,6.9954,109.47,2.3195274699624457,-25.00512450922394,1.55,-2.2991807373363926,0.20309914673874171,
2019-12-30,1.9,1.58,114.9631,6.9864,108.85,2.3195274699624457,-25.00512450922394,1.55,-2.2991807373363926,0.33002168785208513,
2019-12-31,1.92,1.58,114.669,6.9618,108.67,2.3195274699624457,-25.00512450922394,1.55,-2.2991807373363926,-0.6549502273750379,
2020-01-02,1.88,1.58,114.9745,6.9642,108.43,2.599767976845202,47.92410826254369,1.55,-2.290379015513233,-0.0,
2020-01-03,1.8,1.53,114.9867,6.9649,107.94,2.599767976845202,47.92410826254369,1.55,-2.290379015513233,1.0,
2020-01-06,1.81,1.54,114.9557,6.9749,108.36,2.599767976845202,47.92410826254369,1.55,-2.290379015513233,1.0,
2020-01-07,1.83,1.54,115.1477,6.9443,108.53,2.599767976845202,47.92410826254369,1.55,-2.290379015513233,1.0,
2020-01-08,1.87,1.58,115.1328,6.9447,109.03,2.599767976845202,47.92410826254369,1.55,-2.290379015513233,0.4192680632365387,
2020-01-09,1.85,1.58,115.2331,6.9309,109.47,2.599767976845202,47.92410826254369,1.55,-2.290379015513233,1.0,
2020-01-10,1.83,1.56,115.0677,6.9178,109.5,2.599767976845202,47.92410826254369,1.55,-2.290379015513233,0.6891286063516349,
2020-01-13,1.85,1.58,115.0342,6.8924,109.93,2.599767976845202,47.92410826254369,1.55,-2.290379015513233,0.9625977688008441,
2020-01-14,1.82,1.58,115.0239,6.8837,110.05,2.599767976845202,47.92410826254369,1.55,-2.290379015513233,0.6850174872961594,
2020-01-15,1.79,1.56,114.9528,6.8899,109.94,2.599767976845202,47.92410826254369,1.55,-2.290379015513233,0.9504444990906946,
2020-01-16,1.81,1.58,115.0006,6.8769,110.16,2.599767976845202,47.92410826254369,1.55,-2.290379015513233,0.5431111423375415,
2020-01-17,1.84,1.58,115.0656,6.8589,110.16,2.599767976845202,47.92410826254369,1.55,-2.290379015513233,0.6799887529023338,
2020-01-20,,,,,,2.599767976845202,47.92410826254369,1.55,-2.290379015513233,,
2020-01-21,1.78,1.53,115.1876,6.9049,109.95,2.599767976845202,47.92410826254369,1.55,-2.290379015513233,1.0,
2020-01-22,1.77,1.53,115.2273,6.904,109.93,2.599767976845202,47.92410826254369,1.55,-2.290379015513233,,
2020-01-23,1.74,1.51,115.5545,6.9364,109.39,2.599767976845202,47.92410826254369,1.55,-2.290379015513233,1.0,
2020-01-24,1.7,1.49,115.5556,6.9161,109.31,2.599767976845202,47.92410826254369,1.55,-2.290379015513233,1.0,
2020-01-27,1.61,1.44,115.8004,6.9161,108.95,2.599767976845202,47.92410826254369,1.55,-2.290379015513233,1.0,
2020-01-28,1.65,1.45,115.7239,6.9161,109.17,2.599767976845202,47.92410826254369,1.55,-2.290379015513233,1.0,
2020-01-29,1.6,1.42,115.7003,6.9161,109.15,2.599767976845202,47.92410826254369,1.55,-2.290379015513233,,
2020-01-30,1.57,1.41,115.8077,6.9161,108.75,2.599767976845202,47.92410826254369,1.55,-2.290379015513233,1.0,
2020-01-31,1.51,1.33,115.7345,6.9161,108.5,2.599767976845202,47.92410826254369,1.55,-2.290379015513233,1.0,
2020-02-03,1.54,1.36,116.1172,7.0208,108.59,2.3413166797595197,57.26812871180635,1.58,-1.4232217750208775,1.0,
2020-02-04,1.61,1.41,115.9291,6.9979,109.41,2.3413166797595197,57.26812871180635,1.58,-1.4232217750208775,0.8811353776338068,
2020-02-05,1.66,1.44,116.009,6.972,109.74,2.3413166797595197,57.26812871180635,1.58,-1.4232217750208775,0.9309879945640105,
2020-02-06,1.65,1.44,116.1518,6.9694,109.89,2.3413166797595197,57.26812871180635,1.58,-1.4232217750208775,0.909661952097345,
2020-02-07,1.59,1.41,116.5086,7.0003,109.81,2.3413166797595197,57.26812871180635,1.58,-1.4232217750208775,0.9462189646634391,
2020-02-10,1.56,1.37,116.5711,6.982,109.77,2.3413166797595197,57.26812871180635,1.58,-1.4232217750208775,1.0,
2020-02-11,1.59,1.41,116.3585,6.965,109.78,2.3413166797595197,57.26812871180635,1.58,-1.4232217750208775,1.0,
2020-02-12,1.62,1.44,116.2794,6.9708,110.0,2.3413166797595197,57.26812871180635,1.58,-1.4232217750208775,0.6967830449912993,
2020-02-13,1.61,1.44,116.3999,6.9759,109.81,2.3413166797595197,57.26812871180635,1.58,-1.4232217750208775,0.8045031507058478,
2020-02-14,1.59,1.42,116.4223,6.9859,109.77,2.3413166797595197,57.26812871180635,1.58,-1.4232217750208775,0.9076387995445854,
2020-02-17,,,,,,2.3413166797595197,57.26812871180635,1.58,-1.4232217750208775,,
2020-02-18,1.55,1.41,116.6039,6.9949,109.8,2.3413166797595197,57.26812871180635,1.58,-1.4232217750208775,0.6665198417874721,
2020-02-19,1.56,1.42,116.7829,6.9975,111.17,2.3413166797595197,57.26812871180635,1.58,-1.4232217750208775,0.6078552961553957,
2020-02-20,1.52,1.39,117.2454,7.0225,111.86,2.3413166797595197,57.26812871180635,1.58,-1.4232217750208775,0.6543616101666774,
2020-02-21,1.46,1.34,117.0473,7.0255,111.74,2.3413166797595197,57.26812871180635,1.58,-1.4232217750208775,0.793390797210292,
2020-02-24,1.38,1.26,117.4018,7.0286,110.56,2.3413166797595197,57.26812871180635,1.58,-1.4232217750208775,0.897313537558256,
2020-02-25,1.33,1.2,117.2425,7.0128,110.23,2.3413166797595197,57.26812871180635,1.58,-1.4232217750208775,1.0,
2020-02-26,1.33,1.16,117.405,7.0214,110.36,2.3413166797595197,57.26812871180635,1.58,-1.4232217750208775,1.0,
2020-02-27,1.3,1.11,117.3678,7.0036,110.15,2.3413166797595197,57.26812871180635,1.58,-1.4232217750208775,1.0,
2020-02-28,1.13,0.86,117.6568,6.9906,108.12,2.3413166797595197,57.26812871180635,1.58,-1.4232217750208775,1.0,
2020-03-02,1.1,0.84,116.8144,6.9595,108.02,1.4940399642909163,-187.7275268633054,0.65,-5.315054964389065,1.0,
2020-03-03,1.02,0.71,116.4958,6.9579,107.28,1.4940399642909163,-187.7275268633054,0.65,-5.315054964389065,1.0,
2020-03-04,1.02,0.67,116.7802,6.9244,107.34,1.4940399642909163,-187.7275268633054,0.65,-5.315054964389065,1.0,
2020-03-05,0.92,0.59,116.7901,6.9366,106.56,1.4940399642909163,-187.7275268633054,0.65,-5.315054964389065,1.0,
2020-03-06,0.74,0.49,116.7106,6.9298,105.31,1.4940399642909163,-187.7275268633054,0.65,-5.315054964389065,1.0,
2020-03-09,0.54,0.38,117.1871,6.9448,102.52,1.4940399642909163,-187.7275268633054,0.65,-5.315054964389065,1.0,
2020-03-10,0.76,0.5,117.9027,6.9549,103.71,1.4940399642909163,-187.7275268633054,0.65,-5.315054964389065,1.0,
2020-03-11,0.82,0.5,118.2505,6.9595,104.81,1.4940399642909163,-187.7275268633054,0.65,-5.315054964389065,1.0,
2020-03-12,0.88,0.5,120.4883,7.0282,105.67,1.4940399642909163,-187.7275268633054,0.65,-5.315054964389065,1.0,
2020-03-13,0.94,0.49,120.4388,7.0079,107.15,1.4940399642909163,-187.7275268633054,0.65,-5.315054964389065,1.0,
2020-03-16,0.73,0.36,120.9352,6.9913,105.64,1.4940399642909163,-187.7275268633054,0.65,-5.315054964389065,,
2020-03-17,1.02,0.47,122.4816,7.003,107.41,1.4940399642909163,-187.7275268633054,0.65,-5.315054964389065,1.0,
2020-03-18,1.18,0.54,124.1623,7.0459,108.45,1.4940399642909163,-187.7275268633054,0.65,-5.315054964389065,1.0,
2020-03-19,1.12,0.44,125.0587,7.1058,110.08,1.4940399642909163,-187.7275268633054,0.65,-5.315054964389065,1.0,
2020-03-20,0.92,0.37,124.9362,7.095,111.3,1.4940399642909163,-187.7275268633054,0.65,-5.315054964389065,1.0,
2020-03-23,0.76,0.28,126.1262,7.09,111.36,1.4940399642909163,-187.7275268633054,0.65,-5.315054964389065,1.0,
2020-03-24,0.84,0.38,125.5001,7.061,111.44,1.4940399642909163,-187.7275268633054,0.65,-5.315054964389065,0.9053372302309336,
2020-03-25,0.88,0.34,124.7916,7.1099,111.43,1.4940399642909163,-187.7275268633054,0.65,-5.315054964389065,0.8886232762835816,
2020-03-26,0.83,0.3,122.4308,7.0709,109.45,1.4940399642909163,-187.7275268633054,0.65,-5.315054964389065,0.8609158336359043,
2020-03-27,0.72,0.25,122.4007,7.0942,108.16,1.4940399642909163,-187.7275268633054,0.65,-5.315054964389065,0.6346141817653925,
2020-03-30,0.7,0.23,123.2883,7.0986,108.06,1.4940399642909163,-187.7275268633054,0.65,-5.315054964389065,0.6224582721829002,
2020-03-31,0.7,0.23,122.5301,7.0808,107.53,1.4940399642909163,-187.7275268633054,0.65,-5.315054964389065,0.48177191222824856,
2020-04-01,0.62,0.23,123.7933,7.0989,107.05,0.3130472940411133,-189.96162873594184,0.05,-17.318282261376304,0.436136448254514,
2020-04-02,0.63,0.23,123.5916,7.0857,107.85,0.3130472940411133,-189.96162873594184,0.05,-17.318282261376304,0.35325991086065167,
2020-04-03,0.62,0.23,124.4152,7.0908,108.53,0.3130472940411133,-189.96162873594184,0.05,-17.318282261376304,0.2529525039098714,
2020-04-06,0.67,0.27,124.16,7.0895,109.11,0.3130472940411133,-189.96162873594184,0.05,-17.318282261376304,0.10661526015637533,
2020-04-07,0.75,0.28,123.0956,7.0448,108.97,0.3130472940411133,-189.96162873594184,0.05,-17.318282261376304,0.2129381103787494,
2020-04-08,0.77,0.27,123.2216,7.0649,108.7,0.3130472940411133,-189.96162873594184,0.05,-17.318282261376304,0.22245291375107,
2020-04-09,0.73,0.23,122.476,7.0428,108.38,0.3130472940411133,-189.96162873594184,0.05,-17.318282261376304,0.2612341952594065,
2020-04-10,,,122.1592,7.0341,108.39,0.3130472940411133,-189.96162873594184,0.05,-17.318282261376304,,
2020-04-13,0.76,0.25,122.5203,7.0501,107.59,0.3130472940411133,-189.96162873594184,0.05,-17.318282261376304,0.10677593734516637,
2020-04-14,0.76,0.23,122.1121,7.0479,107.08,0.3130472940411133,-189.96162873594184,0.05,-17.318282261376304,0.23346446184734745,
2020-04-15,0.63,0.2,123.0752,7.0664,107.42,0.3130472940411133,-189.96162873594184,0.05,-17.318282261376304,0.33169478098960803,
2020-04-16,0.61,0.2,123.4615,7.0778,107.72,0.3130472940411133,-189.96162873594184,0.05,-17.318282261376304,0.2350701821275023,
2020-04-17,0.65,0.2,122.871,7.0711,107.52,0.3130472940411133,-189.96162873594184,0.05,-17.318282261376304,0.16734833468418128,
2020-04-20,0.63,0.2,123.1033,7.0721,107.69,0.3130472940411133,-189.96162873594184,0.05,-17.318282261376304,0.07911647401102034,
2020-04-21,0.58,0.2,123.9116,7.0914,107.69,0.3130472940411133,-189.96162873594184,0.05,-17.318282261376304,0.17926134490690118,
2020-04-22,0.63,0.22,123.9256,7.0831,107.81,0.3130472940411133,-189.96162873594184,0.05,-17.318282261376304,0.12048838830924952,
2020-04-23,0.61,0.22,123.7542,7.0654,107.65,0.3130472940411133,-189.96162873594184,0.05,-17.318282261376304,0.08109856715325049,
2020-04-24,0.6,0.22,124.1615,7.0813,107.44,0.3130472940411133,-189.96162873594184,0.05,-17.318282261376304,0.030639680672693476,
2020-04-27,0.67,0.24,123.8843,7.0848,107.22,0.3130472940411133,-189.96162873594184,0.05,-17.318282261376304,-0.01032967047003043,
2020-04-28,0.62,0.2,123.3693,7.0776,106.83,0.3130472940411133,-189.96162873594184,0.05,-17.318282261376304,0.031453568103704546,
2020-04-29,0.63,0.2,122.7782,7.0755,106.67,0.3130472940411133,-189.96162873594184,0.05,-17.318282261376304,0.03206654065597828,
2020-04-30,0.64,0.2,122.327,7.0622,106.94,0.3130472940411133,-189.96162873594184,0.05,-17.318282261376304,0.03278943618600513,
2020-05-01,0.64,0.2,123.1492,7.0622,106.76,0.1982013035848551,40.46459459567129,0.05,-16.047738104539413,0.03356597243489197,
2020-05-04,0.64,0.19,123.2117,7.0622,106.82,0.1982013035848551,40.46459459567129,0.05,-16.047738104539413,0.09163348520456874,
2020-05-05,0.66,0.19,122.803,7.0622,106.52,0.1982013035848551,40.46459459567129,0.05,-16.047738104539413,0.10625878025880064,
2020-05-06,0.72,0.17,123.609,7.1031,106.07,0.1982013035848551,40.46459459567129,0.05,-16.047738104539413,0.12253378916286806,
2020-05-07,0.63,0.13,123.1249,7.0825,106.36,0.1982013035848551,40.46459459567129,0.05,-16.047738104539413,0.1277624864460458,
2020-05-08,0.69,0.16,122.5379,7.0732,106.5,0.1982013035848551,40.46459459567129,0.05,-16.047738104539413,,
2020-05-11,0.73,0.17,123.2333,7.0972,107.7,0.1982013035848551,40.46459459567129,0.05,-16.047738104539413,0.10761507426366637,
2020-05-12,0.69,0.17,123.0592,7.0816,107.33,0.1982013035848551,40.46459459567129,0.05,-16.047738104539413,0.08538292529133819,
2020-05-13,0.64,0.16,123.5408,7.0911,106.92,0.1982013035848551,40.46459459567129,0.05,-16.047738104539413,0.06097380848776523,
2020-05-14,0.63,0.16,123.6429,7.0935,107.09,0.1982013035848551,40.46459459567129,0.05,-16.047738104539413,0.06599296930768563,
2020-05-15,0.64,0.16,123.5991,7.1013,107.27,0.1982013035848551,40.46459459567129,0.05,-16.047738104539413,0.07210792590439054,
2020-05-18,0.73,0.18,122.7968,7.1086,107.25,0.1982013035848551,40.46459459567129,0.05,-16.047738104539413,0.03962747857266711,
2020-05-19,0.7,0.17,122.5655,7.098,107.89,0.1982013035848551,40.46459459567129,0.05,-16.047738104539413,0.06599999969140789,
2020-05-20,0.68,0.16,122.1007,7.0928,107.46,0.1982013035848551,40.46459459567129,0.05,-16.047738104539413,0.14954391356978428,
2020-05-21,0.68,0.17,122.0914,7.1138,107.69,0.1982013035848551,40.46459459567129,0.05,-16.047738104539413,0.14522197529274214,
2020-05-22,0.66,0.17,122.3211,7.1269,107.5,0.1982013035848551,40.46459459567129,0.05,-16.047738104539413,0.15973876708497753,
2020-05-25,,,,,,0.1982013035848551,40.46459459567129,0.05,-16.047738104539413,,
2020-05-26,0.69,0.18,121.3864,7.134,107.64,0.1982013035848551,40.46459459567129,0.05,-16.047738104539413,0.07785260615289809,
2020-05-27,0.68,0.19,121.5677,7.1681,107.79,0.1982013035848551,40.46459459567129,0.05,-16.047738104539413,0.04254753474962465,
2020-05-28,0.7,0.17,121.0138,7.1447,107.67,0.1982013035848551,40.46459459567129,0.05,-16.047738104539413,0.1364786606330364,
2020-05-29,0.65,0.16,120.9458,7.1348,107.77,0.1982013035848551,40.46459459567129,0.05,-16.047738104539413,0.18829367725565296,
2020-06-01,0.66,0.14,120.2686,7.1263,107.56,0.7166562831830481,54.65054982631165,0.08,-10.586064673581452,0.2361433080324163,
2020-06-02,0.68,0.17,119.6854,7.0992,108.6,0.7166562831830481,54.65054982631165,0.08,-10.586064673581452,0.09910767125162365,
2020-06-03,0.77,0.19,119.2556,7.1115,108.88,0.7166562831830481,54.65054982631165,0.08,-10.586064673581452,-0.10513383149028821,
2020-06-04,0.82,0.19,119.3014,7.1075,109.0,0.7166562831830481,54.65054982631165,0.08,-10.586064673581452,-0.33848287763495966,
2020-06-05,0.91,0.22,118.8138,7.0808,109.68,0.7166562831830481,54.65054982631165,0.08,-10.586064673581452,-0.3671861332875572,
2020-06-08,0.88,0.22,118.6621,7.07,108.46,0.7166562831830481,54.65054982631165,0.08,-10.586064673581452,-0.31335049303370205,
2020-06-09,0.84,0.2,118.5893,7.0765,107.66,0.7166562831830481,54.65054982631165,0.08,-10.586064673581452,-0.20589166734350767,
2020-06-10,0.75,0.17,118.5231,7.0599,107.25,0.7166562831830481,54.65054982631165,0.08,-10.586064673581452,-0.08419045222359346,
2020-06-11,0.66,0.19,119.2347,7.064,106.67,0.7166562831830481,54.65054982631165,0.08,-10.586064673581452,-0.2926056970098381,
2020-06-12,0.71,0.19,119.6645,7.0825,107.36,0.7166562831830481,54.65054982631165,0.08,-10.586064673581452,-0.3213958371218533,
2020-06-15,0.71,0.19,119.9539,7.0887,107.33,0.7166562831830481,54.65054982631165,0.08,-10.586064673581452,-0.10941907911611369,
2020-06-16,0.75,0.21,119.567,7.0854,107.35,0.7166562831830481,54.65054982631165,0.08,-10.586064673581452,-0.5085516060118869,
2020-06-17,0.74,0.19,119.9105,7.084,107.26,0.7166562831830481,54.65054982631165,0.08,-10.586064673581452,-0.4308192311986806,
2020-06-18,0.71,0.19,120.2173,7.0869,106.78,0.7166562831830481,54.65054982631165,0.08,-10.586064673581452,-0.31074912594863513,
2020-06-19,0.7,0.19,120.2186,7.0707,106.89,0.7166562831830481,54.65054982631165,0.08,-10.586064673581452,-0.31802206260778487,
2020-06-22,0.71,0.19,119.7532,7.0678,106.84,0.7166562831830481,54.65054982631165,0.08,-10.586064673581452,,
2020-06-23,0.72,0.18,119.3285,7.0575,106.44,0.7166562831830481,54.65054982631165,0.08,-10.586064673581452,-0.0,
2020-06-24,0.69,0.19,119.9744,7.077,106.83,0.7166562831830481,54.65054982631165,0.08,-10.586064673581452,-0.0,
2020-06-25,0.68,0.17,120.2997,7.0768,107.21,0.7166562831830481,54.65054982631165,0.08,-10.586064673581452,-0.0,
2020-06-26,0.64,0.17,120.533,7.0768,107.19,0.7166562831830481,54.65054982631165,0.08,-10.586064673581452,-0.1658575801542439,
2020-06-29,0.64,0.16,120.6658,7.0794,107.71,0.7166562831830481,54.65054982631165,0.08,-10.586064673581452,-0.3492228772179363,
2020-06-30,0.66,0.16,120.4649,7.0651,107.77,0.7166562831830481,54.65054982631165,0.08,-10.586064673581452,0.18984556779842177,
2020-07-01,0.69,0.17,120.0808,7.0703,107.5,0.9968647625897997,24.245080926239233,0.09,-6.783544959427434,0.41460945278146627,
2020-07-02,0.68,0.16,119.8555,7.066,107.55,0.9968647625897997,24.245080926239233,0.09,-6.783544959427434,0.6331922802369142,
2020-07-03,,,,,,0.9968647625897997,24.245080926239233,0.09,-6.783544959427434,,
2020-07-06,0.69,0.16,119.2852,7.0159,107.5,0.9968647625897997,24.245080926239233,0.09,-6.783544959427434,1.0,
2020-07-07,0.65,0.16,119.5717,7.0127,107.53,0.9968647625897997,24.245080926239233,0.09,-6.783544959427434,0.9210268515197922,
2020-07-08,0.67,0.16,119.5525,7.0041,107.39,0.9968647625897997,24.245080926239233,0.09,-6.783544959427434,0.22925884594020904,
2020-07-09,0.62,0.16,119.5129,6.9923,107.27,0.9968647625897997,24.245080926239233,0.09,-6.783544959427434,0.6855133930420256,
2020-07-10,0.65,0.16,119.3509,6.999,106.77,0.9968647625897997,24.245080926239233,0.09,-6.783544959427434,0.6839596239882538,
2020-07-13,0.64,0.16,119.1891,6.9959,107.22,0.9968647625897997,24.245080926239233,0.09,-6.783544959427434,0.6831009711809629,
2020-07-14,0.63,0.14,119.3901,7.006,107.2,0.9968647625897997,24.245080926239233,0.09,-6.783544959427434,1.0,
2020-07-15,0.64,0.16,119.0331,6.9885,106.92,0.9968647625897997,24.245080926239233,0.09,-6.783544959427434,0.6846488824603042,
2020-07-16,0.62,0.16,118.9275,6.9881,107.05,0.9968647625897997,24.245080926239233,0.09,-6.783544959427434,0.7035219328393549,
2020-07-17,0.64,0.14,119.124,6.9912,107.06,0.9968647625897997,24.245080926239233,0.09,-6.783544959427434,1.0,
2020-07-20,0.62,0.16,119.0483,6.9829,107.21,0.9968647625897997,24.245080926239233,0.09,-6.783544959427434,0.7733656287634252,
2020-07-21,0.61,0.14,118.4042,6.98,106.82,0.9968647625897997,24.245080926239233,0.09,-6.783544959427434,1.0,
2020-07-22,0.6,0.14,118.1337,6.9988,107.18,0.9968647625897997,24.245080926239233,0.09,-6.783544959427434,1.0,
2020-07-23,0.59,0.16,118.0613,7.0034,106.83,0.9968647625897997,24.245080926239233,0.09,-6.783544959427434,0.2563089950231187,
2020-07-24,0.59,0.14,118.1329,7.0168,105.79,0.9968647625897997,24.245080926239233,0.09,-6.783544959427434,0.7660099987162815,
2020-07-27,0.62,0.15,117.3869,6.995,105.29,0.9968647625897997,24.245080926239233,0.09,-6.783544959427434,0.25509530817026005,
2020-07-28,0.59,0.14,117.3189,6.9998,105.03,0.9968647625897997,24.245080926239233,0.09,-6.783544959427434,0.5047554376003431,
2020-07-29,0.58,0.12,117.2126,7.0014,105.06,0.9968647625897997,24.245080926239233,0.09,-6.783544959427434,1.0,
2020-07-30,0.55,0.11,117.4008,7.008,105.05,0.9968647625897997,24.245080926239233,0.09,-6.783544959427434,1.0,
2020-07-31,0.55,0.11,117.2082,6.9744,105.78,0.9968647625897997,24.245080926239233,0.09,-6.783544959427434,,
2020-08-03,0.56,0.11,117.8074,6.9799,106.11,1.2810698495523853,22.894989723709106,0.1,-6.512241935326724,1.0,
2020-08-04,0.52,0.11,117.7833,6.972,105.87,1.2810698495523853,22.894989723709106,0.1,-6.512241935326724,0.9913654045279607,
2020-08-05,0.55,0.11,116.8736,6.9353,105.44,1.2810698495523853,22.894989723709106,0.1,-6.512241935326724,0.953038132872809,
2020-08-06,0.55,0.11,117.0422,6.952,105.52,1.2810698495523853,22.894989723709106,0.1,-6.512241935326724,0.9197780425506772,
2020-08-07,0.57,0.13,117.6239,6.967,105.92,1.2810698495523853,22.894989723709106,0.1,-6.512241935326724,0.5448514953755039,
2020-08-10,0.59,0.14,117.5821,6.9611,105.85,1.2810698495523853,22.894989723709106,0.1,-6.512241935326724,0.3623676626212058,
2020-08-11,0.64,0.16,117.3781,6.9451,106.56,1.2810698495523853,22.894989723709106,0.1,-6.512241935326724,-0.36260537761991524,
2020-08-12,0.69,0.16,117.2559,6.9363,106.85,1.2810698495523853,22.894989723709106,0.1,-6.512241935326724,-0.0,
2020-08-13,0.71,0.16,117.1193,6.944,106.89,1.2810698495523853,22.894989723709106,0.1,-6.512241935326724,-0.0,
2020-08-14,0.71,0.14,116.9395,6.9501,106.49,1.2810698495523853,22.894989723709106,0.1,-6.512241935326724,-0.0,
2020-08-17,0.69,0.14,116.749,6.9318,105.97,1.2810698495523853,22.894989723709106,0.1,-6.512241935326724,0.3624956800292629,
2020-08-18,0.67,0.14,116.5593,6.9215,105.41,1.2810698495523853,22.894989723709106,0.1,-6.512241935326724,-0.0,
2020-08-19,0.68,0.14,116.567,6.9192,105.71,1.2810698495523853,22.894989723709106,0.1,-6.512241935326724,-0.0,
2020-08-20,0.65,0.13,116.8126,6.9143,105.81,1.2810698495523853,22.894989723709106,0.1,-6.512241935326724,0.542039446728559,
2020-08-21,0.64,0.16,117.0572,6.9179,105.88,1.2810698495523853,22.894989723709106,0.1,-6.512241935326724,-0.36135963115237246,
2020-08-24,0.65,0.14,116.912,6.918,105.9,1.2810698495523853,22.894989723709106,0.1,-6.512241935326724,0.18067981557618598,
2020-08-25,0.69,0.15,116.8206,6.9116,106.4,1.2810698495523853,22.894989723709106,0.1,-6.512241935326724,-0.1807902302625748,
2020-08-26,0.69,0.16,116.6243,6.8855,106.13,1.2810698495523853,22.894989723709106,0.1,-6.512241935326724,-0.7315090916803473,
2020-08-27,0.74,0.16,116.649,6.8925,106.42,1.2810698495523853,22.894989723709106,0.1,-6.512241935326724,-0.9255249556042089,
2020-08-28,0.74,0.14,115.9374,6.8647,105.3,1.2810698495523853,22.894989723709106,0.1,-6.512241935326724,-0.5814234377016072,
2020-08-31,0.72,0.14,115.7586,6.8474,105.84,1.2810698495523853,22.894989723709106,0.1,-6.512241935326724,-0.6135089520602965,
2020-09-01,0.68,0.13,115.5687,6.8272,106.0,1.3910228912373812,16.44715025152753,0.09,-6.183101854793705,-0.4182689030459318,
2020-09-02,0.66,0.14,116.0304,6.8375,106.15,1.3910228912373812,16.44715025152753,0.09,-6.183101854793705,-0.6283678491499234,
2020-09-03,0.63,0.13,116.0685,6.8474,106.14,1.3910228912373812,16.44715025152753,0.09,-6.183101854793705,-0.4247011574743423,
2020-09-04,0.72,0.14,116.0347,6.8409,106.34,1.3910228912373812,16.44715025152753,0.09,-6.183101854793705,-0.21691479774233027,
2020-09-07,,,,,,1.3910228912373812,16.44715025152753,0.09,-6.183101854793705,,
2020-09-08,0.69,0.14,116.4618,6.8435,105.97,1.3910228912373812,16.44715025152753,0.09,-6.183101854793705,0.4702836497956377,
2020-09-09,0.71,0.14,116.1291,6.8308,106.23,1.3910228912373812,16.44715025152753,0.09,-6.183101854793705,0.48571986273574663,
2020-09-10,0.68,0.14,115.8806,6.8335,106.19,1.3910228912373812,16.44715025152753,0.09,-6.183101854793705,0.5037470891958645,
2020-09-11,0.67,0.13,116.0866,6.833,106.17,1.3910228912373812,16.44715025152753,0.09,-6.183101854793705,0.2610518857832789,
2020-09-14,0.68,0.14,115.6428,6.808,105.68,1.3910228912373812,16.44715025152753,0.09,-6.183101854793705,-0.0,
2020-09-15,0.68,0.14,115.5908,6.7819,105.5,1.3910228912373812,16.44715025152753,0.09,-6.183101854793705,-0.0,
2020-09-16,0.69,0.14,115.3537,6.7529,104.94,1.3910228912373812,16.44715025152753,0.09,-6.183101854793705,-0.0,
2020-09-17,0.69,0.13,115.4392,6.7628,104.77,1.3910228912373812,16.44715025152753,0.09,-6.183101854793705,-0.0,
2020-09-18,0.7,0.14,115.2395,6.7675,104.44,1.3910228912373812,16.44715025152753,0.09,-6.183101854793705,0.624791853400798,
2020-09-21,0.68,0.14,116.378,6.8043,104.69,1.3910228912373812,16.44715025152753,0.09,-6.183101854793705,-0.0,
2020-09-22,0.68,0.13,116.5438,6.7779,105.05,1.3910228912373812,16.44715025152753,0.09,-6.183101854793705,0.6346477588203749,
2020-09-23,0.68,0.14,117.2526,6.8089,105.34,1.3910228912373812,16.44715025152753,0.09,-6.183101854793705,0.653173556511647,
2020-09-24,0.67,0.14,117.5473,6.8273,105.42,1.3910228912373812,16.44715025152753,0.09,-6.183101854793705,0.6617694461355933,
2020-09-25,0.66,0.12,117.8679,6.822,105.59,1.3910228912373812,16.44715025152753,0.09,-6.183101854793705,0.6564924734952224,
2020-09-28,0.67,0.14,117.6178,6.8106,105.5,1.3910228912373812,16.44715025152753,0.09,-6.183101854793705,-0.0,
2020-09-29,0.66,0.11,117.526,6.815,105.68,1.3910228912373812,16.44715025152753,0.09,-6.183101854793705,0.6532099905606967,
2020-09-30,0.69,0.13,116.946,6.7896,105.58,1.3910228912373812,16.44715025152753,0.09,-6.183101854793705,0.33071287374019226,
2020-10-01,0.68,0.14,116.7227,6.7898,105.53,1.2303863428671624,13.52365126319777,0.09,-4.622683457542831,-0.33635018463884064,
2020-10-02,0.7,0.13,116.7321,6.7898,105.36,1.2303863428671624,13.52365126319777,0.09,-4.622683457542831,0.34153841145696695,
2020-10-05,0.78,0.14,116.1767,6.7896,105.7,1.2303863428671624,13.52365126319777,0.09,-4.622683457542831,,
2020-10-06,0.76,0.14,116.2681,6.7896,105.64,1.2303863428671624,13.52365126319777,0.09,-4.622683457542831,-0.0,
2020-10-07,0.81,0.16,116.3447,6.7896,105.97,1.2303863428671624,13.52365126319777,0.09,-4.622683457542831,-0.6965018510120283,
2020-10-08,0.78,0.13,116.1657,6.7896,105.98,1.2303863428671624,13.52365126319777,0.09,-4.622683457542831,0.3547997636372091,
2020-10-09,0.79,0.16,115.2757,6.6933,105.72,1.2303863428671624,13.52365126319777,0.09,-4.622683457542831,-1.0,
2020-10-12,,,,,,1.2303863428671624,13.52365126319777,0.09,-4.622683457542831,,
2020-10-13,0.74,0.16,115.9107,6.7452,105.55,1.2303863428671624,13.52365126319777,0.09,-4.622683457542831,-0.688955012558523,
2020-10-14,0.73,0.14,115.6872,6.7136,105.08,1.2303863428671624,13.52365126319777,0.09,-4.622683457542831,-0.0,
2020-10-15,0.74,0.14,116.0964,6.7233,105.38,1.2303863428671624,13.52365126319777,0.09,-4.622683457542831,-0.35182827649040127,
2020-10-16,0.76,0.14,115.7679,6.6962,105.41,1.2303863428671624,13.52365126319777,0.09,-4.622683457542831,-0.0,
2020-10-19,0.78,0.16,115.4031,6.6803,105.42,1.2303863428671624,13.52365126319777,0.09,-4.622683457542831,-0.6931978475233607,
2020-10-20,0.81,0.14,115.2485,6.6754,105.56,1.2303863428671624,13.52365126319777,0.09,-4.622683457542831,-0.34659892376168083,
2020-10-21,0.83,0.14,114.9108,6.6503,104.58,1.2303863428671624,13.52365126319777,0.09,-4.622683457542831,-0.0,
2020-10-22,0.87,0.16,115.1158,6.6821,104.88,1.2303863428671624,13.52365126319777,0.09,-4.622683457542831,-0.7128986202350788,
2020-10-23,0.85,0.18,115.0126,6.6861,104.78,1.2303863428671624,13.52365126319777,0.09,-4.622683457542831,-1.0,
2020-10-26,0.81,0.16,115.2797,6.7119,104.86,1.2303863428671624,13.52365126319777,0.09,-4.622683457542831,-0.7053488002537738,
2020-10-27,0.79,0.16,115.0131,6.7044,104.44,1.2303863428671624,13.52365126319777,0.09,-4.622683457542831,-1.0,
2020-10-28,0.79,0.16,115.8023,6.7279,104.33,1.2303863428671624,13.52365126319777,0.09,-4.622683457542831,-1.0,
2020-10-29,0.85,0.16,116.3069,6.714,104.69,1.2303863428671624,13.52365126319777,0.09,-4.622683457542831,-0.7824463062840059,
2020-10-30,0.88,0.14,116.1354,6.6919,104.54,1.2303863428671624,13.52365126319777,0.09,-4.622683457542831,-0.3948594414388431,
2020-11-02,0.87,0.16,116.2361,6.6899,104.8,1.1757452138405844,9.554387947775922,0.09,-4.763324870606622,-0.7792063490697466,
2020-11-03,0.9,0.17,115.4802,6.6759,104.5,1.1757452138405844,9.554387947775922,0.09,-4.763324870606622,-1.0,
2020-11-04,0.78,0.14,115.1677,6.6504,104.39,1.1757452138405844,9.554387947775922,0.09,-4.763324870606622,0.7719393829533617,
2020-11-05,0.79,0.14,114.4556,6.6027,103.67,1.1757452138405844,9.554387947775922,0.09,-4.763324870606622,-0.39122315314200345,
2020-11-06,0.83,0.16,113.9919,6.608,103.32,1.1757452138405844,9.554387947775922,0.09,-4.763324870606622,-0.0,
2020-11-09,0.96,0.17,114.0895,6.628,105.58,1.1757452138405844,9.554387947775922,0.09,-4.763324870606622,,
2020-11-10,0.98,0.19,114.0757,6.6146,105.36,1.1757452138405844,9.554387947775922,0.09,-4.763324870606622,-1.0,
2020-11-11,,,,,,1.1757452138405844,9.554387947775922,0.09,-4.763324870606622,,
2020-11-12,0.88,0.17,114.2843,6.6114,105.16,1.1757452138405844,9.554387947775922,0.09,-4.763324870606622,-1.0,
2020-11-13,0.89,0.17,114.2397,6.6039,104.61,1.1757452138405844,9.554387947775922,0.09,-4.763324870606622,-0.9863605178883649,
2020-11-16,0.91,0.19,113.8312,6.583,104.54,1.1757452138405844,9.554387947775922,0.09,-4.763324870606622,-0.922905855552008,
2020-11-17,0.87,0.18,113.682,6.5556,104.2,1.1757452138405844,9.554387947775922,0.09,-4.763324870606622,-1.0,
2020-11-18,0.88,0.16,113.46,6.5588,103.72,1.1757452138405844,9.554387947775922,0.09,-4.763324870606622,-0.5942856899670171,
2020-11-19,0.86,0.18,113.694,6.5823,103.85,1.1757452138405844,9.554387947775922,0.09,-4.763324870606622,-0.5782567704048039,
2020-11-20,0.83,0.16,113.489,6.5608,103.81,1.1757452138405844,9.554387947775922,0.09,-4.763324870606622,0.5769286917176573,
2020-11-23,0.86,0.16,113.7548,6.585,104.42,1.1757452138405844,9.554387947775922,0.09,-4.763324870606622,-0.0,
2020-11-24,0.88,0.16,113.4316,6.59,104.61,1.1757452138405844,9.554387947775922,0.09,-4.763324870606622,-0.0,
2020-11-25,0.88,0.17,113.1823,6.575,104.39,1.1757452138405844,9.554387947775922,0.09,-4.763324870606622,-0.28703127048652527,
2020-11-26,,,,,,1.1757452138405844,9.554387947775922,0.09,-4.763324870606622,,
2020-11-27,0.84,0.16,,,,1.1757452138405844,9.554387947775922,0.09,-4.763324870606622,-0.5757325154967408,
2020-11-30,0.84,0.16,113.2256,6.576,104.38,1.1757452138405844,9.554387947775922,0.09,-4.763324870606622,-0.0,
2020-12-01,0.92,0.17,112.8063,6.5705,104.4,1.3204191315779434,5.500665746669357,0.09,-3.28150457766595,-0.0,
2020-12-02,0.95,0.16,112.6115,6.5622,104.52,1.3204191315779434,5.500665746669357,0.09,-3.28150457766595,-0.5758488616714547,
2020-12-03,0.92,0.16,112.0236,6.5418,103.77,1.3204191315779434,5.500665746669357,0.09,-3.28150457766595,-0.5769286917176609,
2020-12-04,0.97,0.16,111.7778,6.5301,104.16,1.3204191315779434,5.500665746669357,0.09,-3.28150457766595,-0.0,
2020-12-07,0.94,0.14,111.8385,6.5295,104.01,1.3204191315779434,5.500665746669357,0.09,-3.28150457766595,0.8764293138882573,
2020-12-08,0.92,0.14,111.8639,6.5307,104.14,1.3204191315779434,5.500665746669357,0.09,-3.28150457766595,1.0,
2020-12-09,0.95,0.16,112.0305,6.541,104.28,1.3204191315779434,5.500665746669357,0.09,-3.28150457766595,,
2020-12-10,0.92,0.14,111.9788,6.5419,104.3,1.3204191315779434,5.500665746669357,0.09,-3.28150457766595,0.8887773674950235,
2020-12-11,0.9,0.11,112.1417,6.5445,103.88,1.3204191315779434,5.500665746669357,0.09,-3.28150457766595,1.0,
2020-12-14,0.9,0.13,112.1708,6.548,104.06,1.3204191315779434,5.500665746669357,0.09,-3.28150457766595,1.0,
2020-12-15,0.92,0.11,111.8601,6.5388,103.69,1.3204191315779434,5.500665746669357,0.09,-3.28150457766595,1.0,
2020-12-16,0.92,0.13,111.7157,6.5323,103.59,1.3204191315779434,5.500665746669357,0.09,-3.28150457766595,0.8026463227854214,
2020-12-17,0.94,0.13,111.2226,6.5321,103.13,1.3204191315779434,5.500665746669357,0.09,-3.28150457766595,1.0,
2020-12-18,0.95,0.13,111.6071,6.5395,103.35,1.3204191315779434,5.500665746669357,0.09,-3.28150457766595,0.8067820193529754,
2020-12-21,0.95,0.13,111.9415,6.5493,103.44,1.3204191315779434,5.500665746669357,0.09,-3.28150457766595,0.799995544452366,
2020-12-22,0.93,0.13,112.1947,6.5426,103.62,1.3204191315779434,5.500665746669357,0.09,-3.28150457766595,0.8269641703814378,
2020-12-23,0.96,0.13,111.9807,6.54,103.52,1.3204191315779434,5.500665746669357,0.09,-3.28150457766595,1.0,
2020-12-24,0.94,0.13,,,,1.3204191315779434,5.500665746669357,0.09,-3.28150457766595,,
2020-12-25,,,,,,1.3204191315779434,5.500665746669357,0.09,-3.28150457766595,,
2020-12-28,0.94,0.13,111.9752,6.5346,103.84,1.3204191315779434,5.500665746669357,0.09,-3.28150457766595,0.8152036322433579,
2020-12-29,0.94,0.12,111.5172,6.53,103.5,1.3204191315779434,5.500665746669357,0.09,-3.28150457766595,1.0,
2020-12-30,0.93,0.12,111.3084,6.5208,103.31,1.3204191315779434,5.500665746669357,0.09,-3.28150457766595,1.0,
2020-12-31,0.93,0.13,111.3169,6.525,103.19,1.3204191315779434,5.500665746669357,0.09,-3.28150457766595,0.7794026194436489,
2021-01-04,0.93,0.11,111.2075,6.4601,103.19,1.3738437137002402,10.135170222344028,0.09,-2.1295843569181794,0.7517410274082307,
2021-01-05,0.96,0.13,110.9574,6.455,102.7,1.3738437137002402,10.135170222344028,0.09,-2.1295843569181794,0.24903162967205444,
2021-01-06,1.04,0.14,110.8502,6.4617,103.25,1.3738437137002402,10.135170222344028,0.09,-2.1295843569181794,0.49806325934410817,
2021-01-07,1.08,0.14,111.3042,6.476,103.84,1.3738437137002402,10.135170222344028,0.09,-2.1295843569181794,-0.0,
2021-01-08,1.13,0.14,111.2847,6.475,103.89,1.3738437137002402,10.135170222344028,0.09,-2.1295843569181794,-0.7470948890161629,
2021-01-11,1.15,0.14,111.8257,6.4795,104.16,1.3738437137002402,10.135170222344028,0.09,-2.1295843569181794,-0.24923244546927933,
2021-01-12,1.15,0.14,111.5501,6.461,104.09,1.3738437137002402,10.135170222344028,0.09,-2.1295843569181794,-0.7476973364078376,
2021-01-13,1.1,0.14,111.3622,6.4677,103.91,1.3738437137002402,10.135170222344028,0.09,-2.1295843569181794,-0.24923244546927933,
2021-01-14,1.15,0.16,111.1567,6.4736,103.66,1.3738437137002402,10.135170222344028,0.09,-2.1295843569181794,-0.7476973364078373,
2021-01-15,1.11,0.13,111.5106,6.48,103.8,1.3738437137002402,10.135170222344028,0.09,-2.1295843569181794,-0.0,
2021-01-18,,,,,,1.3738437137002402,10.135170222344028,0.09,-2.1295843569181794,,
2021-01-19,1.1,0.14,111.4527,6.4777,103.86,1.3738437137002402,10.135170222344028,0.09,-2.1295843569181794,-0.25208816377224336,
2021-01-20,1.1,0.13,,,,1.3738437137002402,10.135170222344028,0.09,-2.1295843569181794,-0.0,
2021-01-21,1.12,0.13,111.1973,6.4595,103.57,1.3738437137002402,10.135170222344028,0.09,-2.1295843569181794,-0.0,
2021-01-22,1.1,0.13,111.5516,6.481,103.76,1.3738437137002402,10.135170222344028,0.09,-2.1295843569181794,,
2021-01-25,1.05,0.13,111.8676,6.4784,103.78,1.3738437137002402,10.135170222344028,0.09,-2.1295843569181794,-0.0,
2021-01-26,1.05,0.11,111.6572,6.4635,103.69,1.3738437137002402,10.135170222344028,0.09,-2.1295843569181794,0.2456946349807875,
2021-01-27,1.04,0.12,112.0782,6.4822,104.09,1.3738437137002402,10.135170222344028,0.09,-2.1295843569181794,-0.0,
2021-01-28,1.07,0.12,112.0059,6.4491,104.31,1.3738437137002402,10.135170222344028,0.09,-2.1295843569181794,0.23968991109706375,
2021-01-29,1.11,0.11,111.9511,6.4282,104.64,1.3738437137002402,10.135170222344028,0.09,-2.1295843569181794,,
2021-02-01,1.09,0.11,112.4189,6.4669,104.97,1.6698167791706853,11.82529962841823,0.08,-5.680577271180343,-0.0,
2021-02-02,1.12,0.11,112.2862,6.457,105.09,1.6698167791706853,11.82529962841823,0.08,-5.680577271180343,0.4825262776823938,
2021-02-03,1.15,0.11,112.2567,6.4614,105.05,1.6698167791706853,11.82529962841823,0.08,-5.680577271180343,0.7166055590286549,
2021-02-04,1.15,0.11,112.7469,6.4715,105.43,1.6698167791706853,11.82529962841823,0.08,-5.680577271180343,0.7178834063483925,
2021-02-05,1.19,0.09,112.2379,6.4664,105.44,1.6698167791706853,11.82529962841823,0.08,-5.680577271180343,1.0,
2021-02-08,1.19,0.11,112.0428,6.4475,105.19,1.6698167791706853,11.82529962841823,0.08,-5.680577271180343,0.7310496304065518,
2021-02-09,1.18,0.11,111.7675,6.4344,104.62,1.6698167791706853,11.82529962841823,0.08,-5.680577271180343,0.7535559751390268,
2021-02-10,1.15,0.11,111.5834,6.4576,104.67,1.6698167791706853,11.82529962841823,0.08,-5.680577271180343,0.7549491284362115,
2021-02-11,1.16,0.11,111.5272,6.4567,104.75,1.6698167791706853,11.82529962841823,0.08,-5.680577271180343,1.0,
2021-02-12,1.2,0.11,111.4889,6.4567,104.94,1.6698167791706853,11.82529962841823,0.08,-5.680577271180343,0.5276414462452484,
2021-02-15,,,,,,1.6698167791706853,11.82529962841823,0.08,-5.680577271180343,,
2021-02-16,1.3,0.13,111.7879,6.4567,105.88,1.6698167791706853,11.82529962841823,0.08,-5.680577271180343,0.27322724403851134,
2021-02-17,1.29,0.11,112.0204,6.4567,105.83,1.6698167791706853,11.82529962841823,0.08,-5.680577271180343,0.5655407259671598,
2021-02-18,1.29,0.11,112.1603,6.4869,105.69,1.6698167791706853,11.82529962841823,0.08,-5.680577271180343,0.5645720429111457,
2021-02-19,1.34,0.11,111.7058,6.4555,105.58,1.6698167791706853,11.82529962841823,0.08,-5.680577271180343,0.5752374745492109,
2021-02-22,1.37,0.11,111.918,6.4625,105.06,1.6698167791706853,11.82529962841823,0.08,-5.680577271180343,0.5881758266866247,
2021-02-23,1.37,0.11,111.8981,6.464,105.21,1.6698167791706853,11.82529962841823,0.08,-5.680577271180343,-0.0,
2021-02-24,1.38,0.12,111.7212,6.4556,105.91,1.6698167791706853,11.82529962841823,0.08,-5.680577271180343,-0.0,
2021-02-25,1.54,0.17,111.9253,6.4541,106.22,1.6698167791706853,11.82529962841823,0.08,-5.680577271180343,-1.0,
2021-02-26,1.44,0.14,112.8306,6.473,106.64,1.6698167791706853,11.82529962841823,0.08,-5.680577271180343,-0.9759336038455954,
2021-03-01,1.45,0.13,112.5263,6.4648,106.68,2.6678187820641908,13.185087849480487,0.07,1.0038210492383515,-0.6555512593263477,
2021-03-02,1.42,0.13,112.5342,6.4702,106.75,2.6678187820641908,13.185087849480487,0.07,1.0038210492383515,-0.6606874726414979,
2021-03-03,1.47,0.14,112.7617,6.4675,106.92,2.6678187820641908,13.185087849480487,0.07,1.0038210492383515,-1.0,
2021-03-04,1.54,0.14,112.7037,6.4694,107.58,2.6678187820641908,13.185087849480487,0.07,1.0038210492383515,-1.0,
2021-03-05,1.56,0.14,113.7487,6.496,108.24,2.6678187820641908,13.185087849480487,0.07,1.0038210492383515,-1.0,
2021-03-08,1.59,0.17,114.2678,6.525,108.92,2.6678187820641908,13.185087849480487,0.07,1.0038210492383515,-1.0,
2021-03-09,1.55,0.17,113.928,6.505,108.64,2.6678187820641908,13.185087849480487,0.07,1.0038210492383515,-1.0,
2021-03-10,1.53,0.16,113.5881,6.505,108.58,2.6678187820641908,13.185087849480487,0.07,1.0038210492383515,-1.0,
2021-03-11,1.54,0.14,112.9214,6.4932,108.44,2.6678187820641908,13.185087849480487,0.07,1.0038210492383515,-0.8687090084650633,
2021-03-12,1.64,0.14,113.0269,6.5081,108.87,2.6678187820641908,13.185087849480487,0.07,1.0038210492383515,-0.8649028817245107,
2021-03-15,1.62,0.14,113.1928,6.4996,109.11,2.6678187820641908,13.185087849480487,0.07,1.0038210492383515,,
2021-03-16,1.62,0.15,112.9839,6.5052,109.01,2.6678187820641908,13.185087849480487,0.07,1.0038210492383515,-0.5662151206188495,
2021-03-17,1.63,0.13,113.1589,6.503,109.22,2.6678187820641908,13.185087849480487,0.07,1.0038210492383515,-0.5662151206188499,
2021-03-18,1.71,0.16,112.7744,6.5054,108.97,2.6678187820641908,13.185087849480487,0.07,1.0038210492383515,-1.0,
2021-03-19,1.74,0.16,112.9756,6.507,108.85,2.6678187820641908,13.185087849480487,0.07,1.0038210492383515,-1.0,
2021-03-22,1.69,0.15,113.0023,6.507,108.67,2.6678187820641908,13.185087849480487,0.07,1.0038210492383515,-1.0,
2021-03-23,1.63,0.15,113.2916,6.516,108.61,2.6678187820641908,13.185087849480487,0.07,1.0038210492383515,-1.0,
2021-03-24,1.62,0.14,113.6565,6.523,108.81,2.6678187820641908,13.185087849480487,0.07,1.0038210492383515,-0.5321933987410561,
2021-03-25,1.63,0.14,114.0016,6.5452,109.13,2.6678187820641908,13.185087849480487,0.07,1.0038210492383515,0.7965955125852414,
2021-03-26,1.67,0.14,113.7406,6.5412,109.55,2.6678187820641908,13.185087849480487,0.07,1.0038210492383515,-0.0,
2021-03-29,1.73,0.14,113.9314,6.5696,109.73,2.6678187820641908,13.185087849480487,0.07,1.0038210492383515,-0.2699101265626409,
2021-03-30,1.73,0.16,114.203,6.5716,110.19,2.6678187820641908,13.185087849480487,0.07,1.0038210492383515,-0.7938310523952761,
2021-03-31,1.74,0.16,113.8234,6.5518,110.61,2.6678187820641908,13.185087849480487,0.07,1.0038210492383515,-0.5202198416944366,
2021-04-01,1.69,0.17,113.7389,6.5645,110.61,4.133077115360573,-37.438498824007695,0.07,16.55213518144698,-0.7566376789666522,
2021-04-02,1.72,0.19,113.7315,6.5646,110.67,4.133077115360573,-37.438498824007695,0.07,16.55213518144698,-1.0,
2021-04-05,1.73,0.17,113.394,6.5649,110.08,4.133077115360573,-37.438498824007695,0.07,16.55213518144698,-0.0,
2021-04-06,1.67,0.16,113.1464,6.537,109.83,4.133077115360573,-37.438498824007695,0.07,16.55213518144698,0.22787192482429153,
2021-04-07,1.68,0.16,113.2436,6.5415,109.67,4.133077115360573,-37.438498824007695,0.07,16.55213518144698,-0.0,
2021-04-08,1.64,0.14,113.0917,6.5505,109.25,4.133077115360573,-37.438498824007695,0.07,16.55213518144698,-0.0,
2021-04-09,1.67,0.16,113.2028,6.5522,109.64,4.133077115360573,-37.438498824007695,0.07,16.55213518144698,-0.45080045192368895,
2021-04-12,1.69,0.18,113.1815,6.5475,109.43,4.133077115360573,-37.438498824007695,0.07,16.55213518144698,-0.8790461538951334,
2021-04-13,1.64,0.16,113.0391,6.5431,109.19,4.133077115360573,-37.438498824007695,0.07,16.55213518144698,-0.2177547652509355,
2021-04-14,1.64,0.16,112.7849,6.5292,108.93,4.133077115360573,-37.438498824007695,0.07,16.55213518144698,-0.6478999062487811,
2021-04-15,1.56,0.16,112.6181,6.522,108.78,4.133077115360573,-37.438498824007695,0.07,16.55213518144698,-0.0,
2021-04-16,1.59,0.16,112.4814,6.5203,108.78,4.133077115360573,-37.438498824007695,0.07,16.55213518144698,-0.0,
2021-04-19,1.61,0.16,112.1835,6.5085,108.09,4.133077115360573,-37.438498824007695,0.07,16.55213518144698,-0.21144972376392937,
2021-04-20,1.58,0.15,112.2354,6.4981,108.07,4.133077115360573,-37.438498824007695,0.07,16.55213518144698,-0.0,
2021-04-21,1.57,0.15,112.1771,6.4903,108.09,4.133077115360573,-37.438498824007695,0.07,16.55213518144698,-0.21460206950114702,
2021-04-22,1.57,0.16,112.2297,6.491,108.17,4.133077115360573,-37.438498824007695,0.07,16.55213518144698,-0.42911174762483845,
2021-04-23,1.58,0.16,112.0889,6.4945,107.94,4.133077115360573,-37.438498824007695,0.07,16.55213518144698,-0.43297316421306625,
2021-04-26,1.58,0.18,111.8109,6.4844,108.12,4.133077115360573,-37.438498824007695,0.07,16.55213518144698,-0.8593803494874519,
2021-04-27,1.63,0.17,111.9097,6.483,108.56,4.133077115360573,-37.438498824007695,0.07,16.55213518144698,-0.21596663541626185,
2021-04-28,1.63,0.17,111.7909,6.4771,108.81,4.133077115360573,-37.438498824007695,0.07,16.55213518144698,-0.21753784197087628,
2021-04-29,1.65,0.16,111.7464,6.471,108.94,4.133077115360573,-37.438498824007695,0.07,16.55213518144698,0.22105062031567038,
2021-04-30,1.65,0.16,112.0839,6.4749,109.33,4.133077115360573,-37.438498824007695,0.07,16.55213518144698,0.698076017766671,
2021-05-03,1.63,0.16,112.005,6.4749,109.08,4.918257089467626,-25.08139364126585,0.06,15.673379835366053,0.23794565279942007,
2021-05-04,1.61,0.16,112.2896,6.4749,109.34,4.918257089467626,-25.08139364126585,0.06,15.673379835366053,-0.0,
2021-05-05,1.59,0.16,112.1514,6.4749,109.27,4.918257089467626,-25.08139364126585,0.06,15.673379835366053,-0.0,
2021-05-06,1.58,0.16,111.8401,6.4635,109.17,4.918257089467626,-25.08139364126585,0.06,15.673379835366053,-0.5182690669380079,
2021-05-07,1.6,0.14,111.0249,6.431,108.52,4.918257089467626,-25.08139364126585,0.06,15.673379835366053,0.5371978670106404,
2021-05-10,1.63,0.16,110.7905,6.4156,108.7,4.918257089467626,-25.08139364126585,0.06,15.673379835366053,0.5405327330719584,
2021-05-11,1.64,0.16,110.8921,6.4285,108.53,4.918257089467626,-25.08139364126585,0.06,15.673379835366053,-0.0,
2021-05-12,1.69,0.16,111.5636,6.4566,109.53,4.918257089467626,-25.08139364126585,0.06,15.673379835366053,-0.0,
2021-05-13,1.66,0.16,111.5955,6.4506,109.56,4.918257089467626,-25.08139364126585,0.06,15.673379835366053,-0.0,
2021-05-14,1.63,0.16,111.1353,6.4367,109.37,4.918257089467626,-25.08139364126585,0.06,15.673379835366053,-0.0,
2021-05-17,1.64,0.16,111.079,6.4388,109.17,4.918257089467626,-25.08139364126585,0.06,15.673379835366053,-0.0,
2021-05-18,1.64,0.16,110.8317,6.425,109.01,4.918257089467626,-25.08139364126585,0.06,15.673379835366053,-0.3678601648949614,
2021-05-19,1.68,0.16,110.8807,6.4342,108.76,4.918257089467626,-25.08139364126585,0.06,15.673379835366053,-0.3904882169186298,
2021-05-20,1.63,0.15,110.8605,6.4339,108.79,4.918257089467626,-25.08139364126585,0.06,15.673379835366053,0.3941727933407786,
2021-05-21,1.63,0.17,111.0576,6.4339,108.94,4.918257089467626,-25.08139364126585,0.06,15.673379835366053,-0.39490142638727543,
2021-05-24,1.61,0.15,110.9118,6.4177,108.81,4.918257089467626,-25.08139364126585,0.06,15.673379835366053,1.0,
2021-05-25,1.56,0.15,110.842,6.41,108.95,4.918257089467626,-25.08139364126585,0.06,15.673379835366053,0.8500567323705277,
2021-05-26,1.58,0.14,110.8677,6.3905,109.1,4.918257089467626,-25.08139364126585,0.06,15.673379835366053,1.0,
2021-05-27,1.61,0.14,110.8688,6.3824,109.81,4.918257089467626,-25.08139364126585,0.06,15.673379835366053,0.8500567323705265,
2021-05-28,1.58,0.14,110.7576,6.3674,109.83,4.918257089467626,-25.08139364126585,0.06,15.673379835366053,0.8500567323705265,
2021-05-31,,,,,,4.918257089467626,-25.08139364126585,0.06,15.673379835366053,,
2021-06-01,1.62,0.16,110.5046,6.3796,109.43,5.295632620349999,8.825782433842527,0.08,8.958396565691418,-0.0,
2021-06-02,1.59,0.13,110.5799,6.3805,109.59,5.295632620349999,8.825782433842527,0.08,8.958396565691418,1.0,
2021-06-03,1.63,0.16,111.1782,6.4036,110.28,5.295632620349999,8.825782433842527,0.08,8.958396565691418,-0.0,
2021-06-04,1.56,0.14,110.7521,6.3945,109.42,5.295632620349999,8.825782433842527,0.08,8.958396565691418,-0.0,
2021-06-07,1.57,0.16,110.5155,6.3963,109.25,5.295632620349999,8.825782433842527,0.08,8.958396565691418,-0.0,
2021-06-08,1.53,0.14,110.649,6.4,109.47,5.295632620349999,8.825782433842527,0.08,8.958396565691418,0.8408476636004305,
2021-06-09,1.5,0.16,110.5707,6.3865,109.61,5.295632620349999,8.825782433842527,0.08,8.958396565691418,-0.0,
2021-06-10,1.45,0.14,110.5456,6.3929,109.49,5.295632620349999,8.825782433842527,0.08,8.958396565691418,0.8634429738299857,
2021-06-11,1.47,0.16,111.0933,6.3967,109.75,5.295632620349999,8.825782433842527,0.08,8.958396565691418,-0.0,
2021-06-14,1.51,0.16,110.9659,6.3979,109.98,5.295632620349999,8.825782433842527,0.08,8.958396565691418,-0.0,
2021-06-15,1.51,0.16,111.3507,6.4052,110.12,5.295632620349999,8.825782433842527,0.08,8.958396565691418,-0.0,
2021-06-16,1.57,0.21,111.1165,6.3969,109.88,5.295632620349999,8.825782433842527,0.08,8.958396565691418,-1.0,
2021-06-17,1.52,0.23,112.5772,6.4477,110.28,5.295632620349999,8.825782433842527,0.08,8.958396565691418,-1.0,
2021-06-18,1.45,0.26,113.0408,6.4525,110.21,5.295632620349999,8.825782433842527,0.08,8.958396565691418,-1.0,
2021-06-21,1.5,0.27,112.8391,6.4659,110.22,5.295632620349999,8.825782433842527,0.08,8.958396565691418,-1.0,
2021-06-22,1.48,0.25,112.9174,6.4811,110.75,5.295632620349999,8.825782433842527,0.08,8.958396565691418,-1.0,
2021-06-23,1.5,0.26,112.3819,6.4727,110.86,5.295632620349999,8.825782433842527,0.08,8.958396565691418,-1.0,
2021-06-24,1.49,0.26,112.326,6.4701,110.91,5.295632620349999,8.825782433842527,0.08,8.958396565691418,-1.0,
2021-06-25,1.54,0.28,111.9655,6.4545,110.78,5.295632620349999,8.825782433842527,0.08,8.958396565691418,-1.0,
2021-06-28,1.49,0.25,112.0248,6.4555,110.5,5.295632620349999,8.825782433842527,0.08,8.958396565691418,,
2021-06-29,1.49,0.27,112.2613,6.4635,110.53,5.295632620349999,8.825782433842527,0.08,8.958396565691418,-1.0,
2021-06-30,1.45,0.25,112.5533,6.4566,111.05,5.295632620349999,8.825782433842527,0.08,8.958396565691418,-1.0,
2021-07-01,1.48,0.25,112.74,6.4679,111.56,5.245169381309234,42.98381365529237,0.1,5.4998863464161385,-1.0,
2021-07-02,1.44,0.24,112.5425,6.4721,111.28,5.245169381309234,42.98381365529237,0.1,5.4998863464161385,-1.0,
2021-07-05,,,,,,5.245169381309234,42.98381365529237,0.1,5.4998863464161385,,
2021-07-06,1.37,0.22,112.9516,6.4786,110.66,5.245169381309234,42.98381365529237,0.1,5.4998863464161385,-0.9418203863609451,
2021-07-07,1.33,0.22,113.1048,6.4718,110.62,5.245169381309234,42.98381365529237,0.1,5.4998863464161385,-0.7019996802141403,
2021-07-08,1.3,0.19,113.0776,6.4898,109.82,5.245169381309234,42.98381365529237,0.1,5.4998863464161385,-0.5858591102046097,
2021-07-09,1.37,0.23,112.8375,6.4788,110.18,5.245169381309234,42.98381365529237,0.1,5.4998863464161385,-0.8125386778772249,
2021-07-12,1.38,0.23,112.7611,6.4751,110.36,5.245169381309234,42.98381365529237,0.1,5.4998863464161385,-0.8057176178490382,
2021-07-13,1.42,0.26,113.0063,6.4685,110.36,5.245169381309234,42.98381365529237,0.1,5.4998863464161385,-1.0,
2021-07-14,1.37,0.23,112.8801,6.4688,110.03,5.245169381309234,42.98381365529237,0.1,5.4998863464161385,-0.22460602387431702,
2021-07-15,1.31,0.23,113.0041,6.46,110.05,5.245169381309234,42.98381365529237,0.1,5.4998863464161385,-0.0,
2021-07-16,1.31,0.25,113.0428,6.4785,110.13,5.245169381309234,42.98381365529237,0.1,5.4998863464161385,0.11025921039303266,
2021-07-19,1.19,0.21,113.5472,6.4893,109.45,5.245169381309234,42.98381365529237,0.1,5.4998863464161385,0.6605504082642195,
2021-07-20,1.23,0.2,113.7502,6.4845,109.92,5.245169381309234,42.98381365529237,0.1,5.4998863464161385,0.5511015369527547,
2021-07-21,1.3,0.22,113.3926,6.4664,110.22,5.245169381309234,42.98381365529237,0.1,5.4998863464161385,0.4399928664770445,
2021-07-22,1.27,0.2,113.4695,6.47,110.1,5.245169381309234,42.98381365529237,0.1,5.4998863464161385,0.6624767542176788,
2021-07-23,1.3,0.22,113.4398,6.4808,110.52,5.245169381309234,42.98381365529237,0.1,5.4998863464161385,0.6631226244359016,
2021-07-26,1.29,0.22,113.2238,6.4825,110.31,5.245169381309234,42.98381365529237,0.1,5.4998863464161385,0.332062256851145,
2021-07-27,1.25,0.2,113.2227,6.5104,109.64,5.245169381309234,42.98381365529237,0.1,5.4998863464161385,0.7785136530154088,
2021-07-28,1.26,0.2,113.1807,6.4905,110.06,5.245169381309234,42.98381365529237,0.1,5.4998863464161385,0.5588986677996003,
2021-07-29,1.28,0.2,112.4834,6.4562,109.53,5.245169381309234,42.98381365529237,0.1,5.4998863464161385,0.5618967437297301,
2021-07-30,1.24,0.19,112.6714,6.4609,109.7,5.245169381309234,42.98381365529237,0.1,5.4998863464161385,0.5697648338902549,
2021-08-02,1.2,0.17,112.6691,6.462,109.22,5.152015301793966,1.9988125988931713,0.09,4.261168528131454,,
2021-08-03,1.19,0.17,112.8228,6.47,109.09,5.152015301793966,1.9988125988931713,0.09,4.261168528131454,0.5730696782345174,
2021-08-04,1.19,0.17,112.8953,6.4655,109.44,5.152015301793966,1.9988125988931713,0.09,4.261168528131454,0.5747575959010571,
2021-08-05,1.23,0.21,112.7674,6.4608,109.75,5.152015301793966,1.9988125988931713,0.09,4.261168528131454,-0.2312284487411077,
2021-08-06,1.31,0.21,113.3088,6.4825,110.22,5.152015301793966,1.9988125988931713,0.09,4.261168528131454,0.23267224279713627,
2021-08-09,1.33,0.23,113.4521,6.4857,110.25,5.152015301793966,1.9988125988931713,0.09,4.261168528131454,-0.0,
2021-08-10,1.36,0.24,113.4973,6.4852,110.54,5.152015301793966,1.9988125988931713,0.09,4.261168528131454,0.23342070397471282,
2021-08-11,1.35,0.23,113.282,6.4783,110.47,5.152015301793966,1.9988125988931713,0.09,4.261168528131454,-0.0,
2021-08-12,1.36,0.23,113.2691,6.4782,110.36,5.152015301793966,1.9988125988931713,0.09,4.261168528131454,-0.0,
2021-08-13,1.29,0.23,113.0615,6.4768,109.75,5.152015301793966,1.9988125988931713,0.09,4.261168528131454,0.23750511869987867,
2021-08-16,1.26,0.21,113.1698,6.4742,109.26,5.152015301793966,1.9988125988931713,0.09,4.261168528131454,-0.0,
2021-08-17,1.26,0.23,113.6174,6.4854,109.59,5.152015301793966,1.9988125988931713,0.09,4.261168528131454,-0.3667319152710324,
2021-08-18,1.27,0.23,113.6959,6.4841,109.92,5.152015301793966,1.9988125988931713,0.09,4.261168528131454,-0.1249893672823537,
2021-08-19,1.24,0.22,114.1106,6.4942,109.75,5.152015301793966,1.9988125988931713,0.09,4.261168528131454,-0.25670463033745283,
2021-08-20,1.26,0.23,114.5009,6.5012,109.77,5.152015301793966,1.9988125988931713,0.09,4.261168528131454,-0.13196463534228534,
2021-08-23,1.25,0.23,113.9418,6.4805,109.78,5.152015301793966,1.9988125988931713,0.09,4.261168528131454,-0.13285091110564384,
2021-08-24,1.29,0.24,113.6795,6.471,109.68,5.152015301793966,1.9988125988931713,0.09,4.261168528131454,-0.5381062171139573,
2021-08-25,1.35,0.23,113.6322,6.4756,110.03,5.152015301793966,1.9988125988931713,0.09,4.261168528131454,-0.4220156902094522,
2021-08-26,1.34,0.25,113.7883,6.4809,110.09,5.152015301793966,1.9988125988931713,0.09,4.261168528131454,-0.7129222116384301,
2021-08-27,1.31,0.22,113.3404,6.4711,109.84,5.152015301793966,1.9988125988931713,0.09,4.261168528131454,-0.44685101530075316,
2021-08-30,1.29,0.2,113.246,6.4658,109.91,5.152015301793966,1.9988125988931713,0.09,4.261168528131454,-0.45771039182655404,
2021-08-31,1.3,0.2,113.1076,6.4604,110.05,5.152015301793966,1.9988125988931713,0.09,4.261168528131454,-0.4810517600675794,
2021-09-01,1.31,0.2,112.8732,6.4586,110.03,5.351215590949132,-8.566098921529097,0.08,3.0124970172007215,-0.4953100204051368,
2021-09-02,1.29,0.2,112.7863,6.456,110.01,5.351215590949132,-8.566098921529097,0.08,3.0124970172007215,0.1754739376458242,
2021-09-03,1.33,0.21,112.5476,6.4528,109.64,5.351215590949132,-8.566098921529097,0.08,3.0124970172007215,-0.0,
2021-09-06,,,,,,5.351215590949132,-8.566098921529097,0.08,3.0124970172007215,,
2021-09-07,1.38,0.22,112.9795,6.4662,110.17,5.351215590949132,-8.566098921529097,0.08,3.0124970172007215,0.4011421998397509,
2021-09-08,1.35,0.22,113.2319,6.4612,110.32,5.351215590949132,-8.566098921529097,0.08,3.0124970172007215,0.20110528409414608,
2021-09-09,1.3,0.23,113.043,6.4547,109.76,5.351215590949132,-8.566098921529097,0.08,3.0124970172007215,-0.0,
2021-09-10,1.35,0.23,112.9425,6.444,109.93,5.351215590949132,-8.566098921529097,0.08,3.0124970172007215,-0.0,
2021-09-13,1.33,0.21,113.0341,6.4511,109.94,5.351215590949132,-8.566098921529097,0.08,3.0124970172007215,-0.0,
2021-09-14,1.28,0.21,113.0061,6.4382,109.66,5.351215590949132,-8.566098921529097,0.08,3.0124970172007215,0.4260033314977932,
2021-09-15,1.31,0.21,112.9773,6.432,109.4,5.351215590949132,-8.566098921529097,0.08,3.0124970172007215,0.4352400208771365,
2021-09-16,1.34,0.23,113.3036,6.4566,109.67,5.351215590949132,-8.566098921529097,0.08,3.0124970172007215,-0.2229938338265838,
2021-09-17,1.37,0.23,113.5989,6.4655,109.94,5.351215590949132,-8.566098921529097,0.08,3.0124970172007215,-0.0,
2021-09-20,1.31,0.23,113.9422,6.4651,109.47,5.351215590949132,-8.566098921529097,0.08,3.0124970172007215,-0.0,
2021-09-21,1.33,0.22,113.8179,6.4651,109.33,5.351215590949132,-8.566098921529097,0.08,3.0124970172007215,0.5111574213760294,
2021-09-22,1.32,0.25,113.6223,6.4611,109.59,5.351215590949132,-8.566098921529097,0.08,3.0124970172007215,-0.5111574213760294,
2021-09-23,1.41,0.27,113.513,6.459,110.17,5.351215590949132,-8.566098921529097,0.08,3.0124970172007215,-0.49294918344944494,
2021-09-24,1.47,0.29,113.7597,6.466,110.72,5.351215590949132,-8.566098921529097,0.08,3.0124970172007215,-1.0,
2021-09-27,1.48,0.31,113.7432,6.456,110.97,5.351215590949132,-8.566098921529097,0.08,3.0124970172007215,-1.0,
2021-09-28,1.54,0.31,114.2469,6.4595,111.33,5.351215590949132,-8.566098921529097,0.08,3.0124970172007215,-1.0,
2021-09-29,1.55,0.3,114.7092,6.4702,111.83,5.351215590949132,-8.566098921529097,0.08,3.0124970172007215,-1.0,
2021-09-30,1.52,0.28,114.6403,6.4434,111.5,5.351215590949132,-8.566098921529097,0.08,3.0124970172007215,-1.0,
2021-10-01,1.48,0.27,114.3798,6.4434,110.97,6.235042390298062,56.50298478942911,0.08,3.5628709708763973,-0.9912835612054445,
2021-10-04,1.49,0.27,114.2739,6.4434,110.94,6.235042390298062,56.50298478942911,0.08,3.5628709708763973,,
2021-10-05,1.54,0.28,114.3654,6.4434,111.39,6.235042390298062,56.50298478942911,0.08,3.5628709708763973,-0.9597698174715023,
2021-10-06,1.53,0.3,114.7185,6.4434,111.33,6.235042390298062,56.50298478942911,0.08,3.5628709708763973,-1.0,
2021-10-07,1.58,0.32,114.5044,6.4434,111.5,6.235042390298062,56.50298478942911,0.08,3.5628709708763973,-1.0,
2021-10-08,1.61,0.32,114.5986,6.4435,112.15,6.235042390298062,56.50298478942911,0.08,3.5628709708763973,-1.0,
2021-10-11,,,,,,6.235042390298062,56.50298478942911,0.08,3.5628709708763973,,
2021-10-12,1.59,0.35,114.7542,6.4485,113.69,6.235042390298062,56.50298478942911,0.08,3.5628709708763973,-1.0,
2021-10-13,1.56,0.37,114.4705,6.4262,113.49,6.235042390298062,56.50298478942911,0.08,3.5628709708763973,-1.0,
2021-10-14,1.52,0.36,114.2053,6.438,113.59,6.235042390298062,56.50298478942911,0.08,3.5628709708763973,-1.0,
2021-10-15,1.59,0.41,114.0905,6.434,114.31,6.235042390298062,56.50298478942911,0.08,3.5628709708763973,-1.0,
2021-10-18,1.59,0.44,113.9899,6.429,114.22,6.235042390298062,56.50298478942911,0.08,3.5628709708763973,-1.0,
2021-10-19,1.65,0.41,113.647,6.3822,114.27,6.235042390298062,56.50298478942911,0.08,3.5628709708763973,-1.0,
2021-10-20,1.65,0.4,113.5083,6.3936,114.24,6.235042390298062,56.50298478942911,0.08,3.5628709708763973,-1.0,
2021-10-21,1.68,0.45,113.6188,6.3925,113.75,6.235042390298062,56.50298478942911,0.08,3.5628709708763973,-1.0,
2021-10-22,1.66,0.48,113.67,6.3839,113.54,6.235042390298062,56.50298478942911,0.08,3.5628709708763973,-1.0,
2021-10-25,1.64,0.47,113.605,6.3856,113.7,6.235042390298062,56.50298478942911,0.08,3.5628709708763973,-1.0,
2021-10-26,1.63,0.47,113.674,6.382,114.19,6.235042390298062,56.50298478942911,0.08,3.5628709708763973,-0.9954538124731285,
2021-10-27,1.54,0.5,113.6218,6.3915,113.75,6.235042390298062,56.50298478942911,0.08,3.5628709708763973,-1.0,
2021-10-28,1.57,0.5,113.4389,6.3917,113.38,6.235042390298062,56.50298478942911,0.08,3.5628709708763973,-1.0,
2021-10-29,1.55,0.48,114.1349,6.405,114.03,6.235042390298062,56.50298478942911,0.08,3.5628709708763973,-1.0,
2021-11-01,1.58,0.5,114.2067,6.3972,114.19,6.901970403700863,23.095233424909487,0.08,3.897545981936834,-1.0,
2021-11-02,1.56,0.46,114.2847,6.3995,113.78,6.901970403700863,23.095233424909487,0.08,3.897545981936834,-0.9208230503565203,
2021-11-03,1.6,0.47,114.3593,6.4061,114.06,6.901970403700863,23.095233424909487,0.08,3.897545981936834,-0.8509258146888558,
2021-11-04,1.53,0.41,114.3558,6.397,113.63,6.901970403700863,23.095233424909487,0.08,3.897545981936834,-0.448100345659528,
2021-11-05,1.45,0.39,114.0732,6.3961,113.45,6.901970403700863,23.095233424909487,0.08,3.897545981936834,-0.34813844527973786,
2021-11-08,1.51,0.45,113.8256,6.3902,113.15,6.901970403700863,23.095233424909487,0.08,3.897545981936834,,
2021-11-09,1.46,0.41,113.762,6.3916,112.87,6.901970403700863,23.095233424909487,0.08,3.897545981936834,-0.295261243126081,
2021-11-10,1.56,0.51,114.1484,6.3882,113.89,6.901970403700863,23.095233424909487,0.08,3.897545981936834,-0.672220182679714,
2021-11-11,,,,,,6.901970403700863,23.095233424909487,0.08,3.897545981936834,,
2021-11-12,1.58,0.53,114.5144,6.3787,113.9,6.901970403700863,23.095233424909487,0.08,3.897545981936834,-0.5605054476241187,
2021-11-15,1.63,0.53,114.5876,6.3824,113.96,6.901970403700863,23.095233424909487,0.08,3.897545981936834,-0.41072329841433314,
2021-11-16,1.63,0.54,115.136,6.3919,114.62,6.901970403700863,23.095233424909487,0.08,3.897545981936834,-0.579068903715227,
2021-11-17,1.6,0.52,115.0263,6.3775,114.33,6.901970403700863,23.095233424909487,0.08,3.897545981936834,-0.5269056796699441,
2021-11-18,1.59,0.52,115.0678,6.3851,114.22,6.901970403700863,23.095233424909487,0.08,3.897545981936834,-0.30283222790773995,
2021-11-19,1.54,0.52,115.2187,6.3863,113.81,6.901970403700863,23.095233424909487,0.08,3.897545981936834,-0.17163979437609478,
2021-11-22,1.63,0.63,115.6481,6.3842,114.69,6.901970403700863,23.095233424909487,0.08,3.897545981936834,-0.6646942287635734,
2021-11-23,1.67,0.6,116.0118,6.391,114.98,6.901970403700863,23.095233424909487,0.08,3.897545981936834,-0.5305122986030136,
2021-11-24,1.64,0.64,116.2711,6.3917,115.34,6.901970403700863,23.095233424909487,0.08,3.897545981936834,-0.5570779086589451,
2021-11-25,,,,,,6.901970403700863,23.095233424909487,0.08,3.897545981936834,,
2021-11-26,1.48,0.5,116.5103,6.3924,113.46,6.901970403700863,23.095233424909487,0.08,3.897545981936834,-0.08098013297542168,
2021-11-29,1.52,0.51,116.581,6.3875,113.75,6.901970403700863,23.095233424909487,0.08,3.897545981936834,-0.04047401914938929,
2021-11-30,1.43,0.52,116.2071,6.364,113.22,6.901970403700863,23.095233424909487,0.08,3.897545981936834,-0.2443536155554075,
2021-12-01,1.43,0.56,115.889,6.3641,112.82,7.174340285065539,-5.9417068156611315,0.08,2.2463731281071153,-0.36699753766473364,
2021-12-02,1.44,0.63,116.018,6.3763,113.1,7.174340285065539,-5.9417068156611315,0.08,2.2463731281071153,-0.8844426814406622,
2021-12-03,1.35,0.6,116.2377,6.3758,112.88,7.174340285065539,-5.9417068156611315,0.08,2.2463731281071153,-0.8411577576060965,
2021-12-06,1.43,0.65,116.1538,6.3756,113.31,7.174340285065539,-5.9417068156611315,0.08,2.2463731281071153,-0.7945229300927403,
2021-12-07,1.48,0.7,115.8555,6.3657,113.61,7.174340285065539,-5.9417068156611315,0.08,2.2463731281071153,-1.0,
2021-12-08,1.52,0.68,115.4418,6.3435,113.83,7.174340285065539,-5.9417068156611315,0.08,2.2463731281071153,-0.6582463388338626,
2021-12-09,1.49,0.7,115.7784,6.3772,113.53,7.174340285065539,-5.9417068156611315,0.08,2.2463731281071153,,
2021-12-10,1.48,0.67,115.5732,6.3685,113.36,7.174340285065539,-5.9417068156611315,0.08,2.2463731281071153,-0.5340505198646744,
2021-12-13,1.42,0.66,115.842,6.3659,113.42,7.174340285065539,-5.9417068156611315,0.08,2.2463731281071153,-0.4978991174777026,
2021-12-14,1.44,0.67,116.2397,6.3671,113.63,7.174340285065539,-5.9417068156611315,0.08,2.2463731281071153,-0.5018584964633729,
2021-12-15,1.47,0.69,116.4219,6.3673,113.83,7.174340285065539,-5.9417068156611315,0.08,2.2463731281071153,-0.6561147718525127,
2021-12-16,1.44,0.64,115.7146,6.3674,113.67,7.174340285065539,-5.9417068156611315,0.08,2.2463731281071153,-0.46712508799861746,
2021-12-17,1.41,0.66,115.791,6.3748,113.56,7.174340285065539,-5.9417068156611315,0.08,2.2463731281071153,-0.5467491835190788,
2021-12-20,1.43,0.65,116.0092,6.3756,113.45,7.174340285065539,-5.9417068156611315,0.08,2.2463731281071153,-0.07837743010977233,
2021-12-21,1.48,0.7,116.1089,6.3716,114.11,7.174340285065539,-5.9417068156611315,0.08,2.2463731281071153,-0.39033748258846634,
2021-12-22,1.46,0.68,115.7485,6.3695,114.22,7.174340285065539,-5.9417068156611315,0.08,2.2463731281071153,-0.1569455649646376,
2021-12-23,1.5,0.71,115.5337,6.3696,114.42,7.174340285065539,-5.9417068156611315,0.08,2.2463731281071153,,
2021-12-24,,,,,,7.174340285065539,-5.9417068156611315,0.08,2.2463731281071153,,
2021-12-27,1.48,0.76,115.4684,6.3705,114.85,7.174340285065539,-5.9417068156611315,0.08,2.2463731281071153,-1.0,
2021-12-28,1.49,0.74,115.4192,6.3684,114.75,7.174340285065539,-5.9417068156611315,0.08,2.2463731281071153,-0.9059809646034648,
2021-12-29,1.55,0.75,115.3678,6.368,114.97,7.174340285065539,-5.9417068156611315,0.08,2.2463731281071153,-0.7884387766501889,
2021-12-30,1.52,0.73,115.283,6.3726,115.17,7.174340285065539,-5.9417068156611315,0.08,2.2463731281071153,-0.41959067914833204,
2021-12-31,1.52,0.73,,,,7.174340285065539,-5.9417068156611315,0.08,2.2463731281071153,-0.5538649652507214,
2022-01-03,1.63,0.78,115.4101,6.355,115.27,7.558805726967832,-111.74313426654005,0.08,1.3181341030033655,-0.5417291346848659,
2022-01-04,1.66,0.77,115.3103,6.3721,116.12,7.558805726967832,-111.74313426654005,0.08,1.3181341030033655,-0.29244966241769677,
2022-01-05,1.71,0.83,115.137,6.364,115.91,7.558805726967832,-111.74313426654005,0.08,1.3181341030033655,-0.6170672737293887,
2022-01-06,1.73,0.88,115.4046,6.3822,115.78,7.558805726967832,-111.74313426654005,0.08,1.3181341030033655,-0.7230684062167899,
2022-01-07,1.76,0.87,115.0451,6.3769,115.61,7.558805726967832,-111.74313426654005,0.08,1.3181341030033655,-0.7828528014816913,
2022-01-10,1.78,0.92,115.2216,6.3756,115.14,7.558805726967832,-111.74313426654005,0.08,1.3181341030033655,-0.976547157564152,
2022-01-11,1.75,0.9,114.8332,6.3735,115.38,7.558805726967832,-111.74313426654005,0.08,1.3181341030033655,-0.8439276643959516,
2022-01-12,1.74,0.92,114.355,6.358,114.74,7.558805726967832,-111.74313426654005,0.08,1.3181341030033655,-0.8257278917898231,
2022-01-13,1.7,0.91,114.177,6.3595,114.06,7.558805726967832,-111.74313426654005,0.08,1.3181341030033655,-0.9471445114149842,
2022-01-14,1.78,0.99,114.3825,6.3524,113.89,7.558805726967832,-111.74313426654005,0.08,1.3181341030033655,-1.0,
2022-01-17,,,,,,7.558805726967832,-111.74313426654005,0.08,1.3181341030033655,,
2022-01-18,1.87,1.06,114.7373,6.3525,114.6,7.558805726967832,-111.74313426654005,0.08,1.3181341030033655,-1.0,
2022-01-19,1.83,1.04,114.6109,6.3447,114.28,7.558805726967832,-111.74313426654005,0.08,1.3181341030033655,-1.0,
2022-01-20,1.83,1.08,114.4642,6.3406,114.08,7.558805726967832,-111.74313426654005,0.08,1.3181341030033655,-1.0,
2022-01-21,1.75,1.01,114.6125,6.3385,113.72,7.558805726967832,-111.74313426654005,0.08,1.3181341030033655,,
2022-01-24,1.75,0.99,115.2034,6.3304,113.82,7.558805726967832,-111.74313426654005,0.08,1.3181341030033655,-0.6434524793985552,
2022-01-25,1.78,1.02,115.1654,6.3257,113.88,7.558805726967832,-111.74313426654005,0.08,1.3181341030033655,-0.7720343368832806,
2022-01-26,1.85,1.13,115.0922,6.3206,114.33,7.558805726967832,-111.74313426654005,0.08,1.3181341030033655,-1.0,
2022-01-27,1.81,1.18,115.978,6.3677,115.47,7.558805726967832,-111.74313426654005,0.08,1.3181341030033655,-1.0,
2022-01-28,1.78,1.15,116.0393,6.3605,115.21,7.558805726967832,-111.74313426654005,0.08,1.3181341030033655,-1.0,
2022-01-31,1.79,1.18,115.566,6.361,115.22,7.558805726967832,-111.74313426654005,0.08,1.3181341030033655,-0.9963259482804722,
2022-02-01,1.81,1.18,115.3685,6.361,114.77,7.937278766517819,52.94130115259863,0.08,5.429593086433182,-1.0,
2022-02-02,1.78,1.16,115.1538,6.361,114.36,7.937278766517819,52.94130115259863,0.08,5.429593086433182,-0.7969632343273897,
2022-02-03,1.82,1.19,114.9065,6.361,114.88,7.937278766517819,52.94130115259863,0.08,5.429593086433182,-0.7298522990328957,
2022-02-04,1.93,1.31,115.1362,6.361,115.22,7.937278766517819,52.94130115259863,0.08,5.429593086433182,-0.9967779482610379,
2022-02-07,1.92,1.3,115.0098,6.361,115.09,7.937278766517819,52.94130115259863,0.08,5.429593086433182,-0.8350752444766419,
2022-02-08,1.96,1.35,115.0892,6.366,115.62,7.937278766517819,52.94130115259863,0.08,5.429593086433182,-0.9555293066636421,
2022-02-09,1.94,1.36,114.8232,6.3619,115.44,7.937278766517819,52.94130115259863,0.08,5.429593086433182,-0.9082039334626253,
2022-02-10,2.03,1.61,114.5527,6.3526,115.84,7.937278766517819,52.94130115259863,0.08,5.429593086433182,-1.0,
2022-02-11,1.92,1.5,114.8413,6.354,115.91,7.937278766517819,52.94130115259863,0.08,5.429593086433182,-0.9498611507117535,
2022-02-14,1.98,1.58,115.1946,6.3567,115.72,7.937278766517819,52.94130115259863,0.08,5.429593086433182,,
2022-02-15,2.05,1.58,114.93,6.3385,115.64,7.937278766517819,52.94130115259863,0.08,5.429593086433182,-0.8857380069517515,
2022-02-16,2.03,1.52,114.6886,6.3366,115.41,7.937278766517819,52.94130115259863,0.08,5.429593086433182,-0.7944067455722473,
2022-02-17,1.97,1.49,114.6755,6.3381,115.03,7.937278766517819,52.94130115259863,0.08,5.429593086433182,-0.6645159776256224,
2022-02-18,1.92,1.47,114.7982,6.3251,115.08,7.937278766517819,52.94130115259863,0.08,5.429593086433182,-0.7400647801378468,
2022-02-21,,,,,,7.937278766517819,52.94130115259863,0.08,5.429593086433182,,
2022-02-22,1.94,1.56,114.7002,6.326,114.94,7.937278766517819,52.94130115259863,0.08,5.429593086433182,-0.8650562302334235,
2022-02-23,1.99,1.58,114.6668,6.3134,115.12,7.937278766517819,52.94130115259863,0.08,5.429593086433182,-0.7099041119808921,
2022-02-24,1.96,1.54,115.9419,6.3283,115.45,7.937278766517819,52.94130115259863,0.08,5.429593086433182,-0.5605892379924963,
2022-02-25,1.97,1.55,115.2577,6.3169,115.62,7.937278766517819,52.94130115259863,0.08,5.429593086433182,-0.6173066033104542,
2022-02-28,1.83,1.44,115.2224,6.3084,115.11,7.937278766517819,52.94130115259863,0.08,5.429593086433182,-0.4007205435071989,
2022-03-01,1.72,1.31,115.7962,6.3116,114.87,8.572204966013853,-27.94496196695794,0.2,3.0544104015221674,-0.20124653878724297,
2022-03-02,1.86,1.5,115.7623,6.321,115.59,8.572204966013853,-27.94496196695794,0.2,3.0544104015221674,-0.5241346387914827,
2022-03-03,1.86,1.53,115.9495,6.3195,115.67,8.572204966013853,-27.94496196695794,0.2,3.0544104015221674,-0.5211673643989602,
2022-03-04,1.74,1.5,116.6503,6.3188,114.65,8.572204966013853,-27.94496196695794,0.2,3.0544104015221674,-0.29140442520932425,
2022-03-07,1.78,1.55,117.3278,6.3194,115.41,8.572204966013853,-27.94496196695794,0.2,3.0544104015221674,-0.38337659017609327,
2022-03-08,1.86,1.63,117.6176,6.3178,115.64,8.572204966013853,-27.94496196695794,0.2,3.0544104015221674,-0.4273434777608591,
2022-03-09,1.94,1.68,116.5961,6.3174,115.87,8.572204966013853,-27.94496196695794,0.2,3.0544104015221674,-0.48461209793570337,
2022-03-10,1.98,1.72,116.7401,6.3212,116.05,8.572204966013853,-27.94496196695794,0.2,3.0544104015221674,-0.1658713044117399,
2022-03-11,2.0,1.75,117.0192,6.3389,117.08,8.572204966013853,-27.94496196695794,0.2,3.0544104015221674,-0.3749708563113041,
2022-03-14,2.14,1.87,117.1506,6.3645,118.0,8.572204966013853,-27.94496196695794,0.2,3.0544104015221674,-0.4295201043089157,
2022-03-15,2.15,1.85,117.246,6.3696,118.19,8.572204966013853,-27.94496196695794,0.2,3.0544104015221674,-0.3956923271827306,
2022-03-16,2.19,1.95,116.8073,6.351,118.48,8.572204966013853,-27.94496196695794,0.2,3.0544104015221674,-0.6208045551820149,
2022-03-17,2.2,1.94,116.0467,6.3459,118.45,8.572204966013853,-27.94496196695794,0.2,3.0544104015221674,-0.6419503974670444,
2022-03-18,2.14,1.97,116.1378,6.3609,119.17,8.572204966013853,-27.94496196695794,0.2,3.0544104015221674,-0.6956590099551039,
2022-03-21,2.32,2.14,115.9398,6.3552,119.15,8.572204966013853,-27.94496196695794,0.2,3.0544104015221674,,
2022-03-22,2.38,2.18,116.0824,6.366,120.66,8.572204966013853,-27.94496196695794,0.2,3.0544104015221674,-0.8172108552480156,
2022-03-23,2.32,2.13,116.005,6.372,121.02,8.572204966013853,-27.94496196695794,0.2,3.0544104015221674,-0.7133077972177739,
2022-03-24,2.34,2.13,115.9599,6.367,122.08,8.572204966013853,-27.94496196695794,0.2,3.0544104015221674,-0.7572436425603826,
2022-03-25,2.48,2.3,115.7921,6.3658,121.98,8.572204966013853,-27.94496196695794,0.2,3.0544104015221674,-0.9417722890251794,
2022-03-28,2.46,2.35,116.1911,6.3714,123.25,8.572204966013853,-27.94496196695794,0.2,3.0544104015221674,-1.0,
2022-03-29,2.41,2.35,115.5679,6.3635,122.61,8.572204966013853,-27.94496196695794,0.2,3.0544104015221674,-1.0,
2022-03-30,2.35,2.31,115.0818,6.347,121.97,8.572204966013853,-27.94496196695794,0.2,3.0544104015221674,-0.9599776262194173,
2022-03-31,2.32,2.28,115.2218,6.3393,121.44,8.572204966013853,-27.94496196695794,0.2,3.0544104015221674,-0.878887655239057,
2022-04-01,2.39,2.44,115.4814,6.3625,122.6,8.231750770777225,-75.8115649978421,0.33,2.923435475508507,-1.0,
2022-04-04,2.42,2.43,115.4112,6.3619,122.7,8.231750770777225,-75.8115649978421,0.33,2.923435475508507,-0.9938915179141513,
2022-04-05,2.54,2.51,115.73,6.3619,123.48,8.231750770777225,-75.8115649978421,0.33,2.923435475508507,-0.9759532110126813,
2022-04-06,2.61,2.5,115.9995,6.359,123.7,8.231750770777225,-75.8115649978421,0.33,2.923435475508507,-0.8965185006613934,
2022-04-07,2.66,2.47,116.3512,6.36,123.8,8.231750770777225,-75.8115649978421,0.33,2.923435475508507,-0.8137135467043847,
2022-04-08,2.72,2.53,116.4176,6.3643,124.31,8.231750770777225,-75.8115649978421,0.33,2.923435475508507,-0.835447690659115,
2022-04-11,2.79,2.5,116.5401,6.3692,125.55,8.231750770777225,-75.8115649978421,0.33,2.923435475508507,-0.6628837920355456,
2022-04-12,2.72,2.39,116.3866,6.3651,125.25,8.231750770777225,-75.8115649978421,0.33,2.923435475508507,-0.5665308565449868,
2022-04-13,2.7,2.37,116.2796,6.3678,125.51,8.231750770777225,-75.8115649978421,0.33,2.923435475508507,-0.44124712194277393,
2022-04-14,2.83,2.47,116.7558,6.3775,125.92,8.231750770777225,-75.8115649978421,0.33,2.923435475508507,-0.5548649513307474,
2022-04-15,,,116.7017,6.3705,126.31,8.231750770777225,-75.8115649978421,0.33,2.923435475508507,,
2022-04-18,2.85,2.46,116.8441,6.363,126.77,8.231750770777225,-75.8115649978421,0.33,2.923435475508507,-0.34155411591830137,
2022-04-19,2.93,2.61,117.1324,6.393,128.55,8.231750770777225,-75.8115649978421,0.33,2.923435475508507,-0.45840608973739244,
2022-04-20,2.85,2.6,116.7306,6.4188,127.76,8.231750770777225,-75.8115649978421,0.33,2.923435475508507,-0.49911020761786046,
2022-04-21,2.9,2.68,117.1432,6.45,128.62,8.231750770777225,-75.8115649978421,0.33,2.923435475508507,-0.5790967003800855,
2022-04-22,2.9,2.72,118.0186,6.501,128.78,8.231750770777225,-75.8115649978421,0.33,2.923435475508507,-0.43948370521860475,
2022-04-25,2.81,2.63,118.6271,6.5585,127.66,8.231750770777225,-75.8115649978421,0.33,2.923435475508507,-0.29314967018051685,
2022-04-26,2.77,2.54,118.9624,6.5552,127.37,8.231750770777225,-75.8115649978421,0.33,2.923435475508507,-0.20048398357161623,
2022-04-27,2.82,2.58,119.4708,6.5595,128.44,8.231750770777225,-75.8115649978421,0.33,2.923435475508507,-0.2877246951825911,
2022-04-28,2.85,2.63,120.0675,6.6243,130.94,8.231750770777225,-75.8115649978421,0.33,2.923435475508507,-0.3761301650305724,
2022-04-29,2.89,2.7,119.4933,6.608,129.84,8.231750770777225,-75.8115649978421,0.33,2.923435475508507,-0.27947884130020234,
2022-05-02,2.99,2.73,119.8825,6.6079,130.18,8.538171195642065,-69.4655707473296,0.77,1.9110298059100916,-0.32309302001178913,
2022-05-03,2.97,2.78,119.7043,6.6079,130.09,8.538171195642065,-69.4655707473296,0.77,1.9110298059100916,-0.29048365635311246,
2022-05-04,2.93,2.66,119.5592,6.6079,129.97,8.538171195642065,-69.4655707473296,0.77,1.9110298059100916,-0.1734187277759909,
2022-05-05,3.05,2.71,120.0068,6.6535,130.41,8.538171195642065,-69.4655707473296,0.77,1.9110298059100916,-0.25873217844161417,
2022-05-06,3.12,2.72,119.8577,6.6651,130.35,8.538171195642065,-69.4655707473296,0.77,1.9110298059100916,-0.20504080075611505,
2022-05-09,3.05,2.61,120.4972,6.7295,130.37,8.538171195642065,-69.4655707473296,0.77,1.9110298059100916,-0.11915745288470533,
2022-05-10,2.99,2.62,120.7742,6.7343,130.21,8.538171195642065,-69.4655707473296,0.77,1.9110298059100916,-0.2503852789976203,
2022-05-11,2.91,2.66,120.3925,6.7186,130.2,8.538171195642065,-69.4655707473296,0.77,1.9110298059100916,-0.31832085507306135,
2022-05-12,2.84,2.56,121.2796,6.786,128.1,8.538171195642065,-69.4655707473296,0.77,1.9110298059100916,-0.10034860630033302,
2022-05-13,2.93,2.61,120.8442,6.788,129.23,8.538171195642065,-69.4655707473296,0.77,1.9110298059100916,,
2022-05-16,2.88,2.58,120.6881,6.7852,129.15,8.538171195642065,-69.4655707473296,0.77,1.9110298059100916,-0.13660598961879605,
2022-05-17,2.98,2.71,119.8871,6.7361,129.31,8.538171195642065,-69.4655707473296,0.77,1.9110298059100916,-0.11508812771681141,
2022-05-18,2.89,2.68,120.0274,6.754,128.22,8.538171195642065,-69.4655707473296,0.77,1.9110298059100916,-0.09328911432882428,
2022-05-19,2.84,2.63,119.4278,6.7109,127.62,8.538171195642065,-69.4655707473296,0.77,1.9110298059100916,0.05948936608755764,
2022-05-20,2.78,2.6,119.3677,6.6921,127.86,8.538171195642065,-69.4655707473296,0.77,1.9110298059100916,0.14612078690802757,
2022-05-23,2.86,2.65,118.7169,6.649,127.78,8.538171195642065,-69.4655707473296,0.77,1.9110298059100916,-0.025210231261678796,
2022-05-24,2.76,2.5,118.6245,6.653,126.56,8.538171195642065,-69.4655707473296,0.77,1.9110298059100916,0.05351270045349139,
2022-05-25,2.75,2.48,118.9598,6.6916,127.31,8.538171195642065,-69.4655707473296,0.77,1.9110298059100916,0.1400871631334375,
2022-05-26,2.75,2.46,118.7687,6.738,127.23,8.538171195642065,-69.4655707473296,0.77,1.9110298059100916,0.2502499425610932,
2022-05-27,2.74,2.47,118.2834,6.698,127.14,8.538171195642065,-69.4655707473296,0.77,1.9110298059100916,0.3601568795738878,
2022-05-30,,,,,,8.538171195642065,-69.4655707473296,0.77,1.9110298059100916,,
2022-05-31,2.85,2.53,118.0704,6.6715,128.53,8.538171195642065,-69.4655707473296,0.77,1.9110298059100916,0.4408495515846312,
2022-06-01,2.94,2.66,118.6954,6.6858,130.09,8.979361103105798,-29.021982703943557,1.21,1.2217594016755706,-0.0,
2022-06-02,2.92,2.65,118.0658,6.6596,129.83,8.979361103105798,-29.021982703943557,1.21,1.2217594016755706,0.11977061944583639,
2022-06-03,2.96,2.66,118.2153,6.6595,130.71,8.979361103105798,-29.021982703943557,1.21,1.2217594016755706,0.12858244229908408,
2022-06-06,3.04,2.73,118.3081,6.6534,131.55,8.979361103105798,-29.021982703943557,1.21,1.2217594016755706,-0.2710713639686681,
2022-06-07,2.98,2.75,118.4414,6.6675,132.53,8.979361103105798,-29.021982703943557,1.21,1.2217594016755706,-0.3141199922402205,
2022-06-08,3.03,2.78,118.3951,6.6825,134.06,8.979361103105798,-29.021982703943557,1.21,1.2217594016755706,-0.3054570732634332,
2022-06-09,3.04,2.83,118.9226,6.6915,134.06,8.979361103105798,-29.021982703943557,1.21,1.2217594016755706,-0.7299586279637253,
2022-06-10,3.15,3.06,119.9981,6.7081,134.19,8.979361103105798,-29.021982703943557,1.21,1.2217594016755706,-1.0,
2022-06-13,3.43,3.4,121.1523,6.753,134.12,8.979361103105798,-29.021982703943557,1.21,1.2217594016755706,-1.0,
2022-06-14,3.49,3.45,121.6669,6.7395,134.89,8.979361103105798,-29.021982703943557,1.21,1.2217594016755706,-1.0,
2022-06-15,3.33,3.2,121.6403,6.7128,134.5,8.979361103105798,-29.021982703943557,1.21,1.2217594016755706,-1.0,
2022-06-16,3.28,3.14,120.6714,6.703,131.65,8.979361103105798,-29.021982703943557,1.21,1.2217594016755706,-1.0,
2022-06-17,3.25,3.17,121.2369,6.716,135.14,8.979361103105798,-29.021982703943557,1.21,1.2217594016755706,-1.0,
2022-06-20,,,,,,8.979361103105798,-29.021982703943557,1.21,1.2217594016755706,,
2022-06-21,3.31,3.21,120.6427,6.688,136.25,8.979361103105798,-29.021982703943557,1.21,1.2217594016755706,-1.0,
2022-06-22,3.16,3.06,120.5197,6.6983,136.05,8.979361103105798,-29.021982703943557,1.21,1.2217594016755706,-1.0,
2022-06-23,3.09,3.01,120.7622,6.698,134.72,8.979361103105798,-29.021982703943557,1.21,1.2217594016755706,-1.0,
2022-06-24,3.13,3.04,120.4853,6.6878,135.22,8.979361103105798,-29.021982703943557,1.21,1.2217594016755706,-1.0,
2022-06-27,3.2,3.08,120.1736,6.6899,135.26,8.979361103105798,-29.021982703943557,1.21,1.2217594016755706,,
2022-06-28,3.2,3.1,120.62,6.707,136.19,8.979361103105798,-29.021982703943557,1.21,1.2217594016755706,-1.0,
2022-06-29,3.1,3.06,120.9616,6.6997,136.5,8.979361103105798,-29.021982703943557,1.21,1.2217594016755706,-0.7817189532512953,
2022-06-30,2.98,2.92,120.9652,6.6981,135.69,8.979361103105798,-29.021982703943557,1.21,1.2217594016755706,-0.5305014403001125,
2022-07-01,2.88,2.84,121.5058,6.7,135.09,8.462576727730099,56.1898515107324,1.68,0.968659945597028,-0.3555010416964228,
2022-07-04,,,,,,8.462576727730099,56.1898515107324,1.68,0.968659945597028,,
2022-07-05,2.82,2.82,122.6203,6.7192,135.72,8.462576727730099,56.1898515107324,1.68,0.968659945597028,-0.140840379448051,
2022-07-06,2.93,2.97,123.0073,6.707,135.66,8.462576727730099,56.1898515107324,1.68,0.968659945597028,-0.3888878007575554,
2022-07-07,3.01,3.03,122.7257,6.7005,135.99,8.462576727730099,56.1898515107324,1.68,0.968659945597028,-0.4111634680729536,
2022-07-08,3.09,3.12,122.4662,6.6945,136.16,8.462576727730099,56.1898515107324,1.68,0.968659945597028,-0.12235679959492707,
2022-07-11,2.99,3.07,123.2974,6.7175,137.29,8.462576727730099,56.1898515107324,1.68,0.968659945597028,0.676281309839177,
2022-07-12,2.96,3.03,123.4524,6.7234,136.68,8.462576727730099,56.1898515107324,1.68,0.968659945597028,0.8586742419715856,
2022-07-13,2.91,3.13,123.2834,6.7175,137.34,8.462576727730099,56.1898515107324,1.68,0.968659945597028,0.1418693463862447,
2022-07-14,2.96,3.15,124.0622,6.7542,138.94,8.462576727730099,56.1898515107324,1.68,0.968659945597028,-0.020001704478519865,
2022-07-15,2.93,3.13,123.4765,6.7565,138.57,8.462576727730099,56.1898515107324,1.68,0.968659945597028,0.07909353723580974,
2022-07-18,2.96,3.15,122.7727,6.742,138.23,8.462576727730099,56.1898515107324,1.68,0.968659945597028,,
2022-07-19,3.01,3.23,122.4819,6.743,137.94,8.462576727730099,56.1898515107324,1.68,0.968659945597028,-0.038932469349570335,
2022-07-20,3.04,3.25,122.5997,6.754,138.16,8.462576727730099,56.1898515107324,1.68,0.968659945597028,-0.36600118869585213,
2022-07-21,2.91,3.1,122.9032,6.7655,137.94,8.462576727730099,56.1898515107324,1.68,0.968659945597028,-0.17340309514877073,
2022-07-22,2.77,2.98,122.451,6.75,136.12,8.462576727730099,56.1898515107324,1.68,0.968659945597028,0.11588770310386742,
2022-07-25,2.81,3.0,122.4594,6.7499,136.72,8.462576727730099,56.1898515107324,1.68,0.968659945597028,0.1546614647711229,
2022-07-26,2.81,3.02,122.7581,6.7616,136.62,8.462576727730099,56.1898515107324,1.68,0.968659945597028,0.15448790733657916,
2022-07-27,2.78,2.96,122.8169,6.757,137.31,8.462576727730099,56.1898515107324,1.68,0.968659945597028,0.19431222023664954,
2022-07-28,2.68,2.85,122.1161,6.7465,134.45,8.462576727730099,56.1898515107324,1.68,0.968659945597028,0.13659249789279987,
2022-07-29,2.67,2.89,121.7678,6.7433,133.25,8.462576727730099,56.1898515107324,1.68,0.968659945597028,-0.09796900668378081,
2022-08-01,2.6,2.9,121.4109,6.7674,131.8,8.222579178218826,-60.63279233608305,2.33,1.0521402147261716,,
2022-08-02,2.75,3.06,121.9486,6.7499,132.32,8.222579178218826,-60.63279233608305,2.33,1.0521402147261716,-0.47950104972938146,
2022-08-03,2.73,3.1,122.3888,6.7565,134.18,8.222579178218826,-60.63279233608305,2.33,1.0521402147261716,-0.2607764265219753,
2022-08-04,2.68,3.03,121.8333,6.7485,133.28,8.222579178218826,-60.63279233608305,2.33,1.0521402147261716,-0.0,
2022-08-05,2.83,3.24,122.321,6.7607,135.33,8.222579178218826,-60.63279233608305,2.33,1.0521402147261716,-0.24509401067217979,
2022-08-08,2.77,3.21,121.8783,6.7505,134.73,8.222579178218826,-60.63279233608305,2.33,1.0521402147261716,-0.2884233786671227,
2022-08-09,2.8,3.28,121.8614,6.7525,134.95,8.222579178218826,-60.63279233608305,2.33,1.0521402147261716,-0.5111820267630739,
2022-08-10,2.78,3.23,120.7543,6.723,132.58,8.222579178218826,-60.63279233608305,2.33,1.0521402147261716,-0.204673435327384,
2022-08-11,2.87,3.23,120.7163,6.7445,132.66,8.222579178218826,-60.63279233608305,2.33,1.0521402147261716,-0.16495906545397576,
2022-08-12,2.84,3.25,121.018,6.7425,133.57,8.222579178218826,-60.63279233608305,2.33,1.0521402147261716,-0.25027157325964644,
2022-08-15,2.79,3.2,121.4315,6.7715,133.13,8.222579178218826,-60.63279233608305,2.33,1.0521402147261716,-0.10550466694350866,
2022-08-16,2.82,3.25,121.6807,6.7875,134.38,8.222579178218826,-60.63279233608305,2.33,1.0521402147261716,-0.04356301495228484,
2022-08-17,2.89,3.28,122.0711,6.7805,135.4,8.222579178218826,-60.63279233608305,2.33,1.0521402147261716,-0.0679264955963921,
2022-08-18,2.88,3.22,122.3627,6.7855,135.29,8.222579178218826,-60.63279233608305,2.33,1.0521402147261716,-0.2874334026369446,
2022-08-19,2.98,3.25,123.0501,6.8164,137.01,8.222579178218826,-60.63279233608305,2.33,1.0521402147261716,-0.6886695759877236,
2022-08-22,3.03,3.32,123.605,6.8476,137.57,8.222579178218826,-60.63279233608305,2.33,1.0521402147261716,-0.8102342266779079,
2022-08-23,3.05,3.29,123.0547,6.8476,136.36,8.222579178218826,-60.63279233608305,2.33,1.0521402147261716,-0.7224074328151656,
2022-08-24,3.11,3.36,123.109,6.8581,136.92,8.222579178218826,-60.63279233608305,2.33,1.0521402147261716,-1.0,
2022-08-25,3.03,3.35,123.0586,6.8477,136.83,8.222579178218826,-60.63279233608305,2.33,1.0521402147261716,-1.0,
2022-08-26,3.04,3.37,123.0656,6.8715,137.07,8.222579178218826,-60.63279233608305,2.33,1.0521402147261716,-1.0,
2022-08-29,3.12,3.42,123.4686,6.9067,138.74,8.222579178218826,-60.63279233608305,2.33,1.0521402147261716,-1.0,
2022-08-30,3.11,3.46,123.6848,6.91,138.73,8.222579178218826,-60.63279233608305,2.33,1.0521402147261716,-1.0,
2022-08-31,3.15,3.45,123.535,6.889,138.69,8.222579178218826,-60.63279233608305,2.33,1.0521402147261716,-1.0,
2022-09-01,3.26,3.51,124.4006,6.9066,139.93,8.192106896425821,-69.83083265732414,2.56,2.462018715752601,-1.0,
2022-09-02,3.2,3.4,123.7743,6.8985,140.03,8.192106896425821,-69.83083265732414,2.56,2.462018715752601,-0.4726242290379239,
2022-09-05,,,,,,8.192106896425821,-69.83083265732414,2.56,2.462018715752601,,
2022-09-06,3.33,3.5,124.767,6.9532,142.95,8.192106896425821,-69.83083265732414,2.56,2.462018715752601,-0.6495512962188559,
2022-09-07,3.27,3.45,124.8408,6.965,144.39,8.192106896425821,-69.83083265732414,2.56,2.462018715752601,-0.6332785063987774,
2022-09-08,3.29,3.48,124.578,6.9562,144.05,8.192106896425821,-69.83083265732414,2.56,2.462018715752601,-0.6992451245915267,
2022-09-09,3.33,3.56,123.7874,6.924,142.44,8.192106896425821,-69.83083265732414,2.56,2.462018715752601,-0.8323083066300675,
2022-09-12,3.37,3.58,123.3332,6.9265,142.41,8.192106896425821,-69.83083265732414,2.56,2.462018715752601,-0.9886779331713831,
2022-09-13,3.42,3.75,124.4242,6.9245,144.3,8.192106896425821,-69.83083265732414,2.56,2.462018715752601,-1.0,
2022-09-14,3.41,3.78,124.4509,6.9612,142.93,8.192106896425821,-69.83083265732414,2.56,2.462018715752601,-1.0,
2022-09-15,3.45,3.87,124.8843,6.9934,143.57,8.192106896425821,-69.83083265732414,2.56,2.462018715752601,-1.0,
2022-09-16,3.45,3.85,124.8794,6.9799,143.04,8.192106896425821,-69.83083265732414,2.56,2.462018715752601,-1.0,
2022-09-19,3.49,3.95,125.0104,7.005,143.34,8.192106896425821,-69.83083265732414,2.56,2.462018715752601,-1.0,
2022-09-20,3.57,3.96,125.1248,7.0176,143.64,8.192106896425821,-69.83083265732414,2.56,2.462018715752601,-1.0,
2022-09-21,3.51,4.02,125.7399,7.0479,144.14,8.192106896425821,-69.83083265732414,2.56,2.462018715752601,-1.0,
2022-09-22,3.7,4.11,126.1667,7.0772,142.16,8.192106896425821,-69.83083265732414,2.56,2.462018715752601,-1.0,
2022-09-23,3.69,4.2,127.2853,7.1266,143.18,8.192106896425821,-69.83083265732414,2.56,2.462018715752601,-1.0,
2022-09-26,3.88,4.27,128.4539,7.1384,144.45,8.192106896425821,-69.83083265732414,2.56,2.462018715752601,-1.0,
2022-09-27,3.97,4.3,128.4386,7.176,144.71,8.192106896425821,-69.83083265732414,2.56,2.462018715752601,-1.0,
2022-09-28,3.72,4.07,128.0884,7.199,144.15,8.192106896425821,-69.83083265732414,2.56,2.462018715752601,-0.8379389034800463,
2022-09-29,3.76,4.16,127.5437,7.1196,144.45,8.192106896425821,-69.83083265732414,2.56,2.462018715752601,-0.8539288801200947,
2022-09-30,3.83,4.22,127.5148,7.1135,144.71,8.192106896425821,-69.83083265732414,2.56,2.462018715752601,-1.0,
2022-10-03,3.67,4.12,127.0813,7.1103,144.5,7.758813957693,-26.29485165630645,3.08,1.0648183730078253,,
2022-10-04,3.62,4.1,126.1819,7.1103,144.32,7.758813957693,-26.29485165630645,3.08,1.0648183730078253,-0.7379923579583285,
2022-10-05,3.76,4.15,126.8616,7.1103,144.73,7.758813957693,-26.29485165630645,3.08,1.0648183730078253,-0.8452068231861743,
2022-10-06,3.83,4.23,127.2493,7.1103,144.94,7.758813957693,-26.29485165630645,3.08,1.0648183730078253,-0.8856711165453621,
2022-10-07,3.89,4.3,127.3111,7.1103,145.19,7.758813957693,-26.29485165630645,3.08,1.0648183730078253,-0.8534355596820057,
2022-10-10,,,,,,7.758813957693,-26.29485165630645,3.08,1.0648183730078253,,
2022-10-11,3.93,4.3,127.6641,7.1639,145.55,7.758813957693,-26.29485165630645,3.08,1.0648183730078253,-0.6180871264422505,
2022-10-12,3.91,4.28,128.1481,7.172,146.87,7.758813957693,-26.29485165630645,3.08,1.0648183730078253,-0.5508544758311835,
2022-10-13,3.97,4.47,127.7286,7.17,147.15,7.758813957693,-26.29485165630645,3.08,1.0648183730078253,-0.6446019787722644,
2022-10-14,4.0,4.48,128.3325,7.1895,148.46,7.758813957693,-26.29485165630645,3.08,1.0648183730078253,-0.6654974651464032,
2022-10-17,4.02,4.45,127.6448,7.1946,148.71,7.758813957693,-26.29485165630645,3.08,1.0648183730078253,-0.5216420680359215,
2022-10-18,4.01,4.43,127.9153,7.2001,149.23,7.758813957693,-26.29485165630645,3.08,1.0648183730078253,-0.4858490301341886,
2022-10-19,4.14,4.55,128.3968,7.228,149.77,7.758813957693,-26.29485165630645,3.08,1.0648183730078253,-0.5420589053685726,
2022-10-20,4.24,4.62,128.0052,7.2129,149.82,7.758813957693,-26.29485165630645,3.08,1.0648183730078253,-0.518816222625545,
2022-10-21,4.21,4.49,127.6735,7.2399,146.35,7.758813957693,-26.29485165630645,3.08,1.0648183730078253,-0.2961365664741889,
2022-10-24,4.25,4.5,128.0304,7.2629,148.76,7.758813957693,-26.29485165630645,3.08,1.0648183730078253,-0.23625889477152276,
2022-10-25,4.1,4.42,127.3771,7.2688,147.85,7.758813957693,-26.29485165630645,3.08,1.0648183730078253,-0.12371093852411001,
2022-10-26,4.04,4.39,126.4723,7.171,146.5,7.758813957693,-26.29485165630645,3.08,1.0648183730078253,-0.33160825609013506,
2022-10-27,3.96,4.3,126.7028,7.2239,146.02,7.758813957693,-26.29485165630645,3.08,1.0648183730078253,-0.14728864412359252,
2022-10-28,4.02,4.41,127.2135,7.2499,147.68,7.758813957693,-26.29485165630645,3.08,1.0648183730078253,-0.2001946554995626,
2022-10-31,4.1,4.51,127.6219,7.3048,148.63,7.758813957693,-26.29485165630645,3.08,1.0648183730078253,-0.41104791234769356,
2022-11-01,4.07,4.54,127.3987,7.273,148.11,7.122856456533988,-34.70153086107919,3.78,0.08902953837490735,-0.4626117808358943,
2022-11-02,4.1,4.61,127.3115,7.289,147.11,7.122856456533988,-34.70153086107919,3.78,0.08902953837490735,-0.48300704353882495,
2022-11-03,4.14,4.71,128.1743,7.3,148.18,7.122856456533988,-34.70153086107919,3.78,0.08902953837490735,-0.5018520349451067,
2022-11-04,4.17,4.66,127.1468,7.2996,147.22,7.122856456533988,-34.70153086107919,3.78,0.08902953837490735,-0.37648382000644587,
2022-11-07,4.22,4.72,126.3062,7.2266,146.64,7.122856456533988,-34.70153086107919,3.78,0.08902953837490735,,
2022-11-08,4.14,4.67,125.633,7.2485,145.38,7.122856456533988,-34.70153086107919,3.78,0.08902953837490735,-0.3900188326210862,
2022-11-09,4.12,4.61,125.9861,7.2401,146.15,7.122856456533988,-34.70153086107919,3.78,0.08902953837490735,-0.35102283199494977,
2022-11-10,3.82,4.34,124.7044,7.184,141.78,7.122856456533988,-34.70153086107919,3.78,0.08902953837490735,0.14176311771858474,
2022-11-11,,,,,,7.122856456533988,-34.70153086107919,3.78,0.08902953837490735,,
2022-11-14,3.88,4.4,123.4277,7.071,140.43,7.122856456533988,-34.70153086107919,3.78,0.08902953837490735,0.05686644901548269,
2022-11-15,3.8,4.37,123.039,7.044,139.36,7.122856456533988,-34.70153086107919,3.78,0.08902953837490735,0.07019373971799012,
2022-11-16,3.67,4.35,123.2817,7.0964,139.59,7.122856456533988,-34.70153086107919,3.78,0.08902953837490735,0.2403009223125292,
2022-11-17,3.77,4.43,123.977,7.1551,140.45,7.122856456533988,-34.70153086107919,3.78,0.08902953837490735,0.23495887641594881,
2022-11-18,3.82,4.51,123.8524,7.1192,140.03,7.122856456533988,-34.70153086107919,3.78,0.08902953837490735,-0.025442186291037148,
2022-11-21,3.83,4.48,124.7009,7.164,141.95,7.122856456533988,-34.70153086107919,3.78,0.08902953837490735,0.026191571380351903,
2022-11-22,3.76,4.47,124.2365,7.1388,141.29,7.122856456533988,-34.70153086107919,3.78,0.08902953837490735,-0.06745525232278655,
2022-11-23,3.71,4.46,123.7574,7.158,139.76,7.122856456533988,-34.70153086107919,3.78,0.08902953837490735,-0.09785101593726611,
2022-11-24,,,,,,7.122856456533988,-34.70153086107919,3.78,0.08902953837490735,,
2022-11-25,3.68,4.42,123.3386,7.1642,139.21,7.122856456533988,-34.70153086107919,3.78,0.08902953837490735,-0.01519233736113065,
2022-11-28,3.69,4.46,123.6032,7.2074,138.67,7.122856456533988,-34.70153086107919,3.78,0.08902953837490735,0.07638718439077956,
2022-11-29,3.75,4.48,123.6615,7.1568,138.28,7.122856456533988,-34.70153086107919,3.78,0.08902953837490735,0.09613618868383947,
2022-11-30,3.68,4.38,123.5175,7.0879,139.31,7.122856456533988,-34.70153086107919,3.78,0.08902953837490735,0.3942234854819863,
2022-12-01,3.53,4.25,122.0045,7.0424,135.55,6.404600402357152,-79.17581535980321,4.1,-0.8016099812473643,0.8504470324500878,
2022-12-02,3.51,4.28,122.0102,7.019,134.89,6.404600402357152,-79.17581535980321,4.1,-0.8016099812473643,0.7567361931971397,
2022-12-05,3.6,4.41,122.6384,6.961,136.55,6.404600402357152,-79.17581535980321,4.1,-0.8016099812473643,0.6719057774421967,
2022-12-06,3.51,4.34,123.0191,6.9935,136.67,6.404600402357152,-79.17581535980321,4.1,-0.8016099812473643,0.7608899655370519,
2022-12-07,3.42,4.26,122.7608,6.9702,136.57,6.404600402357152,-79.17581535980321,4.1,-0.8016099812473643,0.8601047632778257,
2022-12-08,3.48,4.31,122.4152,6.9649,136.45,6.404600402357152,-79.17581535980321,4.1,-0.8016099812473643,0.07775834670066617,
2022-12-09,3.57,4.33,122.4201,6.9559,136.4,6.404600402357152,-79.17581535980321,4.1,-0.8016099812473643,,
2022-12-12,3.61,4.39,122.7714,6.9773,137.47,6.404600402357152,-79.17581535980321,4.1,-0.8016099812473643,0.029196735258708615,
2022-12-13,3.51,4.22,121.8493,6.943,135.14,6.404600402357152,-79.17581535980321,4.1,-0.8016099812473643,0.45944506347256986,
2022-12-14,3.49,4.23,121.8226,6.9498,134.95,6.404600402357152,-79.17581535980321,4.1,-0.8016099812473643,0.3816585682506871,
2022-12-15,3.44,4.23,122.5519,6.9716,137.92,6.404600402357152,-79.17581535980321,4.1,-0.8016099812473643,0.6483334551102544,
2022-12-16,3.48,4.17,122.6505,6.9708,136.55,6.404600402357152,-79.17581535980321,4.1,-0.8016099812473643,1.0,
2022-12-19,3.57,4.25,122.5275,6.9772,136.87,6.404600402357152,-79.17581535980321,4.1,-0.8016099812473643,0.7408379048739635,
2022-12-20,3.69,4.25,122.1357,6.96,131.08,6.404600402357152,-79.17581535980321,4.1,-0.8016099812473643,0.70574769203171,
2022-12-21,3.68,4.21,122.2828,6.981,132.36,6.404600402357152,-79.17581535980321,4.1,-0.8016099812473643,0.8231063200364327,
2022-12-22,3.67,4.24,122.2419,6.9829,132.34,6.404600402357152,-79.17581535980321,4.1,-0.8016099812473643,,
2022-12-23,3.75,4.31,121.9743,6.988,132.78,6.404600402357152,-79.17581535980321,4.1,-0.8016099812473643,0.3697620021438155,
2022-12-26,,,,,,6.404600402357152,-79.17581535980321,4.1,-0.8016099812473643,,
2022-12-27,3.84,4.32,121.7539,6.96,133.43,6.404600402357152,-79.17581535980321,4.1,-0.8016099812473643,0.5703040551104883,
2022-12-28,3.88,4.31,122.0075,6.9774,134.27,6.404600402357152,-79.17581535980321,4.1,-0.8016099812473643,0.2560469498374729,
2022-12-29,3.83,4.34,121.6577,6.9625,133.16,6.404600402357152,-79.17581535980321,4.1,-0.8016099812473643,-0.33343967937237146,
2022-12-30,3.88,4.41,121.4256,6.8972,131.81,6.404600402357152,-79.17581535980321,4.1,-0.8016099812473643,-0.48429667431665496,
2023-01-02,,,,,,6.327178517960097,10.845535571719202,4.33,0.3188082918103907,,
2023-01-03,3.79,4.4,122.0905,6.9135,130.83,6.327178517960097,10.845535571719202,4.33,0.3188082918103907,-0.22481378914988068,
2023-01-04,3.69,4.36,121.5008,6.8875,132.0,6.327178517960097,10.845535571719202,4.33,0.3188082918103907,-0.3774246306952507,
2023-01-05,3.71,4.45,122.1017,6.88,133.57,6.327178517960097,10.845535571719202,4.33,0.3188082918103907,-0.5289545165653453,
2023-01-06,3.55,4.24,121.0852,6.837,132.21,6.327178517960097,10.845535571719202,4.33,0.3188082918103907,0.3361607871454347,
2023-01-09,3.53,4.19,120.1508,6.77,131.58,6.327178517960097,10.845535571719202,4.33,0.3188082918103907,0.7313441703812991,
2023-01-10,3.61,4.24,120.2483,6.777,132.25,6.327178517960097,10.845535571719202,4.33,0.3188082918103907,-0.07229603965630856,
2023-01-11,3.54,4.2,120.1614,6.77,132.58,6.327178517960097,10.845535571719202,4.33,0.3188082918103907,0.10778982715638567,
2023-01-12,3.43,4.12,119.4218,6.7365,129.75,6.327178517960097,10.845535571719202,4.33,0.3188082918103907,0.39234566170143825,
2023-01-13,3.49,4.22,119.1673,6.701,127.85,6.327178517960097,10.845535571719202,4.33,0.3188082918103907,-0.17728626220739596,
2023-01-16,,,,,,6.327178517960097,10.845535571719202,4.33,0.3188082918103907,,
2023-01-17,3.53,4.18,119.2121,6.7723,128.18,6.327178517960097,10.845535571719202,4.33,0.3188082918103907,0.24382387836780334,
2023-01-18,3.37,4.06,119.0755,6.7534,128.45,6.327178517960097,10.845535571719202,4.33,0.3188082918103907,0.5018001729761823,
2023-01-19,3.39,4.09,119.6107,6.7738,128.48,6.327178517960097,10.845535571719202,4.33,0.3188082918103907,0.4878257776553332,
2023-01-20,3.48,4.14,119.3486,6.7825,129.97,6.327178517960097,10.845535571719202,4.33,0.3188082918103907,0.5434612471729958,
2023-01-23,3.52,4.21,119.1434,6.7899,130.69,6.327178517960097,10.845535571719202,4.33,0.3188082918103907,,
2023-01-24,3.46,4.12,119.0958,6.7899,130.07,6.327178517960097,10.845535571719202,4.33,0.3188082918103907,0.6372697615076914,
2023-01-25,3.46,4.11,118.9686,6.7899,129.64,6.327178517960097,10.845535571719202,4.33,0.3188082918103907,0.6427420796671822,
2023-01-26,3.49,4.17,119.021,6.7899,130.4,6.327178517960097,10.845535571719202,4.33,0.3188082918103907,0.5735106744003043,
2023-01-27,3.52,4.19,118.9223,6.7899,129.94,6.327178517960097,10.845535571719202,4.33,0.3188082918103907,0.7755359868797838,
2023-01-30,3.55,4.25,118.8953,6.7501,130.34,6.327178517960097,10.845535571719202,4.33,0.3188082918103907,,
2023-01-31,3.52,4.21,118.9802,6.754,130.17,6.327178517960097,10.845535571719202,4.33,0.3188082918103907,0.7829587958023754,
2023-02-01,3.39,4.09,118.6259,6.7406,129.27,5.957820738137087,-24.79276191613835,4.57,-0.1634816837026265,1.0,
2023-02-02,3.4,4.09,118.3421,6.7266,128.45,5.957820738137087,-24.79276191613835,4.57,-0.1634816837026265,1.0,
2023-02-03,3.53,4.3,119.5095,6.7733,131.07,5.957820738137087,-24.79276191613835,4.57,-0.1634816837026265,-0.2533266495296576,
2023-02-06,3.63,4.44,120.541,6.7918,132.76,5.957820738137087,-24.79276191613835,4.57,-0.1634816837026265,-1.0,
2023-02-07,3.67,4.47,120.3475,6.791,131.37,5.957820738137087,-24.79276191613835,4.57,-0.1634816837026265,-0.9481606304389973,
2023-02-08,3.63,4.45,120.1436,6.789,131.27,5.957820738137087,-24.79276191613835,4.57,-0.1634816837026265,-1.0,
2023-02-09,3.67,4.48,119.9781,6.7782,130.98,5.957820738137087,-24.79276191613835,4.57,-0.1634816837026265,-1.0,
2023-02-10,3.74,4.5,120.1419,6.8106,131.5,5.957820738137087,-24.79276191613835,4.57,-0.1634816837026265,-1.0,
2023-02-13,3.72,4.52,119.9828,6.8198,132.71,5.957820738137087,-24.79276191613835,4.57,-0.1634816837026265,,
2023-02-14,3.77,4.6,119.9229,6.8255,133.05,5.957820738137087,-24.79276191613835,4.57,-0.1634816837026265,-1.0,
2023-02-15,3.81,4.62,120.4557,6.851,134.22,5.957820738137087,-24.79276191613835,4.57,-0.1634816837026265,-1.0,
2023-02-16,3.86,4.62,120.4651,6.859,133.95,5.957820738137087,-24.79276191613835,4.57,-0.1634816837026265,-1.0,
2023-02-17,3.82,4.6,120.5526,6.8661,134.21,5.957820738137087,-24.79276191613835,4.57,-0.1634816837026265,-1.0,
2023-02-20,,,,,,5.957820738137087,-24.79276191613835,4.57,-0.1634816837026265,,
2023-02-21,3.95,4.67,120.6256,6.87,134.87,5.957820738137087,-24.79276191613835,4.57,-0.1634816837026265,-1.0,
2023-02-22,3.93,4.66,120.8389,6.8908,134.77,5.957820738137087,-24.79276191613835,4.57,-0.1634816837026265,-1.0,
2023-02-23,3.88,4.66,121.0896,6.9075,134.8,5.957820738137087,-24.79276191613835,4.57,-0.1634816837026265,-1.0,
2023-02-24,3.95,4.78,121.5681,6.9545,136.36,5.957820738137087,-24.79276191613835,4.57,-0.1634816837026265,-1.0,
2023-02-27,3.92,4.78,121.3941,6.945,136.18,5.957820738137087,-24.79276191613835,4.57,-0.1634816837026265,-1.0,
2023-02-28,3.92,4.81,121.3341,6.9325,136.09,5.957820738137087,-24.79276191613835,4.57,-0.1634816837026265,-1.0,
2023-03-01,4.01,4.89,120.6347,6.8656,135.82,4.917719362889961,-89.86928653873383,4.65,-0.36512224493961964,-1.0,
2023-03-02,4.08,4.89,121.1302,6.9122,136.84,4.917719362889961,-89.86928653873383,4.65,-0.36512224493961964,-1.0,
2023-03-03,3.97,4.86,120.7742,6.9048,136.09,4.917719362889961,-89.86928653873383,4.65,-0.36512224493961964,-1.0,
2023-03-06,3.98,4.89,120.485,6.9295,135.93,4.917719362889961,-89.86928653873383,4.65,-0.36512224493961964,-0.9324097852953405,
2023-03-07,3.97,5.0,121.4623,6.9605,136.9,4.917719362889961,-89.86928653873383,4.65,-0.36512224493961964,-1.0,
2023-03-08,3.98,5.05,121.4511,6.9496,137.18,4.917719362889961,-89.86928653873383,4.65,-0.36512224493961964,-1.0,
2023-03-09,3.93,4.9,121.4458,6.963,136.41,4.917719362889961,-89.86928653873383,4.65,-0.36512224493961964,-0.7652977220624666,
2023-03-10,3.7,4.6,121.2421,6.9025,135.05,4.917719362889961,-89.86928653873383,4.65,-0.36512224493961964,-0.1829735594947514,
2023-03-13,3.55,4.03,120.8897,6.8455,133.13,4.917719362889961,-89.86928653873383,4.65,-0.36512224493961964,0.8831065927946848,
2023-03-14,3.64,4.2,121.0141,6.868,134.33,4.917719362889961,-89.86928653873383,4.65,-0.36512224493961964,0.7192116604852437,
2023-03-15,3.51,3.93,122.1079,6.9005,132.81,4.917719362889961,-89.86928653873383,4.65,-0.36512224493961964,1.0,
2023-03-16,3.56,4.14,121.7221,6.8965,133.01,4.917719362889961,-89.86928653873383,4.65,-0.36512224493961964,0.8394629155461113,
2023-03-17,3.39,3.81,121.5643,6.887,132.01,4.917719362889961,-89.86928653873383,4.65,-0.36512224493961964,1.0,
2023-03-20,3.47,3.92,121.0141,6.877,131.59,4.917719362889961,-89.86928653873383,4.65,-0.36512224493961964,,
2023-03-21,3.59,4.17,120.8958,6.883,132.27,4.917719362889961,-89.86928653873383,4.65,-0.36512224493961964,0.8261204511832156,
2023-03-22,3.48,3.96,120.6217,6.8802,132.67,4.917719362889961,-89.86928653873383,4.65,-0.36512224493961964,1.0,
2023-03-23,3.38,3.76,119.7587,6.8188,130.99,4.917719362889961,-89.86928653873383,4.65,-0.36512224493961964,1.0,
2023-03-24,3.38,3.76,120.4598,6.8675,130.64,4.917719362889961,-89.86928653873383,4.65,-0.36512224493961964,1.0,
2023-03-27,3.53,3.94,120.2541,6.8834,131.49,4.917719362889961,-89.86928653873383,4.65,-0.36512224493961964,1.0,
2023-03-28,3.55,4.02,119.7138,6.8725,130.97,4.917719362889961,-89.86928653873383,4.65,-0.36512224493961964,1.0,
2023-03-29,3.57,4.08,119.7258,6.8862,132.69,4.917719362889961,-89.86928653873383,4.65,-0.36512224493961964,1.0,
2023-03-30,3.55,4.1,119.4078,6.87,132.71,4.917719362889961,-89.86928653873383,4.65,-0.36512224493961964,1.0,
2023-03-31,3.48,4.06,119.3602,6.8676,132.75,4.917719362889961,-89.86928653873383,4.65,-0.36512224493961964,1.0,
2023-04-03,3.43,3.97,119.3204,6.8776,132.35,4.950079879124369,-25.50981813362549,4.83,-0.1843454258675048,1.0,
2023-04-04,3.35,3.84,119.142,6.878,131.6,4.950079879124369,-25.50981813362549,4.83,-0.1843454258675048,1.0,
2023-04-05,3.3,3.79,119.2953,6.8781,131.11,4.950079879124369,-25.50981813362549,4.83,-0.1843454258675048,1.0,
2023-04-06,3.3,3.82,119.3072,6.875,131.67,4.950079879124369,-25.50981813362549,4.83,-0.1843454258675048,1.0,
2023-04-07,3.39,3.97,119.3547,6.875,132.11,4.950079879124369,-25.50981813362549,4.83,-0.1843454258675048,0.8679318989059451,
2023-04-10,3.41,4.0,119.7948,6.8807,133.75,4.950079879124369,-25.50981813362549,4.83,-0.1843454258675048,0.04142429850942663,
2023-04-11,3.43,4.03,119.5248,6.8866,133.63,4.950079879124369,-25.50981813362549,4.83,-0.1843454258675048,0.23380551789386939,
2023-04-12,3.41,3.95,119.003,6.873,133.25,4.950079879124369,-25.50981813362549,4.83,-0.1843454258675048,-0.027388747219541886,
2023-04-13,3.45,3.96,118.3915,6.8677,132.37,4.950079879124369,-25.50981813362549,4.83,-0.1843454258675048,0.24535331695592608,
2023-04-14,3.52,4.08,118.8567,6.869,133.74,4.950079879124369,-25.50981813362549,4.83,-0.1843454258675048,-0.3674887762862925,
2023-04-17,3.6,4.18,119.2787,6.8786,134.51,4.950079879124369,-25.50981813362549,4.83,-0.1843454258675048,-0.3537344885670157,
2023-04-18,3.58,4.19,119.1049,6.8755,134.11,4.950079879124369,-25.50981813362549,4.83,-0.1843454258675048,-0.027245980826055966,
2023-04-19,3.6,4.24,119.303,6.8851,134.79,4.950079879124369,-25.50981813362549,4.83,-0.1843454258675048,-0.3822585023241822,
2023-04-20,3.54,4.14,119.1199,6.8725,134.1,4.950079879124369,-25.50981813362549,4.83,-0.1843454258675048,-0.5184819534642353,
2023-04-21,3.57,4.17,119.3117,6.892,134.28,4.950079879124369,-25.50981813362549,4.83,-0.1843454258675048,-0.5592375778987259,
2023-04-24,3.52,4.12,119.2039,6.8958,134.41,4.950079879124369,-25.50981813362549,4.83,-0.1843454258675048,-0.2450407020284517,
2023-04-25,3.4,3.86,119.613,6.932,133.96,4.950079879124369,-25.50981813362549,4.83,-0.1843454258675048,0.21529527873615945,
2023-04-26,3.43,3.9,119.3228,6.9261,133.72,4.950079879124369,-25.50981813362549,4.83,-0.1843454258675048,0.2405100177933535,
2023-04-27,3.53,4.07,119.4298,6.922,134.04,4.950079879124369,-25.50981813362549,4.83,-0.1843454258675048,0.04006412268971001,
2023-04-28,3.44,4.04,119.2248,6.911,135.99,4.950079879124369,-25.50981813362549,4.83,-0.1843454258675048,0.026608074877808016,
2023-05-01,3.59,4.14,119.4435,6.9164,137.35,4.131851231385042,-10.989107254489618,5.06,-0.39957171123073953,-0.22621357096277694,
2023-05-02,3.44,3.97,119.6105,6.9164,136.46,4.131851231385042,-10.989107254489618,5.06,-0.39957171123073953,-0.17237960130907182,
2023-05-03,3.38,3.89,119.1233,6.9164,135.31,4.131851231385042,-10.989107254489618,5.06,-0.39957171123073953,-0.13171880749106704,
2023-05-04,3.37,3.75,119.0465,6.9094,133.76,4.131851231385042,-10.989107254489618,5.06,-0.39957171123073953,0.091073543129115,
2023-05-05,3.44,3.92,118.5548,6.9101,134.85,4.131851231385042,-10.989107254489618,5.06,-0.39957171123073953,0.06489113149202799,
2023-05-08,3.52,4.0,118.5759,6.9125,134.83,4.131851231385042,-10.989107254489618,5.06,-0.39957171123073953,-0.0,
2023-05-09,3.53,4.01,118.8239,6.9201,135.15,4.131851231385042,-10.989107254489618,5.06,-0.39957171123073953,0.02613041715104546,
2023-05-10,3.43,3.9,118.5864,6.9321,134.52,4.131851231385042,-10.989107254489618,5.06,-0.39957171123073953,0.06556573312976419,
2023-05-11,3.39,3.89,119.0303,6.948,134.46,4.131851231385042,-10.989107254489618,5.06,-0.39957171123073953,0.092194677011094,
2023-05-12,3.46,3.98,119.3671,6.9575,135.63,4.131851231385042,-10.989107254489618,5.06,-0.39957171123073953,0.13266241871707235,
2023-05-15,3.5,3.99,119.1608,6.952,136.07,4.131851231385042,-10.989107254489618,5.06,-0.39957171123073953,0.25362974863642307,
2023-05-16,3.54,4.06,119.1743,6.9751,136.62,4.131851231385042,-10.989107254489618,5.06,-0.39957171123073953,0.1759570865413806,
2023-05-17,3.57,4.12,119.607,6.9981,137.51,4.131851231385042,-10.989107254489618,5.06,-0.39957171123073953,0.1648729112707738,
2023-05-18,3.65,4.24,120.0886,7.0355,138.5,4.131851231385042,-10.989107254489618,5.06,-0.39957171123073953,-0.1395717252528102,
2023-05-19,3.7,4.28,119.7751,7.006,137.67,4.131851231385042,-10.989107254489618,5.06,-0.39957171123073953,-0.1574853466332645,
2023-05-22,3.72,4.29,120.0875,7.0351,138.65,4.131851231385042,-10.989107254489618,5.06,-0.39957171123073953,-0.2500997605785925,
2023-05-23,3.7,4.26,120.3204,7.049,138.74,4.131851231385042,-10.989107254489618,5.06,-0.39957171123073953,-0.6083124972478672,
2023-05-24,3.73,4.31,120.4752,7.0585,139.14,4.131851231385042,-10.989107254489618,5.06,-0.39957171123073953,-0.6521416334741886,
2023-05-25,3.83,4.5,120.8413,7.0775,139.81,4.131851231385042,-10.989107254489618,5.06,-0.39957171123073953,-0.7118876330441467,
2023-05-26,3.8,4.54,120.6304,7.063,140.53,4.131851231385042,-10.989107254489618,5.06,-0.39957171123073953,-0.8582211111011995,
2023-05-29,,,,,,4.131851231385042,-10.989107254489618,5.06,-0.39957171123073953,,
2023-05-30,3.69,4.46,120.5546,7.0792,139.83,4.131851231385042,-10.989107254489618,5.06,-0.39957171123073953,-0.96968407041556,
2023-05-31,3.64,4.4,120.9662,7.11,139.78,4.131851231385042,-10.989107254489618,5.06,-0.39957171123073953,-1.0,
2023-06-01,3.61,4.33,120.0491,7.0934,138.74,3.070617072997095,-24.803385673211928,5.08,-0.8893464531073647,-1.0,
2023-06-02,3.69,4.5,120.0049,7.0827,139.76,3.070617072997095,-24.803385673211928,5.08,-0.8893464531073647,-1.0,
2023-06-05,3.69,4.46,120.0048,7.105,139.64,3.070617072997095,-24.803385673211928,5.08,-0.8893464531073647,-1.0,
2023-06-06,3.7,4.51,119.9718,7.119,139.67,3.070617072997095,-24.803385673211928,5.08,-0.8893464531073647,-1.0,
2023-06-07,3.79,4.56,119.859,7.1287,139.98,3.070617072997095,-24.803385673211928,5.08,-0.8893464531073647,-1.0,
2023-06-08,3.73,4.52,119.5712,7.1109,138.83,3.070617072997095,-24.803385673211928,5.08,-0.8893464531073647,-1.0,
2023-06-09,3.75,4.59,119.4322,7.1273,139.35,3.070617072997095,-24.803385673211928,5.08,-0.8893464531073647,-1.0,
2023-06-12,3.73,4.55,119.6376,7.1437,139.72,3.070617072997095,-24.803385673211928,5.08,-0.8893464531073647,-1.0,
2023-06-13,3.84,4.67,119.1899,7.1585,140.0,3.070617072997095,-24.803385673211928,5.08,-0.8893464531073647,-1.0,
2023-06-14,3.83,4.74,118.776,7.148,139.33,3.070617072997095,-24.803385673211928,5.08,-0.8893464531073647,-1.0,
2023-06-15,3.72,4.62,118.5521,7.13,140.49,3.070617072997095,-24.803385673211928,5.08,-0.8893464531073647,-0.7361823947844373,
2023-06-16,3.77,4.7,118.4184,7.125,141.82,3.070617072997095,-24.803385673211928,5.08,-0.8893464531073647,-0.8009921640794742,
2023-06-19,,,,,,3.070617072997095,-24.803385673211928,5.08,-0.8893464531073647,,
2023-06-20,3.74,4.68,118.938,7.1811,141.46,3.070617072997095,-24.803385673211928,5.08,-0.8893464531073647,-0.7779548498522,
2023-06-21,3.72,4.68,118.727,7.1779,142.09,3.070617072997095,-24.803385673211928,5.08,-0.8893464531073647,-0.6675390329443003,
2023-06-22,3.8,4.77,118.7552,7.1777,142.89,3.070617072997095,-24.803385673211928,5.08,-0.8893464531073647,-0.47075641082745706,
2023-06-23,3.74,4.71,119.152,7.1777,143.78,3.070617072997095,-24.803385673211928,5.08,-0.8893464531073647,-0.28966279091364494,
2023-06-26,3.72,4.65,119.0761,7.2364,143.55,3.070617072997095,-24.803385673211928,5.08,-0.8893464531073647,,
2023-06-27,3.77,4.74,118.8949,7.2193,144.0,3.070617072997095,-24.803385673211928,5.08,-0.8893464531073647,-0.4675382403457198,
2023-06-28,3.71,4.71,119.3382,7.2436,144.23,3.070617072997095,-24.803385673211928,5.08,-0.8893464531073647,-0.5181948202804186,
2023-06-29,3.85,4.87,119.527,7.2515,144.72,3.070617072997095,-24.803385673211928,5.08,-0.8893464531073647,-0.8895742010294868,
2023-06-30,3.81,4.87,119.3606,7.2513,144.47,3.070617072997095,-24.803385673211928,5.08,-0.8893464531073647,-0.5963626905066408,
2023-07-03,3.86,4.94,119.2119,7.24,144.5,3.287749268428297,-49.220432835402335,5.12,-0.31247838929887584,-0.7527542582616663,
2023-07-04,,,,,,3.287749268428297,-49.220432835402335,5.12,-0.31247838929887584,,
2023-07-05,3.95,4.94,119.3483,7.2465,144.56,3.287749268428297,-49.220432835402335,5.12,-0.31247838929887584,-0.583140868394709,
2023-07-06,4.05,4.99,119.8193,7.25,144.09,3.287749268428297,-49.220432835402335,5.12,-0.31247838929887584,-0.7055577038393878,
2023-07-07,4.06,4.94,119.0761,7.2205,142.21,3.287749268428297,-49.220432835402335,5.12,-0.31247838929887584,-0.5149536532410346,
2023-07-10,4.01,4.85,118.9548,7.2315,141.56,3.287749268428297,-49.220432835402335,5.12,-0.31247838929887584,-0.4351308042762686,
2023-07-11,3.99,4.88,118.7344,7.209,140.51,3.287749268428297,-49.220432835402335,5.12,-0.31247838929887584,-0.30002555182939633,
2023-07-12,3.86,4.72,117.6385,7.1656,138.21,3.287749268428297,-49.220432835402335,5.12,-0.31247838929887584,0.028410045154051444,
2023-07-13,3.76,4.59,117.1831,7.15,138.14,3.287749268428297,-49.220432835402335,5.12,-0.31247838929887584,0.04272752436660232,
2023-07-14,3.83,4.74,117.0463,7.1403,138.74,3.287749268428297,-49.220432835402335,5.12,-0.31247838929887584,-0.05678030526898324,
2023-07-17,3.81,4.74,117.1267,7.1711,138.92,3.287749268428297,-49.220432835402335,5.12,-0.31247838929887584,,
2023-07-18,3.8,4.74,117.0264,7.1786,138.94,3.287749268428297,-49.220432835402335,5.12,-0.31247838929887584,-0.08665936813639062,
2023-07-19,3.75,4.74,117.3462,7.226,139.76,3.287749268428297,-49.220432835402335,5.12,-0.31247838929887584,-0.0881408250195114,
2023-07-20,3.85,4.8,117.5947,7.1761,140.39,3.287749268428297,-49.220432835402335,5.12,-0.31247838929887584,-0.04422961083405976,
2023-07-21,3.84,4.82,117.9418,7.1861,141.75,3.287749268428297,-49.220432835402335,5.12,-0.31247838929887584,-0.1631697439118824,
2023-07-24,3.86,4.81,117.8124,7.1855,141.19,3.287749268428297,-49.220432835402335,5.12,-0.31247838929887584,-0.2377863094718434,
2023-07-25,3.91,4.85,117.8565,7.134,140.91,3.287749268428297,-49.220432835402335,5.12,-0.31247838929887584,-0.16571305677792977,
2023-07-26,3.86,4.82,117.76,7.1503,140.41,3.287749268428297,-49.220432835402335,5.12,-0.31247838929887584,-0.17005959470396856,
2023-07-27,4.01,4.91,117.8938,7.173,141.03,3.287749268428297,-49.220432835402335,5.12,-0.31247838929887584,-0.06459385658204538,
2023-07-28,3.96,4.87,117.788,7.1488,140.72,3.287749268428297,-49.220432835402335,5.12,-0.31247838929887584,-0.0,
2023-07-31,3.97,4.88,117.8241,7.1426,142.18,3.287749268428297,-49.220432835402335,5.12,-0.31247838929887584,0.1022716225943936,
2023-08-01,4.05,4.92,118.5738,7.1775,143.34,3.722504803505289,-13.803793157513063,5.33,-0.25421306219911566,,
2023-08-02,4.08,4.88,119.1268,7.192,143.21,3.722504803505289,-13.803793157513063,5.33,-0.25421306219911566,0.11003088981676329,
2023-08-03,4.2,4.9,119.3963,7.1651,142.42,3.722504803505289,-13.803793157513063,5.33,-0.25421306219911566,0.1751065821560332,
2023-08-04,4.05,4.78,118.821,7.1709,141.79,3.722504803505289,-13.803793157513063,5.33,-0.25421306219911566,0.3305098207834444,
2023-08-07,4.09,4.76,119.0809,7.1895,142.45,3.722504803505289,-13.803793157513063,5.33,-0.25421306219911566,0.1994629218115536,
2023-08-08,4.02,4.74,119.6407,7.216,143.17,3.722504803505289,-13.803793157513063,5.33,-0.25421306219911566,0.3321874854192308,
2023-08-09,4.0,4.79,119.476,7.2085,143.58,3.722504803505289,-13.803793157513063,5.33,-0.25421306219911566,-0.17713919768069564,
2023-08-10,4.09,4.82,119.1581,7.2165,144.4,3.722504803505289,-13.803793157513063,5.33,-0.25421306219911566,-0.6084587566252335,
2023-08-11,4.16,4.89,119.6268,7.2367,144.94,3.722504803505289,-13.803793157513063,5.33,-0.25421306219911566,-0.4115969441538338,
2023-08-14,4.19,4.96,120.0725,7.2585,145.3,3.722504803505289,-13.803793157513063,5.33,-0.25421306219911566,-0.6235015938173375,
2023-08-15,4.21,4.92,120.2127,7.2817,145.4,3.722504803505289,-13.803793157513063,5.33,-0.25421306219911566,-0.5380636233461427,
2023-08-16,4.28,4.97,120.3551,7.2985,145.81,3.722504803505289,-13.803793157513063,5.33,-0.25421306219911566,-0.7168384111562421,
2023-08-17,4.3,4.94,120.5242,7.291,146.16,3.722504803505289,-13.803793157513063,5.33,-0.25421306219911566,-0.4396693928875273,
2023-08-18,4.26,4.92,120.4321,7.28,145.15,3.722504803505289,-13.803793157513063,5.33,-0.25421306219911566,-0.3159096412927023,
2023-08-21,4.34,4.97,120.4627,7.2865,146.26,3.722504803505289,-13.803793157513063,5.33,-0.25421306219911566,-0.5019060725735228,
2023-08-22,4.34,5.02,120.3554,7.293,145.79,3.722504803505289,-13.803793157513063,5.33,-0.25421306219911566,-0.5382505742177678,
2023-08-23,4.19,4.95,120.0307,7.2771,144.62,3.722504803505289,-13.803793157513063,5.33,-0.25421306219911566,-0.4282232445837323,
2023-08-24,4.23,4.98,120.2354,7.2786,145.75,3.722504803505289,-13.803793157513063,5.33,-0.25421306219911566,-0.24684162145263047,
2023-08-25,4.25,5.03,120.5137,7.289,146.38,3.722504803505289,-13.803793157513063,5.33,-0.25421306219911566,-0.5718996292433114,
2023-08-28,4.2,4.98,120.3155,7.29,146.4,3.722504803505289,-13.803793157513063,5.33,-0.25421306219911566,-0.37211407429829796,
2023-08-29,4.12,4.87,120.2669,7.2796,146.01,3.722504803505289,-13.803793157513063,5.33,-0.25421306219911566,0.19443466799235173,
2023-08-30,4.12,4.9,119.7937,7.2839,145.94,3.722504803505289,-13.803793157513063,5.33,-0.25421306219911566,-0.08032263826161487,
2023-08-31,4.09,4.85,120.225,7.2582,145.68,3.722504803505289,-13.803793157513063,5.33,-0.25421306219911566,0.21197390156398752,
2023-09-01,4.18,4.87,120.759,7.2606,146.2,3.687206638119256,-45.70116213000355,5.33,-0.2672476942852109,-0.39542390547730005,
2023-09-04,,,,,,3.687206638119256,-45.70116213000355,5.33,-0.2672476942852109,,
2023-09-05,4.27,4.94,121.4345,7.3018,147.63,3.687206638119256,-45.70116213000355,5.33,-0.2672476942852109,-0.9346895259325482,
2023-09-06,4.3,5.01,121.8671,7.316,147.65,3.687206638119256,-45.70116213000355,5.33,-0.2672476942852109,-1.0,
2023-09-07,4.27,4.94,121.9528,7.3287,147.13,3.687206638119256,-45.70116213000355,5.33,-0.2672476942852109,-0.572170445900334,
2023-09-08,4.26,4.98,121.9475,7.343,147.7,3.687206638119256,-45.70116213000355,5.33,-0.2672476942852109,-0.43157913972115053,
2023-09-11,4.29,4.97,121.3386,7.2882,146.46,3.687206638119256,-45.70116213000355,5.33,-0.2672476942852109,-0.04787046247057796,
2023-09-12,4.27,4.98,121.2913,7.2911,147.12,3.687206638119256,-45.70116213000355,5.33,-0.2672476942852109,-0.29139740033376227,
2023-09-13,4.25,4.96,121.0549,7.27,147.45,3.687206638119256,-45.70116213000355,5.33,-0.2672476942852109,0.04959953930551119,
2023-09-14,4.29,5.0,121.2395,7.277,147.17,3.687206638119256,-45.70116213000355,5.33,-0.2672476942852109,-0.2957103956349237,
2023-09-15,4.33,5.02,121.199,7.2744,147.83,3.687206638119256,-45.70116213000355,5.33,-0.2672476942852109,-0.49508845352179737,
2023-09-18,4.32,5.05,121.1938,7.2915,147.63,3.687206638119256,-45.70116213000355,5.33,-0.2672476942852109,-0.40440817187242056,
2023-09-19,4.37,5.08,121.1645,7.2964,147.8,3.687206638119256,-45.70116213000355,5.33,-0.2672476942852109,-0.2989690411952217,
2023-09-20,4.35,5.12,120.9648,7.287,147.74,3.687206638119256,-45.70116213000355,5.33,-0.2672476942852109,-0.8337834157651148,
2023-09-21,4.49,5.12,121.5528,7.3066,147.42,3.687206638119256,-45.70116213000355,5.33,-0.2672476942852109,-0.6602015708781679,
2023-09-22,4.44,5.1,121.5306,7.298,148.24,3.687206638119256,-45.70116213000355,5.33,-0.2672476942852109,-0.32072099111944635,
2023-09-25,4.55,5.09,122.1143,7.311,148.74,3.687206638119256,-45.70116213000355,5.33,-0.2672476942852109,-0.492231634117082,
2023-09-26,4.56,5.04,122.4742,7.31,148.9,3.687206638119256,-45.70116213000355,5.33,-0.2672476942852109,-0.7581445085819819,
2023-09-27,4.61,5.1,122.9895,7.3105,149.48,3.687206638119256,-45.70116213000355,5.33,-0.2672476942852109,-0.8712450867208034,
2023-09-28,4.59,5.04,122.5342,7.301,149.18,3.687206638119256,-45.70116213000355,5.33,-0.2672476942852109,-0.822175318927409,
2023-09-29,4.59,5.03,122.3077,7.296,149.43,3.687206638119256,-45.70116213000355,5.33,-0.2672476942852109,-0.6866733939715874,
2023-10-02,4.69,5.12,123.0545,7.296,149.8,3.2512659098611785,-36.4129025637792,5.33,-0.7742988102069082,,
2023-10-03,4.81,5.15,123.7848,7.296,149.16,3.2512659098611785,-36.4129025637792,5.33,-0.7742988102069082,-0.8549064996187492,
2023-10-04,4.73,5.05,123.5946,7.296,148.83,3.2512659098611785,-36.4129025637792,5.33,-0.7742988102069082,-0.1654294840240754,
2023-10-05,4.72,5.03,123.8993,7.296,148.49,3.2512659098611785,-36.4129025637792,5.33,-0.7742988102069082,-0.3984586666420106,
2023-10-06,4.78,5.08,123.3563,7.296,149.08,3.2512659098611785,-36.4129025637792,5.33,-0.7742988102069082,-0.4488218478633498,
2023-10-09,,,,,,3.2512659098611785,-36.4129025637792,5.33,-0.7742988102069082,,
2023-10-10,4.66,4.96,122.9282,7.2948,148.62,3.2512659098611785,-36.4129025637792,5.33,-0.7742988102069082,0.09472253320753293,
2023-10-11,4.58,4.99,122.7697,7.2992,149.17,3.2512659098611785,-36.4129025637792,5.33,-0.7742988102069082,-0.14719073781576458,
2023-10-12,4.7,5.06,123.2101,7.3019,149.71,3.2512659098611785,-36.4129025637792,5.33,-0.7742988102069082,-0.2978065078852108,
2023-10-13,4.63,5.04,123.5954,7.3049,149.62,3.2512659098611785,-36.4129025637792,5.33,-0.7742988102069082,-0.10042801977088886,
2023-10-16,4.71,5.09,123.3185,7.3105,149.57,3.2512659098611785,-36.4129025637792,5.33,-0.7742988102069082,-0.20231295558571027,
2023-10-17,4.83,5.19,123.1202,7.3105,149.71,3.2512659098611785,-36.4129025637792,5.33,-0.7742988102069082,-0.5400675752505213,
2023-10-18,4.91,5.19,123.8148,7.3161,149.86,3.2512659098611785,-36.4129025637792,5.33,-0.7742988102069082,-0.3375956242427228,
2023-10-19,4.98,5.14,123.798,7.3126,149.92,3.2512659098611785,-36.4129025637792,5.33,-0.7742988102069082,-0.0949051966972293,
2023-10-20,4.93,5.07,123.612,7.3155,149.85,3.2512659098611785,-36.4129025637792,5.33,-0.7742988102069082,0.14302961470510867,
2023-10-23,4.86,5.05,123.2846,7.3158,149.78,3.2512659098611785,-36.4129025637792,5.33,-0.7742988102069082,0.19190772814875,
2023-10-24,4.83,5.02,123.6416,7.309,149.84,3.2512659098611785,-36.4129025637792,5.33,-0.7742988102069082,0.09627075795830804,
2023-10-25,4.95,5.08,123.7871,7.3165,149.94,3.2512659098611785,-36.4129025637792,5.33,-0.7742988102069082,0.09667815848160624,
2023-10-26,4.86,5.02,124.0064,7.315,150.44,3.2512659098611785,-36.4129025637792,5.33,-0.7742988102069082,0.09736433912289719,
2023-10-27,4.84,4.99,123.62,7.3171,149.6,3.2512659098611785,-36.4129025637792,5.33,-0.7742988102069082,0.202942070976716,
2023-10-30,4.88,5.03,123.4076,7.3133,149.01,3.2512659098611785,-36.4129025637792,5.33,-0.7742988102069082,0.4826696875168899,
2023-10-31,4.88,5.07,123.8364,7.3166,151.46,3.2512659098611785,-36.4129025637792,5.33,-0.7742988102069082,0.4618411016088335,
2023-11-01,4.77,4.95,123.7922,7.3175,150.96,3.1333462745911866,-46.99657662906146,5.33,-0.09043615385835313,0.6106790684676847,
2023-11-02,4.67,4.98,122.8818,7.316,150.48,3.1333462745911866,-46.99657662906146,5.33,-0.09043615385835313,0.3211722022988562,
2023-11-03,4.57,4.83,121.7564,7.3005,149.36,3.1333462745911866,-46.99657662906146,5.33,-0.09043615385835313,1.0,
2023-11-06,4.67,4.93,121.6484,7.2695,149.77,3.1333462745911866,-46.99657662906146,5.33,-0.09043615385835313,,
2023-11-07,4.58,4.91,122.0777,7.2788,150.47,3.1333462745911866,-46.99657662906146,5.33,-0.09043615385835313,0.31019800743194087,
2023-11-08,4.49,4.93,122.0926,7.28,150.77,3.1333462745911866,-46.99657662906146,5.33,-0.09043615385835313,0.3696847158761187,
2023-11-09,4.62,5.03,122.1281,7.2835,151.04,3.1333462745911866,-46.99657662906146,5.33,-0.09043615385835313,0.1861669268047638,
2023-11-10,4.61,5.04,,,,3.1333462745911866,-46.99657662906146,5.33,-0.09043615385835313,-0.0,
2023-11-13,4.63,5.02,122.4264,7.289,151.56,3.1333462745911866,-46.99657662906146,5.33,-0.09043615385835313,0.4410030189997469,
2023-11-14,4.44,4.8,121.35,7.253,150.75,3.1333462745911866,-46.99657662906146,5.33,-0.09043615385835313,1.0,
2023-11-15,4.53,4.9,121.0749,7.2466,151.07,3.1333462745911866,-46.99657662906146,5.33,-0.09043615385835313,1.0,
2023-11-16,4.45,4.83,121.1754,7.2416,150.59,3.1333462745911866,-46.99657662906146,5.33,-0.09043615385835313,1.0,
2023-11-17,4.44,4.88,120.8477,7.212,149.82,3.1333462745911866,-46.99657662906146,5.33,-0.09043615385835313,1.0,
2023-11-20,4.42,4.89,120.2533,7.168,148.26,3.1333462745911866,-46.99657662906146,5.33,-0.09043615385835313,0.8750294667356783,
2023-11-21,4.41,4.86,120.2241,7.1352,147.88,3.1333462745911866,-46.99657662906146,5.33,-0.09043615385835313,0.8724365569584814,
2023-11-22,4.42,4.89,120.6802,7.155,149.67,3.1333462745911866,-46.99657662906146,5.33,-0.09043615385835313,1.0,
2023-11-23,,,,,,3.1333462745911866,-46.99657662906146,5.33,-0.09043615385835313,,
2023-11-24,4.47,4.92,120.2105,7.1488,149.57,3.1333462745911866,-46.99657662906146,5.33,-0.09043615385835313,0.39258537485268347,
2023-11-27,4.39,4.84,120.173,7.1528,148.89,3.1333462745911866,-46.99657662906146,5.33,-0.09043615385835313,1.0,
2023-11-28,4.34,4.73,119.5904,7.138,147.41,3.1333462745911866,-46.99657662906146,5.33,-0.09043615385835313,1.0,
2023-11-29,4.27,4.64,119.8159,7.13,147.39,3.1333462745911866,-46.99657662906146,5.33,-0.09043615385835313,1.0,
2023-11-30,4.37,4.73,120.2434,7.136,147.87,3.1333462745911866,-46.99657662906146,5.33,-0.09043615385835313,1.0,
2023-12-01,4.22,4.56,119.9424,7.1386,147.0,3.3159099427102934,-34.86656827545584,5.33,0.8386591076755323,1.0,
2023-12-04,4.28,4.64,120.4727,7.1424,147.15,3.3159099427102934,-34.86656827545584,5.33,0.8386591076755323,1.0,
2023-12-05,4.18,4.57,120.7913,7.1444,147.26,3.3159099427102934,-34.86656827545584,5.33,0.8386591076755323,1.0,
2023-12-06,4.12,4.6,120.5334,7.158,147.16,3.3159099427102934,-34.86656827545584,5.33,0.8386591076755323,1.0,
2023-12-07,4.14,4.58,120.6013,7.1515,144.1,3.3159099427102934,-34.86656827545584,5.33,0.8386591076755323,1.0,
2023-12-08,4.23,4.71,120.7607,7.1645,144.88,3.3159099427102934,-34.86656827545584,5.33,0.8386591076755323,1.0,
2023-12-11,4.23,4.71,120.9279,7.1765,146.41,3.3159099427102934,-34.86656827545584,5.33,0.8386591076755323,0.9251036956391498,
2023-12-12,4.2,4.73,120.6817,7.1755,145.45,3.3159099427102934,-34.86656827545584,5.33,0.8386591076755323,0.20704815363195916,
2023-12-13,4.04,4.46,121.1571,7.1725,145.17,3.3159099427102934,-34.86656827545584,5.33,0.8386591076755323,1.0,
2023-12-14,3.92,4.37,119.5683,7.1088,141.53,3.3159099427102934,-34.86656827545584,5.33,0.8386591076755323,1.0,
2023-12-15,3.91,4.44,119.7382,7.1179,141.8,3.3159099427102934,-34.86656827545584,5.33,0.8386591076755323,1.0,
2023-12-18,3.95,4.43,119.9102,7.1297,143.04,3.3159099427102934,-34.86656827545584,5.33,0.8386591076755323,1.0,
2023-12-19,3.93,4.41,119.4632,7.1287,143.62,3.3159099427102934,-34.86656827545584,5.33,0.8386591076755323,1.0,
2023-12-20,3.86,4.34,119.5435,7.1355,143.77,3.3159099427102934,-34.86656827545584,5.33,0.8386591076755323,1.0,
2023-12-21,3.89,4.33,119.3168,7.1381,142.16,3.3159099427102934,-34.86656827545584,5.33,0.8386591076755323,,
2023-12-22,3.9,4.31,119.0625,7.1315,142.6,3.3159099427102934,-34.86656827545584,5.33,0.8386591076755323,1.0,
2023-12-25,,,,,,3.3159099427102934,-34.86656827545584,5.33,0.8386591076755323,,
2023-12-26,3.89,4.26,118.8875,7.1432,142.48,3.3159099427102934,-34.86656827545584,5.33,0.8386591076755323,0.9276217679494881,
2023-12-27,3.79,4.2,118.4729,7.1405,142.05,3.3159099427102934,-34.86656827545584,5.33,0.8386591076755323,0.8310462748539426,
2023-12-28,3.84,4.26,118.4104,7.1065,141.08,3.3159099427102934,-34.86656827545584,5.33,0.8386591076755323,0.8610602894608599,
2023-12-29,3.88,4.23,118.4208,7.0999,140.92,3.3159099427102934,-34.86656827545584,5.33,0.8386591076755323,0.5884888339153904,
2024-01-02,3.95,4.33,119.2686,7.1426,141.89,3.0883429864855705,-12.077297794148876,5.33,-1.2762549126908995,0.4200722521925458,
2024-01-03,3.91,4.33,119.6958,7.1497,143.55,3.0883429864855705,-12.077297794148876,5.33,-1.2762549126908995,0.46546505341560823,
2024-01-04,3.99,4.38,119.6208,7.1589,144.59,3.0883429864855705,-12.077297794148876,5.33,-1.2762549126908995,0.3430643179269969,
2024-01-05,4.05,4.4,119.388,7.145,144.52,3.0883429864855705,-12.077297794148876,5.33,-1.2762549126908995,0.5300886210125862,
2024-01-08,4.01,4.36,119.2506,7.154,143.89,3.0883429864855705,-12.077297794148876,5.33,-1.2762549126908995,0.5979116808380771,
2024-01-09,4.02,4.36,119.6666,7.1675,144.35,3.0883429864855705,-12.077297794148876,5.33,-1.2762549126908995,0.6384468573949591,
2024-01-10,4.04,4.37,119.7614,7.1711,145.68,3.0883429864855705,-12.077297794148876,5.33,-1.2762549126908995,0.15742179184374638,
2024-01-11,3.98,4.26,119.8916,7.167,146.03,3.0883429864855705,-12.077297794148876,5.33,-1.2762549126908995,0.1928408174576333,
2024-01-12,3.96,4.14,119.534,7.1665,144.86,3.0883429864855705,-12.077297794148876,5.33,-1.2762549126908995,0.5188418470916999,
2024-01-15,,,,,,3.0883429864855705,-12.077297794148876,5.33,-1.2762549126908995,,
2024-01-16,4.07,4.22,120.5759,7.1874,147.01,3.0883429864855705,-12.077297794148876,5.33,-1.2762549126908995,0.32930344933210004,
2024-01-17,4.1,4.34,121.0402,7.196,148.39,3.0883429864855705,-12.077297794148876,5.33,-1.2762549126908995,-0.0,
2024-01-18,4.14,4.34,120.8895,7.1961,148.15,3.0883429864855705,-12.077297794148876,5.33,-1.2762549126908995,-0.017693765683044992,
2024-01-19,4.15,4.39,120.6442,7.1931,148.21,3.0883429864855705,-12.077297794148876,5.33,-1.2762549126908995,-0.14307657250854627,
2024-01-22,4.11,4.37,120.6178,7.192,147.95,3.0883429864855705,-12.077297794148876,5.33,-1.2762549126908995,,
2024-01-23,4.14,4.31,121.1001,7.172,148.55,3.0883429864855705,-12.077297794148876,5.33,-1.2762549126908995,-0.09254349654618013,
2024-01-24,4.18,4.34,120.4916,7.158,147.31,3.0883429864855705,-12.077297794148876,5.33,-1.2762549126908995,-0.2618760245168915,
2024-01-25,4.14,4.28,120.8311,7.169,147.69,3.0883429864855705,-12.077297794148876,5.33,-1.2762549126908995,-0.03785538323223691,
2024-01-26,4.15,4.34,120.6173,7.1763,147.94,3.0883429864855705,-12.077297794148876,5.33,-1.2762549126908995,-0.20903788123217176,
2024-01-29,4.08,4.29,120.8538,7.1798,147.65,3.0883429864855705,-12.077297794148876,5.33,-1.2762549126908995,,
2024-01-30,4.06,4.36,120.6025,7.1755,147.71,3.0883429864855705,-12.077297794148876,5.33,-1.2762549126908995,-0.058543896742360726,
2024-01-31,3.99,4.27,120.4331,7.1673,146.26,3.0883429864855705,-12.077297794148876,5.33,-1.2762549126908995,0.11878661357080397,
2024-02-01,3.87,4.2,120.3335,7.1799,146.18,3.157074141648697,26.51123269845973,5.33,-0.3543266402759926,0.36564634232045745,
2024-02-02,4.03,4.36,120.902,7.192,148.54,3.157074141648697,26.51123269845973,5.33,-0.3543266402759926,0.08487325467563747,
2024-02-05,4.17,4.46,121.349,7.1982,148.79,3.157074141648697,26.51123269845973,5.33,-0.3543266402759926,-0.22288323985949862,
2024-02-06,4.09,4.39,120.9588,7.1908,148.03,3.157074141648697,26.51123269845973,5.33,-0.3543266402759926,-0.06807777529693008,
2024-02-07,4.09,4.41,120.9049,7.1943,148.04,3.157074141648697,26.51123269845973,5.33,-0.3543266402759926,-0.09405968968882208,
2024-02-08,4.15,4.46,121.0798,7.1965,149.25,3.157074141648697,26.51123269845973,5.33,-0.3543266402759926,-0.48379782857254305,
2024-02-09,4.17,4.48,121.039,7.1929,149.38,3.157074141648697,26.51123269845973,5.33,-0.3543266402759926,-0.8561725153854137,
2024-02-12,4.17,4.46,120.9378,7.1928,149.37,3.157074141648697,26.51123269845973,5.33,-0.3543266402759926,,
2024-02-13,4.31,4.64,121.5202,7.1928,150.72,3.157074141648697,26.51123269845973,5.33,-0.3543266402759926,-1.0,
2024-02-14,4.27,4.56,121.4002,7.1928,150.5,3.157074141648697,26.51123269845973,5.33,-0.3543266402759926,-0.6363316331061294,
2024-02-15,4.24,4.56,121.2121,7.1928,150.19,3.157074141648697,26.51123269845973,5.33,-0.3543266402759926,-0.6389759708130286,
2024-02-16,4.3,4.64,121.1505,7.1928,150.34,3.157074141648697,26.51123269845973,5.33,-0.3543266402759926,-0.7729155176053809,
2024-02-19,,,,,,3.157074141648697,26.51123269845973,5.33,-0.3543266402759926,,
2024-02-20,4.27,4.59,121.0199,7.1905,149.87,3.157074141648697,26.51123269845973,5.33,-0.3543266402759926,-0.9376267508941083,
2024-02-21,4.32,4.64,121.0379,7.1891,150.29,3.157074141648697,26.51123269845973,5.33,-0.3543266402759926,-1.0,
2024-02-22,4.33,4.69,121.102,7.1944,150.62,3.157074141648697,26.51123269845973,5.33,-0.3543266402759926,-1.0,
2024-02-23,4.26,4.67,121.0369,7.197,150.36,3.157074141648697,26.51123269845973,5.33,-0.3543266402759926,-1.0,
2024-02-26,4.28,4.69,121.0592,7.1972,150.79,3.157074141648697,26.51123269845973,5.33,-0.3543266402759926,-1.0,
2024-02-27,4.31,4.7,120.9647,7.1977,150.46,3.157074141648697,26.51123269845973,5.33,-0.3543266402759926,-1.0,
2024-02-28,4.27,4.64,121.128,7.1976,150.68,3.157074141648697,26.51123269845973,5.33,-0.3543266402759926,-1.0,
2024-02-29,4.25,4.64,121.1824,7.1977,149.9,3.157074141648697,26.51123269845973,5.33,-0.3543266402759926,-1.0,
2024-03-01,4.19,4.54,121.0111,7.196,150.2,3.4868349120836584,44.643382329305076,5.33,-0.557312624665296,-0.5865412386419382,
2024-03-04,4.22,4.61,120.872,7.1987,150.44,3.4868349120836584,44.643382329305076,5.33,-0.557312624665296,-0.4980247537648454,
2024-03-05,4.13,4.54,120.8846,7.1965,150.14,3.4868349120836584,44.643382329305076,5.33,-0.557312624665296,-0.5152350912802119,
2024-03-06,4.11,4.55,120.4649,7.1977,149.17,3.4868349120836584,44.643382329305076,5.33,-0.557312624665296,-0.4777048926737146,
2024-03-07,4.09,4.5,120.1909,7.1925,148.08,3.4868349120836584,44.643382329305076,5.33,-0.557312624665296,-0.13626897833394117,
2024-03-08,4.09,4.48,119.975,7.1855,147.17,3.4868349120836584,44.643382329305076,5.33,-0.557312624665296,-0.0,
2024-03-11,4.1,4.51,120.0394,7.182,146.86,3.4868349120836584,44.643382329305076,5.33,-0.557312624665296,-0.16958233968970823,
2024-03-12,4.16,4.58,120.1668,7.1804,147.69,3.4868349120836584,44.643382329305076,5.33,-0.557312624665296,0.2015101514858583,
2024-03-13,4.19,4.61,119.9642,7.1875,147.73,3.4868349120836584,44.643382329305076,5.33,-0.557312624665296,-0.1662470207572758,
2024-03-14,4.29,4.68,120.241,7.1932,148.19,3.4868349120836584,44.643382329305076,5.33,-0.557312624665296,-0.39132980771670794,
2024-03-15,4.31,4.72,120.4003,7.1953,149.14,3.4868349120836584,44.643382329305076,5.33,-0.557312624665296,-0.25501200630013865,
2024-03-18,4.34,4.73,120.5752,7.1981,149.13,3.4868349120836584,44.643382329305076,5.33,-0.557312624665296,,
2024-03-19,4.3,4.68,120.9332,7.1991,150.73,3.4868349120836584,44.643382329305076,5.33,-0.557312624665296,-0.2799973316387296,
2024-03-20,4.27,4.59,120.9289,7.1992,151.66,3.4868349120836584,44.643382329305076,5.33,-0.557312624665296,0.1583967885669517,
2024-03-21,4.27,4.62,120.8086,7.1993,151.59,3.4868349120836584,44.643382329305076,5.33,-0.557312624665296,0.22334876654671681,
2024-03-22,4.22,4.59,121.1842,7.2289,151.35,3.4868349120836584,44.643382329305076,5.33,-0.557312624665296,0.2596330558487112,
2024-03-25,4.25,4.54,121.0295,7.2102,151.42,3.4868349120836584,44.643382329305076,5.33,-0.557312624665296,0.490420630383826,
2024-03-26,4.24,4.56,121.0742,7.2176,151.58,3.4868349120836584,44.643382329305076,5.33,-0.557312624665296,0.46052216771064136,
2024-03-27,4.2,4.54,121.0089,7.227,151.35,3.4868349120836584,44.643382329305076,5.33,-0.557312624665296,0.33153865151421447,
2024-03-28,4.2,4.59,121.0635,7.2262,151.35,3.4868349120836584,44.643382329305076,5.33,-0.557312624665296,0.1658364966079908,
2024-03-29,,,121.0191,7.2203,151.22,3.4868349120836584,44.643382329305076,5.33,-0.557312624665296,,
2024-04-01,4.33,4.72,121.5151,7.2308,151.72,3.3607951262196734,-123.4410835546047,5.33,-0.9971062585799939,-0.3581888179972539,
2024-04-02,4.36,4.7,121.3035,7.232,151.55,3.3607951262196734,-123.4410835546047,5.33,-0.9971062585799939,-0.5170461134338391,
2024-04-03,4.36,4.68,121.0198,7.233,151.67,3.3607951262196734,-123.4410835546047,5.33,-0.9971062585799939,-0.41825457967360663,
2024-04-04,4.31,4.65,120.7613,7.2339,151.66,3.3607951262196734,-123.4410835546047,5.33,-0.9971062585799939,-0.49073730650505404,
2024-04-05,4.39,4.73,120.9646,7.2339,151.59,3.3607951262196734,-123.4410835546047,5.33,-0.9971062585799939,-0.8514365418211334,
2024-04-08,4.42,4.78,120.7359,7.2305,151.78,3.3607951262196734,-123.4410835546047,5.33,-0.9971062585799939,-0.9042409197137082,
2024-04-09,4.36,4.74,120.7048,7.2316,151.73,3.3607951262196734,-123.4410835546047,5.33,-0.9971062585799939,-0.5482510230832329,
2024-04-10,4.55,4.97,121.5727,7.2341,152.9,3.3607951262196734,-123.4410835546047,5.33,-0.9971062585799939,-1.0,
2024-04-11,4.56,4.93,121.6081,7.2373,153.19,3.3607951262196734,-123.4410835546047,5.33,-0.9971062585799939,-0.7845098987952797,
2024-04-12,4.5,4.88,122.2885,7.2374,153.12,3.3607951262196734,-123.4410835546047,5.33,-0.9971062585799939,-0.4904969698927893,
2024-04-15,4.63,4.93,122.425,7.2382,154.25,3.3607951262196734,-123.4410835546047,5.33,-0.9971062585799939,-0.5964889912115812,
2024-04-16,4.67,4.97,123.1234,7.2383,154.57,3.3607951262196734,-123.4410835546047,5.33,-0.9971062585799939,-0.8456084545200611,
2024-04-17,4.59,4.93,123.0207,7.2389,154.61,3.3607951262196734,-123.4410835546047,5.33,-0.9971062585799939,-0.9776444126416984,
2024-04-18,4.64,4.98,123.0017,7.2382,154.61,3.3607951262196734,-123.4410835546047,5.33,-0.9971062585799939,-1.0,
2024-04-19,4.62,4.97,123.1075,7.2403,154.55,3.3607951262196734,-123.4410835546047,5.33,-0.9971062585799939,-1.0,
2024-04-22,4.62,4.97,123.0609,7.2403,154.77,3.3607951262196734,-123.4410835546047,5.33,-0.9971062585799939,-1.0,
2024-04-23,4.61,4.86,122.7227,7.2445,154.81,3.3607951262196734,-123.4410835546047,5.33,-0.9971062585799939,-0.8493411811472934,
2024-04-24,4.65,4.89,122.89,7.246,155.11,3.3607951262196734,-123.4410835546047,5.33,-0.9971062585799939,-1.0,
2024-04-25,4.7,4.96,122.8384,7.246,155.52,3.3607951262196734,-123.4410835546047,5.33,-0.9971062585799939,-1.0,
2024-04-26,4.67,4.96,122.9471,7.2464,157.62,3.3607951262196734,-123.4410835546047,5.33,-0.9971062585799939,,
2024-04-29,4.63,4.97,122.5449,7.2318,156.71,3.3607951262196734,-123.4410835546047,5.33,-0.9971062585799939,-0.7483347368960483,
2024-04-30,4.69,5.04,122.9853,7.2401,157.54,3.3607951262196734,-123.4410835546047,5.33,-0.9971062585799939,-1.0,
2024-05-01,4.63,4.96,123.0168,7.2405,157.65,3.244278584003113,-94.94199840382524,5.33,-0.06499644303002983,-0.8350715563188363,
2024-05-02,4.58,4.87,122.4384,7.2405,153.77,3.244278584003113,-94.94199840382524,5.33,-0.06499644303002983,-0.6638618726310941,
2024-05-03,4.5,4.81,122.1375,7.2405,152.85,3.244278584003113,-94.94199840382524,5.33,-0.06499644303002983,-0.24513576125799846,
2024-05-06,4.49,4.82,121.8913,7.2071,153.85,3.244278584003113,-94.94199840382524,5.33,-0.06499644303002983,-0.12504189271856547,
2024-05-07,4.47,4.82,122.093,7.2185,154.59,3.244278584003113,-94.94199840382524,5.33,-0.06499644303002983,-0.24999867075126778,
2024-05-08,4.48,4.84,122.1926,7.2185,155.42,3.244278584003113,-94.94199840382524,5.33,-0.06499644303002983,0.4087025642297814,
2024-05-09,4.45,4.8,122.1634,7.2198,155.68,3.244278584003113,-94.94199840382524,5.33,-0.06499644303002983,0.41254491805228266,
2024-05-10,4.5,4.87,122.014,7.226,155.85,3.244278584003113,-94.94199840382524,5.33,-0.06499644303002983,0.0316558093326938,
2024-05-13,4.48,4.85,122.0261,7.2325,156.17,3.244278584003113,-94.94199840382524,5.33,-0.06499644303002983,0.25442933362498443,
2024-05-14,4.45,4.81,121.9256,7.2335,156.5,3.244278584003113,-94.94199840382524,5.33,-0.06499644303002983,0.5124434221643784,
2024-05-15,4.36,4.73,121.3543,7.219,155.02,3.244278584003113,-94.94199840382524,5.33,-0.06499644303002983,0.643141287374257,
2024-05-16,4.38,4.78,121.2236,7.2181,155.25,3.244278584003113,-94.94199840382524,5.33,-0.06499644303002983,0.6437438332475844,
2024-05-17,4.42,4.83,121.2354,7.2233,155.57,3.244278584003113,-94.94199840382524,5.33,-0.06499644303002983,0.4507080213268988,
2024-05-20,4.44,4.82,121.2289,7.2344,156.09,3.244278584003113,-94.94199840382524,5.33,-0.06499644303002983,0.48286342941251137,
2024-05-21,4.41,4.82,121.3793,7.2376,156.08,3.244278584003113,-94.94199840382524,5.33,-0.06499644303002983,0.12872242501975945,
2024-05-22,4.43,4.86,121.5462,7.2405,156.49,3.244278584003113,-94.94199840382524,5.33,-0.06499644303002983,0.09668095441207478,
2024-05-23,4.47,4.91,121.7477,7.2421,157.05,3.244278584003113,-94.94199840382524,5.33,-0.06499644303002983,0.1607717192381548,
2024-05-24,4.46,4.93,121.6172,7.2425,156.9,3.244278584003113,-94.94199840382524,5.33,-0.06499644303002983,0.09738541046723523,
2024-05-27,,,,,,3.244278584003113,-94.94199840382524,5.33,-0.06499644303002983,,
2024-05-28,4.54,4.94,121.43,7.2451,156.9,3.244278584003113,-94.94199840382524,5.33,-0.06499644303002983,0.3287522886293761,
2024-05-29,4.61,4.96,122.1641,7.2494,157.62,3.244278584003113,-94.94199840382524,5.33,-0.06499644303002983,-0.0,
2024-05-30,4.55,4.92,121.9601,7.2493,156.63,3.244278584003113,-94.94199840382524,5.33,-0.06499644303002983,-0.17059149119627098,
2024-05-31,4.51,4.89,122.098,7.241,157.19,3.244278584003113,-94.94199840382524,5.33,-0.06499644303002983,-0.2840817198347675,
2024-06-03,4.41,4.82,122.3509,7.242,156.04,2.9702579486470926,-71.66394307701046,5.33,0.7734749239909133,-0.0,
2024-06-04,4.33,4.77,122.7256,7.2393,154.87,2.9702579486470926,-71.66394307701046,5.33,0.7734749239909133,0.18957312612915725,
2024-06-05,4.29,4.72,122.5339,7.2475,156.21,2.9702579486470926,-71.66394307701046,5.33,0.7734749239909133,0.46262859748548835,
2024-06-06,4.28,4.72,122.3713,7.2451,155.98,2.9702579486470926,-71.66394307701046,5.33,0.7734749239909133,0.3098982908892045,
2024-06-07,4.43,4.87,123.549,7.2466,156.58,2.9702579486470926,-71.66394307701046,5.33,0.7734749239909133,-0.0,
2024-06-10,4.47,4.87,123.9125,7.2475,156.93,2.9702579486470926,-71.66394307701046,5.33,0.7734749239909133,-0.07794175146538083,
2024-06-11,4.39,4.81,124.0349,7.2544,157.32,2.9702579486470926,-71.66394307701046,5.33,0.7734749239909133,-0.0,
2024-06-12,4.31,4.75,123.8295,7.2544,155.88,2.9702579486470926,-71.66394307701046,5.33,0.7734749239909133,-0.08095973012510012,
2024-06-13,4.24,4.68,124.0235,7.2519,156.77,2.9702579486470926,-71.66394307701046,5.33,0.7734749239909133,0.4097765435637877,
2024-06-14,4.2,4.67,124.1694,7.2557,157.28,2.9702579486470926,-71.66394307701046,5.33,0.7734749239909133,0.6681165668019337,
2024-06-17,4.28,4.75,124.239,7.2561,157.8,2.9702579486470926,-71.66394307701046,5.33,0.7734749239909133,0.3071601159987536,
2024-06-18,4.22,4.69,123.9776,7.2543,157.81,2.9702579486470926,-71.66394307701046,5.33,0.7734749239909133,0.5923456971829326,
2024-06-19,,,,,,2.9702579486470926,-71.66394307701046,5.33,0.7734749239909133,,
2024-06-20,4.25,4.7,124.192,7.2604,158.77,2.9702579486470926,-71.66394307701046,5.33,0.7734749239909133,1.0,
2024-06-21,4.25,4.7,124.1086,7.2609,159.45,2.9702579486470926,-71.66394307701046,5.33,0.7734749239909133,1.0,
2024-06-24,4.25,4.71,123.7125,7.2586,159.71,2.9702579486470926,-71.66394307701046,5.33,0.7734749239909133,,
2024-06-25,4.23,4.65,123.9417,7.2629,159.68,2.9702579486470926,-71.66394307701046,5.33,0.7734749239909133,1.0,
2024-06-26,4.32,4.71,124.26,7.2666,160.68,2.9702579486470926,-71.66394307701046,5.33,0.7734749239909133,1.0,
2024-06-27,4.29,4.7,124.3379,7.2688,160.7,2.9702579486470926,-71.66394307701046,5.33,0.7734749239909133,1.0,
2024-06-28,4.36,4.71,124.2103,7.2672,160.88,2.9702579486470926,-71.66394307701046,5.33,0.7734749239909133,0.8966149290950539,
2024-07-01,4.48,4.77,124.4667,7.2683,161.55,2.9414757935583014,-88.2658490557421,5.33,-0.9226344732312097,0.24878984809685806,
2024-07-02,4.43,4.74,124.2917,7.2712,161.53,2.9414757935583014,-88.2658490557421,5.33,-0.9226344732312097,0.14927390885810954,
2024-07-03,4.36,4.71,123.7768,7.2699,161.48,2.9414757935583014,-88.2658490557421,5.33,-0.9226344732312097,0.04987073892084136,
2024-07-04,,,,,,2.9414757935583014,-88.2658490557421,5.33,-0.9226344732312097,,
2024-07-05,4.28,4.6,123.4762,7.268,160.73,2.9414757935583014,-88.2658490557421,5.33,-0.9226344732312097,1.0,
2024-07-08,4.28,4.62,123.3576,7.2683,160.77,2.9414757935583014,-88.2658490557421,5.33,-0.9226344732312097,1.0,
2024-07-09,4.3,4.62,123.4071,7.2725,161.4,2.9414757935583014,-88.2658490557421,5.33,-0.9226344732312097,0.8758630345084396,
2024-07-10,4.28,4.62,123.1895,7.2758,161.73,2.9414757935583014,-88.2658490557421,5.33,-0.9226344732312097,0.5891483891269803,
2024-07-11,4.2,4.5,122.769,7.2573,158.58,2.9414757935583014,-88.2658490557421,5.33,-0.9226344732312097,0.7808331592455435,
2024-07-12,4.18,4.45,122.4404,7.2495,157.88,2.9414757935583014,-88.2658490557421,5.33,-0.9226344732312097,0.9016101954764921,
2024-07-15,4.23,4.44,122.6347,7.2592,157.89,2.9414757935583014,-88.2658490557421,5.33,-0.9226344732312097,1.0,
2024-07-16,4.17,4.43,122.7264,7.2685,158.57,2.9414757935583014,-88.2658490557421,5.33,-0.9226344732312097,0.9561385268870964,
2024-07-17,4.16,4.42,122.518,7.2607,156.56,2.9414757935583014,-88.2658490557421,5.33,-0.9226344732312097,,
2024-07-18,4.2,4.46,122.7909,7.26,156.97,2.9414757935583014,-88.2658490557421,5.33,-0.9226344732312097,0.8211245420561358,
2024-07-19,4.25,4.49,123.147,7.2695,157.38,2.9414757935583014,-88.2658490557421,5.33,-0.9226344732312097,0.7105434556317861,
2024-07-22,4.26,4.5,123.2172,7.2736,157.08,2.9414757935583014,-88.2658490557421,5.33,-0.9226344732312097,0.7077335085602736,
2024-07-23,4.25,4.4,123.3843,7.2748,156.02,2.9414757935583014,-88.2658490557421,5.33,-0.9226344732312097,0.8357912551550394,
2024-07-24,4.28,4.37,123.5575,7.2622,153.39,2.9414757935583014,-88.2658490557421,5.33,-0.9226344732312097,1.0,
2024-07-25,4.27,4.41,123.5286,7.231,153.97,2.9414757935583014,-88.2658490557421,5.33,-0.9226344732312097,0.9194417097462851,
2024-07-26,4.2,4.36,123.672,7.2502,153.86,2.9414757935583014,-88.2658490557421,5.33,-0.9226344732312097,1.0,
2024-07-29,4.17,4.36,124.1392,7.2597,153.96,2.9414757935583014,-88.2658490557421,5.33,-0.9226344732312097,1.0,
2024-07-30,4.15,4.35,124.2855,7.2511,153.72,2.9414757935583014,-88.2658490557421,5.33,-0.9226344732312097,1.0,
2024-07-31,4.09,4.29,123.6373,7.2193,150.38,2.9414757935583014,-88.2658490557421,5.33,-0.9226344732312097,1.0,
2024-08-01,3.99,4.16,123.8693,7.2441,150.06,2.607144490692037,-104.36099164607188,5.33,-0.4050008280501727,,
2024-08-02,3.8,3.88,123.4681,7.16,146.98,2.607144490692037,-104.36099164607188,5.33,-0.4050008280501727,1.0,
2024-08-05,3.78,3.89,123.5787,7.13,143.95,2.607144490692037,-104.36099164607188,5.33,-0.4050008280501727,1.0,
2024-08-06,3.9,3.99,123.6532,7.1563,145.11,2.607144490692037,-104.36099164607188,5.33,-0.4050008280501727,1.0,
2024-08-07,3.96,4.0,123.5698,7.176,147.42,2.607144490692037,-104.36099164607188,5.33,-0.4050008280501727,1.0,
2024-08-08,3.99,4.04,123.4466,7.1747,147.08,2.607144490692037,-104.36099164607188,5.33,-0.4050008280501727,0.8431452931039485,
2024-08-09,3.94,4.05,122.9276,7.166,146.49,2.607144490692037,-104.36099164607188,5.33,-0.4050008280501727,0.7140127185117819,
2024-08-12,3.9,4.01,123.2204,7.1744,147.54,2.607144490692037,-104.36099164607188,5.33,-0.4050008280501727,0.746357032111816,
2024-08-13,3.85,3.93,123.0146,7.1558,146.97,2.607144490692037,-104.36099164607188,5.33,-0.4050008280501727,0.8391908377200475,
2024-08-14,3.83,3.94,122.4297,7.1382,146.86,2.607144490692037,-104.36099164607188,5.33,-0.4050008280501727,0.7854499576163182,
2024-08-15,3.92,4.08,122.5844,7.1734,148.91,2.607144490692037,-104.36099164607188,5.33,-0.4050008280501727,0.618857135640141,
2024-08-16,3.89,4.06,122.3972,7.1644,148.13,2.607144490692037,-104.36099164607188,5.33,-0.4050008280501727,0.6985306562567437,
2024-08-19,3.86,4.06,121.8788,7.1393,146.42,2.607144490692037,-104.36099164607188,5.33,-0.4050008280501727,0.7083886021190796,
2024-08-20,3.82,3.99,121.7728,7.132,145.7,2.607144490692037,-104.36099164607188,5.33,-0.4050008280501727,0.6576155766049658,
2024-08-21,3.79,3.92,121.8535,7.1344,145.19,2.607144490692037,-104.36099164607188,5.33,-0.4050008280501727,0.7177876523499552,
2024-08-22,3.86,3.99,122.3626,7.144,145.97,2.607144490692037,-104.36099164607188,5.33,-0.4050008280501727,0.6701942171439657,
2024-08-23,3.81,3.9,121.4597,7.1244,144.86,2.607144490692037,-104.36099164607188,5.33,-0.4050008280501727,0.7287403968807978,
2024-08-26,3.82,3.91,121.6943,7.1212,144.51,2.607144490692037,-104.36099164607188,5.33,-0.4050008280501727,0.706724736981887,
2024-08-27,3.83,3.83,121.8672,7.1244,144.26,2.607144490692037,-104.36099164607188,5.33,-0.4050008280501727,0.8032084078383706,
2024-08-28,3.84,3.83,121.8943,7.1245,144.47,2.607144490692037,-104.36099164607188,5.33,-0.4050008280501727,0.6988584621610078,
2024-08-29,3.87,3.87,122.2333,7.0972,144.98,2.607144490692037,-104.36099164607188,5.33,-0.4050008280501727,0.43592713328636934,
2024-08-30,3.91,3.91,122.3262,7.09,145.95,2.607144490692037,-104.36099164607188,5.33,-0.4050008280501727,-0.04532128515479587,
2024-09-02,,,,,,2.4264830315416708,27.461067733835677,5.13,-1.2004422838397089,,
2024-09-03,3.84,3.88,122.7811,7.1209,145.82,2.4264830315416708,27.461067733835677,5.13,-1.2004422838397089,0.16882700462426348,
2024-09-04,3.77,3.76,122.5144,7.1119,144.31,2.4264830315416708,27.461067733835677,5.13,-1.2004422838397089,0.3647226786516885,
2024-09-05,3.73,3.75,122.4533,7.0921,143.43,2.4264830315416708,27.461067733835677,5.13,-1.2004422838397089,0.435189659679443,
2024-09-06,3.72,3.66,122.4991,7.0876,142.13,2.4264830315416708,27.461067733835677,5.13,-1.2004422838397089,0.5745151979921994,
2024-09-09,3.7,3.68,122.7156,7.1133,142.92,2.4264830315416708,27.461067733835677,5.13,-1.2004422838397089,0.48231204794898713,
2024-09-10,3.65,3.59,123.0071,7.1205,142.28,2.4264830315416708,27.461067733835677,5.13,-1.2004422838397089,0.48848538240810735,
2024-09-11,3.65,3.62,122.7754,7.1192,141.72,2.4264830315416708,27.461067733835677,5.13,-1.2004422838397089,0.45165732541023257,
2024-09-12,3.68,3.64,122.4423,7.1173,142.24,2.4264830315416708,27.461067733835677,5.13,-1.2004422838397089,0.616975191377016,
2024-09-13,3.66,3.57,121.6551,7.093,140.66,2.4264830315416708,27.461067733835677,5.13,-1.2004422838397089,0.680684251223508,
2024-09-16,3.63,3.56,121.4976,7.0958,140.79,2.4264830315416708,27.461067733835677,5.13,-1.2004422838397089,0.6901883658588822,
2024-09-17,3.65,3.59,121.6031,7.0958,141.77,2.4264830315416708,27.461067733835677,5.13,-1.2004422838397089,0.5492855973474677,
2024-09-18,3.7,3.61,121.5618,7.0812,141.93,2.4264830315416708,27.461067733835677,5.13,-1.2004422838397089,0.4270489172774709,
2024-09-19,3.73,3.59,121.3059,7.0675,142.88,2.4264830315416708,27.461067733835677,5.13,-1.2004422838397089,0.5531425014141109,
2024-09-20,3.73,3.55,121.4052,7.0505,143.9,2.4264830315416708,27.461067733835677,5.13,-1.2004422838397089,0.4863022838304422,
2024-09-23,3.75,3.57,121.4303,7.0508,143.59,2.4264830315416708,27.461067733835677,5.13,-1.2004422838397089,0.4795307971481326,
2024-09-24,3.74,3.49,121.1291,7.0318,143.77,2.4264830315416708,27.461067733835677,5.13,-1.2004422838397089,0.48435617487694965,
2024-09-25,3.79,3.53,121.4447,7.0315,144.41,2.4264830315416708,27.461067733835677,5.13,-1.2004422838397089,0.4334437706289049,
2024-09-26,3.79,3.6,121.0785,7.0106,144.68,2.4264830315416708,27.461067733835677,5.13,-1.2004422838397089,0.38843830455748457,
2024-09-27,3.75,3.55,121.1111,7.0111,142.6,2.4264830315416708,27.461067733835677,5.13,-1.2004422838397089,0.5229637662864606,
2024-09-30,3.81,3.66,121.2864,7.0176,143.25,2.4264830315416708,27.461067733835677,5.13,-1.2004422838397089,,
2024-10-01,3.74,3.61,121.6881,7.0175,143.66,2.578844053871343,-69.13989878363199,4.83,-0.9947356843759692,0.4092175409155813,
2024-10-02,3.79,3.63,121.5724,7.0175,146.05,2.578844053871343,-69.13989878363199,4.83,-0.9947356843759692,0.20232779757344913,
2024-10-03,3.85,3.7,122.1197,7.0175,146.82,2.578844053871343,-69.13989878363199,4.83,-0.9947356843759692,0.07948130888325487,
2024-10-04,3.98,3.93,122.2197,7.0175,148.69,2.578844053871343,-69.13989878363199,4.83,-0.9947356843759692,-0.4395206604176215,
2024-10-07,4.03,3.99,122.4241,7.0175,148.13,2.578844053871343,-69.13989878363199,4.83,-0.9947356843759692,-0.5170880910815866,
2024-10-08,4.04,3.98,122.6625,7.0595,148.22,2.578844053871343,-69.13989878363199,4.83,-0.9947356843759692,-0.6672735230849143,
2024-10-09,4.06,3.99,122.8821,7.0818,149.2,2.578844053871343,-69.13989878363199,4.83,-0.9947356843759692,-0.649881908217699,
2024-10-10,4.09,3.98,123.0951,7.0794,148.56,2.578844053871343,-69.13989878363199,4.83,-0.9947356843759692,-0.6175228019553873,
2024-10-11,4.08,3.95,122.9805,7.0667,149.12,2.578844053871343,-69.13989878363199,4.83,-0.9947356843759692,-0.7195701312191981,
2024-10-14,,,,,,2.578844053871343,-69.13989878363199,4.83,-0.9947356843759692,,
2024-10-15,4.03,3.95,123.5124,7.1192,149.22,2.578844053871343,-69.13989878363199,4.83,-0.9947356843759692,-0.7375378437632556,
2024-10-16,4.02,3.93,123.9235,7.1192,149.71,2.578844053871343,-69.13989878363199,4.83,-0.9947356843759692,-0.6809873130797497,
2024-10-17,4.09,3.96,124.1122,7.1216,150.12,2.578844053871343,-69.13989878363199,4.83,-0.9947356843759692,-0.8267669171363514,
2024-10-18,4.08,3.95,123.9185,7.1015,149.58,2.578844053871343,-69.13989878363199,4.83,-0.9947356843759692,-0.9353742065338567,
2024-10-21,4.19,4.02,124.4757,7.1189,150.47,2.578844053871343,-69.13989878363199,4.83,-0.9947356843759692,-1.0,
2024-10-22,4.2,4.03,124.4107,7.123,151.11,2.578844053871343,-69.13989878363199,4.83,-0.9947356843759692,-1.0,
2024-10-23,4.24,4.07,124.6931,7.1252,152.81,2.578844053871343,-69.13989878363199,4.83,-0.9947356843759692,-1.0,
2024-10-24,4.21,4.07,124.5127,7.119,151.87,2.578844053871343,-69.13989878363199,4.83,-0.9947356843759692,-1.0,
2024-10-25,4.25,4.11,124.6105,7.1199,152.08,2.578844053871343,-69.13989878363199,4.83,-0.9947356843759692,-1.0,
2024-10-28,4.28,4.12,124.8076,7.1254,153.21,2.578844053871343,-69.13989878363199,4.83,-0.9947356843759692,-1.0,
2024-10-29,4.28,4.11,124.8612,7.1301,153.47,2.578844053871343,-69.13989878363199,4.83,-0.9947356843759692,-1.0,
2024-10-30,4.29,4.15,124.8153,7.1229,153.15,2.578844053871343,-69.13989878363199,4.83,-0.9947356843759692,-1.0,
2024-10-31,4.28,4.16,124.7988,7.1178,152.35,2.578844053871343,-69.13989878363199,4.83,-0.9947356843759692,-1.0,
2024-11-01,4.37,4.21,124.8076,7.1214,152.94,2.719472461284833,16.451506151742148,4.64,-1.5579409481489392,-0.6869581407194718,
2024-11-04,4.31,4.17,124.5903,7.0995,152.02,2.719472461284833,16.451506151742148,4.64,-1.5579409481489392,-0.4346519094916167,
2024-11-05,4.26,4.19,124.5532,7.1047,151.96,2.719472461284833,16.451506151742148,4.64,-1.5579409481489392,-0.49636600090327315,
2024-11-06,4.42,4.27,125.7035,7.1782,154.58,2.719472461284833,16.451506151742148,4.64,-1.5579409481489392,-0.6417703134115571,
2024-11-07,4.31,4.21,124.775,7.1412,153.13,2.719472461284833,16.451506151742148,4.64,-1.5579409481489392,-0.520202132341352,
2024-11-08,4.3,4.26,125.5811,7.1785,152.58,2.719472461284833,16.451506151742148,4.64,-1.5579409481489392,-0.6868209669416796,
2024-11-11,,,,,,2.719472461284833,16.451506151742148,4.64,-1.5579409481489392,,
2024-11-12,4.43,4.34,126.7762,7.232,154.73,2.719472461284833,16.451506151742148,4.64,-1.5579409481489392,-0.8323565725403769,
2024-11-13,4.44,4.27,126.9572,7.2245,155.28,2.719472461284833,16.451506151742148,4.64,-1.5579409481489392,-0.7080534163621689,
2024-11-14,4.43,4.34,127.0015,7.2272,155.96,2.719472461284833,16.451506151742148,4.64,-1.5579409481489392,-0.7679996012603792,
2024-11-15,4.43,4.31,126.8848,7.2288,154.59,2.719472461284833,16.451506151742148,4.64,-1.5579409481489392,-0.7093107525077191,
2024-11-18,4.42,4.29,126.6045,7.2364,154.78,2.719472461284833,16.451506151742148,4.64,-1.5579409481489392,-0.5207910445195024,
2024-11-19,4.39,4.27,126.3994,7.2392,154.34,2.719472461284833,16.451506151742148,4.64,-1.5579409481489392,-0.4550676007239923,
2024-11-20,4.41,4.31,126.88,7.2459,155.38,2.719472461284833,16.451506151742148,4.64,-1.5579409481489392,-0.4463031741908183,
2024-11-21,4.43,4.34,127.1047,7.2368,154.66,2.719472461284833,16.451506151742148,4.64,-1.5579409481489392,-0.49150378758518626,
2024-11-22,4.41,4.37,127.4712,7.2455,154.73,2.719472461284833,16.451506151742148,4.64,-1.5579409481489392,-0.4626241938214354,
2024-11-25,4.27,4.21,126.9948,7.2395,154.29,2.719472461284833,16.451506151742148,4.64,-1.5579409481489392,-0.16016979799791642,
2024-11-26,4.3,4.21,127.4301,7.252,153.49,2.719472461284833,16.451506151742148,4.64,-1.5579409481489392,-0.17657741707081218,
2024-11-27,4.25,4.19,126.8205,7.2458,150.69,2.719472461284833,16.451506151742148,4.64,-1.5579409481489392,-0.07042506227776311,
2024-11-28,,,,,,2.719472461284833,16.451506151742148,4.64,-1.5579409481489392,,
2024-11-29,4.18,4.13,126.5798,7.2423,150.41,2.719472461284833,16.451506151742148,4.64,-1.5579409481489392,0.1410946354249268,
2024-12-02,4.19,4.17,127.1272,7.2714,149.26,2.870690967509981,88.38088924810813,4.48,-0.2741466217243804,-0.0,
2024-12-03,4.23,4.17,126.9565,7.2858,149.12,2.870690967509981,88.38088924810813,4.48,-0.2741466217243804,0.03585878415259748,
2024-12-04,4.19,4.13,126.7574,7.2632,150.18,2.870690967509981,88.38088924810813,4.48,-0.2741466217243804,0.2542336921812516,
2024-12-05,4.17,4.15,126.4286,7.2558,150.19,2.870690967509981,88.38088924810813,4.48,-0.2741466217243804,0.11024266933287497,
2024-12-06,4.15,4.1,126.688,7.27,149.78,2.870690967509981,88.38088924810813,4.48,-0.2741466217243804,0.3004076816094693,
2024-12-09,4.2,4.13,126.5981,7.2604,151.24,2.870690967509981,88.38088924810813,4.48,-0.2741466217243804,,
2024-12-10,4.22,4.15,126.957,7.25,152.05,2.870690967509981,88.38088924810813,4.48,-0.2741466217243804,0.37391596330379323,
2024-12-11,4.26,4.15,126.8483,7.2605,152.34,2.870690967509981,88.38088924810813,4.48,-0.2741466217243804,0.2416273506742567,
2024-12-12,4.32,4.18,126.9556,7.2685,152.07,2.870690967509981,88.38088924810813,4.48,-0.2741466217243804,0.3310411123485247,
2024-12-13,4.4,4.25,127.3096,7.2756,153.74,2.870690967509981,88.38088924810813,4.48,-0.2741466217243804,0.12835979558617097,
2024-12-16,4.39,4.25,127.2687,7.2836,154.18,2.870690967509981,88.38088924810813,4.48,-0.2741466217243804,0.0886444586765624,
2024-12-17,4.4,4.25,127.5043,7.2846,153.41,2.870690967509981,88.38088924810813,4.48,-0.2741466217243804,0.04697432123324036,
2024-12-18,4.5,4.35,127.6418,7.2864,154.0,2.870690967509981,88.38088924810813,4.48,-0.2741466217243804,-0.09884980524163875,
2024-12-19,4.57,4.32,128.6366,7.2965,157.73,2.870690967509981,88.38088924810813,4.48,-0.2741466217243804,0.05180924671696608,
2024-12-20,4.52,4.3,127.893,7.2953,156.11,2.870690967509981,88.38088924810813,4.48,-0.2741466217243804,0.19523665780012542,
2024-12-23,4.59,4.3,128.3021,7.2977,157.04,2.870690967509981,88.38088924810813,4.48,-0.2741466217243804,-0.2653995699208618,
2024-12-24,4.59,4.29,128.3377,7.2946,157.29,2.870690967509981,88.38088924810813,4.48,-0.2741466217243804,-0.25745389978090705,
2024-12-25,,,,,,2.870690967509981,88.38088924810813,4.48,-0.2741466217243804,,
2024-12-26,4.58,4.3,128.3329,7.2981,158.01,2.870690967509981,88.38088924810813,4.48,-0.2741466217243804,,
2024-12-27,4.62,4.31,128.45,7.298,157.73,2.870690967509981,88.38088924810813,4.48,-0.2741466217243804,-0.7234279629799512,
2024-12-30,4.55,4.24,128.8205,7.2993,157.26,2.870690967509981,88.38088924810813,4.48,-0.2741466217243804,-0.28640215969150273,
2024-12-31,4.58,4.25,129.2775,7.2993,157.37,2.870690967509981,88.38088924810813,4.48,-0.2741466217243804,-0.3344709853338354,
2025-01-02,4.57,4.25,129.4598,7.2994,157.65,2.9909783078999608,-100.55725308779418,4.33,0.849002693950851,-0.4360826943349602,
2025-01-03,4.6,4.28,129.4535,7.3199,157.2,2.9909783078999608,-100.55725308779418,4.33,0.849002693950851,-0.8151322229547265,
2025-01-06,4.62,4.28,128.538,7.3223,157.54,2.9909783078999608,-100.55725308779418,4.33,0.849002693950851,-0.6819728271934524,
2025-01-07,4.67,4.3,128.613,7.3264,157.82,2.9909783078999608,-100.55725308779418,4.33,0.849002693950851,-0.7109167533093531,
2025-01-08,4.67,4.28,129.0785,7.3316,158.31,2.9909783078999608,-100.55725308779418,4.33,0.849002693950851,-0.6555672262218982,
2025-01-09,4.68,4.27,129.2827,7.3321,158.01,2.9909783078999608,-100.55725308779418,4.33,0.849002693950851,-0.48171055853717665,
2025-01-10,4.77,4.4,129.8664,7.3326,157.68,2.9909783078999608,-100.55725308779418,4.33,0.849002693950851,-0.8387995759764688,
2025-01-13,4.79,4.4,130.0413,7.3319,157.51,2.9909783078999608,-100.55725308779418,4.33,0.849002693950851,-0.8515094372548211,
2025-01-14,4.78,4.37,129.3812,7.3311,157.95,2.9909783078999608,-100.55725308779418,4.33,0.849002693950851,-0.7001960735128135,
2025-01-15,4.66,4.27,129.2092,7.3304,156.6,2.9909783078999608,-100.55725308779418,4.33,0.849002693950851,0.4834592519408611,
2025-01-16,4.61,4.23,129.436,7.3316,155.44,2.9909783078999608,-100.55725308779418,4.33,0.849002693950851,0.5663880111264064,
2025-01-17,4.61,4.27,129.4859,7.3249,156.3,2.9909783078999608,-100.55725308779418,4.33,0.849002693950851,0.19372098737498264,
2025-01-20,,,,,,2.9909783078999608,-100.55725308779418,4.33,0.849002693950851,,
2025-01-21,4.57,4.29,128.4151,7.2712,155.49,2.9909783078999608,-100.55725308779418,4.33,0.849002693950851,-0.0,
2025-01-22,4.6,4.29,128.3402,7.2728,156.62,2.9909783078999608,-100.55725308779418,4.33,0.849002693950851,,
2025-01-23,4.65,4.29,128.2162,7.288,156.0,2.9909783078999608,-100.55725308779418,4.33,0.849002693950851,0.06960166843528748,
2025-01-24,4.63,4.27,127.4611,7.244,155.58,2.9909783078999608,-100.55725308779418,4.33,0.849002693950851,0.2794258194867136,
2025-01-27,4.53,4.17,128.0912,7.2507,154.22,2.9909783078999608,-100.55725308779418,4.33,0.849002693950851,0.4889951841017503,
2025-01-28,4.55,4.19,128.2817,7.2422,155.65,2.9909783078999608,-100.55725308779418,4.33,0.849002693950851,0.41913872923006723,
2025-01-29,4.55,4.21,128.3418,7.2422,155.22,2.9909783078999608,-100.55725308779418,4.33,0.849002693950851,,
2025-01-30,4.52,4.18,128.1004,7.2422,154.42,2.9909783078999608,-100.55725308779418,4.33,0.849002693950851,0.4840387351857785,
2025-01-31,4.58,4.22,128.4828,7.2422,154.91,2.9909783078999608,-100.55725308779418,4.33,0.849002693950851,0.41398491115236746,
2025-02-03,4.54,4.26,129.109,7.2422,154.68,2.8015834477613355,-33.2677314546686,4.33,0.8119858403550007,0.1392610286569323,
2025-02-04,4.52,4.21,128.1083,7.2422,154.56,2.8015834477613355,-33.2677314546686,4.33,0.8119858403550007,0.6327904304063494,
2025-02-05,4.43,4.17,127.9751,7.272,152.33,2.8015834477613355,-33.2677314546686,4.33,0.8119858403550007,0.7646727983363556,
2025-02-06,4.45,4.21,128.2017,7.2883,152.04,2.8015834477613355,-33.2677314546686,4.33,0.8119858403550007,0.42195917827671436,
2025-02-07,4.49,4.29,128.4292,7.2943,151.3,2.8015834477613355,-33.2677314546686,4.33,0.8119858403550007,0.776469890379534,
2025-02-10,4.51,4.28,128.6382,7.3045,151.72,2.8015834477613355,-33.2677314546686,4.33,0.8119858403550007,0.8481867283617965,
2025-02-11,4.54,4.29,128.4322,7.3072,152.37,2.8015834477613355,-33.2677314546686,4.33,0.8119858403550007,0.5641635036229509,
2025-02-12,4.62,4.36,128.3288,7.3088,154.62,2.8015834477613355,-33.2677314546686,4.33,0.8119858403550007,-0.6250395391104814,
2025-02-13,4.52,4.31,127.8931,7.2888,153.18,2.8015834477613355,-33.2677314546686,4.33,0.8119858403550007,-0.5600763792599515,
2025-02-14,4.47,4.26,127.1491,7.253,152.25,2.8015834477613355,-33.2677314546686,4.33,0.8119858403550007,0.07192617922448546,
2025-02-17,,,,,,2.8015834477613355,-33.2677314546686,4.33,0.8119858403550007,,
2025-02-18,4.55,4.29,127.2906,7.2786,151.79,2.8015834477613355,-33.2677314546686,4.33,0.8119858403550007,-0.0,
2025-02-19,4.53,4.28,127.7317,7.2833,151.67,2.8015834477613355,-33.2677314546686,4.33,0.8119858403550007,0.0717860985221947,
2025-02-20,4.5,4.28,127.1126,7.2555,149.63,2.8015834477613355,-33.2677314546686,4.33,0.8119858403550007,0.07233164470141659,
2025-02-21,4.42,4.19,127.1408,7.2501,149.49,2.8015834477613355,-33.2677314546686,4.33,0.8119858403550007,0.5911735749516019,
2025-02-24,4.4,4.13,127.1921,7.2476,149.57,2.8015834477613355,-33.2677314546686,4.33,0.8119858403550007,0.2909122133067003,
2025-02-25,4.3,4.07,127.3752,7.2512,149.09,2.8015834477613355,-33.2677314546686,4.33,0.8119858403550007,0.8319074653448467,
2025-02-26,4.25,4.05,127.2822,7.2595,149.13,2.8015834477613355,-33.2677314546686,4.33,0.8119858403550007,1.0,
2025-02-27,4.29,4.07,127.9704,7.2853,149.8,2.8015834477613355,-33.2677314546686,4.33,0.8119858403550007,0.7062223777537051,
2025-02-28,4.24,3.99,128.2805,7.2828,150.64,2.8015834477613355,-33.2677314546686,4.33,0.8119858403550007,1.0,
2025-03-03,4.16,3.96,127.75,7.2843,150.16,2.381981462805549,-7.288105464021298,4.33,0.5802453773984029,1.0,
2025-03-04,4.22,3.96,127.9966,7.2651,148.81,2.381981462805549,-7.288105464021298,4.33,0.5802453773984029,1.0,
2025-03-05,4.28,3.99,126.504,7.2506,148.82,2.381981462805549,-7.288105464021298,4.33,0.5802453773984029,0.8847127958202597,
2025-03-06,4.29,3.96,126.1099,7.2468,147.9,2.381981462805549,-7.288105464021298,4.33,0.5802453773984029,1.0,
2025-03-07,4.32,3.99,125.9814,7.234,147.13,2.381981462805549,-7.288105464021298,4.33,0.5802453773984029,1.0,
2025-03-10,4.22,3.89,126.268,7.2591,147.15,2.381981462805549,-7.288105464021298,4.33,0.5802453773984029,1.0,
2025-03-11,4.28,3.94,126.0457,7.2278,147.48,2.381981462805549,-7.288105464021298,4.33,0.5802453773984029,1.0,
2025-03-12,4.32,4.01,125.8664,7.2372,148.32,2.381981462805549,-7.288105464021298,4.33,0.5802453773984029,1.0,
2025-03-13,4.27,3.94,126.0031,7.2439,147.71,2.381981462805549,-7.288105464021298,4.33,0.5802453773984029,1.0,
2025-03-14,4.31,4.02,125.6942,7.2377,148.51,2.381981462805549,-7.288105464021298,4.33,0.5802453773984029,0.8958316646144836,
2025-03-17,4.31,4.06,125.3688,7.2327,148.56,2.381981462805549,-7.288105464021298,4.33,0.5802453773984029,,
2025-03-18,4.29,4.04,125.488,7.2273,149.49,2.381981462805549,-7.288105464021298,4.33,0.5802453773984029,0.9237578457847532,
2025-03-19,4.25,3.99,125.8006,7.23,150.02,2.381981462805549,-7.288105464021298,4.33,0.5802453773984029,1.0,
2025-03-20,4.24,3.95,125.985,7.2477,148.84,2.381981462805549,-7.288105464021298,4.33,0.5802453773984029,1.0,
2025-03-21,4.25,3.94,126.2679,7.2486,148.98,2.381981462805549,-7.288105464021298,4.33,0.5802453773984029,0.8826014281020876,
2025-03-24,4.34,4.04,126.1956,7.2531,150.74,2.381981462805549,-7.288105464021298,4.33,0.5802453773984029,0.3160137013229139,
2025-03-25,4.31,3.96,126.0535,7.2569,149.77,2.381981462805549,-7.288105464021298,4.33,0.5802453773984029,0.3803209760770695,
2025-03-26,4.35,3.98,126.2364,7.2675,150.69,2.381981462805549,-7.288105464021298,4.33,0.5802453773984029,0.2407825849026564,
2025-03-27,4.38,3.97,126.3626,7.2645,150.97,2.381981462805549,-7.288105464021298,4.33,0.5802453773984029,0.34017832734958564,
2025-03-28,4.27,3.89,126.4187,7.2628,150.26,2.381981462805549,-7.288105464021298,4.33,0.5802453773984029,0.3331311916201714,
2025-03-31,4.23,3.89,126.7075,7.2567,149.9,2.381981462805549,-7.288105464021298,4.33,0.5802453773984029,0.2290029478541238,
2025-04-01,4.17,3.87,126.4338,7.2697,149.4,2.32538823025783,23.085632785259023,4.33,0.8823523543694645,0.28945462505529856,
2025-04-02,4.2,3.91,126.3811,7.2675,149.98,2.32538823025783,23.085632785259023,4.33,0.8823523543694645,0.25478644069581935,
2025-04-03,4.06,3.71,124.7316,7.2813,146.04,2.32538823025783,23.085632785259023,4.33,0.8823523543694645,0.75686573420131,
2025-04-04,4.01,3.68,125.8129,7.2803,145.93,2.32538823025783,23.085632785259023,4.33,0.8823523543694645,0.9084042219580178,
2025-04-07,4.15,3.73,126.8282,7.3081,147.96,2.32538823025783,23.085632785259023,4.33,0.8823523543694645,0.46222498536884576,
2025-04-08,4.26,3.71,126.8668,7.3388,147.02,2.32538823025783,23.085632785259023,4.33,0.8823523543694645,0.6521346679061626,
2025-04-09,4.34,3.91,126.628,7.3499,145.09,2.32538823025783,23.085632785259023,4.33,0.8823523543694645,0.28408446774541024,
2025-04-10,4.4,3.84,125.089,7.314,144.34,2.32538823025783,23.085632785259023,4.33,0.8823523543694645,0.2816653480851795,
2025-04-11,4.48,3.96,124.0163,7.2915,143.57,2.32538823025783,23.085632785259023,4.33,0.8823523543694645,0.17038647211915747,
2025-04-14,4.38,3.84,123.6598,7.3119,142.96,2.32538823025783,23.085632785259023,4.33,0.8823523543694645,0.6214893267117537,
2025-04-15,4.35,3.84,123.776,7.315,143.1,2.32538823025783,23.085632785259023,4.33,0.8823523543694645,0.5660128875026805,
2025-04-16,4.29,3.77,123.2724,7.3053,142.56,2.32538823025783,23.085632785259023,4.33,0.8823523543694645,0.619157455529311,
2025-04-17,4.34,3.81,123.1298,7.299,142.33,2.32538823025783,23.085632785259023,4.33,0.8823523543694645,0.39494060809802584,
2025-04-18,,,122.9865,7.2996,142.22,2.32538823025783,23.085632785259023,4.33,0.8823523543694645,,
2025-04-21,4.42,3.75,122.3145,7.2914,140.81,2.32538823025783,23.085632785259023,4.33,0.8823523543694645,0.8103475600309841,
2025-04-22,4.41,3.76,122.4175,7.3118,140.87,2.32538823025783,23.085632785259023,4.33,0.8823523543694645,0.5527747927130569,
2025-04-23,4.4,3.81,123.0252,7.286,142.64,2.32538823025783,23.085632785259023,4.33,0.8823523543694645,0.46937294428814985,
2025-04-24,4.32,3.77,122.9251,7.2879,142.64,2.32538823025783,23.085632785259023,4.33,0.8823523543694645,0.5482678626622759,
2025-04-25,4.29,3.74,122.8858,7.2864,143.75,2.32538823025783,23.085632785259023,4.33,0.8823523543694645,0.4091171121779758,
2025-04-28,4.23,3.67,122.7176,7.2942,142.7,2.32538823025783,23.085632785259023,4.33,0.8823523543694645,0.5952996255870198,
2025-04-29,4.19,3.65,122.5944,7.269,142.29,2.32538823025783,23.085632785259023,4.33,0.8823523543694645,0.5867458355650688,
2025-04-30,4.17,3.6,122.5921,7.2706,142.63,2.32538823025783,23.085632785259023,4.33,0.8823523543694645,0.8071972371932317,
2025-05-01,4.25,3.7,123.1405,7.2706,145.48,2.3772651073680873,-48.084187819200714,4.33,0.10162299356553106,0.025994612298228695,
2025-05-02,4.33,3.83,122.4962,7.2706,144.52,2.3772651073680873,-48.084187819200714,4.33,0.10162299356553106,-0.3992945666417846,
2025-05-05,4.36,3.83,122.2613,7.2706,143.98,2.3772651073680873,-48.084187819200714,4.33,0.10162299356553106,-0.27295118363798876,
2025-05-06,4.3,3.78,122.0417,7.2164,142.76,2.3772651073680873,-48.084187819200714,4.33,0.10162299356553106,-0.196235538528273,
2025-05-07,4.26,3.78,122.117,7.225,143.47,2.3772651073680873,-48.084187819200714,4.33,0.10162299356553106,0.38219736316643294,
2025-05-08,4.37,3.9,122.7568,7.234,145.46,2.3772651073680873,-48.084187819200714,4.33,0.10162299356553106,-0.18514311366492697,
2025-05-09,4.37,3.88,122.5191,7.2364,145.15,2.3772651073680873,-48.084187819200714,4.33,0.10162299356553106,0.2573458249463709,
2025-05-12,4.45,3.98,123.4863,7.2018,148.09,2.3772651073680873,-48.084187819200714,4.33,0.10162299356553106,-0.45348432121935456,
2025-05-13,4.49,4.02,122.9583,7.2057,147.75,2.3772651073680873,-48.084187819200714,4.33,0.10162299356553106,-0.6133515565506251,
2025-05-14,4.53,4.05,122.6746,7.208,146.54,2.3772651073680873,-48.084187819200714,4.33,0.10162299356553106,-1.0,
2025-05-15,4.45,3.96,122.8174,7.2067,145.61,2.3772651073680873,-48.084187819200714,4.33,0.10162299356553106,-0.5747319513026923,
2025-05-16,4.43,3.98,123.0737,7.209,146.02,2.3772651073680873,-48.084187819200714,4.33,0.10162299356553106,,
2025-05-19,4.46,3.97,122.4186,7.2144,144.99,2.3772651073680873,-48.084187819200714,4.33,0.10162299356553106,-0.9047823788893531,
2025-05-20,4.48,3.97,122.3199,7.2194,144.72,2.3772651073680873,-48.084187819200714,4.33,0.10162299356553106,-0.8770939204761251,
2025-05-21,4.58,4.0,121.7496,7.2019,143.68,2.3772651073680873,-48.084187819200714,4.33,0.10162299356553106,-0.8001637361001176,
2025-05-22,4.54,4.0,122.0429,7.2037,143.89,2.3772651073680873,-48.084187819200714,4.33,0.10162299356553106,-0.9810997310925518,
2025-05-23,4.51,4.0,121.3837,7.1798,142.61,2.3772651073680873,-48.084187819200714,4.33,0.10162299356553106,-1.0,
2025-05-26,,,,,,2.3772651073680873,-48.084187819200714,4.33,0.10162299356553106,,
2025-05-27,4.43,3.92,121.6099,7.195,144.37,2.3772651073680873,-48.084187819200714,4.33,0.10162299356553106,-1.0,
2025-05-28,4.47,3.96,121.9888,7.1941,145.04,2.3772651073680873,-48.084187819200714,4.33,0.10162299356553106,-1.0,
2025-05-29,4.43,3.92,121.5617,7.1855,144.09,2.3772651073680873,-48.084187819200714,4.33,0.10162299356553106,-0.9407181421474996,
2025-05-30,4.41,3.89,121.7674,7.1991,144.18,2.3772651073680873,-48.084187819200714,4.33,0.10162299356553106,-0.25845903749302596,
2025-06-02,4.46,3.94,121.1881,7.1975,142.76,2.680453865910226,-63.29863398734081,4.33,0.5793208714095943,-0.47284208252628146,
2025-06-03,4.46,3.96,121.4592,7.1872,143.93,2.680453865910226,-63.29863398734081,4.33,0.5793208714095943,-0.7724027353216449,
2025-06-04,4.37,3.87,121.0539,7.1844,142.91,2.680453865910226,-63.29863398734081,4.33,0.5793208714095943,-0.39031357055476723,
2025-06-05,4.4,3.92,120.9596,7.175,143.87,2.680453865910226,-63.29863398734081,4.33,0.5793208714095943,-0.08684947061678906,
2025-06-06,4.51,4.04,121.161,7.1886,144.87,2.680453865910226,-63.29863398734081,4.33,0.5793208714095943,-0.6920663374816561,
2025-06-09,4.49,4.01,120.9103,7.1802,144.37,2.680453865910226,-63.29863398734081,4.33,0.5793208714095943,-0.13109950881481405,
2025-06-10,4.47,4.01,121.0485,7.187,144.91,2.680453865910226,-63.29863398734081,4.33,0.5793208714095943,0.04395729797063472,
2025-06-11,4.41,3.94,120.587,7.1928,144.48,2.680453865910226,-63.29863398734081,4.33,0.5793208714095943,0.4863727380619184,
2025-06-12,4.36,3.9,120.1723,7.1726,143.64,2.680453865910226,-63.29863398734081,4.33,0.5793208714095943,0.26615022488381035,
2025-06-13,4.41,3.96,120.3245,7.181,144.04,2.680453865910226,-63.29863398734081,4.33,0.5793208714095943,0.08854069570029635,
2025-06-16,4.46,3.97,120.1565,7.179,144.14,2.680453865910226,-63.29863398734081,4.33,0.5793208714095943,-0.0,
2025-06-17,4.39,3.94,120.5048,7.1845,145.04,2.680453865910226,-63.29863398734081,4.33,0.5793208714095943,0.13475066072328998,
2025-06-18,4.38,3.94,120.7305,7.1888,144.58,2.680453865910226,-63.29863398734081,4.33,0.5793208714095943,0.27078938851996076,
2025-06-19,,,,,,2.680453865910226,-63.29863398734081,4.33,0.5793208714095943,,
2025-06-20,4.38,3.9,121.0408,7.1785,145.92,2.680453865910226,-63.29863398734081,4.33,0.5793208714095943,0.4501154203310484,
2025-06-23,4.34,3.84,121.1694,7.179,146.47,2.680453865910226,-63.29863398734081,4.33,0.5793208714095943,,
2025-06-24,4.3,3.75,120.3645,7.1713,144.9,2.680453865910226,-63.29863398734081,4.33,0.5793208714095943,0.7565501484702832,
2025-06-25,4.29,3.74,120.3336,7.1764,145.59,2.680453865910226,-63.29863398734081,4.33,0.5793208714095943,0.9686583287221194,
2025-06-26,4.26,3.7,119.6451,7.1675,144.34,2.680453865910226,-63.29863398734081,4.33,0.5793208714095943,0.9664748803214491,
2025-06-27,4.29,3.73,119.659,7.1721,144.74,2.680453865910226,-63.29863398734081,4.33,0.5793208714095943,0.7109575807376426,
2025-06-30,4.24,3.72,119.4088,7.1636,144.17,2.680453865910226,-63.29863398734081,4.33,0.5793208714095943,0.9755869104871717,
2025-07-01,4.26,3.78,119.3436,7.1647,143.58,2.742618052167134,-1.6105418059823586,4.33,1.9187662602012212,0.8081666903243823,
2025-07-02,4.3,3.78,119.3037,7.1649,143.76,2.742618052167134,-1.6105418059823586,4.33,1.9187662602012212,0.40227754357384754,
2025-07-03,4.35,3.88,119.2382,7.1684,144.96,2.742618052167134,-1.6105418059823586,4.33,1.9187662602012212,0.1788742308925821,
2025-07-04,,,,,,2.742618052167134,-1.6105418059823586,4.33,1.9187662602012212,,
2025-07-07,4.4,3.9,119.6201,7.1744,145.86,2.742618052167134,-1.6105418059823586,4.33,1.9187662602012212,0.4903739744676839,
2025-07-08,4.42,3.9,119.8371,7.1738,146.81,2.742618052167134,-1.6105418059823586,4.33,1.9187662602012212,0.4903132356008052,
2025-07-09,4.34,3.86,119.7311,7.18,146.53,2.742618052167134,-1.6105418059823586,4.33,1.9187662602012212,0.3591654666972724,
2025-07-10,4.35,3.86,119.8343,7.1748,146.46,2.742618052167134,-1.6105418059823586,4.33,1.9187662602012212,0.18006060234496565,
2025-07-11,4.43,3.9,119.9214,7.1681,147.29,2.742618052167134,-1.6105418059823586,4.33,1.9187662602012212,0.27237630216288206,
2025-07-14,4.43,3.9,120.2209,7.167,147.69,2.742618052167134,-1.6105418059823586,4.33,1.9187662602012212,0.32122525018642145,
2025-07-15,4.5,3.95,120.5105,7.1729,148.75,2.742618052167134,-1.6105418059823586,4.33,1.9187662602012212,-0.04617262551215999,
2025-07-16,4.46,3.88,120.4175,7.1791,148.08,2.742618052167134,-1.6105418059823586,4.33,1.9187662602012212,0.27803586390694945,
2025-07-17,4.47,3.91,120.6384,7.1832,148.55,2.742618052167134,-1.6105418059823586,4.33,1.9187662602012212,,
2025-07-18,4.44,3.88,120.356,7.1776,148.55,2.742618052167134,-1.6105418059823586,4.33,1.9187662602012212,0.09502367402503908,
2025-07-21,4.38,3.85,119.9961,7.176,147.27,2.742618052167134,-1.6105418059823586,4.33,1.9187662602012212,-0.049347581794018096,
2025-07-22,4.35,3.83,119.681,7.1748,146.36,2.742618052167134,-1.6105418059823586,4.33,1.9187662602012212,-0.4145879923791103,
2025-07-23,4.4,3.88,119.5697,7.1599,146.55,2.742618052167134,-1.6105418059823586,4.33,1.9187662602012212,-0.7936721142197919,
2025-07-24,4.43,3.91,119.5664,7.1541,146.92,2.742618052167134,-1.6105418059823586,4.33,1.9187662602012212,-1.0,
2025-07-25,4.4,3.91,119.9857,7.1679,147.77,2.742618052167134,-1.6105418059823586,4.33,1.9187662602012212,-1.0,
2025-07-28,4.42,3.91,120.6149,7.1778,148.45,2.742618052167134,-1.6105418059823586,4.33,1.9187662602012212,-1.0,
2025-07-29,4.34,3.86,120.9674,7.1769,148.57,2.742618052167134,-1.6105418059823586,4.33,1.9187662602012212,-0.4895483959270334,
2025-07-30,4.38,3.94,121.4042,7.1934,149.07,2.742618052167134,-1.6105418059823586,4.33,1.9187662602012212,-0.9983982800548284,
2025-07-31,4.37,3.94,121.721,7.2002,150.6,2.742618052167134,-1.6105418059823586,4.33,1.9187662602012212,-0.37383795434962547,
2025-08-01,4.23,3.69,121.2122,7.2116,148.06,2.9385917430316155,-87.7166992012066,4.33,1.1886779865559305,,
2025-08-04,4.22,3.69,120.9859,7.178,147.09,2.9385917430316155,-87.7166992012066,4.33,1.1886779865559305,1.0,
2025-08-05,4.22,3.72,120.9082,7.1835,147.49,2.9385917430316155,-87.7166992012066,4.33,1.1886779865559305,0.9929850282925765,
2025-08-06,4.22,3.69,120.5082,7.1822,147.25,2.9385917430316155,-87.7166992012066,4.33,1.1886779865559305,0.9234771306712657,
2025-08-07,4.23,3.72,120.5043,7.1806,147.35,2.9385917430316155,-87.7166992012066,4.33,1.1886779865559305,0.7438625502786375,
2025-08-08,4.27,3.76,120.3329,7.1839,147.7,2.9385917430316155,-87.7166992012066,4.33,1.1886779865559305,0.7403559020831875,
2025-08-11,4.27,3.76,120.6892,7.1884,147.99,2.9385917430316155,-87.7166992012066,4.33,1.1886779865559305,0.7366784614396799,
2025-08-12,4.29,3.72,120.2736,7.1785,147.8,2.9385917430316155,-87.7166992012066,4.33,1.1886779865559305,1.0,
2025-08-13,4.24,3.67,120.13,7.1744,147.25,2.9385917430316155,-87.7166992012066,4.33,1.1886779865559305,1.0,
2025-08-14,4.29,3.74,120.6446,7.1795,147.69,2.9385917430316155,-87.7166992012066,4.33,1.1886779865559305,0.8676946980781297,
2025-08-15,4.33,3.75,120.3377,7.1817,147.0,2.9385917430316155,-87.7166992012066,4.33,1.1886779865559305,0.668791980544817,
2025-08-18,4.34,3.77,120.5622,7.1847,147.76,2.9385917430316155,-87.7166992012066,4.33,1.1886779865559305,0.4124013232941832,
2025-08-19,4.3,3.75,120.7224,7.1819,147.72,2.9385917430316155,-87.7166992012066,4.33,1.1886779865559305,0.4100657102792553,
2025-08-20,4.29,3.74,120.7757,7.1757,147.19,2.9385917430316155,-87.7166992012066,4.33,1.1886779865559305,0.7177153896775873,
2025-08-21,4.33,3.79,121.0843,7.1793,148.35,2.9385917430316155,-87.7166992012066,4.33,1.1886779865559305,0.6164217192028031,
2025-08-22,4.26,3.68,120.2774,7.1651,146.82,2.9385917430316155,-87.7166992012066,4.33,1.1886779865559305,1.0,
2025-08-25,4.28,3.73,120.4214,7.151,147.61,2.9385917430316155,-87.7166992012066,4.33,1.1886779865559305,0.9025150404423105,
2025-08-26,4.26,3.61,120.5274,7.152,147.3,2.9385917430316155,-87.7166992012066,4.33,1.1886779865559305,1.0,
2025-08-27,4.24,3.59,120.7274,7.1536,147.75,2.9385917430316155,-87.7166992012066,4.33,1.1886779865559305,1.0,
2025-08-28,4.22,3.62,120.2595,7.1306,146.98,2.9385917430316155,-87.7166992012066,4.33,1.1886779865559305,1.0,
2025-08-29,4.23,3.59,120.2082,7.1304,146.9,2.9385917430316155,-87.7166992012066,4.33,1.1886779865559305,0.4531891380071584,
2025-09-01,,,,,,3.0225715847133294,16.48687649586605,4.22,1.8631698334008018,,
2025-09-02,4.28,3.66,120.6837,7.139,148.23,3.0225715847133294,16.48687649586605,4.22,1.8631698334008018,0.28149995168472164,
2025-09-03,4.22,3.61,120.5052,7.1415,147.97,3.0225715847133294,16.48687649586605,4.22,1.8631698334008018,0.370179957783019,
2025-09-04,4.17,3.59,120.7629,7.1414,148.63,3.0225715847133294,16.48687649586605,4.22,1.8631698334008018,0.587397321589612,
2025-09-05,4.1,3.51,120.1282,7.1323,146.84,3.0225715847133294,16.48687649586605,4.22,1.8631698334008018,1.0,
2025-09-08,4.05,3.49,120.0971,7.1293,147.58,3.0225715847133294,16.48687649586605,4.22,1.8631698334008018,1.0,
2025-09-09,4.08,3.54,120.1569,7.1209,147.23,3.0225715847133294,16.48687649586605,4.22,1.8631698334008018,0.7475967097659653,
2025-09-10,4.04,3.54,120.1223,7.1207,147.37,3.0225715847133294,16.48687649586605,4.22,1.8631698334008018,0.532926714927077,
2025-09-11,4.01,3.52,119.9534,7.1184,147.17,3.0225715847133294,16.48687649586605,4.22,1.8631698334008018,0.8796879869516422,
2025-09-12,4.06,3.56,120.0611,7.1242,147.85,3.0225715847133294,16.48687649586605,4.22,1.8631698334008018,0.7522471621799428,
2025-09-15,4.05,3.54,119.5644,7.1186,147.27,3.0225715847133294,16.48687649586605,4.22,1.8631698334008018,0.8929075218389104,
2025-09-16,4.04,3.51,119.1348,7.1142,146.56,3.0225715847133294,16.48687649586605,4.22,1.8631698334008018,0.9054424902387981,
2025-09-17,4.06,3.52,119.1582,7.1033,146.36,3.0225715847133294,16.48687649586605,4.22,1.8631698334008018,0.8102750028087474,
2025-09-18,4.11,3.57,119.6616,7.1125,148.02,3.0225715847133294,16.48687649586605,4.22,1.8631698334008018,0.8000388003010095,
2025-09-19,4.14,3.57,119.7858,7.1142,147.83,3.0225715847133294,16.48687649586605,4.22,1.8631698334008018,0.39497553341651825,
2025-09-22,4.15,3.61,119.8152,7.114,147.83,3.0225715847133294,16.48687649586605,4.22,1.8631698334008018,0.4279441475992254,
2025-09-23,4.12,3.53,119.6202,7.1116,147.83,3.0225715847133294,16.48687649586605,4.22,1.8631698334008018,0.28057068372328237,
2025-09-24,4.16,3.57,120.1707,7.1315,148.71,3.0225715847133294,16.48687649586605,4.22,1.8631698334008018,0.06948881380829051,
2025-09-25,4.18,3.64,120.5419,7.1338,149.78,3.0225715847133294,16.48687649586605,4.22,1.8631698334008018,-0.07001353704742948,
2025-09-26,4.2,3.63,120.4349,7.1328,149.52,3.0225715847133294,16.48687649586605,4.22,1.8631698334008018,-0.140755962905072,
2025-09-29,4.15,3.63,120.115,7.1194,148.57,3.0225715847133294,16.48687649586605,4.22,1.8631698334008018,,
2025-09-30,4.16,3.6,120.1368,7.119,147.97,3.0225715847133294,16.48687649586605,4.22,1.8631698334008018,0.21561752147785926,
2025-10-01,4.12,3.55,120.1502,7.12,147.16,3.0225715847133294,-106.46362676352182,4.09,1.7593332629600056,0.21547640009197222,
2025-10-02,4.1,3.55,120.4296,7.12,147.35,3.0225715847133294,-106.46362676352182,4.09,1.7593332629600056,0.1437651985766051,
2025-10-03,4.13,3.58,120.0881,7.12,147.33,3.0225715847133294,-106.46362676352182,4.09,1.7593332629600056,-0.25474750566104865,
2025-10-06,4.18,3.6,120.2722,7.12,150.02,3.0225715847133294,-106.46362676352182,4.09,1.7593332629600056,-0.4068902010708837,
2025-10-07,4.14,3.57,120.4884,7.12,151.17,,-106.46362676352182,4.09,1.7593332629600056,-0.1140475117851393,
2025-10-08,4.13,3.58,120.7766,7.12,152.72,,-106.46362676352182,4.09,1.7593332629600056,-0.15438904159312616,
2025-10-09,4.14,3.6,121.0902,7.1275,153.05,,-106.46362676352182,4.09,1.7593332629600056,-0.3169777936097254,
2025-10-10,4.05,3.52,121.1163,7.134,151.94,,-106.46362676352182,4.09,1.7593332629600056,0.16042956243046252,
2025-10-13,,,,,,,-106.46362676352182,4.09,1.7593332629600056,,
2025-10-14,4.03,3.48,121.1822,7.1384,151.77,,-106.46362676352182,4.09,1.7593332629600056,0.12138329506668662,
2025-10-15,4.05,3.5,120.8642,7.1262,151.21,,-106.46362676352182,4.09,1.7593332629600056,0.08223883345031359,
2025-10-16,3.99,3.41,120.6698,7.123,150.75,,-106.46362676352182,4.09,1.7593332629600056,0.66343032061776,
2025-10-17,4.02,3.46,120.7028,7.1264,150.33,,-106.46362676352182,4.09,1.7593332629600056,0.46825421731890876,
2025-10-20,4.0,3.46,120.6209,7.1195,150.59,,-106.46362676352182,4.09,1.7593332629600056,0.6595915866671507,
2025-10-21,3.98,3.45,120.8895,7.1218,151.72,,-106.46362676352182,4.09,1.7593332629600056,0.35828493865409217,
2025-10-22,3.97,3.45,120.8958,7.1257,151.79,,-106.46362676352182,4.09,1.7593332629600056,0.56982253119273,
2025-10-23,4.01,3.48,120.9531,7.1221,152.72,,-106.46362676352182,4.09,1.7593332629600056,0.8242462979580288,
2025-10-24,4.02,3.48,120.9345,7.1211,152.82,,-106.46362676352182,4.09,1.7593332629600056,0.7679558276713134,
2025-10-27,4.01,3.48,120.7988,7.1102,153.09,,-106.46362676352182,4.09,1.7593332629600056,0.7643248791114954,
2025-10-28,3.99,3.47,120.6361,7.0988,152.14,,-106.46362676352182,4.09,1.7593332629600056,0.6629096735826506,
2025-10-29,4.08,3.59,120.5312,7.098,151.91,,-106.46362676352182,4.09,1.7593332629600056,-0.20584588494637696,
2025-10-30,4.11,3.61,121.2832,7.1097,154.17,,-106.46362676352182,4.09,1.7593332629600056,-0.3137116311158413,
2025-10-31,4.11,3.6,121.3859,7.1169,154.05,,-106.46362676352182,4.09,1.7593332629600056,-0.10771765945500292,
2025-11-03,4.13,3.6,121.4512,7.1222,154.13,2.988299628363511,6.347043679474464,3.88,1.7543117556713783,-0.0,
2025-11-04,4.1,3.58,121.8271,7.1295,153.55,2.988299628363511,6.347043679474464,3.88,1.7543117556713783,-0.05684490346702876,
2025-11-05,4.17,3.63,121.8482,7.126,154.11,2.988299628363511,6.347043679474464,3.88,1.7543117556713783,-0.2860646422271062,
2025-11-06,4.11,3.57,121.6948,7.1195,152.97,2.988299628363511,6.347043679474464,3.88,1.7543117556713783,0.17708160135595688,
2025-11-07,4.11,3.55,121.388,7.1219,153.06,2.988299628363511,6.347043679474464,3.88,1.7543117556713783,-0.18402385070042407,
2025-11-10,4.13,3.58,121.2984,7.1193,153.99,2.988299628363511,6.347043679474464,3.88,1.7543117556713783,,
2025-11-11,,,,,,2.988299628363511,6.347043679474464,3.88,1.7543117556713783,,
2025-11-12,4.08,3.56,121.0458,7.112,154.64,2.988299628363511,6.347043679474464,3.88,1.7543117556713783,-0.4279535080171849,
2025-11-13,4.11,3.58,120.7725,7.095,154.4,2.988299628363511,6.347043679474464,3.88,1.7543117556713783,-1.0,
2025-11-14,4.14,3.62,120.9666,7.0992,154.64,2.988299628363511,6.347043679474464,3.88,1.7543117556713783,-1.0,
2025-11-17,4.13,3.6,121.1146,7.1075,155.2,2.988299628363511,6.347043679474464,3.88,1.7543117556713783,-1.0,
2025-11-18,4.12,3.58,121.2127,7.1074,155.44,2.988299628363511,6.347043679474464,3.88,1.7543117556713783,-1.0,
2025-11-19,4.13,3.58,121.4978,7.1106,156.63,2.988299628363511,6.347043679474464,3.88,1.7543117556713783,-1.0,
2025-11-20,4.1,3.55,121.6889,7.1098,157.41,2.988299628363511,6.347043679474464,3.88,1.7543117556713783,-0.6226010725075377,
2025-11-21,4.06,3.51,121.8653,7.1066,156.58,2.988299628363511,6.347043679474464,3.88,1.7543117556713783,-0.26642787149661645,
2025-11-24,4.04,3.46,121.9171,7.102,156.94,2.988299628363511,6.347043679474464,3.88,1.7543117556713783,0.17508681024184694,
2025-11-25,4.01,3.43,121.6335,7.0845,156.3,2.988299628363511,6.347043679474464,3.88,1.7543117556713783,0.3484316808474787,
2025-11-26,4.0,3.45,121.2437,7.0758,156.38,2.988299628363511,6.347043679474464,3.88,1.7543117556713783,1.0,
2025-11-27,,,,,,2.988299628363511,6.347043679474464,3.88,1.7543117556713783,,
2025-11-28,4.02,3.47,121.0527,7.0751,156.17,2.988299628363511,6.347043679474464,3.88,1.7543117556713783,1.0,
2025-12-01,4.09,3.54,120.9862,7.0717,155.28,3.00226204316838,-22.422341063876026,3.72,1.1629935222018384,0.5121790860381555,
2025-12-02,4.09,3.51,121.1467,7.07,155.92,3.00226204316838,-22.422341063876026,3.72,1.1629935222018384,0.5958308786155458,
2025-12-03,4.06,3.49,120.7336,7.0636,155.17,3.00226204316838,-22.422341063876026,3.72,1.1629935222018384,1.0,
2025-12-04,4.11,3.52,120.6766,7.0714,154.9,3.00226204316838,-22.422341063876026,3.72,1.1629935222018384,0.42257334494984516,
2025-12-05,4.14,3.56,120.6863,7.0696,155.3,3.00226204316838,-22.422341063876026,3.72,1.1629935222018384,-0.08451466898997129,
2025-12-08,4.17,3.57,120.776,7.071,155.89,3.00226204316838,-22.422341063876026,3.72,1.1629935222018384,0.08435399958822791,
2025-12-09,4.18,3.61,120.6832,7.0633,156.85,3.00226204316838,-22.422341063876026,3.72,1.1629935222018384,,
2025-12-10,4.13,3.54,120.6752,7.064,156.33,3.00226204316838,-22.422341063876026,3.72,1.1629935222018384,0.16757324924694736,
2025-12-11,4.14,3.52,119.98,7.0579,155.15,3.00226204316838,-22.422341063876026,3.72,1.1629935222018384,0.5027860990776195,
2025-12-12,4.19,3.52,120.1442,7.0548,155.81,3.00226204316838,-22.422341063876026,3.72,1.1629935222018384,0.8382719408301338,
2025-12-15,4.18,3.51,119.9561,7.047,155.29,3.00226204316838,-22.422341063876026,3.72,1.1629935222018384,0.7612455053927843,
2025-12-16,4.15,3.48,119.8902,7.0417,154.8,3.00226204316838,-22.422341063876026,3.72,1.1629935222018384,0.8381612384088811,
2025-12-17,4.16,3.49,120.155,7.0431,155.6,3.00226204316838,-22.422341063876026,3.72,1.1629935222018384,0.7513875083872339,
2025-12-18,4.12,3.46,120.0528,7.0404,155.53,3.00226204316838,-22.422341063876026,3.72,1.1629935222018384,0.7599181601953874,
2025-12-19,4.16,3.48,120.1652,7.0409,157.43,3.00226204316838,-22.422341063876026,3.72,1.1629935222018384,0.2573379978354905,
2025-12-22,4.17,3.44,119.9912,7.0367,156.93,3.00226204316838,-22.422341063876026,3.72,1.1629935222018384,0.17213259316521667,
2025-12-23,4.18,3.48,119.7057,7.028,156.33,3.00226204316838,-22.422341063876026,3.72,1.1629935222018384,-0.43338351748942383,
2025-12-24,4.15,3.47,119.4372,7.0142,155.83,3.00226204316838,-22.422341063876026,3.72,1.1629935222018384,-0.17208787178406165,
2025-12-25,,,,,,3.00226204316838,-22.422341063876026,3.72,1.1629935222018384,,
2025-12-26,4.14,3.46,119.4723,7.0063,156.63,3.00226204316838,-22.422341063876026,3.72,1.1629935222018384,0.08512885768592178,
2025-12-29,4.12,3.45,119.5899,7.0056,156.1,3.00226204316838,-22.422341063876026,3.72,1.1629935222018384,0.7676240896059311,
2025-12-30,4.14,3.45,119.4939,6.9961,156.26,3.00226204316838,-22.422341063876026,3.72,1.1629935222018384,0.5084741020153276,
2025-12-31,4.18,3.47,119.7456,6.9931,156.8,3.00226204316838,-22.422341063876026,3.72,1.1629935222018384,0.17016485246899204,
2026-01-02,4.19,3.47,119.6059,6.9877,156.72,2.8286797395498997,98.85536309425386,3.64,0.9734701648033584,0.7688784312964992,
2026-01-05,4.17,3.46,119.6192,6.988,156.32,2.8286797395498997,98.85536309425386,3.64,0.9734701648033584,0.9409492469152613,
2026-01-06,4.18,3.47,119.7807,6.9834,156.7,2.8286797395498997,98.85536309425386,3.64,0.9734701648033584,1.0,
2026-01-07,4.15,3.47,119.8719,6.9965,156.73,2.8286797395498997,98.85536309425386,3.64,0.9734701648033584,0.5948866829495952,
2026-01-08,4.19,3.49,120.0904,6.9835,156.9,2.8286797395498997,98.85536309425386,3.64,0.9734701648033584,0.26206835218089336,
2026-01-09,4.18,3.54,120.2215,6.9772,158.07,2.8286797395498997,98.85536309425386,3.64,0.9734701648033584,-0.1759016833582399,
2026-01-12,4.19,3.54,119.9958,6.9731,158.15,2.8286797395498997,98.85536309425386,3.64,0.9734701648033584,-0.2658469886727234,
2026-01-13,4.18,3.53,120.1401,6.9775,159.06,2.8286797395498997,98.85536309425386,3.64,0.9734701648033584,-0.44886519346361636,
2026-01-14,4.15,3.51,119.9537,6.973,158.13,2.8286797395498997,98.85536309425386,3.64,0.9734701648033584,-0.18207926394248355,
2026-01-15,4.17,3.56,119.9951,6.966,158.5,2.8286797395498997,98.85536309425386,3.64,0.9734701648033584,-0.9106315971741596,
2026-01-16,4.24,3.59,120.0838,6.9681,158.02,2.8286797395498997,98.85536309425386,3.64,0.9734701648033584,-0.993316505628883,
2026-01-19,,,,,,2.8286797395498997,98.85536309425386,3.64,0.9734701648033584,,
2026-01-20,4.3,3.6,119.4455,6.9599,157.89,2.8286797395498997,98.85536309425386,3.64,0.9734701648033584,-1.0,
2026-01-21,4.26,3.6,119.3431,6.9637,158.16,2.8286797395498997,98.85536309425386,3.64,0.9734701648033584,-1.0,
2026-01-22,4.26,3.61,119.1962,6.97,158.36,2.8286797395498997,98.85536309425386,3.64,0.9734701648033584,,
2026-01-23,4.24,3.6,118.8976,6.9631,157.57,2.8286797395498997,98.85536309425386,3.64,0.9734701648033584,-1.0,
2026-01-26,4.22,3.56,118.0525,6.9542,153.88,2.8286797395498997,98.85536309425386,3.64,0.9734701648033584,-0.9909770444897457,
2026-01-27,4.24,3.53,117.4523,6.9545,153.03,2.8286797395498997,98.85536309425386,3.64,0.9734701648033584,-0.7272180923555968,
2026-01-28,4.26,3.56,117.5117,6.9462,153.6,2.8286797395498997,98.85536309425386,3.64,0.9734701648033584,-0.8440997823753587,
2026-01-29,4.24,3.53,117.4396,6.948,152.88,2.8286797395498997,98.85536309425386,3.64,0.9734701648033584,,
2026-01-30,4.26,3.52,117.8996,6.951,154.34,2.8286797395498997,98.85536309425386,3.64,0.9734701648033584,-0.4734072332786226,
2026-02-02,4.29,3.57,118.3609,6.9463,155.5,2.6645890876940914,-103.90835487111632,3.64,0.7972359848188892,-1.0,
2026-02-03,4.28,3.57,117.9764,6.9377,155.7,2.6645890876940914,-103.90835487111632,3.64,0.7972359848188892,-0.9517841196993375,
2026-02-04,4.29,3.57,118.2602,6.9415,156.61,2.6645890876940914,-103.90835487111632,3.64,0.7972359848188892,-0.9491691011100948,
2026-02-05,4.21,3.47,118.5034,6.9378,156.91,2.6645890876940914,-103.90835487111632,3.64,0.7972359848188892,0.19021365643936153,
2026-02-06,4.22,3.5,118.2407,6.9388,157.1,2.6645890876940914,-103.90835487111632,3.64,0.7972359848188892,0.3929813565563598,
2026-02-09,4.22,3.48,117.6392,6.92,156.08,2.6645890876940914,-103.90835487111632,3.64,0.7972359848188892,0.6006908015800284,
2026-02-10,4.16,3.45,117.5216,6.9106,154.28,2.6645890876940914,-103.90835487111632,3.64,0.7972359848188892,0.8003118705884247,
2026-02-11,4.18,3.52,117.4601,6.9125,152.93,2.6645890876940914,-103.90835487111632,3.64,0.7972359848188892,-0.1016449084783413,
2026-02-12,4.09,3.47,117.5376,6.901,152.64,2.6645890876940914,-103.90835487111632,3.64,0.7972359848188892,0.9132370587923676,
2026-02-13,4.04,3.4,117.5258,6.908,152.77,2.6645890876940914,-103.90835487111632,3.64,0.7972359848188892,1.0,
2026-02-16,,,,,,2.6645890876940914,-103.90835487111632,3.64,0.7972359848188892,,
2026-02-17,4.05,3.43,117.7375,6.9031,153.57,2.6645890876940914,-103.90835487111632,3.64,0.7972359848188892,1.0,
2026-02-18,4.09,3.47,117.8426,6.9031,154.45,2.6645890876940914,-103.90835487111632,3.64,0.7972359848188892,1.0,
2026-02-19,4.08,3.47,118.2354,6.9031,154.96,2.6645890876940914,-103.90835487111632,3.64,0.7972359848188892,1.0,
2026-02-20,4.08,3.48,117.9917,6.9031,154.99,2.6645890876940914,-103.90835487111632,3.64,0.7972359848188892,1.0,
2026-02-23,4.03,3.43,117.9395,6.9031,154.3,2.6645890876940914,-103.90835487111632,3.64,0.7972359848188892,1.0,
2026-02-24,4.04,3.43,117.9463,6.883,155.66,2.6645890876940914,-103.90835487111632,3.64,0.7972359848188892,0.9453717029900621,
2026-02-25,4.05,3.45,117.769,6.8692,156.3,2.6645890876940914,-103.90835487111632,3.64,0.7972359848188892,1.0,
2026-02-26,4.02,3.42,117.9042,6.8409,156.13,2.6645890876940914,-103.90835487111632,3.64,0.7972359848188892,1.0,
2026-02-27,3.97,3.38,117.8223,6.8579,156.05,2.6645890876940914,-103.90835487111632,3.64,0.7972359848188892,1.0,
2026-03-02,4.05,3.47,118.667,6.8821,157.48,3.3202055812236786,102.41370882934932,3.64,0.706549063542905,0.8935827481341807,
2026-03-03,4.06,3.51,119.4341,6.8996,157.69,3.3202055812236786,102.41370882934932,3.64,0.706549063542905,0.5561776437421923,
2026-03-04,4.09,3.54,119.0705,6.8969,156.93,3.3202055812236786,102.41370882934932,3.64,0.706549063542905,0.278088821871094,
2026-03-05,4.13,3.57,119.5683,6.8912,157.58,3.3202055812236786,102.41370882934932,3.64,0.706549063542905,-0.9138258024101766,
2026-03-06,4.15,3.56,119.491,6.8965,157.64,3.3202055812236786,102.41370882934932,3.64,0.706549063542905,-0.5429746585729623,
2026-03-09,4.12,3.56,119.5151,6.9066,158.08,3.3202055812236786,102.41370882934932,3.64,0.706549063542905,-0.7165922840105696,
2026-03-10,4.15,3.57,118.7255,6.8766,157.6,3.3202055812236786,102.41370882934932,3.64,0.706549063542905,-1.0,
2026-03-11,4.21,3.64,119.2885,6.8655,158.83,3.3202055812236786,102.41370882934932,3.64,0.706549063542905,-1.0,
2026-03-12,4.27,3.76,119.8227,6.8689,159.21,3.3202055812236786,102.41370882934932,3.64,0.706549063542905,-1.0,
2026-03-13,4.28,3.73,120.5518,6.8961,159.54,3.3202055812236786,102.41370882934932,3.64,0.706549063542905,-1.0,
2026-03-16,4.23,3.68,120.097,6.8955,159.3,3.3202055812236786,102.41370882934932,3.64,0.706549063542905,,
2026-03-17,4.2,3.68,119.8328,6.8863,159.03,3.3202055812236786,102.41370882934932,3.64,0.706549063542905,-1.0,
2026-03-18,4.26,3.76,119.9276,6.8726,159.48,3.3202055812236786,102.41370882934932,3.64,0.706549063542905,-1.0,
2026-03-19,4.25,3.79,120.1802,6.8998,158.19,3.3202055812236786,102.41370882934932,3.64,0.706549063542905,-1.0,
2026-03-20,4.39,3.88,120.2757,6.8857,159.26,3.3202055812236786,102.41370882934932,3.64,0.706549063542905,-1.0,
2026-03-23,4.34,3.83,119.9371,6.8807,158.7,3.3202055812236786,102.41370882934932,3.64,0.706549063542905,-1.0,
2026-03-24,4.39,3.9,120.1295,6.8918,158.9,3.3202055812236786,102.41370882934932,3.64,0.706549063542905,-1.0,
2026-03-25,4.33,3.84,120.1282,6.9011,159.2,3.3202055812236786,102.41370882934932,3.64,0.706549063542905,-1.0,
2026-03-26,4.42,3.96,120.389,6.9107,159.65,3.3202055812236786,102.41370882934932,3.64,0.706549063542905,-1.0,
2026-03-27,4.44,3.88,120.8851,6.9116,160.16,3.3202055812236786,102.41370882934932,3.64,0.706549063542905,-1.0,
2026-03-30,4.35,3.82,121.2851,6.9119,159.49,3.3202055812236786,102.41370882934932,3.64,0.706549063542905,-1.0,
2026-03-31,4.3,3.79,121.035,6.898,159.08,3.3202055812236786,102.41370882934932,3.64,0.706549063542905,-0.9849893653508908,
2026-04-01,4.33,3.81,120.1198,6.872,158.63,3.9470269087042764,63.41112744037802,3.64,1.3763758567121531,-0.9359531437489279,
2026-04-02,4.31,3.79,120.503,6.8856,159.34,3.9470269087042764,63.41112744037802,3.64,1.3763758567121531,-0.7540921257929317,
2026-04-03,4.35,3.84,120.6565,6.8824,159.64,3.9470269087042764,63.41112744037802,3.64,1.3763758567121531,-0.9391144635295499,
2026-04-06,4.34,3.84,120.4302,6.8778,159.71,3.9470269087042764,63.41112744037802,3.64,1.3763758567121531,-0.9208345943084335,
2026-04-07,4.33,3.81,120.32,6.8567,159.9,3.9470269087042764,63.41112744037802,3.64,1.3763758567121531,-0.7794668511218534,
2026-04-08,4.29,3.79,119.0596,6.8287,158.39,3.9470269087042764,63.41112744037802,3.64,1.3763758567121531,-0.4836878533953366,
2026-04-09,4.29,3.78,118.8998,6.8314,158.87,3.9470269087042764,63.41112744037802,3.64,1.3763758567121531,-0.0639749938768247,
2026-04-10,4.31,3.81,118.8552,6.8278,159.22,3.9470269087042764,63.41112744037802,3.64,1.3763758567121531,-0.2528537535190837,
2026-04-13,4.3,3.78,118.9916,6.8303,159.74,3.9470269087042764,63.41112744037802,3.64,1.3763758567121531,-0.3162262874638167,
2026-04-14,4.26,3.76,118.3581,6.8157,158.91,3.9470269087042764,63.41112744037802,3.64,1.3763758567121531,-0.25157346406465336,
2026-04-15,4.29,3.76,118.3623,6.818,159.02,3.9470269087042764,63.41112744037802,3.64,1.3763758567121531,-0.0,
2026-04-16,4.32,3.78,118.3616,6.8208,159.07,3.9470269087042764,63.41112744037802,3.64,1.3763758567121531,0.03106845324590567,
2026-04-17,4.26,3.71,118.0795,6.817,158.1,3.9470269087042764,63.41112744037802,3.64,1.3763758567121531,0.5274702308948056,
2026-04-20,4.26,3.72,118.2374,6.8172,158.66,3.9470269087042764,63.41112744037802,3.64,1.3763758567121531,0.3412796886936378,
2026-04-21,4.3,3.78,118.4331,6.8208,159.39,3.9470269087042764,63.41112744037802,3.64,1.3763758567121531,0.3715533707316718,
2026-04-22,4.3,3.79,118.6004,6.8275,159.49,3.9470269087042764,63.41112744037802,3.64,1.3763758567121531,0.154155747562833,
2026-04-23,4.34,3.83,118.7155,6.826,159.44,3.9470269087042764,63.41112744037802,3.64,1.3763758567121531,0.39856596754735973,
2026-04-24,4.31,3.78,118.7294,6.8359,159.35,3.9470269087042764,63.41112744037802,3.64,1.3763758567121531,0.30690499480913785,
2026-04-27,4.35,3.78,118.5458,6.8228,159.29,3.9470269087042764,63.41112744037802,3.64,1.3763758567121531,0.12251297987632531,
2026-04-28,4.36,3.84,118.7717,6.8374,159.53,3.9470269087042764,63.41112744037802,3.64,1.3763758567121531,-0.15206009188785416,
2026-04-29,4.42,3.92,119.0975,6.8375,160.23,3.9470269087042764,63.41112744037802,3.64,1.3763758567121531,-0.32902559638080414,
2026-04-30,4.4,3.88,118.671,6.8273,156.66,3.9470269087042764,63.41112744037802,3.64,1.3763758567121531,-0.2692604940636051,
2026-05-01,4.39,3.88,118.3926,6.8276,156.76,4.270032656680245,16.976958270757805,3.63,1.529631408748533,-0.11946253147994139,
2026-05-04,4.45,3.95,118.8264,6.83,157.21,4.270032656680245,16.976958270757805,3.63,1.529631408748533,-0.32614923849396993,
2026-05-05,4.43,3.93,118.6207,6.8276,157.68,4.270032656680245,16.976958270757805,3.63,1.529631408748533,-0.3566092205772226,
2026-05-06,4.36,3.87,118.0982,6.811,156.44,4.270032656680245,16.976958270757805,3.63,1.529631408748533,-0.23823924757080545,
2026-05-07,4.41,3.92,118.0116,6.8014,156.48,4.270032656680245,16.976958270757805,3.63,1.529631408748533,-0.4188378258243226,
2026-05-08,4.38,3.9,118.0392,6.8005,156.64,4.270032656680245,16.976958270757805,3.63,1.529631408748533,-0.2752353144702566,
2026-05-11,4.42,3.95,118.0562,6.7948,157.04,4.270032656680245,16.976958270757805,3.63,1.529631408748533,-0.516052132015809,
2026-05-12,4.46,4.0,118.5238,6.792,157.71,4.270032656680245,16.976958270757805,3.63,1.529631408748533,-0.733105149152545,
2026-05-13,4.46,3.98,118.4737,6.7908,157.84,4.270032656680245,16.976958270757805,3.63,1.529631408748533,-0.6756007689276011,
2026-05-14,4.47,4.0,118.6696,6.7851,158.08,4.270032656680245,16.976958270757805,3.63,1.529631408748533,-0.6790805467904895,
2026-05-15,4.59,4.09,119.2825,6.8092,158.69,4.270032656680245,16.976958270757805,3.63,1.529631408748533,-1.0,
2026-05-18,4.61,4.07,119.0574,6.8,158.83,4.270032656680245,16.976958270757805,3.63,1.529631408748533,-1.0,
2026-05-19,4.67,4.13,119.451,6.8145,159.11,4.270032656680245,16.976958270757805,3.63,1.529631408748533,-1.0,
2026-05-20,4.57,4.04,119.1624,6.8005,158.84,4.270032656680245,16.976958270757805,3.63,1.529631408748533,-0.7848703084402201,
2026-05-21,4.57,4.08,119.369,6.8025,159.16,4.270032656680245,16.976958270757805,3.63,1.529631408748533,-0.8036378509703842,
2026-05-22,4.56,4.13,119.2868,6.7945,159.2,4.270032656680245,16.976958270757805,3.63,1.529631408748533,-1.0,
2026-05-25,,,,,,4.270032656680245,16.976958270757805,3.63,1.529631408748533,,
2026-05-26,4.5,4.01,119.1696,6.786,159.36,4.270032656680245,16.976958270757805,3.63,1.529631408748533,-0.6053691840717818,
2026-05-27,4.48,4.0,119.1829,6.7788,159.47,4.270032656680245,16.976958270757805,3.63,1.529631408748533,-0.2930880102449169,
2026-05-28,4.45,3.99,119.0318,6.7796,159.29,4.270032656680245,16.976958270757805,3.63,1.529631408748533,-0.4137695856601756,
2026-05-29,4.45,3.98,118.8783,6.7662,159.23,4.270032656680245,16.976958270757805,3.63,1.529631408748533,-0.3896796733067861,
2026-06-01,4.47,4.05,119.1653,6.765,159.66,3.7265298484186804,-1.8314452969006851,3.63,1.2892386071926554,-0.40136985704476424,
2026-06-02,4.46,4.05,119.0359,6.7622,159.86,3.7265298484186804,-1.8314452969006851,3.63,1.2892386071926554,-0.49759642566861045,
2026-06-03,4.49,4.08,119.3848,6.7692,159.97,3.7265298484186804,-1.8314452969006851,3.63,1.2892386071926554,-0.8785983016443601,
2026-06-04,4.47,4.05,119.3615,6.7735,159.97,3.7265298484186804,-1.8314452969006851,3.63,1.2892386071926554,-0.5397782137971567,
2026-06-05,4.55,4.17,120.0831,6.7655,160.26,3.7265298484186804,-1.8314452969006851,3.63,1.2892386071926554,-1.0,
2026-06-08,4.56,4.15,120.034,6.7832,160.12,3.7265298484186804,-1.8314452969006851,3.63,1.2892386071926554,-0.7977632440342732,
2026-06-09,4.53,4.13,119.9617,6.7722,160.23,3.7265298484186804,-1.8314452969006851,3.63,1.2892386071926554,-0.5185027162475917,
2026-06-10,4.55,4.13,119.9134,6.7745,160.47,3.7265298484186804,-1.8314452969006851,3.63,1.2892386071926554,-0.5903642291085107,
2026-06-11,4.45,4.05,120.1174,6.7756,160.51,3.7265298484186804,-1.8314452969006851,3.63,1.2892386071926554,-0.19663077314938335,
2026-06-12,4.48,4.09,119.5073,6.7626,160.24,3.7265298484186804,-1.8314452969006851,3.63,1.2892386071926554,-0.0,
2026-06-15,4.47,4.07,119.3158,6.757,160.2,3.7265298484186804,-1.8314452969006851,3.63,1.2892386071926554,-0.0,
2026-06-16,4.43,4.05,119.256,6.7562,160.39,3.7265298484186804,-1.8314452969006851,3.63,1.2892386071926554,0.3060906702718574,
2026-06-17,4.49,4.2,119.3871,6.7577,160.22,3.7265298484186804,-1.8314452969006851,3.63,1.2892386071926554,-0.5936030812696047,
2026-06-18,4.46,4.19,120.3958,6.7686,161.37,3.7265298484186804,-1.8314452969006851,3.63,1.2892386071926554,-0.39637969073384305,
2026-06-19,,,,,,3.7265298484186804,-1.8314452969006851,3.63,1.2892386071926554,,
2026-06-22,4.51,4.24,120.5463,6.7745,161.51,3.7265298484186804,-1.8314452969006851,3.63,1.2892386071926554,,
2026-06-23,4.5,4.16,121.0552,6.79,161.55,3.7265298484186804,-1.8314452969006851,3.63,1.2892386071926554,-0.5162554300974975,
2026-06-24,4.41,4.11,121.412,6.8106,161.76,3.7265298484186804,-1.8314452969006851,3.63,1.2892386071926554,-0.3782784188766219,
2026-06-25,4.4,4.09,121.0559,6.7976,161.67,3.7265298484186804,-1.8314452969006851,3.63,1.2892386071926554,-0.34577967273366417,
2026-06-26,4.38,4.07,120.8866,6.798,161.67,3.7265298484186804,-1.8314452969006851,3.63,1.2892386071926554,-0.31189256829470097,
2026-06-29,4.38,4.1,120.9525,6.7936,161.93,3.7265298484186804,-1.8314452969006851,3.63,1.2892386071926554,-0.17329983971578158,
2026-06-30,4.44,4.14,120.9248,6.7851,162.61,3.7265298484186804,-1.8314452969006851,3.63,1.2892386071926554,-0.3120070635995044,
2026-07-01,4.48,4.17,121.1455,6.7942,162.41,3.5397514271936714,-5.204268129048264,3.63,1.0794551200266955,-0.31219688180608274,
2026-07-02,4.49,4.14,120.6902,6.7886,160.9,3.5397514271936714,-5.204268129048264,3.63,1.0794551200266955,-0.3149155004377734,
2026-07-03,,,,,,3.5397514271936714,-5.204268129048264,3.63,1.0794551200266955,,
2026-07-06,4.48,4.13,120.835,6.7958,162.28,3.5397514271936714,-5.204268129048264,3.63,1.0794551200266955,0.07133206514950206,
2026-07-07,4.55,4.19,120.8145,6.7934,161.91,3.5397514271936714,-5.204268129048264,3.63,1.0794551200266955,-0.21650387809984822,
2026-07-08,4.56,4.21,121.1307,6.8025,162.67,3.5397514271936714,-5.204268129048264,3.63,1.0794551200266955,-0.29201430319631533,
2026-07-09,4.54,4.16,120.753,6.7921,162.29,3.5397514271936714,-5.204268129048264,3.63,1.0794551200266955,-0.4089023821199441,
2026-07-10,4.56,4.21,120.5046,6.7766,161.31,3.5397514271936714,-5.204268129048264,3.63,1.0794551200266955,-0.46164630182861927,
2026-07-13,4.62,4.26,120.7413,6.7795,162.32,3.5397514271936714,-5.204268129048264,3.63,1.0794551200266955,-0.7510674156477989,
2026-07-14,4.58,4.18,120.4728,6.77,162.14,3.5397514271936714,-5.204268129048264,3.63,1.0794551200266955,-0.5293734231401472,
2026-07-15,4.55,4.13,120.3088,6.7682,162.13,3.5397514271936714,-5.204268129048264,3.63,1.0794551200266955,0.2961116045963891,
2026-07-16,4.57,4.16,120.331,6.7726,162.42,3.5397514271936714,-5.204268129048264,3.63,1.0794551200266955,0.13035575479173298,
2026-07-17,4.55,4.18,120.5315,6.776,162.43,3.5397514271936714,-5.204268129048264,3.63,1.0794551200266955,,
2026-07-20,4.6,4.21,120.5401,6.7668,162.59,3.5397514271936714,-5.204268129048264,3.63,1.0794551200266955,0.14374419434644603,
2026-07-21,4.63,4.26,120.5779,6.7656,163.01,3.5397514271936714,-5.204268129048264,3.63,1.0794551200266955,-0.4886883801387948,
2026-07-22,4.67,4.31,120.5736,6.7725,163.08,3.5397514271936714,-5.204268129048264,3.63,1.0794551200266955,-0.9585428539680291,
2026-07-23,4.71,4.37,120.9075,6.7701,163.8,3.5397514271936714,-5.204268129048264,3.63,1.0794551200266955,-1.0,
2026-07-24,4.69,4.33,120.7105,6.7719,163.71,3.5397514271936714,-5.204268129048264,3.63,1.0794551200266955,-1.0,
2026-07-27,4.65,4.31,120.7739,6.7657,163.71,3.5397514271936714,-5.204268129048264,3.63,1.0794551200266955,-0.967124724406824,
2026-07-28,4.61,4.26,120.6247,6.771,163.65,3.5397514271936714,-5.204268129048264,3.63,1.0794551200266955,-0.5580529309987728,
2026-07-29,4.67,4.22,120.7892,6.7661,163.86,3.5397514271936714,-5.204268129048264,3.63,1.0794551200266955,-0.24260359074467547,
2026-07-30,4.68,4.23,119.6753,6.755,159.47,3.5397514271936714,-5.204268129048264,3.63,1.0794551200266955,-0.4487938703101846,
2026-07-31,4.75,4.28,119.7034,6.7509,159.16,3.5397514271936714,-5.204268129048264,3.63,1.0794551200266955,,
2026-08-03,4.7,4.25,119.6951,6.7563,156.96,3.5397514271936714,58.14046859723818,3.63,1.0794551200266955,-0.6298540523767397,
2026-08-04,4.63,4.2,119.5977,6.7532,157.44,3.5397514271936714,58.14046859723818,3.63,1.0794551200266955,-0.053387488667012935,
2026-08-05,4.63,4.18,119.3881,6.7483,157.63,3.5397514271936714,58.14046859723818,3.63,1.0794551200266955,0.16464576853093793,
2026-08-06,4.69,4.25,119.5113,6.7488,158.45,,58.14046859723818,3.63,,-0.5006918165522554,
2026-08-07,4.65,4.19,119.0649,6.7474,157.54,,58.14046859723818,3.63,,0.11158556171214427,
2026-08-10,4.72,4.25,119.1187,6.7452,158.9,,58.14046859723818,3.63,,0.055691205180755425,
2026-08-11,4.7,4.22,119.179,6.745,159.25,,58.14046859723818,3.63,,-0.22200509052673004,
2026-08-12,4.68,4.2,119.1179,6.7433,159.23,,58.14046859723818,3.63,,-0.3940981495755098,
2026-08-13,4.63,4.15,119.1848,6.7428,159.35,,58.14046859723818,3.63,,0.056724000150384674,
2026-08-14,4.68,4.17,118.9028,6.7412,159.21,,58.14046859723818,3.63,,0.05679182170116962,
2026-08-17,4.72,4.19,118.814,6.7399,159.34,,58.14046859723818,3.63,,0.11450115885394856,
2026-08-18,4.71,4.19,118.9831,6.743,159.58,,58.14046859723818,3.63,,0.4120567839814323,
2026-08-19,4.65,4.19,118.3328,6.7295,158.45,,58.14046859723818,3.63,,0.7316784185517609,
2026-08-20,4.69,4.19,118.2548,6.7225,158.85,,58.14046859723818,3.63,,1.0,
2026-08-21,4.74,4.24,118.0628,6.721,158.91,,58.14046859723818,3.63,,0.6040964228077423,
2026-08-24,4.7,4.24,118.3195,6.7219,159.17,,58.14046859723818,3.63,,0.4799764346408805,
2026-08-25,4.64,4.17,118.2283,6.7203,159.21,,58.14046859723818,3.63,,0.6356044936271682,
2026-08-26,4.66,4.19,118.4461,6.7225,159.36,,58.14046859723818,3.63,,0.2160161716310441,
2026-08-27,4.67,4.2,118.3583,6.7198,159.26,,58.14046859723818,3.63,,0.22367145637082148,
2026-08-28,4.73,4.34,118.7479,6.726,159.97,,58.14046859723818,3.63,,-0.4290656867958029,
2026-08-31,4.75,4.34,118.5679,6.7197,159.74,,58.14046859723818,3.63,,-0.6217274246255198,
2026-09-01,4.79,4.39,118.6568,6.7202,160.03,,58.14046859723818,3.63,,-1.0,
2026-09-02,4.79,4.39,118.5296,6.719,158.79,,58.14046859723818,3.63,,-1.0,
2026-09-03,4.77,4.34,118.127,6.7181,155.39,,58.14046859723818,3.63,,-0.5691769241434466,
2026-09-04,4.78,4.37,118.0732,6.7108,156.11,,58.14046859723818,3.63,,-1.0,
2026-09-07,,,,,,,,,,,
2026-09-08,4.8,4.39,,,,,,,,-1.0,
2026-09-09,,,,,,,,,,,
