,wti,brent,shanghai_crude,heating_oil,gasoil
2016-10-07,49.81,51.93,,1.5793,468.5
2016-10-10,51.35,53.14,,1.6102,477.5
2016-10-11,50.79,52.41,,1.5873,470.5
2016-10-12,50.18,51.81,,1.5668,463.5
2016-10-13,50.44,52.03,,1.5796,465.75
2016-10-14,50.35,51.95,,1.5673,461.25
2016-10-17,49.94,51.52,,1.5561,458.5
2016-10-18,50.29,51.68,,1.5686,460.0
2016-10-19,51.6,52.67,,1.5879,473.25
2016-10-20,50.43,51.38,,1.5596,461.75
2016-10-21,50.85,51.78,,1.574,464.5
2016-10-24,50.52,51.46,,1.5798,464.25
2016-10-25,49.96,50.79,,1.5631,462.5
2016-10-26,49.18,49.98,,1.5511,461.75
2016-10-27,49.72,50.47,,1.5701,465.0
2016-10-28,48.7,49.71,,1.5422,461.5
2016-10-31,46.86,48.3,,1.4955,440.25
2016-11-01,46.67,48.14,,1.5169,437.5
2016-11-02,45.34,46.86,,1.4665,423.0
2016-11-03,44.66,46.35,,1.4582,423.0
2016-11-04,44.07,45.58,,1.4303,418.0
2016-11-07,44.89,46.15,,1.4406,417.75
2016-11-08,44.98,46.04,,1.4411,420.5
2016-11-09,45.27,46.36,,1.4411,419.5
2016-11-10,44.66,45.84,,1.4366,420.0
2016-11-11,43.41,44.75,,1.4012,406.75
2016-11-14,43.32,44.43,,1.3855,401.75
2016-11-15,45.81,46.95,,1.4439,417.0
2016-11-16,45.57,46.63,,1.435,421.25
2016-11-17,45.42,46.49,,1.447,423.5
2016-11-18,45.69,46.86,,1.4577,424.0
2016-11-21,47.49,48.9,,1.5245,447.0
2016-11-22,48.03,49.12,,1.5263,445.25
2016-11-23,47.96,48.95,,1.5169,445.75
2016-11-24,,49.0,,,444.25
2016-11-25,46.06,47.24,,1.47,432.5
2016-11-28,47.08,48.24,,1.5128,440.25
2016-11-29,45.23,46.38,,1.4627,425.5
2016-11-30,49.44,50.47,,1.5709,448.25
2016-12-01,51.06,53.94,,1.6479,477.0
2016-12-02,51.68,54.46,,1.6581,478.25
2016-12-05,51.79,54.94,,1.6571,481.0
2016-12-06,50.93,53.93,,1.6379,475.25
2016-12-07,49.77,53.0,,1.6184,473.25
2016-12-08,50.84,53.89,,1.6259,471.5
2016-12-09,51.5,54.33,,1.6374,477.5
2016-12-12,52.83,55.69,,,491.0
2016-12-13,52.98,55.72,,1.6747,490.0
2016-12-14,51.04,53.9,,1.6435,488.25
2016-12-15,50.9,54.02,,,474.75
2016-12-16,51.9,55.21,,1.6723,490.25
2016-12-19,52.12,54.92,,1.669,487.0
2016-12-20,,55.35,,,491.5
2016-12-21,52.49,54.46,,,486.25
2016-12-22,52.95,55.05,,1.6608,487.25
2016-12-23,53.02,55.16,,,484.25
2016-12-27,53.9,56.09,,,501.0
2016-12-28,54.06,56.22,,,500.5
2016-12-29,53.77,56.14,,,502.75
2016-12-30,53.72,56.82,,,501.0
2017-01-02,,56.82,,,501.0
2017-01-03,52.33,55.47,,1.6767,493.75
2017-01-04,53.26,56.46,,1.693,490.5
2017-01-05,53.76,56.89,,1.6942,488.25
2017-01-06,53.99,57.1,,1.7032,493.25
2017-01-09,51.96,54.94,,1.6376,483.0
2017-01-10,50.82,53.64,,1.6114,472.75
2017-01-11,52.25,55.1,,1.6524,482.0
2017-01-12,53.01,56.01,,1.6756,482.0
2017-01-13,52.37,55.45,,1.6514,
2017-01-16,,55.86,,,487.0
2017-01-17,52.48,55.47,,1.6486,490.75
2017-01-18,51.08,53.92,,1.6092,485.75
2017-01-19,51.37,54.16,,1.6183,479.5
2017-01-20,52.42,55.49,,1.6459,489.5
2017-01-23,52.75,55.23,,1.6265,485.5
2017-01-24,53.18,55.44,,1.6415,488.5
2017-01-25,52.75,55.08,,1.6114,487.75
2017-01-26,53.78,56.24,,1.6409,494.0
2017-01-27,53.17,55.52,,1.6189,485.25
2017-01-30,52.63,55.23,,1.6067,484.75
2017-01-31,52.81,55.7,,1.6117,493.75
2017-02-01,53.88,56.8,,1.674,501.75
2017-02-02,53.54,56.56,,1.6518,504.25
2017-02-03,53.83,56.81,,1.6651,501.0
2017-02-06,53.01,55.72,,1.6352,498.25
2017-02-07,52.17,55.05,,1.6221,489.5
2017-02-08,52.34,55.12,,1.636,494.25
2017-02-09,53.0,55.63,,1.6415,494.5
2017-02-10,53.86,56.7,,1.6659,503.5
2017-02-13,52.93,55.59,,1.6273,491.0
2017-02-14,53.2,55.97,,1.6382,497.25
2017-02-15,53.11,55.75,,1.6305,494.0
2017-02-16,53.36,55.65,,1.6291,491.0
2017-02-17,53.4,55.81,,1.6364,490.0
2017-02-20,,56.18,,,497.5
2017-02-21,54.06,56.66,,1.6425,501.75
2017-02-22,53.59,55.84,,1.6296,489.5
2017-02-23,54.45,56.58,,1.6567,500.0
2017-02-24,53.99,55.99,,1.6404,494.5
2017-02-27,54.05,55.93,,1.6399,497.25
2017-02-28,54.01,55.59,,1.6208,489.25
2017-03-01,53.83,56.36,,1.6241,499.25
2017-03-02,52.61,55.08,,1.5791,487.0
2017-03-03,53.33,55.9,,1.5936,487.0
2017-03-06,53.2,56.01,,1.6045,490.0
2017-03-07,53.14,55.92,,1.6139,491.0
2017-03-08,50.28,53.11,,1.5567,485.75
2017-03-09,49.28,52.19,,1.5295,462.5
2017-03-10,48.49,51.37,,1.5036,459.75
2017-03-13,48.4,51.35,,1.5006,455.25
2017-03-14,47.72,50.92,,1.4919,448.0
2017-03-15,48.86,51.81,,1.5124,455.0
2017-03-16,48.75,51.74,,1.5043,455.0
2017-03-17,48.78,51.76,,1.5085,456.75
2017-03-20,48.22,51.62,,1.5141,458.5
2017-03-21,47.34,50.96,,1.5033,453.25
2017-03-22,48.04,50.64,,1.4968,447.0
2017-03-23,47.7,50.56,,1.4901,450.25
2017-03-24,47.97,50.8,,1.4976,449.0
2017-03-27,47.73,50.75,,1.5025,451.25
2017-03-28,48.37,51.33,,1.5167,459.75
2017-03-29,49.51,52.42,,1.5425,463.75
2017-03-30,50.35,52.96,,1.5582,470.0
2017-03-31,50.6,52.83,,1.5736,469.5
2017-04-03,50.24,53.12,,1.5634,471.75
2017-04-04,51.03,54.17,,1.5923,479.0
2017-04-05,51.15,54.36,,1.6035,482.25
2017-04-06,51.7,54.89,,1.6129,484.75
2017-04-07,52.24,55.24,,1.6284,489.25
2017-04-10,53.08,55.98,,1.6473,495.25
2017-04-11,53.4,56.23,,1.6506,494.5
2017-04-12,53.11,55.86,,1.652,498.5
2017-04-13,53.18,55.89,,1.6495,498.0
2017-04-17,52.65,55.36,,1.6329,497.75
2017-04-18,52.41,54.89,,1.6219,491.25
2017-04-19,50.44,52.93,,1.5813,487.75
2017-04-20,50.27,52.99,,1.5789,476.75
2017-04-21,49.62,51.96,,1.5533,467.5
2017-04-24,49.23,51.6,,1.5427,465.75
2017-04-25,49.56,52.1,,1.5452,463.75
2017-04-26,49.62,51.82,,1.5367,467.25
2017-04-27,48.97,51.44,,1.5072,451.25
2017-04-28,49.33,51.73,,1.504,454.0
2017-05-01,48.84,51.52,,1.4878,449.75
2017-05-02,47.66,50.46,,1.468,448.5
2017-05-03,47.82,50.79,,1.4736,441.75
2017-05-04,45.52,48.38,,1.4123,427.75
2017-05-05,46.22,49.1,,1.4366,435.0
2017-05-08,46.43,49.34,,1.4556,431.25
2017-05-09,45.88,48.73,,1.4421,434.5
2017-05-10,47.33,50.22,,1.4754,444.0
2017-05-11,47.83,50.77,,1.4899,449.0
2017-05-12,47.84,50.84,,1.4933,448.75
2017-05-15,48.85,51.82,,1.5096,459.0
2017-05-16,48.66,51.65,,1.5164,458.0
2017-05-17,49.07,52.21,,1.5335,463.5
2017-05-18,49.35,52.51,,1.5453,465.0
2017-05-19,50.33,53.61,,1.5827,473.75
2017-05-22,50.73,53.87,,1.6021,479.0
2017-05-23,51.47,54.15,,1.6067,479.0
2017-05-24,51.36,53.96,,1.6063,480.25
2017-05-25,48.9,51.46,,1.5509,474.5
2017-05-26,49.8,52.15,,1.5633,461.25
2017-05-29,,52.29,,,466.25
2017-05-30,49.66,51.84,,1.5494,457.0
2017-05-31,48.32,50.31,,1.5153,445.5
2017-06-01,48.36,50.63,,1.5017,450.25
2017-06-02,47.66,49.95,,1.4848,438.5
2017-06-05,47.4,49.47,,1.4593,430.75
2017-06-06,48.19,50.12,,1.4662,428.25
2017-06-07,45.72,48.06,,1.4162,421.5
2017-06-08,45.64,47.86,,1.4223,421.5
2017-06-09,45.83,48.15,,1.4312,427.0
2017-06-12,46.08,48.29,,1.4254,427.0
2017-06-13,46.46,48.72,,1.4477,
2017-06-14,44.73,47.0,,1.4102,418.75
2017-06-15,44.46,46.92,,1.4146,419.0
2017-06-16,44.74,47.37,,1.427,423.0
2017-06-19,44.2,46.91,,1.4111,424.0
2017-06-20,43.23,46.02,,1.3949,412.75
2017-06-21,42.53,44.82,,1.3648,413.25
2017-06-22,42.74,45.22,,1.3716,412.25
2017-06-23,43.01,45.54,,1.3717,411.25
2017-06-26,43.38,45.83,,1.3802,409.5
2017-06-27,44.24,46.65,,1.4137,423.25
2017-06-28,44.74,47.31,,1.433,427.5
2017-06-29,44.93,47.42,,1.446,435.5
2017-06-30,46.04,47.92,,1.4755,436.5
2017-07-03,47.07,49.68,,1.5128,448.75
2017-07-04,,49.61,,,451.25
2017-07-05,45.13,47.79,,1.4785,442.0
2017-07-06,45.52,48.11,,1.4819,446.5
2017-07-07,44.23,46.71,,1.4482,428.0
2017-07-10,44.4,46.88,,1.4536,433.5
2017-07-11,45.04,47.52,,1.4763,433.75
2017-07-12,45.49,47.74,,1.4737,437.25
2017-07-13,46.08,48.42,,1.4917,443.25
2017-07-14,46.54,48.91,,1.515,447.75
2017-07-17,46.02,48.42,,1.4995,448.5
2017-07-18,46.4,48.84,,1.5104,446.25
2017-07-19,47.12,49.7,,1.5514,456.0
2017-07-20,46.79,49.3,,1.5436,463.5
2017-07-21,45.77,48.06,,1.5152,452.75
2017-07-24,46.34,48.6,,1.5169,451.5
2017-07-25,47.89,50.2,,1.5685,461.75
2017-07-26,48.75,50.97,,1.5953,470.25
2017-07-27,49.04,51.49,,1.6032,475.25
2017-07-28,49.71,52.52,,1.6397,485.0
2017-07-31,50.17,52.65,,1.6519,489.0
2017-08-01,49.16,51.78,,1.6413,481.75
2017-08-02,49.59,52.36,,1.6588,488.25
2017-08-03,49.03,52.01,,1.6389,492.0
2017-08-04,49.58,52.42,,1.6486,488.0
2017-08-07,49.39,52.37,,1.6398,478.5
2017-08-08,49.17,52.14,,1.6292,483.5
2017-08-09,49.56,52.7,,1.6533,482.25
2017-08-10,48.59,51.9,,1.6313,486.5
2017-08-11,48.82,52.1,,1.6346,482.5
2017-08-14,47.59,50.73,,1.6057,483.5
2017-08-15,47.55,50.8,,1.5996,471.5
2017-08-16,46.78,50.27,,1.5744,470.25
2017-08-17,47.09,51.03,,1.582,464.75
2017-08-18,48.51,52.72,,1.6204,472.25
2017-08-21,47.37,51.66,,1.5712,471.0
2017-08-22,47.64,51.87,,1.5912,473.75
2017-08-23,48.41,52.57,,1.6244,479.0
2017-08-24,47.43,52.04,,1.621,482.5
2017-08-25,47.87,52.41,,1.6223,480.0
2017-08-28,46.57,51.89,,1.6352,484.25
2017-08-29,46.44,52.0,,1.6655,484.5
2017-08-30,45.96,50.86,,1.6738,495.5
2017-08-31,47.23,52.38,,1.7575,504.75
2017-09-01,47.29,52.75,,1.7468,509.25
2017-09-04,,52.34,,,503.25
2017-09-05,48.66,53.38,,1.748,515.25
2017-09-06,49.16,54.2,,1.7595,520.0
2017-09-07,49.09,54.49,,1.7861,523.25
2017-09-08,47.48,53.78,,1.7657,524.0
2017-09-11,48.07,53.84,,1.7427,516.75
2017-09-12,48.23,54.27,,1.7406,518.0
2017-09-13,49.3,55.16,,1.7685,526.25
2017-09-14,49.89,55.47,,1.7775,531.0
2017-09-15,49.89,55.62,,1.7988,534.75
2017-09-18,49.91,55.48,,1.7796,525.0
2017-09-19,49.48,55.14,,1.7726,528.5
2017-09-20,50.41,56.29,,1.807,537.0
2017-09-21,50.55,56.43,,1.8153,541.25
2017-09-22,50.66,56.86,,1.8163,541.5
2017-09-25,52.22,59.02,,1.8563,551.5
2017-09-26,51.88,58.44,,1.8453,546.25
2017-09-27,52.14,57.9,,1.8463,548.75
2017-09-28,51.56,57.41,,1.832,550.75
2017-09-29,51.67,57.54,,1.8117,548.25
2017-10-02,50.58,56.12,,1.7665,525.5
2017-10-03,50.42,56.0,,1.7505,522.0
2017-10-04,49.98,55.8,,1.7739,524.25
2017-10-05,50.79,57.0,,1.7863,535.5
2017-10-06,49.29,55.62,,1.7439,515.75
2017-10-09,49.58,55.79,,1.7352,513.25
2017-10-10,50.92,56.61,,1.7649,526.0
2017-10-11,51.3,56.94,,1.7861,524.0
2017-10-12,50.6,56.25,,1.7655,521.5
2017-10-13,51.45,57.17,,1.797,533.75
2017-10-16,51.87,57.82,,1.8129,541.0
2017-10-17,51.88,57.88,,1.8098,537.25
2017-10-18,52.04,58.15,,1.8028,533.0
2017-10-19,51.29,57.23,,1.7767,528.25
2017-10-20,51.47,57.75,,1.8052,527.5
2017-10-23,51.9,57.37,,1.7878,523.25
2017-10-24,52.47,58.33,,1.8221,522.25
2017-10-25,52.18,58.44,,1.8182,529.25
2017-10-26,52.64,59.3,,1.8419,531.75
2017-10-27,53.9,60.44,,1.8669,544.0
2017-10-30,54.15,60.9,,1.8777,544.0
2017-10-31,54.38,61.37,,1.8845,547.75
2017-11-01,54.3,60.49,,1.8625,547.25
2017-11-02,54.54,60.62,,1.8539,541.75
2017-11-03,55.64,62.07,,1.8866,547.25
2017-11-06,57.35,64.27,,1.9422,563.25
2017-11-07,57.2,63.69,,1.9219,563.25
2017-11-08,56.81,63.49,,1.9216,562.75
2017-11-09,57.17,63.93,,1.9469,569.0
2017-11-10,56.74,63.52,,1.9349,569.0
2017-11-13,56.76,63.16,,1.9321,565.25
2017-11-14,55.7,62.21,,1.907,550.5
2017-11-15,55.33,61.87,,1.9087,556.0
2017-11-16,55.14,61.36,,1.9021,555.75
2017-11-17,56.55,62.72,,1.9466,562.75
2017-11-20,56.09,62.22,,1.9321,556.0
2017-11-21,56.83,62.57,,1.9359,558.5
2017-11-22,58.02,63.32,,1.9326,562.25
2017-11-23,,63.55,,,564.5
2017-11-24,58.95,63.86,,1.9529,564.75
2017-11-27,58.11,63.84,,1.9478,564.25
2017-11-28,57.99,63.61,,1.9507,565.75
2017-11-29,57.3,63.11,,1.9221,561.25
2017-11-30,57.4,63.57,,1.8927,557.0
2017-12-01,58.36,63.73,,1.9413,569.0
2017-12-04,57.47,62.45,,1.8945,556.0
2017-12-05,57.62,62.86,,1.9139,556.75
2017-12-06,55.96,61.22,,1.8613,547.0
2017-12-07,56.69,62.2,,1.897,550.0
2017-12-08,57.36,63.4,,1.9288,565.25
2017-12-11,57.99,64.69,,1.9506,572.75
2017-12-12,57.14,63.34,,1.9336,571.75
2017-12-13,56.6,62.44,,1.9044,562.75
2017-12-14,57.04,63.31,,1.9099,561.5
2017-12-15,57.3,63.23,,1.9035,564.0
2017-12-18,57.16,63.41,,1.9252,569.0
2017-12-19,57.46,63.8,,1.9399,569.0
2017-12-20,58.09,64.56,,1.9442,575.5
2017-12-21,58.36,64.9,,1.9502,576.25
2017-12-22,58.47,65.25,,1.9694,575.5
2017-12-26,59.97,67.02,,2.0385,599.0
2017-12-27,59.64,66.44,,2.0402,594.5
2017-12-28,59.84,66.72,,2.0521,597.0
2017-12-29,60.42,66.87,,2.0755,600.25
2018-01-02,60.37,66.57,,2.0584,598.5
2018-01-03,61.63,67.84,,2.088,607.75
2018-01-04,62.01,68.07,,2.077,609.0
2018-01-05,61.44,67.62,,2.0587,605.0
2018-01-08,61.73,67.78,,2.0454,602.25
2018-01-09,62.96,68.82,,2.0662,606.5
2018-01-10,63.57,69.2,,2.0807,613.0
2018-01-11,63.8,69.26,,2.0767,618.0
2018-01-12,64.3,69.87,,2.085,612.75
2018-01-15,,70.26,,,618.75
2018-01-16,63.73,69.15,,2.0634,614.75
2018-01-17,63.97,69.38,,2.0691,611.75
2018-01-18,63.95,69.31,,2.0617,611.75
2018-01-19,63.37,68.61,,2.0584,608.0
2018-01-22,63.49,69.03,,2.0569,614.25
2018-01-23,64.47,69.96,,2.0861,617.75
2018-01-24,65.61,70.53,,2.1061,620.5
2018-01-25,65.51,70.42,,2.1154,627.25
2018-01-26,66.14,70.52,,2.136,628.5
2018-01-29,65.56,69.46,,2.1048,618.25
2018-01-30,64.5,69.02,,2.0717,611.5
2018-01-31,64.73,69.05,,2.0692,611.5
2018-02-01,65.8,69.65,,2.0904,616.75
2018-02-02,65.45,68.58,,2.0535,609.25
2018-02-05,64.15,67.62,,2.0196,607.0
2018-02-06,63.39,66.86,,1.9851,595.25
2018-02-07,61.79,65.51,,1.9313,579.0
2018-02-08,61.15,64.81,,1.9213,568.0
2018-02-09,59.2,62.79,,1.8551,552.25
2018-02-12,59.29,62.59,,1.8389,552.25
2018-02-13,59.19,62.72,,1.8369,545.75
2018-02-14,60.6,64.36,,1.8844,550.0
2018-02-15,61.34,64.33,,1.8916,557.25
2018-02-16,61.68,64.84,,1.9104,570.25
2018-02-19,,65.67,,,578.5
2018-02-20,61.9,65.25,,1.9277,574.25
2018-02-21,61.68,65.42,,1.9323,575.75
2018-02-22,62.77,66.39,,1.9527,585.0
2018-02-23,63.55,67.31,,1.9694,591.0
2018-02-26,63.91,67.5,,1.9859,599.0
2018-02-27,63.01,66.63,,1.963,594.5
2018-02-28,61.64,65.78,,1.9136,577.0
2018-03-01,60.99,63.83,,1.8855,563.25
2018-03-02,61.25,64.37,,1.8796,565.0
2018-03-05,62.57,65.54,,1.8967,574.0
2018-03-06,62.6,65.79,,1.9033,573.75
2018-03-07,61.15,64.34,,1.8746,573.5
2018-03-08,60.12,63.61,,1.8591,568.25
2018-03-09,62.04,65.49,,1.8866,575.75
2018-03-12,61.36,64.95,,1.8647,568.0
2018-03-13,60.71,64.64,,1.8739,568.75
2018-03-14,60.96,64.89,,1.8871,572.25
2018-03-15,61.19,65.12,,1.8929,574.75
2018-03-16,62.34,66.21,,1.9118,580.5
2018-03-19,62.06,66.05,,1.907,584.75
2018-03-20,63.4,67.42,,1.9495,593.75
2018-03-21,65.17,69.47,,2.0037,611.0
2018-03-22,64.3,68.91,,1.9923,606.5
2018-03-23,65.88,70.45,,2.0184,611.0
2018-03-26,65.55,70.12,355.4288741922248,2.015,612.75
2018-03-27,65.25,70.11,,2.0224,618.25
2018-03-28,64.38,69.53,,2.0148,618.0
2018-03-29,64.94,70.27,,2.0284,619.75
2018-04-02,63.01,67.64,,1.9802,611.0
2018-04-03,63.51,68.12,,1.995,610.75
2018-04-04,63.37,68.02,,1.9773,606.75
2018-04-05,63.54,68.33,,1.9765,606.5
2018-04-06,62.06,67.11,,1.9578,601.0
2018-04-09,63.42,68.65,,1.9966,611.5
2018-04-10,65.51,71.04,,2.0648,626.0
2018-04-11,66.82,72.06,,2.0927,644.25
2018-04-12,67.07,72.02,,2.0838,636.5
2018-04-13,67.39,72.58,,2.1002,642.5
2018-04-16,66.22,71.42,,2.0703,633.25
2018-04-17,66.52,71.58,,2.0571,628.0
2018-04-18,68.47,73.48,,2.0911,639.25
2018-04-19,68.29,73.78,,2.1094,651.0
2018-04-20,68.38,74.06,,2.123,641.25
2018-04-23,68.64,74.71,,2.1409,647.5
2018-04-24,67.7,73.86,,2.1276,653.75
2018-04-25,68.05,74.0,,2.136,648.0
2018-04-26,68.19,74.74,,2.16,657.75
2018-04-27,68.1,74.64,,2.1509,655.5
2018-04-30,68.57,75.17,,2.1674,655.5
2018-05-01,67.25,73.13,,2.0997,648.75
2018-05-02,67.93,73.36,,2.1215,642.0
2018-05-03,68.43,73.62,,2.1127,642.0
2018-05-04,69.72,74.87,,2.154,651.5
2018-05-07,70.73,76.17,,2.185,665.5
2018-05-08,69.06,74.85,,2.1577,650.25
2018-05-09,71.14,77.21,399.38774405175,2.218,677.0
2018-05-10,71.36,77.47,399.38774405175,2.2228,677.0
2018-05-11,70.7,77.12,409.87494958483757,2.222,677.5
2018-05-14,70.96,78.23,409.87494958483757,2.2496,681.0
2018-05-15,71.31,78.43,409.87494958483757,2.249,687.75
2018-05-16,71.49,79.28,409.87494958483757,2.2692,684.5
2018-05-17,71.49,79.3,409.87494958483757,2.2808,704.25
2018-05-18,71.28,78.51,409.87494958483757,2.2655,697.0
2018-05-21,72.24,79.22,409.87494958483757,2.2738,692.75
2018-05-22,72.13,79.57,409.87494958483757,2.28,702.5
2018-05-23,71.84,79.8,409.87494958483757,2.2896,697.0
2018-05-24,70.71,78.79,409.87494958483757,2.2667,698.75
2018-05-25,67.88,76.44,409.87494958483757,2.2098,679.75
2018-05-28,,75.3,409.87494958483757,,672.0
2018-05-29,66.73,75.39,409.87494958483757,2.1859,671.75
2018-05-30,68.21,77.5,409.87494958483757,2.2317,684.75
2018-05-31,67.04,77.59,409.87494958483757,2.1914,685.5
2018-06-01,65.81,76.79,409.87494958483757,2.1763,671.25
2018-06-04,64.75,75.29,409.87494958483757,2.1525,666.0
2018-06-05,65.52,75.38,409.87494958483757,2.1416,657.5
2018-06-06,64.73,75.36,409.87494958483757,2.1266,654.75
2018-06-07,65.95,77.32,409.87494958483757,2.1799,668.25
2018-06-08,65.74,76.46,372.55797656293447,2.1643,671.5
2018-06-11,66.1,76.46,378.6755131239022,2.1607,671.5
2018-06-12,66.36,75.88,378.3259396061326,2.1618,671.5
2018-06-13,66.64,76.74,390.21143921029847,2.1851,666.0
2018-06-14,66.89,75.94,393.5323876291095,2.1587,660.75
2018-06-15,65.06,73.44,393.5323876291095,2.087,640.75
2018-06-18,65.85,75.34,,2.1316,648.0
2018-06-19,65.07,75.08,393.61978100855185,2.1218,647.75
2018-06-20,66.22,74.74,390.561012728068,2.1071,647.25
2018-06-21,65.54,73.05,390.561012728068,2.0701,634.5
2018-06-22,68.58,75.55,390.4736193486256,2.1254,645.5
2018-06-25,68.08,74.73,390.4736193486256,2.1004,642.5
2018-06-26,70.53,76.31,395.3676485973998,2.129,643.75
2018-06-27,72.76,77.62,407.69011509877765,2.1772,666.0
2018-06-28,73.45,77.85,414.59419207472695,2.1782,665.25
2018-06-29,74.15,79.44,418.70168090851956,2.2093,675.75
2018-07-02,73.94,77.3,418.70168090851956,,663.5
2018-07-03,74.14,77.76,439.06433831859783,2.1642,656.25
2018-07-04,,78.24,418.70168090851956,,666.5
2018-07-05,72.94,77.39,418.70168090851956,2.1787,671.0
2018-07-06,73.8,77.11,418.70168090851956,2.1684,664.5
2018-07-09,73.85,78.07,418.61428752907716,2.1957,671.75
2018-07-10,74.11,78.86,418.61428752907716,2.2218,677.75
2018-07-11,70.38,73.4,428.9267063032799,2.1008,664.5
2018-07-12,70.33,74.45,422.63438298342743,2.1231,664.5
2018-07-13,71.01,75.33,422.63438298342743,2.1334,654.25
2018-07-16,68.06,71.84,415.2933391102661,2.0543,633.5
2018-07-17,68.08,72.16,411.79760393257027,2.0701,632.25
2018-07-18,68.76,72.9,404.80613357717857,2.0903,631.0
2018-07-19,69.46,72.58,404.80613357717857,2.0901,641.5
2018-07-20,70.46,73.07,417.6529603552108,2.1044,644.75
2018-07-23,67.89,73.06,415.9924861458053,2.118,650.75
2018-07-24,68.52,73.44,421.8478425684458,2.1326,655.75
2018-07-25,69.3,73.93,427.26623209387435,2.1512,656.75
2018-07-26,69.61,74.54,427.0914453349896,2.1769,663.75
2018-07-27,68.69,74.29,433.0341951370725,2.1552,665.75
2018-07-30,70.13,74.97,437.49125748863474,2.171,662.75
2018-07-31,68.76,74.25,440.2878456307914,2.1319,654.25
2018-08-01,67.66,72.39,437.3164707297499,2.0974,638.0
2018-08-02,68.96,73.45,436.0929634175564,2.1318,645.75
2018-08-03,68.49,73.21,443.958367567372,2.1269,650.0
2018-08-06,69.01,73.75,447.5414961245103,2.1393,655.5
2018-08-07,69.17,74.65,464.05884483912314,2.1691,658.75
2018-08-08,66.94,72.28,453.5716393060356,2.1157,646.75
2018-08-09,66.81,72.07,442.5600734962937,2.1119,647.25
2018-08-10,67.63,72.81,440.81220590744573,2.1397,647.25
2018-08-13,67.2,72.61,444.0457609468144,2.137,655.0
2018-08-14,67.04,72.46,448.32803653949185,2.1287,654.75
2018-08-15,65.01,70.76,446.6675623300863,2.0904,636.75
2018-08-16,65.46,71.43,434.60727596703566,2.0964,641.75
2018-08-17,65.91,71.83,434.51988258759326,2.0982,646.75
2018-08-20,66.43,72.21,429.1014930621647,2.1138,644.75
2018-08-21,67.35,72.63,436.26775017644115,2.1236,651.5
2018-08-22,67.86,74.78,441.33656618410015,2.1683,663.75
2018-08-23,67.83,74.73,445.0944815001232,2.1754,666.75
2018-08-24,68.72,75.82,445.53144839733517,2.2022,679.25
2018-08-27,68.87,76.21,445.53144839733517,2.2149,678.75
2018-08-28,68.53,75.95,448.8523968161462,2.2114,684.0
2018-08-29,69.51,77.14,448.8523968161462,2.2421,684.25
2018-08-30,70.25,77.77,456.36822744819233,2.2483,688.0
2018-08-31,69.8,77.42,456.36822744819233,2.2413,690.25
2018-09-03,,78.15,455.9312605509803,,697.0
2018-09-04,69.87,78.17,457.59173476038586,2.2547,697.0
2018-09-05,68.72,77.27,457.59173476038586,2.2345,687.75
2018-09-06,67.77,76.5,454.35817972101717,2.2091,678.5
2018-09-07,67.75,76.83,451.1246246816485,2.2182,675.5
2018-09-10,67.54,77.37,455.9312605509803,2.2178,681.75
2018-09-11,69.25,79.06,455.40690027432595,2.252,687.0
2018-09-12,70.37,79.74,464.84538525410466,2.2577,687.0
2018-09-13,68.59,78.18,461.52443683529367,2.2235,683.5
2018-09-14,68.99,78.09,457.5043413809434,2.2092,680.0
2018-09-17,68.91,78.05,458.64045531369453,2.2064,681.5
2018-09-18,69.85,79.03,455.8438671715379,2.2357,685.0
2018-09-19,71.12,79.4,455.8438671715379,2.2466,688.0
2018-09-20,70.8,78.7,465.5445322896439,2.228,688.0
2018-09-21,70.78,78.8,461.7866169736208,2.226,688.0
2018-09-24,72.08,81.2,,2.2859,701.75
2018-09-25,72.28,81.87,478.4787524471185,2.3053,713.75
2018-09-26,71.57,81.34,478.4787524471185,2.2998,710.75
2018-09-27,72.12,81.72,485.645009561395,2.3231,712.75
2018-09-28,73.25,82.72,483.4601750753351,2.3518,724.25
2018-10-01,75.3,84.98,,2.4079,734.0
2018-10-02,75.23,84.8,,2.4076,740.75
2018-10-03,76.41,86.29,,2.4372,740.75
2018-10-04,74.33,84.58,,2.3997,743.25
2018-10-05,74.34,84.16,,2.3923,741.25
2018-10-08,74.29,83.91,493.2482335728834,2.3942,735.75
2018-10-09,74.96,85.0,511.9504167735561,2.4238,743.75
2018-10-10,73.17,83.09,514.8343982951552,2.3949,738.5
2018-10-11,70.97,80.26,495.8700349561553,2.3322,738.5
2018-10-12,71.34,80.43,494.64652764396175,2.3213,718.0
2018-10-15,71.78,80.78,491.0633990868235,2.3257,715.75
2018-10-16,71.92,81.41,482.14927438369915,2.3402,715.5
2018-10-17,69.75,80.05,491.849939501805,2.3111,711.25
2018-10-18,68.65,79.29,482.84842141923826,2.2949,713.75
2018-10-19,69.12,79.78,478.91571934433045,2.302,714.75
2018-10-22,69.17,79.83,485.99458307916456,2.3181,716.25
2018-10-23,66.43,76.44,479.78965313875443,2.2484,702.5
2018-10-24,66.82,76.17,466.50585946351015,2.2521,700.0
2018-10-25,67.33,76.89,463.6218779419111,2.2781,706.75
2018-10-26,67.59,77.62,466.33107270462546,2.303,713.5
2018-10-29,67.04,77.34,467.03021974016457,2.2843,711.5
2018-10-30,66.18,75.91,471.22510195339964,2.2598,701.75
2018-10-31,65.31,75.47,468.77808732901246,2.2618,709.25
2018-11-01,63.69,72.89,458.3782751753674,2.2008,685.75
2018-11-02,63.14,72.83,450.51287102555176,2.1728,678.25
2018-11-05,63.1,73.17,450.07590412833974,2.1963,682.0
2018-11-06,62.21,72.13,448.41542991893425,2.1883,677.5
2018-11-07,61.67,72.07,443.958367567372,2.2371,692.75
2018-11-08,60.67,70.65,445.70623515622,2.1683,681.5
2018-11-09,60.19,70.18,439.41391183636745,2.1728,669.5
2018-11-12,59.93,70.12,444.395334464584,2.1556,669.5
2018-11-13,55.69,65.47,433.3837686548421,2.0625,639.0
2018-11-14,56.25,66.12,413.3706847625334,2.0959,644.5
2018-11-15,56.46,66.62,418.61428752907716,2.0741,637.75
2018-11-16,56.46,66.76,423.8578902956209,2.0737,633.25
2018-11-19,56.76,66.79,423.8578902956209,2.0864,630.5
2018-11-20,53.43,62.53,419.9251882207131,1.9902,613.0
2018-11-21,54.63,63.48,402.0095454350219,1.9702,606.0
2018-11-22,,62.6,401.57257853780993,,598.25
2018-11-23,50.42,58.8,393.96935452632147,1.8762,576.75
2018-11-26,51.63,60.48,374.1310573928976,1.893,585.75
2018-11-27,51.56,60.21,378.2385462266902,1.886,578.5
2018-11-28,50.29,58.76,385.75437685873624,1.8384,566.0
2018-11-29,51.45,59.51,371.9462229068377,1.8436,559.75
2018-11-30,50.93,58.71,378.85029988278694,1.8455,550.75
2018-12-03,52.95,61.69,390.6484061075104,1.8875,577.75
2018-12-04,53.25,62.08,390.82319286639523,1.9009,587.25
2018-12-05,52.89,61.56,385.2300165820819,1.8886,586.75
2018-12-06,51.49,60.06,385.2300165820819,1.8582,556.5
2018-12-07,52.61,61.67,377.18982567338145,1.8862,587.25
2018-12-10,51.0,59.97,391.434946522492,1.8441,572.25
2018-12-11,51.65,60.2,381.4721012660588,1.8471,569.25
2018-12-12,51.15,60.15,386.01655699706345,1.8509,569.25
2018-12-13,52.58,61.45,380.6855608510773,1.8765,557.5
2018-12-14,51.2,60.28,382.60821519881,1.8453,556.25
2018-12-17,49.88,59.61,379.8116270566533,1.8267,550.25
2018-12-18,46.24,56.26,370.9848957329713,1.7539,530.25
2018-12-19,47.2,57.24,357.52631529884235,1.8054,538.75
2018-12-20,45.88,54.35,355.0793006744552,1.7497,522.0
2018-12-21,45.59,53.82,347.12650314519715,1.7327,515.25
2018-12-24,42.53,50.47,342.232473896423,1.6622,514.0
2018-12-25,,,318.81104820586086,,
2018-12-26,46.22,54.47,320.0345555180544,1.7336,504.25
2018-12-27,44.61,52.16,342.0149508146241,1.6783,504.5
2018-12-28,45.33,52.2,339.3773033790357,1.6647,493.25
2018-12-31,45.41,53.8,,1.6808,510.75
2019-01-02,46.54,54.91,332.3435768841334,1.7006,517.0
2019-01-03,47.09,55.95,342.0149508146241,1.742,512.25
2019-01-04,47.96,57.06,353.44475636884033,1.7692,528.5
2019-01-07,48.52,57.33,361.3576986756054,1.7784,543.25
2019-01-08,49.78,58.72,358.720051240017,1.827,546.5
2019-01-09,52.36,61.44,368.3914251705077,1.8808,561.0
2019-01-10,52.59,61.68,374.5459358535472,1.9061,561.0
2019-01-11,51.59,60.48,378.9420149128611,1.8797,568.5
2019-01-14,50.51,58.99,367.5122093586449,1.8525,567.5
2019-01-15,52.11,60.64,369.2706409823705,1.8722,557.0
2019-01-16,52.31,61.32,375.42515166541,1.8946,568.25
2019-01-17,52.07,61.18,376.30436747727276,1.8843,563.25
2019-01-18,53.8,62.7,380.7004465365867,1.916,574.25
2019-01-21,,62.74,386.8549572196262,,574.25
2019-01-22,52.57,61.5,383.33809397217505,1.9011,565.25
2019-01-23,52.62,61.14,381.5796623484495,1.8886,568.0
2019-01-24,53.13,61.09,376.30436747727276,1.8856,567.25
2019-01-25,53.69,61.64,380.7004465365867,1.8919,568.0
2019-01-28,51.99,59.93,373.6667200416844,1.8377,555.5
2019-01-29,53.31,61.32,368.3914251705077,1.8975,572.25
2019-01-30,54.23,61.65,374.5459358535472,1.8984,578.75
2019-01-31,53.79,61.89,378.06279910099835,1.8788,584.5
2019-02-01,55.26,62.75,373.6667200416844,1.9127,578.25
2019-02-04,54.56,62.51,,1.9074,580.5
2019-02-05,53.66,61.98,,1.8975,579.75
2019-02-06,54.01,62.69,,1.9122,582.25
2019-02-07,52.64,61.63,,1.9005,574.25
2019-02-08,52.72,62.1,,1.9085,582.5
2019-02-11,52.41,61.51,379.82123072472393,1.8922,582.5
2019-02-12,53.1,62.42,379.82123072472393,1.9072,582.5
2019-02-13,53.9,63.61,387.734173031489,1.9388,594.5
2019-02-14,54.41,64.57,396.52633115011685,1.9716,597.25
2019-02-15,55.59,66.25,398.28476277384243,2.0203,615.5
2019-02-18,,66.5,407.9561367043331,,617.75
2019-02-19,56.09,66.45,407.0769208924703,1.9946,610.5
2019-02-20,56.92,67.08,403.5600576450192,2.0183,616.5
2019-02-21,56.96,67.07,405.3184892687447,2.0363,621.0
2019-02-22,57.26,67.12,405.3184892687447,2.0311,622.0
2019-02-25,55.48,64.76,398.28476277384243,1.9746,607.0
2019-02-26,55.5,65.21,384.21730978403787,1.9985,615.75
2019-02-27,56.94,66.39,389.49260465521456,2.0216,623.75
2019-02-28,57.22,66.03,390.3718204670774,2.0235,625.0
2019-03-01,55.8,65.07,397.40554696197967,2.001,614.5
2019-03-04,56.59,65.67,385.97574140776345,2.0143,622.75
2019-03-05,56.56,65.86,383.33809397217505,2.0164,619.25
2019-03-06,56.22,65.99,386.8549572196262,2.0162,620.0
2019-03-07,56.66,66.3,388.6133888433518,2.0127,622.25
2019-03-08,56.07,65.74,386.8549572196262,1.9998,610.25
2019-03-11,56.79,66.58,389.49260465521456,1.9942,612.0
2019-03-12,56.87,66.67,395.6471153382541,1.9857,612.0
2019-03-13,58.26,67.55,396.52633115011685,1.9921,609.25
2019-03-14,58.61,67.23,400.043194397568,1.9849,610.75
2019-03-15,58.52,67.16,399.16397858570525,1.9677,606.75
2019-03-18,59.09,67.54,396.52633115011685,1.969,605.0
2019-03-19,59.03,67.61,401.8016260212936,1.9904,609.25
2019-03-20,59.83,68.5,401.8016260212936,2.0081,618.5
2019-03-21,59.98,67.86,407.9561367043331,1.9871,610.25
2019-03-22,59.04,67.03,405.3184892687447,1.9659,597.25
2019-03-25,58.82,67.21,395.6471153382541,1.9804,606.75
2019-03-26,59.94,67.97,399.8673512351955,1.9899,608.75
2019-03-27,59.41,67.83,403.3842144826466,1.9806,608.25
2019-03-28,59.3,67.82,398.460605936215,1.972,600.0
2019-03-29,60.14,68.39,402.5929202519701,1.9734,605.25
2019-04-01,61.59,69.01,405.40641084993104,1.9881,606.75
2019-04-02,62.58,69.37,413.40727473788235,2.0089,613.75
2019-04-03,62.46,69.31,415.3415495239805,2.0068,611.0
2019-04-04,62.1,69.4,412.35221576364705,2.0134,615.75
2019-04-05,63.08,70.34,,2.0424,618.0
2019-04-08,64.4,71.1,418.59464802787284,2.0571,625.75
2019-04-09,63.98,70.61,420.4410012327847,2.0449,622.25
2019-04-10,64.61,71.73,418.2429617031277,2.0876,627.0
2019-04-11,63.58,70.83,422.111511275324,2.0672,627.0
2019-04-12,63.89,71.55,417.8033537971963,2.0707,633.0
2019-04-15,63.4,71.18,414.81402003686287,2.061,629.75
2019-04-16,64.05,71.72,411.9181320188352,2.0822,633.5
2019-04-17,63.76,71.62,417.97317060198384,2.0692,637.0
2019-04-18,64.0,71.97,414.72626585449837,2.0709,635.5
2019-04-19,,,417.6221538725259,,
2019-04-22,65.7,74.04,,2.104,648.75
2019-04-23,66.3,74.51,437.27909072216784,2.118,648.25
2019-04-24,65.89,74.57,436.1382863514297,2.0987,644.25
2019-04-25,65.21,74.35,443.94840858186774,2.0981,646.25
2019-04-26,63.3,72.15,437.01582817507443,2.0512,623.25
2019-04-29,63.5,72.04,423.6771924556746,2.0549,630.5
2019-04-30,63.91,72.8,427.9771473915337,2.0812,638.0
2019-05-01,63.6,72.18,,2.0942,639.0
2019-05-02,61.81,70.75,,2.0778,637.5
2019-05-03,61.94,70.85,,2.0702,649.0
2019-05-06,62.25,71.24,414.1997407603115,2.0676,640.0
2019-05-07,61.4,69.88,425.7832928324219,2.0376,634.25
2019-05-08,62.12,70.37,423.2384215438522,2.0562,639.25
2019-05-09,61.7,70.39,422.71189644966535,2.0436,632.25
2019-05-10,61.66,70.62,427.9771473915337,2.0504,632.25
2019-05-13,61.04,70.23,435.96277798670076,2.0384,639.25
2019-05-14,61.78,71.24,435.5240070748784,2.0589,636.25
2019-05-15,62.02,71.77,439.56069946364414,2.0863,650.5
2019-05-16,62.87,72.62,444.4749336760546,2.1232,665.25
2019-05-17,62.76,72.21,449.3014137061006,2.0955,657.0
2019-05-20,63.1,71.97,456.8823282791288,2.0736,651.5
2019-05-21,62.99,72.18,448.59621235047007,2.0794,645.0
2019-05-22,61.42,70.99,444.89390523340984,2.0491,632.5
2019-05-23,57.91,67.76,434.5803354073133,1.9624,607.5
2019-05-24,58.63,68.69,416.50955066928105,1.9713,604.75
2019-05-27,,70.11,414.0413459245742,,621.25
2019-05-28,59.14,70.11,420.38815812524894,1.9925,618.75
2019-05-29,58.81,69.45,417.65550287218065,1.9675,605.75
2019-05-30,56.59,66.87,419.68295676961844,1.915,598.0
2019-05-31,53.5,64.49,394.64830864473464,1.8418,577.5
2019-06-03,53.25,61.28,378.69312797359396,1.8065,562.25
2019-06-04,53.48,61.97,372.434465942373,1.8215,561.25
2019-06-05,51.68,60.63,374.6382201787184,1.78,543.5
2019-06-06,52.59,61.67,366.8810052667826,1.7883,543.75
2019-06-07,53.99,63.29,,1.8248,560.0
2019-06-10,53.26,62.29,383.2769367851924,1.8063,561.5
2019-06-11,53.27,62.29,379.92723034594735,1.8221,560.5
2019-06-12,51.14,59.97,372.8752167896421,1.7799,552.0
2019-06-13,52.28,61.31,377.0182747539714,1.8066,558.0
2019-06-14,52.51,62.01,375.2552713648951,1.8294,564.0
2019-06-17,51.93,60.94,374.37624753878856,1.7995,558.0
2019-06-18,53.9,62.14,363.4763520950671,1.8278,562.5
2019-06-19,53.76,61.82,373.4093213300714,1.8294,560.25
2019-06-20,56.65,64.45,380.61731670414525,1.8843,579.5
2019-06-21,57.43,65.2,386.330971573838,1.9158,587.0
2019-06-24,57.9,64.86,393.45106456530124,1.9089,579.75
2019-06-25,57.83,65.05,386.77048348689124,1.9234,589.0
2019-06-26,59.38,66.49,395.64862413056767,1.9713,599.25
2019-06-27,59.43,66.55,393.71477171313313,1.9525,594.0
2019-06-28,58.47,66.55,389.84706687826423,1.9446,595.0
2019-07-01,59.09,65.06,396.9671598697275,1.9538,590.5
2019-07-02,56.25,62.4,390.46238355653884,1.8863,577.5
2019-07-03,57.34,63.82,375.95849042578044,1.8987,573.75
2019-07-04,,63.3,378.33185475626817,,574.75
2019-07-05,57.51,64.23,379.82619526064934,1.905,576.75
2019-07-08,57.66,64.11,388.2648239912724,1.8953,579.25
2019-07-09,57.83,64.16,387.9132144608298,1.9106,576.25
2019-07-10,60.43,67.01,390.11077402609624,1.991,594.5
2019-07-11,60.2,66.52,405.7573981307932,1.9786,594.5
2019-07-12,60.21,66.72,402.76871712203086,1.9801,605.0
2019-07-15,59.58,66.48,399.26485703397486,1.9516,600.5
2019-07-16,57.62,64.35,398.47648851416227,1.9049,600.0
2019-07-17,56.78,63.66,386.7385572191748,1.8926,583.0
2019-07-18,55.3,61.93,382.7967146201119,1.8625,569.0
2019-07-19,55.63,62.47,377.89131049683357,1.8896,576.0
2019-07-22,56.22,63.26,380.78199506947976,1.8995,584.75
2019-07-23,56.77,63.83,382.6215216157091,1.9217,585.0
2019-07-24,55.88,63.18,385.8625921971609,1.9087,592.5
2019-07-25,56.02,63.39,385.9501886993623,1.9143,588.25
2019-07-26,56.2,63.46,389.1036627786126,1.9044,584.0
2019-07-29,56.87,63.71,384.72383766854267,1.9106,586.75
2019-07-30,58.05,64.72,389.0160662764112,1.944,592.25
2019-07-31,58.58,65.17,391.03078582704336,1.955,601.75
2019-08-01,53.95,60.5,387.96490824999444,1.8529,586.25
2019-08-02,55.66,61.89,375.2634154307916,1.8902,578.0
2019-08-05,54.69,59.81,379.29285453205597,1.8356,564.75
2019-08-06,53.63,58.94,377.10294197702103,1.824,559.25
2019-08-07,51.09,56.23,367.11694072606156,1.7532,533.75
2019-08-08,52.54,57.38,362.2115366027832,1.7766,542.75
2019-08-09,54.5,58.53,361.07278207416505,1.808,555.5
2019-08-12,54.93,58.57,366.0657826996448,1.8058,555.5
2019-08-13,57.1,61.3,366.1533792018462,1.8773,576.0
2019-08-14,55.23,59.48,376.77797365830264,1.8437,561.0
2019-08-15,54.47,58.23,368.7875761745213,1.8107,560.0
2019-08-16,54.87,58.64,367.03144485940453,1.8128,559.5
2019-08-19,56.21,59.74,373.00229133080154,1.8331,561.0
2019-08-20,56.34,60.03,374.93403577743,1.8543,563.5
2019-08-21,55.68,60.3,374.40719638289494,1.8573,572.0
2019-08-22,55.35,59.92,373.7925504226041,1.8413,565.0
2019-08-23,54.17,59.34,375.0218423431858,1.8156,556.0
2019-08-26,53.64,58.7,370.63151405539395,1.7924,558.0
2019-08-27,54.93,59.51,370.3680943581264,1.8159,553.5
2019-08-28,55.78,60.49,375.1974554746975,1.851,569.5
2019-08-29,56.71,61.08,377.91945901312846,1.864,571.75
2019-08-30,55.1,60.43,385.9098564969098,1.8282,561.0
2019-09-02,,58.66,378.8853312364427,,555.5
2019-09-03,53.94,58.26,377.2170064870818,1.8033,551.0
2019-09-04,56.26,60.7,377.4804261843493,1.8802,574.0
2019-09-05,56.3,60.95,385.4708236681306,1.8885,586.25
2019-09-06,56.52,61.54,388.92835865503423,1.9003,575.5
2019-09-09,57.85,62.59,394.5136074800324,1.9277,592.25
2019-09-10,57.4,62.38,396.4640118316191,1.9312,600.75
2019-09-11,55.75,60.81,397.97114246693604,1.9032,590.75
2019-09-12,55.09,60.38,386.9779543034475,1.8851,576.25
2019-09-13,54.85,60.22,,1.8778,577.0
2019-09-16,62.9,69.02,416.9432575232792,2.0838,637.25
2019-09-17,59.34,64.55,434.31958720105143,1.9896,620.0
2019-09-18,58.11,63.6,417.20922175304105,1.9733,611.0
2019-09-19,58.13,64.4,406.3933430760604,2.0049,615.75
2019-09-20,58.09,64.28,411.26935395502704,1.9863,617.25
2019-09-23,58.64,64.77,413.5743772796295,1.997,612.0
2019-09-24,57.29,63.1,409.5849138332022,1.9676,606.0
2019-09-25,56.49,62.39,401.2513679673319,1.9539,596.5
2019-09-26,56.41,62.74,399.38961835899914,1.9551,593.25
2019-09-27,55.91,61.91,397.61652349392034,1.9416,602.25
2019-09-30,54.07,60.78,396.2867023451112,1.9056,590.25
2019-10-01,53.62,58.89,,1.8985,587.25
2019-10-02,52.64,57.69,,1.873,570.5
2019-10-03,52.45,57.71,,1.876,566.25
2019-10-04,52.81,58.37,,1.8945,579.75
2019-10-07,52.75,58.35,,1.9033,588.75
2019-10-08,52.63,58.24,390.08087031733544,1.9101,578.75
2019-10-09,52.59,58.32,398.32576143995186,1.9193,591.25
2019-10-10,53.55,59.1,397.60854197303314,1.9208,591.25
2019-10-11,54.7,60.51,412.58049834496023,1.9576,595.75
2019-10-14,53.59,59.35,418.40790651367433,1.9151,579.25
2019-10-15,52.81,58.74,408.7254437102724,1.91,583.5
2019-10-16,53.36,59.42,406.2151755760571,1.9426,587.75
2019-10-17,53.93,59.91,398.14645657322217,1.9481,584.0
2019-10-18,53.78,59.42,401.0153344408968,1.9471,589.25
2019-10-21,53.31,58.96,399.9395052405188,1.9406,582.0
2019-10-22,54.16,59.7,396.53271277265515,1.9437,593.0
2019-10-23,55.97,61.17,397.698194406398,1.9643,590.75
2019-10-24,56.23,61.67,402.0015112079099,1.9863,599.0
2019-10-25,56.66,62.02,404.9600415089494,1.9796,597.75
2019-10-28,55.81,61.57,409.08405344373176,1.9618,591.75
2019-10-29,55.54,61.59,407.82891937662407,1.9563,591.25
2019-10-30,55.06,60.61,405.7669134092329,1.9136,582.0
2019-10-31,54.18,60.23,402.8083831081935,1.878,567.0
2019-11-01,56.2,61.69,397.698194406398,1.9331,578.0
2019-11-04,56.54,62.13,403.61525500847694,1.9405,594.0
2019-11-05,57.23,62.96,411.2357118444877,1.9566,589.5
2019-11-06,56.35,61.74,410.6081448109339,1.9278,586.75
2019-11-07,57.15,62.29,406.8427426096109,1.9203,583.25
2019-11-08,57.24,62.51,404.8703890755846,1.9181,576.5
2019-11-11,56.86,62.18,405.49795610913844,1.9142,583.5
2019-11-12,56.8,62.06,409.8909253440152,1.8976,583.5
2019-11-13,57.12,62.37,403.52560257511215,1.9125,575.25
2019-11-14,56.77,62.28,408.63238751001035,1.9179,580.75
2019-11-15,57.72,63.3,403.70478801142434,1.948,587.25
2019-11-18,57.05,62.44,408.363609355542,1.9047,571.75
2019-11-19,55.21,60.91,405.94460596532707,1.8574,567.5
2019-11-20,57.11,62.4,397.16451958602846,1.8921,573.75
2019-11-21,58.58,63.97,405.3174569382343,1.9447,579.0
2019-11-22,57.77,63.39,411.1409836183813,1.9294,581.75
2019-11-25,58.01,63.65,415.0830632172501,1.9443,582.75
2019-11-26,58.41,64.27,412.30568895441075,1.9606,589.5
2019-11-27,58.11,64.06,415.0830632172501,1.9465,587.5
2019-11-28,,63.87,413.7391724449085,,586.25
2019-11-29,55.17,62.43,415.2622486535623,1.8789,572.0
2019-12-02,55.96,60.92,404.51112247482934,1.886,575.0
2019-12-03,56.1,60.82,403.61519529326824,1.8799,570.0
2019-12-04,58.43,63.0,402.00252636645826,1.9229,579.0
2019-12-05,58.43,63.39,408.27401663738584,1.933,583.5
2019-12-06,59.2,64.39,410.3346491549764,1.9521,587.25
2019-12-09,59.02,64.25,417.7871165247494,1.9442,586.25
2019-12-10,59.24,64.34,419.0441592136268,1.9655,590.25
2019-12-11,58.76,63.72,417.87690528824066,1.9288,579.0
2019-12-12,59.18,64.2,418.7747929231531,1.9508,579.0
2019-12-13,60.07,65.22,418.5952153961706,1.9864,595.25
2019-12-16,60.21,65.34,422.815287280259,2.0045,606.75
2019-12-17,60.94,66.1,422.6357097532765,2.0334,613.5
2019-12-18,60.93,66.17,425.2395838945225,2.0203,609.75
2019-12-19,61.22,66.54,429.6392333055934,2.0295,614.5
2019-12-20,60.44,66.14,431.1656422849445,2.0218,613.5
2019-12-23,60.52,66.39,428.1128243262423,2.0222,612.5
2019-12-24,61.11,67.2,431.34521981192694,2.0363,615.25
2019-12-25,,,434.75719282459414,,
2019-12-26,61.68,67.92,435.29592540554165,2.0521,623.0
2019-12-27,61.72,68.16,439.6057860531213,2.0496,626.0
2019-12-30,61.68,68.44,439.33641976264755,2.0406,623.0
2019-12-31,61.06,66.0,434.1286714801555,2.0283,614.0
2020-01-02,61.18,66.25,433.1395630737177,2.0241,615.5
2020-01-03,63.05,68.6,448.69554073860314,2.0614,625.5
2020-01-06,63.27,68.91,464.071680511409,2.0339,620.0
2020-01-07,62.7,68.27,451.57294701187675,2.0324,616.75
2020-01-08,59.61,65.44,456.878164828225,1.9582,606.25
2020-01-09,59.56,65.37,432.9597251816381,1.9501,593.25
2020-01-10,59.04,64.98,430.80167047668294,1.9284,593.25
2020-01-13,58.08,64.2,428.8234536638073,1.898,577.0
2020-01-14,58.23,64.49,418.48277486923024,1.9103,579.5
2020-01-15,57.81,64.0,416.59447700239446,1.8779,575.75
2020-01-16,58.52,64.62,416.86423384051386,1.86,576.0
2020-01-17,58.54,64.85,417.22390962467307,1.8592,568.75
2020-01-20,,65.2,419.02228854546905,,576.75
2020-01-21,58.34,64.59,414.43642229743926,1.8292,569.0
2020-01-22,56.74,63.21,413.44731389100144,1.8002,552.25
2020-01-23,55.59,62.04,402.1175266899866,1.7916,545.5
2020-01-24,54.19,60.69,,1.734,536.0
2020-01-27,53.14,59.32,,1.6795,511.5
2020-01-28,53.48,59.51,,1.7159,525.0
2020-01-29,53.33,59.81,,1.7035,523.25
2020-01-30,52.14,58.29,,1.6396,509.0
2020-01-31,51.56,58.16,,1.6245,501.0
2020-02-03,50.11,54.45,373.61322079536995,1.5779,483.5
2020-02-04,49.61,53.96,361.5087305665064,1.5839,491.75
2020-02-05,50.75,55.28,360.42474636690673,1.6454,506.25
2020-02-06,50.95,54.93,369.548280046871,1.6654,507.75
2020-02-07,50.32,54.47,365.754335348272,1.6433,505.25
2020-02-10,49.57,53.27,361.2377345166065,1.6125,492.5
2020-02-11,49.94,54.01,359.340762167307,1.6267,494.25
2020-02-12,51.17,55.79,364.30902308213905,1.6757,494.25
2020-02-13,51.42,56.34,366.8383195478717,1.6805,512.5
2020-02-14,52.05,57.32,368.73529189717124,1.6982,514.5
2020-02-17,,57.67,370.72259626310404,,510.25
2020-02-18,52.05,57.75,366.74798753123844,1.6724,504.0
2020-02-19,53.29,59.12,373.5228887787367,1.7068,517.0
2020-02-20,53.78,59.31,379.0331417933686,1.6976,519.0
2020-02-21,53.38,58.5,375.2391970947695,1.6866,508.5
2020-02-24,51.43,56.3,361.5087305665064,1.6132,485.5
2020-02-25,49.9,54.95,360.69574241680664,1.5685,485.75
2020-02-26,48.73,53.43,345.5404591219829,1.4994,468.75
2020-02-27,47.09,52.18,334.21857101349684,1.4892,445.25
2020-02-28,44.76,50.52,320.9354109492101,1.4906,441.0
2020-03-02,46.75,51.9,327.97816024504,1.5287,454.5
2020-03-03,47.18,51.86,335.64495061771555,1.533,460.25
2020-03-04,46.78,51.13,334.3968684640242,1.5332,462.25
2020-03-05,45.9,49.99,333.1487863103328,1.4885,456.0
2020-03-06,41.28,45.27,318.52839536709104,1.3852,413.25
2020-03-09,31.13,34.36,301.4118401164665,1.1629,359.25
2020-03-10,34.36,37.22,274.2214789110473,1.2499,369.0
2020-03-11,32.98,35.79,245.15899447509105,1.238,376.0
2020-03-12,31.5,33.22,232.767321663441,1.1598,376.0
2020-03-13,31.73,33.85,238.11624517926117,1.1374,336.5
2020-03-16,28.7,30.05,221.2671361044276,1.0466,306.25
2020-03-17,26.95,28.73,219.6978656356019,1.0357,300.0
2020-03-18,20.37,24.88,210.10787943722244,0.9542,271.25
2020-03-19,25.22,28.47,205.92315818702048,1.0417,287.75
2020-03-20,22.43,26.98,219.26195717203916,1.0063,301.0
2020-03-23,23.36,27.03,216.9952331615131,1.0161,286.0
2020-03-24,24.01,27.15,226.6724010526051,1.0803,303.25
2020-03-25,24.49,27.39,230.50839553195686,1.0978,306.0
2020-03-26,22.6,26.34,225.53903904734207,1.0503,303.75
2020-03-27,21.51,24.93,222.83640657325333,1.0685,300.25
2020-03-30,20.09,22.76,219.6978656356019,1.0194,285.25
2020-03-31,20.48,22.74,231.29303076636975,1.0121,292.75
2020-04-01,20.31,24.74,228.59039829228098,0.9323,271.75
2020-04-02,25.32,29.94,251.95509193924184,0.9951,276.0
2020-04-03,28.34,34.11,247.16009884005211,1.0706,297.0
2020-04-06,26.08,33.05,,1.0457,293.75
2020-04-07,23.63,31.87,259.5398992052328,1.0275,298.0
2020-04-08,25.09,32.84,255.26799626231838,1.0107,298.0
2020-04-09,22.76,31.48,262.93998522102197,0.9726,302.5
2020-04-10,,,252.82690886636723,,
2020-04-13,22.41,31.74,248.55500592345277,0.9946,298.5
2020-04-14,20.11,29.6,244.80619313681353,0.9442,279.5
2020-04-15,19.87,27.69,239.31374649592348,0.9138,260.75
2020-04-16,19.87,27.82,225.45185735462957,0.9463,271.0
2020-04-17,18.27,28.08,221.17995441171504,0.9563,275.5
2020-04-20,,25.57,211.67714990604816,0.8878,261.75
2020-04-21,10.01,19.33,199.82043969714266,0.7269,216.0
2020-04-22,13.78,20.37,183.60464485261014,0.7311,212.0
2020-04-23,16.5,21.33,199.86087632944796,0.7345,227.75
2020-04-24,16.94,21.44,202.2539256331449,0.6467,205.0
2020-04-27,12.78,19.99,190.53623593918059,0.6104,190.75
2020-04-28,12.34,20.46,191.77402006178244,0.6308,191.5
2020-04-29,15.06,22.54,201.0986604520498,0.6945,208.5
2020-04-30,18.84,25.27,205.22460752738937,0.7319,236.75
2020-05-01,19.78,26.44,,0.7961,220.0
2020-05-04,20.39,27.2,,0.8031,210.75
2020-05-05,24.56,30.97,,0.896,241.75
2020-05-06,23.99,29.72,217.51992981190128,0.824,228.0
2020-05-07,23.55,29.46,215.70451309875182,0.8371,237.75
2020-05-08,24.74,30.97,216.44718357231298,0.8993,242.25
2020-05-11,24.14,29.63,213.55902061957528,0.8687,240.0
2020-05-12,25.78,29.98,208.93795989519498,0.8384,240.0
2020-05-13,25.29,29.19,207.37010000656596,0.8314,245.25
2020-05-14,27.56,31.13,202.4189635161585,0.8948,255.25
2020-05-15,29.43,32.5,214.1366532101228,0.9204,269.75
2020-05-18,31.82,34.81,220.82068747217292,1.0064,302.75
2020-05-19,32.5,34.65,220.65564958915928,0.9736,290.25
2020-05-20,33.49,35.75,221.64587688724083,0.9906,299.5
2020-05-21,33.92,36.06,229.56769527189275,0.989,296.5
2020-05-22,33.25,35.13,219.25282758354385,0.982,287.75
2020-05-25,,35.53,224.2039640739513,,299.75
2020-05-26,34.35,36.17,226.76205126066185,0.9908,297.0
2020-05-27,32.81,34.74,225.11167243052603,0.9721,286.75
2020-05-28,33.71,35.29,225.35922925504642,0.9256,281.0
2020-05-29,35.49,35.33,227.092127026689,0.9647,283.75
2020-06-01,35.44,38.32,229.48517633038597,1.029,293.75
2020-06-02,36.81,39.57,229.89777103791994,1.0921,314.0
2020-06-03,37.29,39.79,239.80004401873487,1.0646,307.25
2020-06-04,37.41,39.99,231.38311198504212,1.0741,302.5
2020-06-05,39.55,42.3,235.09646435284773,1.1506,330.5
2020-06-08,38.19,40.8,244.00851003558117,1.1213,330.0
2020-06-09,38.94,41.18,239.91389861795486,1.1547,329.0
2020-06-10,39.6,41.73,237.3358099475976,1.173,336.0
2020-06-11,36.34,38.55,233.69615535415198,1.088,336.0
2020-06-12,36.26,38.73,222.32223474963453,1.1014,328.5
2020-06-15,37.12,39.72,218.91287094997898,1.137,330.5
2020-06-16,38.38,40.96,230.09241271164032,1.1822,346.0
2020-06-17,37.96,40.71,233.58106404152048,1.182,349.5
2020-06-18,38.84,41.51,234.1360767530923,1.1986,353.75
2020-06-19,39.75,42.19,237.30757796207425,1.2114,364.5
2020-06-22,40.46,43.08,235.7218273575833,1.2186,364.5
2020-06-23,40.37,42.63,236.7525652505024,1.203,367.75
2020-06-24,38.01,40.31,237.0697153714006,1.1508,345.75
2020-06-25,38.72,41.05,,1.1556,344.5
2020-06-26,38.49,41.02,,1.1363,339.0
2020-06-29,39.7,41.71,226.52447385153562,1.1654,348.0
2020-06-30,39.27,41.15,231.83673837658037,1.1781,352.25
2020-07-01,39.82,42.03,232.55032614860133,1.1996,357.5
2020-07-02,40.65,43.14,236.4354151296042,1.2311,363.0
2020-07-03,,42.8,236.11826500870603,,364.0
2020-07-06,40.63,43.1,237.26261847401474,1.2417,372.5
2020-07-07,40.62,43.08,235.50794316054132,1.2433,370.5
2020-07-08,40.9,43.29,237.33890870503535,1.2344,367.75
2020-07-09,39.62,42.35,237.87294032217943,1.2239,364.5
2020-07-10,40.55,43.24,232.53262415073857,1.2412,364.5
2020-07-13,40.1,42.72,235.202782236459,1.2235,368.5
2020-07-14,40.29,42.9,232.9140753058415,1.2208,366.5
2020-07-15,41.2,43.79,234.89762131237666,1.2448,371.0
2020-07-16,40.75,43.37,230.01504652705933,1.2279,369.0
2020-07-17,40.59,43.14,229.40472467889464,1.2191,367.5
2020-07-20,40.81,43.28,223.7592475833715,1.2355,370.5
2020-07-21,41.96,44.32,228.41295167562706,1.28,386.75
2020-07-22,41.9,44.29,229.86246606501817,1.2707,379.25
2020-07-23,41.07,43.31,229.709885602977,1.2541,377.75
2020-07-24,41.29,43.34,225.66650335888608,1.2563,374.75
2020-07-27,41.6,43.41,224.90360104868023,1.2541,370.0
2020-07-28,41.04,43.22,222.69118434908327,1.2421,371.0
2020-07-29,41.27,43.75,222.08086250091864,1.2533,377.25
2020-07-30,39.92,42.94,221.92828203887746,1.2119,360.25
2020-07-31,40.27,43.3,218.26635094988947,1.2171,365.0
2020-08-03,41.01,44.15,213.3837761645721,1.2409,370.0
2020-08-04,41.7,44.43,214.60441986090146,1.2584,370.75
2020-08-05,42.19,45.17,213.61264685763385,1.2631,388.0
2020-08-06,41.95,45.09,215.82506355723078,1.2499,374.5
2020-08-07,41.22,44.4,214.98587101600438,1.2199,369.0
2020-08-10,41.94,44.99,216.89312679151897,1.2369,367.75
2020-08-11,41.61,44.5,217.63110952983652,1.2384,376.0
2020-08-12,42.67,45.43,216.597933696192,1.2572,376.0
2020-08-13,42.24,44.96,216.15514405320147,1.2381,376.5
2020-08-14,42.01,44.8,215.41716131488394,1.2367,374.5
2020-08-17,42.89,45.37,213.49840619525844,1.2391,375.0
2020-08-18,42.89,45.46,209.66089595600732,1.2604,380.0
2020-08-19,42.93,45.37,213.12941482609966,1.251,376.75
2020-08-20,42.58,44.9,213.12941482609966,1.2467,371.0
2020-08-21,42.34,44.35,211.28445798030586,1.208,360.0
2020-08-24,42.62,45.13,213.0556165522679,1.2476,370.75
2020-08-25,43.35,45.86,216.45033714852852,1.2601,378.5
2020-08-26,43.39,45.64,217.26211816067774,1.2447,371.0
2020-08-27,43.04,45.09,217.63110952983652,1.2107,362.5
2020-08-28,42.97,45.05,216.67173197002376,1.2162,365.5
2020-08-31,42.61,45.28,219.91885601862083,1.1961,362.0
2020-09-01,42.76,45.58,217.5573112560048,1.2308,365.75
2020-09-02,41.51,44.43,216.00754750553799,1.1885,355.25
2020-09-03,41.37,44.07,210.9154666111471,1.1677,334.5
2020-09-04,39.77,42.66,209.88229077750256,1.1515,335.5
2020-09-07,,42.01,201.10029619152408,,328.0
2020-09-08,36.76,39.78,198.59115488124453,1.0768,309.5
2020-09-09,38.05,40.79,185.1510767222037,1.1061,317.25
2020-09-10,37.3,40.06,184.801074686812,1.0824,317.25
2020-09-11,37.33,39.83,181.8610575895218,1.0896,324.0
2020-09-14,37.26,39.61,183.40106654524524,1.0934,319.75
2020-09-15,38.28,40.53,182.49106125322683,1.0993,320.0
2020-09-16,40.16,42.22,189.4211015539823,1.1163,325.25
2020-09-17,40.97,43.3,189.00109911151227,1.1598,340.0
2020-09-18,41.11,43.15,194.46113086362263,1.159,339.75
2020-09-21,39.31,41.44,193.6911263857609,1.1073,321.75
2020-09-22,39.6,41.72,185.36107794343872,1.0961,322.25
2020-09-23,39.93,41.77,185.50107875759537,1.1075,325.75
2020-09-24,40.31,41.94,183.19106532401022,1.1167,320.75
2020-09-25,40.25,41.92,186.3345410707165,1.1262,325.25
2020-09-28,40.6,42.43,183.859889950969,1.1395,330.25
2020-09-29,39.29,41.03,185.7325989064536,1.109,325.5
2020-09-30,40.22,40.95,178.30864554721114,1.1454,329.5
2020-10-01,38.72,40.93,,1.125,317.0
2020-10-02,37.05,39.27,,1.085,314.75
2020-10-05,39.22,41.29,,1.1333,329.0
2020-10-06,40.67,42.65,,1.1886,341.75
2020-10-07,39.95,41.99,,1.1608,332.25
2020-10-08,41.19,43.34,,1.1923,343.5
2020-10-09,40.6,42.85,185.26442166758244,1.1933,347.0
2020-10-12,39.43,41.72,184.06053733905665,1.1571,347.0
2020-10-13,40.2,42.45,181.85341607009266,1.169,339.25
2020-10-14,41.04,43.32,180.31511942808748,1.1925,343.0
2020-10-15,40.96,43.16,182.52224069705144,1.1887,341.5
2020-10-16,40.88,42.93,181.51900375661327,1.1791,344.75
2020-10-19,40.83,42.62,181.65276868200505,1.1581,341.0
2020-10-20,41.46,43.16,181.0508265177421,1.1735,337.25
2020-10-21,40.03,41.73,180.44888435347923,1.1399,328.0
2020-10-22,40.64,42.46,178.375528009907,1.1607,336.25
2020-10-23,39.85,41.77,177.43917353216472,1.1513,335.0
2020-10-26,38.56,40.46,171.0853395760563,1.1218,320.25
2020-10-27,39.57,41.2,171.48663435223153,1.1577,329.5
2020-10-28,37.39,39.12,168.54380599361292,1.1142,314.75
2020-10-29,36.17,37.65,158.97961382810234,1.0884,304.0
2020-10-30,35.79,37.46,149.8583592165506,1.0813,305.0
2020-11-02,36.81,38.97,147.28899172033886,1.1123,307.25
2020-11-03,37.66,39.71,153.32700533643646,1.1271,316.75
2020-11-04,39.15,41.23,159.17231639031823,1.1735,327.5
2020-11-05,38.79,40.93,156.2175437696747,1.1696,327.0
2020-11-06,37.14,39.45,154.4189865223265,1.1426,322.75
2020-11-09,40.29,42.4,157.69493007999645,1.2167,343.75
2020-11-10,41.36,43.61,164.69645650717348,1.2525,351.0
2020-11-11,41.45,43.8,170.79870431067638,1.2458,358.5
2020-11-12,41.12,43.53,167.651229127817,1.2333,358.5
2020-11-13,40.13,42.78,165.21033000641583,1.2042,344.75
2020-11-16,41.34,43.82,167.52276075300642,1.2289,352.75
2020-11-17,41.43,43.75,166.8804188789535,1.2391,350.25
2020-11-18,41.82,44.34,166.8161846915482,1.264,360.75
2020-11-19,41.74,44.2,167.5869949404117,1.2707,357.75
2020-11-20,42.15,44.96,167.39429237819584,1.2863,359.5
2020-11-23,43.06,46.06,172.08338805878228,1.3105,370.25
2020-11-24,44.91,47.86,180.75500335849694,1.3595,388.75
2020-11-25,45.71,48.61,186.15067510054166,1.3866,389.25
2020-11-26,,47.8,185.31563066427282,,389.0
2020-11-27,45.53,48.18,185.70103578870462,1.3805,391.5
2020-11-30,45.34,47.59,180.88347173330757,1.3559,387.0
2020-12-01,44.55,47.42,184.15941529097753,1.3473,386.25
2020-12-02,45.28,48.25,182.4893264184399,1.3662,390.5
2020-12-03,45.64,48.71,184.22364947838284,1.3933,396.5
2020-12-04,46.26,49.25,190.0075583130415,1.403,397.5
2020-12-07,45.76,48.79,188.71540846700074,1.3992,401.5
2020-12-08,45.6,48.84,182.13159734669782,1.4067,402.0
2020-12-09,45.52,48.86,183.05456152244122,1.3989,398.5
2020-12-10,46.78,50.25,181.63934978630132,1.4357,398.5
2020-12-11,46.57,49.97,185.51579932442363,1.4369,412.0
2020-12-14,46.99,50.29,187.60785145610865,1.4544,410.5
2020-12-15,47.62,50.76,184.90048987392802,1.4644,419.75
2020-12-16,47.82,51.08,185.7003921595723,1.4779,418.75
2020-12-17,48.36,51.5,193.63788407096553,1.4952,426.75
2020-12-18,49.1,52.26,194.06860068631244,1.513,433.5
2020-12-21,47.74,50.91,190.0075583130415,1.4774,414.25
2020-12-22,47.02,50.08,181.63934978630132,1.4616,418.0
2020-12-23,48.12,51.2,179.30117387441803,1.4975,427.0
2020-12-24,48.23,51.29,189.02306319224854,1.49,423.5
2020-12-25,,,190.499805873438,,
2020-12-28,47.62,50.86,188.6538775219512,1.479,426.75
2020-12-29,48.0,51.09,187.6693824011582,1.4868,424.75
2020-12-30,48.4,51.34,187.73091334620779,1.4898,425.25
2020-12-31,48.52,51.8,185.63886121452273,1.4763,420.75
2021-01-04,47.62,51.09,196.9605551036418,1.462,419.75
2021-01-05,49.93,53.6,191.6389312629539,1.5189,431.75
2021-01-06,50.63,54.3,199.07711004027902,1.5287,434.75
2021-01-07,50.83,54.38,206.51528881760416,1.5381,436.25
2021-01-08,52.24,55.99,208.38995176148288,1.5795,443.75
2021-01-11,52.25,55.66,201.01224598234734,1.5735,445.75
2021-01-12,53.21,56.58,208.20853276691395,1.5967,445.75
2021-01-13,52.91,56.06,211.83691265829205,1.5989,460.25
2021-01-14,53.57,56.42,207.05954580131086,1.6194,459.5
2021-01-15,52.36,55.1,205.2453558556218,1.5929,452.0
2021-01-18,,54.75,201.37508397148517,,453.5
2021-01-19,52.98,55.9,202.16123294795042,1.5987,459.25
2021-01-20,53.24,56.08,207.24096479587976,1.6004,459.5
2021-01-21,53.13,56.1,205.60819384475963,1.6006,455.0
2021-01-22,52.27,55.41,200.95177298415774,1.576,449.25
2021-01-25,52.77,55.88,200.83082698777847,1.5939,448.5
2021-01-26,52.61,55.91,198.35143406200342,1.5984,451.0
2021-01-27,52.85,55.81,202.58454393527788,1.6089,456.0
2021-01-28,52.34,55.53,201.55650296605407,1.6017,451.25
2021-01-29,52.2,55.88,202.58454393527788,1.6004,450.25
2021-02-01,53.55,56.35,203.37069291174313,1.6469,454.25
2021-02-02,54.76,57.46,209.72035772165484,1.6746,471.75
2021-02-03,55.69,58.46,209.1270893829797,1.6905,477.25
2021-02-04,56.23,58.84,215.29708010520093,1.7005,475.5
2021-02-05,56.85,59.34,216.12765577934613,1.7137,487.5
2021-02-08,57.97,60.56,219.09399747272172,1.7478,493.5
2021-02-09,58.36,61.09,224.37408568693027,1.7567,496.25
2021-02-10,58.68,61.47,220.22120731620444,1.761,501.0
2021-02-11,58.24,61.14,,1.7446,501.0
2021-02-12,59.47,62.43,,1.7714,502.75
2021-02-15,,63.3,,,518.25
2021-02-16,60.05,63.35,,1.8144,515.25
2021-02-17,61.14,64.34,,1.8377,519.25
2021-02-18,60.52,63.93,236.7140671313728,1.8364,526.75
2021-02-19,59.24,62.91,230.4254227414165,1.8229,523.0
2021-02-22,61.49,65.24,232.67984242838196,1.8586,526.0
2021-02-23,61.67,65.37,244.96049703895693,1.868,532.0
2021-02-24,63.22,67.04,240.7482918343636,1.9083,541.5
2021-02-25,63.53,66.88,247.86751189846504,1.9066,542.25
2021-02-26,61.5,66.13,240.8076186682311,1.8565,532.0
2021-03-01,60.64,63.69,242.64675051812398,1.8192,526.75
2021-03-02,59.75,62.7,229.84818636507265,1.8081,517.75
2021-03-03,61.28,64.07,232.88711483976977,1.8357,520.0
2021-03-04,63.83,66.74,236.97798009416974,1.896,535.25
2021-03-05,66.09,69.36,250.3609535692782,1.944,547.5
2021-03-08,65.05,68.24,259.76994365439816,1.9085,546.0
2021-03-09,64.01,67.52,250.24407170486677,1.9073,537.75
2021-03-10,64.44,67.9,243.87401009444397,1.9173,530.5
2021-03-11,66.02,69.63,246.4454111114954,1.9594,530.5
2021-03-12,65.61,69.22,247.4389069589925,1.9675,553.25
2021-03-15,65.39,68.88,250.18563077266109,1.9489,544.0
2021-03-16,64.8,68.39,243.1142779757697,1.9327,538.5
2021-03-17,64.6,68.0,245.97788365384966,1.9061,532.25
2021-03-18,60.0,63.28,240.48443602651258,1.7842,515.5
2021-03-19,61.42,64.53,221.78333772068413,1.8223,510.5
2021-03-22,61.55,64.62,227.97807653448982,1.8293,513.5
2021-03-23,57.76,60.79,228.3871630599298,1.7489,497.25
2021-03-24,61.18,64.41,220.96516466980415,1.8256,508.0
2021-03-25,58.56,61.95,223.94565221229553,1.7478,488.0
2021-03-26,60.97,64.57,224.5885024665584,1.81,510.75
2021-03-29,61.56,64.98,226.75081695816982,1.8098,505.25
2021-03-30,60.55,64.14,232.9455557719755,1.7892,506.5
2021-03-31,59.16,63.54,233.58840602623832,1.7713,505.25
2021-04-01,61.45,64.86,229.5559817040441,1.8316,496.25
2021-04-02,61.45,,238.9065308569583,1.8316,
2021-04-05,58.65,62.15,,1.7724,498.5
2021-04-06,59.33,62.74,226.80925789037553,1.7941,503.5
2021-04-07,59.77,63.16,225.58199831405554,1.8079,493.5
2021-04-08,59.6,63.2,224.1209750089127,1.8098,500.5
2021-04-09,59.32,62.95,225.93264390728984,1.8076,503.75
2021-04-12,59.7,63.28,223.72842299112114,1.808,503.75
2021-04-13,60.18,63.67,228.5429055185422,1.8145,509.5
2021-04-14,63.15,66.58,232.02325433354537,1.89,528.25
2021-04-15,63.46,66.94,240.4921031167198,1.8989,530.0
2021-04-16,63.13,66.77,241.82623682913766,1.8957,531.5
2021-04-19,63.38,67.05,239.1579694043019,1.8925,529.0
2021-04-20,62.44,66.57,240.31808567596963,1.8801,519.0
2021-04-21,61.35,65.32,233.47339967313005,1.8537,520.25
2021-04-22,61.43,65.4,229.23897528154282,1.8608,521.25
2021-04-23,62.14,66.11,231.44319619771153,1.8735,525.0
2021-04-26,61.91,65.65,229.99305085812685,1.8785,522.75
2021-04-27,62.94,66.42,233.41539385954664,1.9057,525.5
2021-04-28,63.86,67.27,236.7217252337997,1.9386,539.25
2021-04-29,65.01,68.56,240.66612055746992,1.9614,543.75
2021-04-30,63.58,67.25,243.68242286380604,1.9211,533.75
2021-05-03,64.49,67.56,,1.9519,543.5
2021-05-04,65.69,68.88,,1.9988,551.25
2021-05-05,65.63,68.96,,2.0025,559.25
2021-05-06,64.71,68.09,248.43889957764372,1.9895,551.0
2021-05-07,64.9,68.28,246.93074842447567,2.0106,550.5
2021-05-10,64.92,68.32,248.2626919549079,2.0166,552.5
2021-05-11,65.28,68.55,243.68775548081467,2.0417,556.25
2021-05-12,66.08,69.32,248.3785131314672,2.0695,556.25
2021-05-13,63.82,67.05,246.06208960028076,2.0009,
2021-05-14,65.37,68.71,240.039388419196,2.0362,557.25
2021-05-17,66.27,69.46,247.10448018931467,2.0604,563.5
2021-05-18,65.49,68.71,252.83762842900117,2.0564,566.0
2021-05-19,63.36,66.66,243.9193978339333,2.0071,543.5
2021-05-20,62.05,65.11,238.01251782940787,1.9644,546.5
2021-05-21,63.58,66.44,231.75817429520444,1.9882,546.5
2021-05-24,66.05,68.46,239.7498354777977,2.042,556.75
2021-05-25,66.07,68.65,246.12000018856043,2.0354,558.5
2021-05-26,66.21,68.87,246.87283783619603,2.0452,561.0
2021-05-27,66.85,69.46,244.32477195189094,2.0564,561.75
2021-05-28,66.32,69.63,248.95761901426383,2.0445,565.5
2021-05-31,,69.32,248.32060254318756,,567.25
2021-06-01,67.72,70.25,254.80658843050963,2.0715,573.0
2021-06-02,68.83,71.35,254.16957195943334,2.1071,577.75
2021-06-03,68.81,71.31,259.4973460811622,2.1017,576.25
2021-06-04,69.62,71.89,257.817939021052,2.1199,581.25
2021-06-07,69.23,71.49,256.4280849023402,2.1156,580.5
2021-06-08,70.05,72.22,256.54390607889945,2.135,580.5
2021-06-09,69.96,72.22,262.45078608342493,2.1295,584.75
2021-06-10,70.29,72.52,258.51286608040795,2.1434,584.75
2021-06-11,70.91,72.69,262.6245178482639,2.1207,589.5
2021-06-14,70.88,72.86,,2.1116,594.25
2021-06-15,72.12,73.99,263.49876724189994,2.1123,596.5
2021-06-16,72.15,74.39,268.8608301895343,2.1034,605.75
2021-06-17,71.04,73.08,266.8791982306259,2.0668,591.5
2021-06-18,71.64,73.51,257.84528782972023,2.0932,593.5
2021-06-21,73.66,74.9,263.3239173631727,2.1268,596.0
2021-06-22,73.06,74.81,269.1522466540796,2.151,600.25
2021-06-23,73.08,75.19,271.60014495626046,2.1594,607.0
2021-06-24,73.3,75.56,271.30872849171516,2.1623,603.25
2021-06-25,74.05,76.18,271.7749948349877,2.1493,606.0
2021-06-28,72.91,74.68,270.37619580517,2.1182,599.5
2021-06-29,72.98,74.76,265.9466655440808,2.1219,600.25
2021-06-30,73.47,75.13,267.52031445262566,2.1287,596.75
2021-07-01,75.23,75.84,267.811730917171,2.1562,606.0
2021-07-02,75.16,76.17,272.82409410735096,2.1791,611.25
2021-07-05,,77.16,274.86400935916834,,615.5
2021-07-06,73.37,74.53,276.32109168189504,2.1049,598.75
2021-07-07,72.2,73.43,262.7993677269911,2.0891,585.5
2021-07-08,72.94,74.12,255.80537257790283,2.1204,592.25
2021-07-09,74.56,75.55,259.12752027371977,2.1552,610.0
2021-07-12,74.1,75.16,261.4588519900825,2.1498,610.0
2021-07-13,75.25,76.49,265.0141328575357,2.1844,613.0
2021-07-14,73.13,74.76,269.5763722333791,2.1435,612.5
2021-07-15,71.65,73.47,256.92915168515503,2.1126,601.25
2021-07-16,71.81,73.59,252.94441096448168,2.1133,597.0
2021-07-19,66.42,68.62,251.26966486448856,1.9852,562.5
2021-07-20,67.42,69.35,239.3731925679855,2.0127,562.25
2021-07-21,70.3,72.23,238.56469445074745,2.087,585.25
2021-07-22,71.91,73.79,246.2454265645091,2.1326,592.5
2021-07-23,72.07,74.1,252.13591284724362,2.1339,599.0
2021-07-26,71.91,74.5,253.63740935068574,2.151,600.0
2021-07-27,71.65,74.48,257.5644002058421,2.1439,600.5
2021-07-28,72.39,74.74,260.16314415410733,2.156,601.0
2021-07-29,73.62,76.05,261.5491409265154,2.1894,609.25
2021-07-30,73.95,76.33,261.1448918678964,2.1994,613.25
2021-08-02,71.26,72.89,259.47014576790326,2.1358,596.25
2021-08-03,70.56,72.41,251.32741473000553,2.1264,591.75
2021-08-04,68.15,70.38,252.0204131162096,2.0741,581.5
2021-08-05,69.09,71.29,243.35793328865884,2.106,585.0
2021-08-06,68.28,70.7,250.17241741966544,2.0845,580.25
2021-08-09,66.48,69.04,241.74093705418272,2.0421,562.0
2021-08-10,68.29,70.63,245.54062789618703,2.0802,579.5
2021-08-11,69.25,71.44,250.20388483864687,2.1058,575.5
2021-08-12,69.09,71.31,248.7070369311906,2.1039,575.5
2021-08-13,68.44,70.59,247.55561546391658,2.0779,582.5
2021-08-16,67.29,69.51,244.2740642821856,2.0483,571.25
2021-08-17,66.59,69.03,241.74093705418272,2.0361,574.25
2021-08-18,65.46,68.23,243.23778496163897,2.0212,570.75
2021-08-19,63.69,66.45,233.6809867832645,1.969,543.25
2021-08-20,62.32,65.18,233.3355603430823,1.9082,546.25
2021-08-23,65.64,68.75,233.45070248980971,2.0051,569.25
2021-08-24,67.54,71.05,243.29535603500267,2.0668,584.5
2021-08-25,68.36,72.25,247.26776009709806,2.1182,589.0
2021-08-26,67.42,71.07,249.11003444473653,2.0832,588.75
2021-08-27,68.74,72.7,252.2764434797401,2.1092,598.5
2021-08-30,69.21,73.41,252.33401455310383,2.1403,603.25
2021-08-31,68.5,72.99,253.77329138719637,2.131,601.5
2021-09-01,68.59,71.59,257.0548425689273,2.1289,595.0
2021-09-02,69.99,73.03,256.0761343217444,2.1677,617.25
2021-09-03,69.29,72.61,262.524094538479,2.1594,613.25
2021-09-06,,72.22,257.63055330256435,,607.0
2021-09-07,68.35,71.69,262.09947707014663,2.1216,602.0
2021-09-08,69.3,72.6,260.3002999689122,2.1364,605.0
2021-09-09,68.14,71.45,261.98340112813145,2.1137,605.5
2021-09-10,69.72,72.92,259.6038443168215,2.146,605.5
2021-09-13,70.45,73.51,266.9746666347817,2.1583,615.0
2021-09-14,70.46,73.6,269.3542234460918,2.1613,615.0
2021-09-15,72.61,75.46,271.21143851833375,2.2053,633.25
2021-09-16,72.61,75.67,274.92586866281766,2.211,628.75
2021-09-17,71.97,75.34,275.4482104018857,2.2091,631.5
2021-09-20,70.29,73.92,,2.159,627.5
2021-09-21,70.56,74.36,,2.1738,620.0
2021-09-22,72.23,76.19,275.04194460483274,2.2116,636.25
2021-09-23,73.3,77.25,278.23403301024865,2.2491,648.0
2021-09-24,73.98,78.09,283.57352634294426,2.2671,655.25
2021-09-27,75.45,79.53,286.9977666323904,2.296,669.25
2021-09-28,75.29,79.09,294.60074083438093,2.289,664.25
2021-09-29,74.83,78.64,283.92175416898965,2.3075,666.75
2021-09-30,75.03,78.52,287.055804603398,2.3417,676.25
2021-10-01,75.88,79.28,,2.3827,673.25
2021-10-04,77.62,81.26,,2.4366,697.5
2021-10-05,78.93,82.56,,2.4936,720.25
2021-10-06,77.43,81.08,,2.442,703.5
2021-10-07,78.3,81.95,,2.4596,704.5
2021-10-08,79.35,82.39,306.498524890931,2.4737,716.75
2021-10-11,80.52,83.65,307.6012463400746,2.515,727.5
2021-10-12,80.64,83.42,307.77605288279494,2.51,727.5
2021-10-13,80.44,83.18,306.31933169345945,2.5211,723.25
2021-10-14,81.31,84.0,308.53354790124934,2.5614,727.5
2021-10-15,82.28,84.86,311.4469902799202,2.5737,746.75
2021-10-18,82.44,84.33,316.3998423236608,2.5492,738.5
2021-10-19,82.96,85.08,309.05796752941006,2.5607,735.0
2021-10-20,83.87,85.82,305.561836675005,2.5923,738.25
2021-10-21,82.5,84.61,308.70835444396954,2.5491,722.5
2021-10-22,83.76,85.53,303.11454507692144,2.5389,732.25
2021-10-25,83.76,85.99,310.6894952614658,2.5647,744.25
2021-10-26,84.65,86.4,309.7571937002911,2.5773,743.0
2021-10-27,82.66,84.58,307.8343217303683,2.5148,726.75
2021-10-28,82.81,84.32,301.54128619243914,2.5165,714.25
2021-10-29,83.57,84.38,306.2027939983126,2.4964,718.5
2021-11-01,84.05,84.71,303.17281392449485,2.5031,724.25
2021-11-02,83.91,84.72,311.6217968226405,2.5082,722.0
2021-11-03,80.86,81.99,305.50356782743154,2.4345,704.5
2021-11-04,78.81,80.54,297.28766031957963,2.4066,709.5
2021-11-05,81.27,82.74,296.2970899108315,2.4556,720.75
2021-11-08,81.93,83.43,309.9902690905848,2.4671,727.5
2021-11-09,84.15,84.78,305.85318091287206,2.5081,737.5
2021-11-10,81.34,82.64,313.4863999449899,2.4521,735.5
2021-11-11,81.59,82.87,302.59012544876066,2.4471,735.5
2021-11-12,80.79,82.17,299.90975846038344,2.4037,698.5
2021-11-15,80.88,82.05,295.7476019219379,2.3981,687.0
2021-11-16,80.76,82.43,302.54774499883484,2.4309,701.75
2021-11-17,78.36,80.28,299.2062953834631,2.3644,690.25
2021-11-18,79.01,81.24,287.1888011527401,2.384,687.0
2021-11-19,76.1,78.89,296.8027965373185,2.2934,657.5
2021-11-22,76.75,79.7,285.7818749988994,2.3254,674.0
2021-11-23,78.5,82.31,287.9508861527372,2.3843,686.0
2021-11-24,78.39,82.25,300.964953075764,2.383,694.25
2021-11-25,,82.22,298.44421038346604,,688.5
2021-11-26,68.15,72.72,290.9406042296488,2.0945,604.25
2021-11-29,69.95,73.44,277.63342769123847,2.1521,625.0
2021-11-30,66.18,70.57,262.5089715374506,2.0638,599.75
2021-12-01,65.57,,264.61936076821166,,616.0
2021-12-02,66.5,69.67,258.58130269131186,2.1034,609.75
2021-12-03,66.26,69.88,261.8641303836069,2.0984,619.0
2021-12-06,69.49,73.08,264.5021169220583,2.1712,622.25
2021-12-07,72.05,75.44,271.8884792297221,2.2246,648.5
2021-12-08,72.36,75.82,277.1999537534198,2.2613,651.5
2021-12-09,70.94,74.42,280.20978931684846,2.2503,653.25
2021-12-10,71.67,75.15,274.01306903920124,2.2516,653.25
2021-12-13,71.29,74.39,283.8097887162435,2.2328,648.75
2021-12-14,70.73,73.7,276.7868390682433,2.2184,642.25
2021-12-15,70.87,73.88,271.4753645445457,2.2204,635.5
2021-12-16,72.38,75.02,277.6720848221929,2.2663,653.0
2021-12-17,70.86,73.52,276.9048718354366,2.2199,641.5
2021-12-20,68.23,71.52,265.8688081028648,2.173,606.25
2021-12-21,71.12,73.98,268.1704470631338,2.2578,639.25
2021-12-22,72.76,75.29,274.78028202595755,2.3078,649.0
2021-12-23,73.79,76.85,278.91142887772236,2.3314,661.5
2021-12-24,,76.14,282.4524118935208,,653.0
2021-12-27,75.57,78.6,279.08847802851227,2.3535,676.75
2021-12-28,75.98,78.94,291.18683666582353,2.3714,678.0
2021-12-29,76.56,79.23,291.18683666582353,2.3778,672.25
2021-12-30,76.99,79.32,293.19339370810934,2.3959,677.75
2021-12-31,75.21,77.78,294.49175414723544,2.3301,667.0
2022-01-03,76.08,78.98,,2.3574,676.0
2022-01-04,76.99,80.0,291.5999513510001,2.4095,685.75
2022-01-05,77.85,80.8,296.73437672390776,2.4461,702.0
2022-01-06,79.46,81.99,295.6720818191682,2.4777,712.5
2022-01-07,78.9,81.75,306.08390382800644,2.4818,712.5
2022-01-10,78.23,80.87,301.29209938075707,2.4876,711.0
2022-01-11,81.22,83.72,299.2807246745042,2.5636,726.0
2022-01-12,82.64,84.67,306.67548462396314,2.5942,726.0
2022-01-13,82.12,84.47,310.04749516091647,2.6085,737.5
2022-01-14,83.82,86.06,311.763079469191,2.6343,749.25
2022-01-17,,86.48,316.37740967765336,,762.25
2022-01-18,85.43,87.51,321.46500452288115,2.674,765.25
2022-01-19,86.96,88.44,322.17490147802926,2.6923,776.0
2022-01-20,86.9,88.38,322.64816611479455,2.6718,773.25
2022-01-21,85.14,87.89,317.3239389511841,2.6912,769.25
2022-01-24,83.31,86.27,321.7016368412638,2.6274,753.25
2022-01-25,85.6,88.2,315.7858288816966,2.6691,761.5
2022-01-26,87.35,89.96,318.9212071002673,2.744,787.5
2022-01-27,86.61,89.34,320.9917398861158,2.7945,789.75
2022-01-28,86.82,90.03,316.19993543886636,2.7855,802.0
2022-01-31,88.15,91.21,,2.7592,796.25
2022-02-01,88.2,89.16,,2.7412,802.0
2022-02-02,88.26,89.47,,2.7689,800.5
2022-02-03,90.27,91.11,,2.8395,818.75
2022-02-04,92.31,93.27,,2.8751,851.5
2022-02-07,91.32,92.69,335.36715322786404,2.8554,852.5
2022-02-08,89.36,90.78,332.23453794392384,2.7926,812.5
2022-02-09,89.66,91.55,324.37344675969644,2.8249,829.75
2022-02-10,89.88,91.41,327.4469560948831,2.8272,829.75
2022-02-11,93.1,94.44,325.08271814473954,2.9109,827.25
2022-02-14,95.46,96.48,340.9231124107014,2.9618,839.75
2022-02-15,92.07,93.28,341.45506594948375,2.8595,818.25
2022-02-16,93.66,94.81,332.23453794392384,2.8575,837.5
2022-02-17,91.76,92.97,334.4805639965602,2.7862,809.5
2022-02-18,91.07,93.54,335.30804727911044,2.7815,811.5
2022-02-21,,95.39,336.6083781516894,,823.0
2022-02-22,92.35,96.84,352.80340811017277,2.8188,834.25
2022-02-23,92.1,96.84,348.7250976461752,2.8292,831.0
2022-02-24,92.81,99.08,366.92972986228057,2.8969,891.25
2022-02-25,91.59,97.93,361.9057242182255,2.8495,836.5
2022-02-28,95.72,100.99,367.16615365729496,3.0134,881.25
2022-03-01,103.41,104.97,368.11184883735234,3.1511,962.0
2022-03-02,110.6,112.93,392.40439377507744,3.4947,1044.0
2022-03-03,107.67,110.46,425.50372507708727,3.5034,1095.5
2022-03-04,115.68,118.11,409.72243675987903,3.7763,1184.25
2022-03-07,119.4,123.21,450.0326938098267,3.9215,1297.75
2022-03-08,123.7,127.98,463.9816977156737,4.4373,1492.75
2022-03-09,108.7,111.14,476.748582646449,3.4643,1522.5
2022-03-10,106.02,109.33,413.9189591213838,3.2962,1522.5
2022-03-11,109.33,112.67,403.69362998701297,3.4176,1012.0
2022-03-14,103.01,106.9,403.9891597307809,3.2763,964.0
2022-03-15,96.44,99.91,371.2444641212926,3.0297,904.0
2022-03-16,95.04,98.02,374.0815496614648,3.1001,919.5
2022-03-17,102.98,106.64,366.1022465797303,3.4874,1056.5
2022-03-18,104.7,107.93,396.7726550807818,3.5981,1064.75
2022-03-21,112.12,115.62,398.0088903562561,3.8009,1157.75
2022-03-22,111.76,115.48,419.7313101967321,3.8642,1171.25
2022-03-23,114.93,121.6,411.54861004002163,4.1148,1235.75
2022-03-24,112.34,119.03,425.6181448418476,4.1534,1233.75
2022-03-25,113.9,120.65,425.38267145604294,4.1146,1195.75
2022-03-28,105.96,112.48,414.9629741341886,3.7834,1130.75
2022-03-29,104.24,110.23,399.0096522459257,3.7161,1063.0
2022-03-30,107.82,113.45,406.60366893812466,3.8085,1087.5
2022-03-31,100.28,107.91,397.42020689174456,3.6912,1060.75
2022-04-01,99.27,104.39,381.87896342863974,3.424,1091.0
2022-04-04,103.28,107.53,,3.5461,1138.25
2022-04-05,101.96,106.64,,3.4682,1080.25
2022-04-06,96.23,101.07,398.59757382076765,3.3452,1054.25
2022-04-07,96.03,100.58,370.10529413840885,3.2678,982.5
2022-04-08,98.26,102.78,368.280375398423,3.3176,1015.5
2022-04-11,94.29,98.48,367.6916919339115,3.2677,1040.25
2022-04-12,100.6,104.64,374.04947335063616,3.4644,1040.25
2022-04-13,104.25,108.78,382.9385936647605,3.7184,1056.25
2022-04-14,106.95,111.7,391.56175133460124,3.8548,1119.75
2022-04-15,,,406.93091670533767,,
2022-04-18,108.21,113.16,409.1600322934597,3.8908,1171.75
2022-04-19,102.56,107.25,408.2214573089872,3.8619,1103.5
2022-04-20,102.75,106.8,396.8998965587883,3.9731,1128.5
2022-04-21,103.79,108.33,400.3022308775009,3.9008,1112.25
2022-04-22,102.07,106.65,395.3747122090206,3.9386,1118.75
2022-04-25,98.54,102.32,372.6142688355636,4.0909,1065.5
2022-04-26,101.7,104.99,376.66187345610103,4.4679,1129.25
2022-04-27,102.02,105.32,389.91924511177444,4.6743,1169.25
2022-04-28,105.36,107.59,382.93859366476056,5.1354,1190.75
2022-04-29,104.69,109.34,395.0227465898434,4.7817,1227.25
2022-05-02,105.17,107.58,,4.2049,1247.75
2022-05-03,102.41,104.97,,4.0827,1196.5
2022-05-04,107.81,110.14,,4.197,1193.0
2022-05-05,108.26,110.9,406.5789510861605,4.0413,1189.5
2022-05-06,109.77,112.39,409.2773541665188,3.9543,1139.0
2022-05-09,103.09,105.94,412.21040099299523,3.8349,1083.25
2022-05-10,99.76,102.46,385.63699674511884,3.9322,1126.0
2022-05-11,105.71,107.51,387.86611233324095,3.9512,1138.75
2022-05-12,106.13,107.45,396.5776062641504,3.9161,1138.75
2022-05-13,110.49,111.55,407.5692898816737,3.9212,1107.0
2022-05-16,114.2,114.24,409.38174835052064,3.9075,1094.0
2022-05-17,112.4,111.93,422.7120880568786,3.7993,1090.5
2022-05-18,109.59,109.11,411.6034716349136,3.6681,1047.75
2022-05-19,112.21,112.04,405.9906970217102,3.792,1045.0
2022-05-20,113.23,112.55,408.0370210994406,3.7391,1068.0
2022-05-23,110.29,113.42,412.77279967933094,3.7688,1071.0
2022-05-24,109.77,113.56,400.96258643071553,3.7818,1093.25
2022-05-25,110.33,114.03,414.7606573548405,3.8664,1110.0
2022-05-26,114.09,117.4,417.9763094769882,3.968,1159.5
2022-05-27,115.07,119.43,426.98013541900195,4.0029,1168.75
2022-05-30,,121.67,429.61112351894104,,1196.0
2022-05-31,114.67,122.84,442.7075976164156,4.0909,1244.25
2022-06-01,115.26,116.29,429.6695899211619,4.1433,1270.0
2022-06-02,116.87,117.61,417.7424438681048,4.2084,1258.5
2022-06-03,118.87,119.72,,4.2803,1318.5
2022-06-06,118.5,119.51,438.61494946095485,4.3601,1353.0
2022-06-07,119.41,120.57,440.7782063431269,4.3206,1336.5
2022-06-08,122.11,123.58,443.17532883418255,4.3143,1339.75
2022-06-09,121.51,123.07,450.2497635029076,4.4037,1389.5
2022-06-10,120.67,122.01,448.9635026540485,4.3667,1389.5
2022-06-13,120.93,122.27,440.54434073424346,4.2834,1267.75
2022-06-14,118.93,121.17,452.9976844072884,4.394,1297.75
2022-06-15,115.31,118.51,443.17532883418255,4.547,1332.25
2022-06-16,117.59,119.81,437.5079741561378,4.5713,1300.25
2022-06-17,109.56,113.12,436.0321005420637,4.3398,1294.0
2022-06-20,,114.13,409.0531308767884,,1317.0
2022-06-21,110.65,114.65,418.0854773949221,4.3584,1320.25
2022-06-22,106.19,111.74,403.73998586612146,4.4046,1284.25
2022-06-23,104.27,110.05,409.93865504523285,4.3379,1290.5
2022-06-24,107.62,113.12,398.54491074458053,4.3629,1302.0
2022-06-27,109.57,115.09,413.53978666357375,4.2302,1262.5
2022-06-28,111.76,117.98,429.53825664013743,4.1994,1218.75
2022-06-29,109.78,116.26,429.59729158470043,4.0367,1219.75
2022-06-30,105.76,114.81,425.40581052072986,3.8982,1160.0
2022-07-01,108.43,111.63,411.2374238256181,3.9389,1226.5
2022-07-04,,113.5,423.2215175719001,,1238.75
2022-07-05,99.5,102.77,426.822649190241,3.6016,1153.75
2022-07-06,98.53,100.69,399.0762252456472,3.4106,1082.75
2022-07-07,102.73,104.65,379.18144892792776,3.6739,1129.25
2022-07-08,104.79,107.02,399.17005500034315,3.6729,1133.5
2022-07-11,104.09,107.1,403.08348691211125,3.7681,1192.5
2022-07-12,95.84,99.49,400.19356796188254,3.6626,1192.5
2022-07-13,96.3,99.57,386.22562636911033,3.6659,1095.5
2022-07-14,95.78,99.1,378.2783492559813,3.6494,1067.25
2022-07-15,97.59,101.16,369.78921233968447,3.699,1112.5
2022-07-18,102.6,106.27,396.15972276052156,3.6555,1115.25
2022-07-19,104.22,107.35,399.23026164513965,3.6268,1068.25
2022-07-20,102.26,106.92,398.68840184197177,3.6043,1071.75
2022-07-21,96.35,103.86,397.18323572206094,3.5903,1026.5
2022-07-22,94.7,103.2,397.30364901165376,3.4556,1067.5
2022-07-25,96.7,105.15,385.08170011797813,3.5166,1055.75
2022-07-26,94.98,104.4,408.5020849437901,3.5839,1069.5
2022-07-27,97.26,106.62,397.30364901165376,3.7173,1101.5
2022-07-28,96.42,107.14,415.8472956089548,3.6863,1103.75
2022-07-29,98.62,110.01,413.3788231723011,3.6247,1106.5
2022-08-01,93.89,100.03,416.69018863610484,3.44,1028.5
2022-08-02,94.42,100.54,410.0072510637009,3.3804,1014.5
2022-08-03,90.66,96.78,408.08063843021506,3.4148,1035.0
2022-08-04,88.54,94.12,395.9791028261323,3.3372,1009.0
2022-08-05,89.01,94.92,393.14939052069997,3.2159,990.0
2022-08-08,90.76,96.65,400.4946011858647,3.1791,953.75
2022-08-09,90.5,96.31,405.2297582627356,3.3338,997.75
2022-08-10,91.93,97.4,404.9182347708362,3.4103,992.0
2022-08-11,94.34,99.6,414.70007241647727,3.484,992.0
2022-08-12,92.09,98.15,422.2389409204427,3.5178,1045.25
2022-08-15,89.41,95.1,416.5069086694938,3.4403,1022.0
2022-08-16,86.53,92.34,412.270189179662,3.4802,1018.0
2022-08-17,88.11,93.65,413.3293690521199,3.6174,1041.5
2022-08-18,90.5,96.59,423.111206697761,3.6497,1074.25
2022-08-19,90.77,96.72,431.5846456774246,3.7005,1087.25
2022-08-22,90.23,96.48,435.6967557704966,3.7762,1096.75
2022-08-23,93.74,100.22,444.1078900517803,3.8419,1119.0
2022-08-24,94.89,101.22,457.37879080669467,4.0132,1167.75
2022-08-25,92.52,99.34,464.2946123268613,3.9491,1174.0
2022-08-26,93.06,100.99,461.0547680111075,4.0076,1194.0
2022-08-29,97.01,105.09,454.5127746812202,3.9099,1186.25
2022-08-30,91.64,99.31,458.99871296457155,3.8171,1122.0
2022-08-31,89.55,96.49,446.4131638918359,3.7154,1098.5
2022-09-01,86.61,92.36,435.4475369769771,3.5612,1050.5
2022-09-02,86.87,93.02,433.2668725336813,3.578,1091.25
2022-09-05,,95.74,438.5627718959711,,1142.0
2022-09-06,86.88,92.83,438.3135531024516,3.5738,1079.25
2022-09-07,81.94,88.0,426.226441616755,3.586,1099.5
2022-09-08,83.54,89.15,409.87116426553183,3.5401,1075.0
2022-09-09,86.79,92.84,413.43239401136265,3.5787,1085.0
2022-09-12,87.78,94.0,,3.6031,1085.0
2022-09-13,87.31,93.17,428.204902586661,3.5413,1057.5
2022-09-14,88.48,94.1,426.3583390147487,3.3789,991.5
2022-09-15,85.1,90.84,445.7472565198278,3.2052,923.25
2022-09-16,85.11,91.35,437.56961784421617,3.1725,953.0
2022-09-19,85.73,92.0,418.5763925331184,3.3108,963.0
2022-09-20,84.45,90.62,423.4565962588866,3.3722,976.25
2022-09-21,82.94,89.83,435.2614133793258,3.3338,967.25
2022-09-22,83.49,90.46,430.0514661585733,3.4115,1006.25
2022-09-23,78.74,86.15,429.3919791686046,3.2371,963.0
2022-09-26,76.71,84.06,402.48490997788264,3.1291,934.25
2022-09-27,78.5,86.27,401.49567949292964,3.2599,967.25
2022-09-28,82.15,89.32,401.29783339593905,3.4494,1008.75
2022-09-29,81.23,88.49,416.0703419712374,3.4146,1011.75
2022-09-30,79.49,87.96,418.3785464361277,3.369,993.25
2022-10-03,83.63,88.86,,3.3691,1031.25
2022-10-04,86.52,91.8,,3.5358,1103.25
2022-10-05,87.76,93.37,,3.6869,1182.25
2022-10-06,88.45,94.42,,3.8649,1185.75
2022-10-07,92.64,97.92,,4.0187,1257.75
2022-10-10,91.13,96.19,462.89391825901333,3.9147,1281.5
2022-10-11,89.35,94.29,461.75740806109263,3.9308,1192.0
2022-10-12,87.27,92.45,454.7377862504057,3.9328,1192.0
2022-10-13,89.11,94.57,448.9215281786936,4.0948,1115.75
2022-10-14,85.61,91.63,457.2113672694096,3.9802,1085.75
2022-10-17,85.46,91.62,448.5872604734228,4.0852,1112.25
2022-10-18,82.82,90.03,451.7293769029684,3.9935,1105.0
2022-10-19,85.55,92.41,442.97156302487326,3.9043,1075.25
2022-10-20,85.98,92.38,449.52321004818106,3.7568,1073.25
2022-10-21,85.05,93.5,443.9075125996315,3.8323,1050.5
2022-10-24,84.58,93.26,445.37829050282306,3.9201,1082.25
2022-10-25,85.32,93.52,449.9911848355602,3.9672,1072.25
2022-10-26,87.91,95.69,445.71255820809387,4.1201,1105.25
2022-10-27,89.08,96.96,453.8686902167015,4.3339,1110.5
2022-10-28,87.9,95.77,457.67934205678876,4.5498,1133.5
2022-10-31,86.53,94.83,454.47037208618895,4.1909,1100.25
2022-11-01,88.37,94.65,462.89391825901333,3.6211,1047.5
2022-11-02,90.0,96.16,466.97198426331715,3.6774,1054.25
2022-11-03,88.17,94.67,469.17815111810444,3.8653,1107.25
2022-11-04,92.61,98.57,474.9944091898165,3.9148,1115.0
2022-11-07,91.79,97.92,477.93596499619963,3.7811,1096.5
2022-11-08,88.91,95.36,477.80225791409134,3.7707,1067.25
2022-11-09,85.83,92.65,461.22257973265926,3.6563,1028.5
2022-11-10,86.47,93.67,448.38669985026036,3.5694,1028.5
2022-11-11,88.96,95.99,454.5363893282368,3.5553,
2022-11-14,85.87,93.14,445.4132236191508,3.544,
2022-11-15,86.92,93.86,436.6955319415799,3.6413,
2022-11-16,85.59,92.86,432.64079162643054,3.6136,
2022-11-17,81.64,89.78,425.00436403289933,3.5248,956.0
2022-11-18,80.08,87.62,417.70583146563064,3.5181,946.0
2022-11-21,79.73,87.45,405.6091895254352,3.4973,916.75
2022-11-22,80.95,88.36,401.08139617351844,3.4713,943.25
2022-11-23,77.94,85.41,403.44666135735554,3.3593,926.25
2022-11-24,,85.34,385.2679089444362,,921.25
2022-11-25,76.28,83.63,386.9573840757484,3.2391,916.25
2022-11-28,77.24,83.19,370.46810679414125,3.2154,887.0
2022-11-29,78.2,83.03,387.6331741282733,3.2959,892.25
2022-11-30,80.55,85.43,385.6058039706986,3.3629,927.25
2022-12-01,81.22,86.88,386.55191004423347,3.2624,952.75
2022-12-02,79.98,85.57,386.8898050704959,3.1685,912.25
2022-12-05,76.93,82.68,377.4963233404,2.9998,893.5
2022-12-06,74.25,79.35,367.7649465840417,2.9155,822.25
2022-12-07,72.01,77.17,348.0318770503151,2.7805,808.75
2022-12-08,71.46,76.15,346.095027226009,2.8798,805.75
2022-12-09,71.02,76.1,339.01550717854525,2.7937,820.75
2022-12-12,73.17,77.99,338.748355478641,2.9685,820.75
2022-12-13,75.39,80.68,352.2395163238076,3.0922,883.5
2022-12-14,77.28,82.7,353.5752748233291,3.2768,922.75
2022-12-15,76.11,81.21,358.58436919653457,3.2834,922.25
2022-12-16,74.29,79.04,358.11685372170206,3.1199,886.0
2022-12-19,75.19,79.8,356.31357974734806,3.0535,879.75
2022-12-20,76.09,79.99,357.78291409682174,3.0589,867.75
2022-12-21,78.29,82.2,362.19091714524245,3.1395,891.25
2022-12-22,77.49,80.98,364.92922206926147,3.1314,895.0
2022-12-23,79.56,83.92,363.59346356974,3.2661,907.5
2022-12-26,,,373.6116523161509,,
2022-12-27,79.53,84.33,378.286807064476,3.3537,969.75
2022-12-28,78.96,83.26,373.81201609107916,3.3778,920.5
2022-12-29,78.4,82.26,368.80292171787374,3.313,918.75
2022-12-30,80.26,85.91,375.8824417653374,3.3622,921.0
2023-01-02,,85.91,,,921.0
2023-01-03,76.93,82.1,377.79751393877285,3.0865,900.0
2023-01-04,72.84,77.84,357.98642248944026,2.9719,842.75
2023-01-05,73.67,78.69,346.0997676198407,2.9723,860.25
2023-01-06,73.77,78.57,349.20350528023613,3.0045,880.25
2023-01-09,74.63,79.65,347.5525809927917,3.036,880.5
2023-01-10,75.12,80.1,344.7790281898852,3.1357,883.5
2023-01-11,77.41,82.67,343.2601778454363,3.2179,905.5
2023-01-12,78.39,84.03,350.5242447101916,3.219,905.5
2023-01-13,79.86,85.28,355.2789066580315,3.2559,932.75
2023-01-16,,84.46,358.1184964324358,,934.0
2023-01-17,80.18,85.92,361.42034500732456,3.251,927.25
2023-01-18,79.48,84.98,372.11833438996416,3.263,953.5
2023-01-19,80.33,86.16,362.74108443728005,3.3759,943.0
2023-01-20,81.31,87.63,372.3824822759553,3.4668,983.5
2023-01-23,81.62,88.19,,3.5509,1012.25
2023-01-24,80.13,86.13,,3.4272,985.75
2023-01-25,80.15,86.12,,3.3613,957.5
2023-01-26,81.01,87.47,,3.3965,965.25
2023-01-27,79.68,86.66,,3.2655,938.0
2023-01-30,77.9,84.9,364.7882305537111,3.1108,909.5
2023-01-31,78.87,84.49,356.9298309454758,3.1823,915.25
2023-02-01,76.41,82.84,364.12786083873334,2.9511,881.75
2023-02-02,75.88,82.17,352.769501741116,2.8967,845.5
2023-02-03,73.39,79.94,350.4001543413623,2.7753,819.0
2023-02-06,74.11,80.99,341.84417762002926,2.7687,781.75
2023-02-07,77.14,83.69,350.66341516355715,2.9044,831.75
2023-02-08,78.47,85.09,358.7586854460492,2.8933,836.0
2023-02-09,78.06,84.5,364.2871627121413,2.8154,814.0
2023-02-10,79.72,86.39,361.65455449019265,2.8646,
2023-02-13,80.14,86.61,366.0641732619567,2.9057,841.25
2023-02-14,79.06,85.58,373.1064002556692,2.9401,850.25
2023-02-15,78.59,85.38,370.07890080042824,2.8444,829.75
2023-02-16,78.49,85.14,377.9109102607255,2.8108,820.0
2023-02-17,76.34,83.0,371.3952049114026,2.7121,791.25
2023-02-20,,84.07,366.3274340841515,,799.25
2023-02-21,76.16,83.05,360.66732640696193,2.7919,800.75
2023-02-22,73.95,80.6,359.3510222959876,2.7148,797.25
2023-02-23,75.39,82.21,352.04553448008016,2.7081,783.5
2023-02-24,76.32,83.16,363.23411942336185,2.7962,808.25
2023-02-27,75.68,82.45,360.6015112014132,2.8198,826.25
2023-02-28,77.05,83.89,360.7989568180594,2.8209,833.25
2023-03-01,77.69,84.31,366.98558613963866,2.8738,839.25
2023-03-02,78.16,84.75,367.9069990173207,2.8662,849.25
2023-03-03,79.68,85.83,374.0278131333512,2.9131,856.0
2023-03-06,80.46,86.18,375.5415628609717,2.8866,842.75
2023-03-07,77.58,83.29,383.571017937915,2.7975,823.25
2023-03-08,76.66,82.66,371.6584657335975,2.7419,809.0
2023-03-09,75.72,81.59,369.02585751164884,2.6689,803.5
2023-03-10,76.68,82.78,359.3510222959876,2.7729,803.5
2023-03-13,74.8,80.77,364.275437913053,2.7615,804.25
2023-03-14,71.33,77.45,349.1738966873857,2.7144,802.75
2023-03-15,67.61,73.69,345.3656819435218,2.6049,733.75
2023-03-16,68.35,74.7,327.50646797229786,2.6435,750.25
2023-03-17,66.74,72.97,330.1984818429603,2.6787,775.5
2023-03-20,67.64,73.79,316.14748261560027,2.6871,771.5
2023-03-21,69.33,75.32,323.5669354786455,2.6902,770.5
2023-03-22,70.9,76.69,330.5924350923255,2.7403,784.5
2023-03-23,69.96,75.91,332.8904957136227,2.6847,781.25
2023-03-24,69.26,74.99,333.5470844625648,2.6952,765.25
2023-03-27,72.81,78.12,333.35010783788215,2.7704,768.5
2023-03-28,73.2,78.65,341.2291728251869,2.7696,782.75
2023-03-29,72.97,78.28,345.4969996933102,2.6581,762.75
2023-03-30,74.37,79.27,343.5928923213782,2.6237,756.25
2023-03-31,75.67,79.77,346.28490619204064,2.6763,762.75
2023-04-03,80.42,84.93,374.0586102722897,2.6626,789.5
2023-04-04,80.71,84.94,383.05387613279584,2.6667,770.5
2023-04-05,80.61,84.99,,2.731,789.0
2023-04-06,80.7,85.12,383.5791471319495,2.6605,780.25
2023-04-07,,,388.70053937369755,,
2023-04-10,79.74,84.18,386.0085255030351,2.6814,780.5
2023-04-11,81.53,85.61,386.46813762729454,2.6682,771.0
2023-04-12,83.26,87.33,389.78375308394607,2.7031,771.0
2023-04-13,82.16,86.09,394.8234885780563,2.6728,782.25
2023-04-14,82.52,86.31,391.4415608122718,2.6392,772.0
2023-04-17,80.83,84.76,393.3646177771297,2.6147,757.25
2023-04-18,80.86,84.77,389.3195669200149,2.5999,759.0
2023-04-19,79.16,83.12,385.14189144463404,2.5577,744.5
2023-04-20,77.29,81.1,375.99079278427604,2.4949,718.75
2023-04-21,77.87,81.66,367.5028172152483,2.4886,724.0
2023-04-24,78.76,82.73,367.30388028784915,2.531,733.5
2023-04-25,77.07,80.77,376.58760356647326,2.4511,716.25
2023-04-26,74.3,77.69,369.29324956184,2.373,704.75
2023-04-27,74.76,78.37,348.86905834886704,2.3542,687.5
2023-04-28,76.78,79.54,352.5825476603167,2.3787,695.0
2023-05-01,75.66,79.31,,2.3823,691.0
2023-05-02,71.66,75.32,,2.2892,661.0
2023-05-03,68.6,72.33,,2.2323,636.75
2023-05-04,68.56,72.5,329.50586408202247,2.2387,648.5
2023-05-05,71.34,75.3,328.31224251762796,2.3147,670.75
2023-05-08,73.16,77.01,340.77895663463744,2.3777,690.5
2023-05-09,73.71,77.44,341.906265889899,2.3902,675.25
2023-05-10,72.56,76.41,344.42613363695403,2.3934,694.75
2023-05-11,70.87,74.98,340.1821458524402,2.3495,694.75
2023-05-12,70.04,74.17,328.95719150560114,2.3055,669.0
2023-05-15,71.11,75.23,328.75910407595103,2.378,679.5
2023-05-16,70.86,74.91,333.97540639007036,2.3639,680.0
2023-05-17,72.83,76.96,331.20218237496897,2.4226,694.0
2023-05-18,71.86,75.86,342.0309618625078,2.4026,693.0
2023-05-19,71.55,75.58,345.9266813122931,2.3622,689.25
2023-05-22,71.99,75.99,334.76775610867077,2.3664,683.0
2023-05-23,72.91,76.84,340.3802332820903,2.3617,689.0
2023-05-24,74.34,78.36,347.9735847520108,2.4137,698.0
2023-05-25,71.83,76.26,350.94489619676233,2.3462,679.25
2023-05-26,72.67,76.95,344.6060984479591,2.3693,692.5
2023-05-29,,77.07,351.34107105606256,,689.25
2023-05-30,69.46,73.54,349.75637161886175,2.2808,672.25
2023-05-31,68.09,72.66,332.72085266895306,2.2596,662.75
2023-06-01,70.1,74.28,334.04143553328703,2.3147,681.5
2023-06-02,71.74,76.13,342.22904929215787,2.3569,695.25
2023-06-05,72.15,76.71,348.5018178977444,2.3775,707.0
2023-06-06,71.74,76.29,346.65300188767685,2.3678,700.75
2023-06-07,72.53,76.95,345.7946230258598,2.4018,710.5
2023-06-08,71.29,75.96,353.65209106864705,2.3898,704.0
2023-06-09,70.17,74.79,346.9831476037603,2.361,708.0
2023-06-12,67.12,71.84,339.7199418499233,2.3091,708.0
2023-06-13,69.42,74.29,335.36201839762106,2.3955,698.25
2023-06-14,68.27,73.2,346.3456342188415,2.3577,694.0
2023-06-15,70.62,75.67,340.42632030321374,2.4796,712.25
2023-06-16,71.78,76.61,349.3052911766554,2.5514,736.0
2023-06-19,,76.09,348.5160493212383,,731.5
2023-06-20,70.5,75.9,351.7387868975245,2.4754,711.5
2023-06-21,72.53,77.12,362.5250922548907,2.5642,736.5
2023-06-22,69.51,74.14,,2.4655,712.0
2023-06-23,69.16,73.85,,2.4071,701.25
2023-06-26,69.37,74.18,357.3292500400619,2.4388,707.0
2023-06-27,67.7,72.26,357.2634798854438,2.399,710.25
2023-06-28,69.56,74.03,351.2126256605799,2.4067,704.0
2023-06-29,69.86,74.34,356.8688589577353,2.4156,696.0
2023-06-30,70.64,74.9,359.1708143693683,2.4482,709.25
2023-07-03,69.79,74.65,362.1304713271822,2.3773,706.5
2023-07-04,,76.25,361.0781488532928,,717.75
2023-07-05,71.79,76.65,363.70895503801626,2.4933,739.0
2023-07-06,71.8,76.52,366.93169261430245,2.4794,720.5
2023-07-07,73.86,78.47,368.83902709822695,2.5591,732.75
2023-07-10,72.99,77.69,373.0483169937845,2.5532,742.75
2023-07-11,74.83,79.4,372.8510413105514,2.5837,749.0
2023-07-12,75.75,80.11,378.11172619676734,2.5996,754.25
2023-07-13,76.89,81.36,381.5969299338853,2.6104,756.25
2023-07-14,75.42,79.87,384.35878949914866,2.5979,756.0
2023-07-17,74.15,78.5,376.5992792919803,2.5642,748.25
2023-07-18,75.75,79.63,377.19110634167953,2.5994,756.0
2023-07-19,75.35,79.46,384.0299966937602,2.6418,776.25
2023-07-20,75.63,79.64,383.8327210105271,2.6644,768.75
2023-07-21,77.07,81.07,387.1864076254897,2.7457,795.0
2023-07-24,78.74,82.74,387.7124761141113,2.7705,823.75
2023-07-25,79.63,83.64,395.53774488235746,2.7776,806.25
2023-07-26,78.78,82.92,396.32684761528986,2.8429,832.25
2023-07-27,80.09,84.24,396.65564042067837,2.9169,854.25
2023-07-28,80.58,84.99,399.4174999859417,2.9586,874.0
2023-07-31,81.8,85.56,401.6532910625834,2.9909,877.25
2023-08-01,81.37,84.91,407.3742858763432,3.0234,911.5
2023-08-02,79.49,83.2,410.9910067356166,3.0043,884.5
2023-08-03,81.55,85.14,398.1680873254654,3.0749,899.5
2023-08-04,82.82,86.24,409.0840084643634,3.0622,903.5
2023-08-07,81.94,85.34,413.42407349549154,3.0155,889.0
2023-08-08,82.92,86.17,408.62369853681946,3.0856,888.75
2023-08-09,84.4,87.55,415.13379608351164,3.207,941.75
2023-08-10,82.82,86.4,420.9863080194269,3.1533,917.5
2023-08-11,83.19,86.81,422.3014792409808,3.1215,917.0
2023-08-14,82.51,86.21,431.83647059724717,3.0883,899.75
2023-08-15,80.99,84.89,442.8655590785264,3.028,883.0
2023-08-16,79.38,83.45,434.6958639072085,3.0209,882.25
2023-08-17,80.39,84.12,433.946975183171,3.0938,901.0
2023-08-18,81.25,84.8,434.8320254933971,3.1597,916.5
2023-08-21,80.72,84.46,444.49949811279,3.1162,915.0
2023-08-22,80.35,84.03,435.78515659671757,3.1388,914.25
2023-08-23,78.89,83.21,431.01950108011545,3.1291,913.0
2023-08-24,79.05,83.36,424.2114217706838,3.1564,916.75
2023-08-25,79.83,84.48,430.3386931491723,3.3075,942.75
2023-08-28,80.1,84.42,433.7427328038881,3.2037,947.25
2023-08-29,81.16,85.49,431.4960666317756,3.2095,930.5
2023-08-30,81.63,85.86,438.78071149286745,3.0962,895.0
2023-08-31,83.63,,438.03182276882995,,895.5
2023-09-01,85.55,88.55,445.3164676299218,3.105,916.5
2023-09-04,,89.0,452.60111249101357,,922.75
2023-09-05,86.69,90.04,456.2774753181067,3.2196,951.75
2023-09-06,87.54,90.6,467.44272538557453,3.1927,917.5
2023-09-07,86.87,89.92,470.9148458333847,3.2123,928.5
2023-09-08,87.51,90.65,470.1659571093472,3.2991,966.0
2023-09-11,87.29,90.64,467.3065637993859,3.3622,980.0
2023-09-12,88.84,92.06,474.1146431088175,3.3283,976.0
2023-09-13,88.52,91.88,481.86659055818797,3.4354,989.75
2023-09-14,90.16,93.7,484.98121230123854,3.4815,1010.5
2023-09-15,90.77,93.93,488.16504786080134,3.3834,987.75
2023-09-18,91.48,94.43,487.74976496172803,3.2883,968.0
2023-09-19,91.2,94.34,484.219860319604,3.3739,976.5
2023-09-20,90.28,93.53,478.05983065001493,3.3268,963.5
2023-09-21,89.63,93.3,474.25307074184195,3.368,1007.0
2023-09-22,90.03,93.27,481.52052147562677,3.3062,982.5
2023-09-25,89.68,93.29,479.0980378976985,3.2622,965.0
2023-09-26,90.39,93.96,472.2458700629871,3.2238,954.5
2023-09-27,93.68,96.55,485.3964952003119,3.3147,971.25
2023-09-28,91.71,95.38,496.26306439273304,3.318,995.75
2023-09-29,90.79,95.31,,3.3622,1001.5
2023-10-02,88.82,90.71,,3.2225,969.75
2023-10-03,89.23,90.92,,3.1954,951.0
2023-10-04,84.22,85.81,,3.0178,919.25
2023-10-05,82.31,84.07,,2.8687,868.5
2023-10-06,82.79,84.58,,2.9008,868.25
2023-10-09,86.38,88.15,454.5963468523668,2.9666,868.0
2023-10-10,85.97,87.65,454.87320211841586,3.0201,877.0
2023-10-11,83.49,85.82,458.4723205770521,2.9985,868.0
2023-10-12,82.91,86.0,448.782386265339,3.0449,884.25
2023-10-13,87.69,90.89,454.810074102106,3.2117,927.5
2023-10-16,86.66,89.65,471.631528530293,3.1492,926.25
2023-10-17,86.66,89.9,468.61768461190957,3.1767,901.5
2023-10-18,88.32,91.5,477.9395739408631,3.1393,912.75
2023-10-19,89.37,92.38,478.9909148426248,3.173,910.0
2023-10-20,88.75,92.16,487.68199963052143,3.1566,933.25
2023-10-23,,89.83,480.532881498542,3.0955,920.75
2023-10-24,83.74,88.07,474.64537244867654,3.0449,881.25
2023-10-25,85.39,90.13,463.57124828345343,3.0305,879.5
2023-10-26,83.21,87.93,468.47750582500794,3.0439,888.5
2023-10-27,85.54,90.48,469.59893612022046,3.0519,878.75
2023-10-30,82.31,87.45,467.6364331035987,2.9663,865.75
2023-10-31,81.02,87.41,458.2444543811942,2.991,882.5
2023-11-01,80.44,84.63,453.1279286592873,2.9615,893.0
2023-11-02,82.46,86.85,454.8801634955568,3.0255,910.0
2023-11-03,80.51,84.89,460.34713618471756,2.9238,886.5
2023-11-06,80.82,85.18,452.63730290513183,2.9524,852.75
2023-11-07,77.37,81.61,436.6569211983542,2.8384,823.25
2023-11-08,75.33,79.54,426.0734227872866,2.7492,805.75
2023-11-09,75.74,80.01,416.751533458333,2.7191,785.25
2023-11-10,77.17,81.43,418.1533213273485,2.7431,791.5
2023-11-13,78.26,82.52,418.2233637597316,2.8393,813.25
2023-11-14,78.26,82.47,425.0174797008962,2.8371,824.5
2023-11-15,76.66,81.18,424.2470129446817,2.8687,818.0
2023-11-16,72.9,77.42,414.72124214057465,2.7502,792.0
2023-11-17,75.89,80.61,396.51020972095813,2.7725,805.25
2023-11-20,77.6,82.32,410.9389507918851,2.8495,823.0
2023-11-21,77.77,82.45,411.49929025095014,2.9249,827.25
2023-11-22,77.1,81.96,414.09086024912637,2.8891,821.5
2023-11-23,,81.42,405.5456834983832,,826.0
2023-11-24,75.54,80.58,408.7676353880077,2.8357,833.75
2023-11-27,74.86,79.98,400.2925010696477,2.8379,817.25
2023-11-28,76.41,81.68,400.0823737724983,2.907,833.25
2023-11-29,77.86,83.1,405.26551376885067,2.8885,820.5
2023-11-30,75.96,82.83,412.8300964662298,2.7542,801.5
2023-12-01,74.07,78.88,399.0317372867512,2.6615,806.5
2023-12-04,73.04,78.03,387.474735943533,2.6597,793.0
2023-12-05,72.32,77.2,388.80554215881267,2.6411,792.25
2023-12-06,69.38,74.3,388.1051178349813,2.5762,768.75
2023-12-07,69.34,74.05,375.00718297933395,2.5492,768.5
2023-12-08,71.23,75.84,384.1827416215254,2.581,751.75
2023-12-11,71.32,76.03,389.50596648264406,2.6087,752.0
2023-12-12,68.61,73.24,388.455329996897,2.5074,723.75
2023-12-13,69.47,74.26,365.21083316150316,2.5481,732.25
2023-12-14,71.58,76.61,371.4931296035015,2.5913,752.0
2023-12-15,71.43,76.55,381.54480391069876,2.6208,763.75
2023-12-18,72.47,77.95,385.38398506969776,2.6728,785.25
2023-12-19,73.44,79.23,387.96670694029706,2.7168,793.0
2023-12-20,74.22,79.7,392.99254409389573,2.7085,798.0
2023-12-21,73.89,79.39,394.38860996989536,2.6968,790.75
2023-12-22,73.56,79.07,395.50546267069507,2.6612,790.5
2023-12-25,,,386.50083777049747,,
2023-12-26,75.57,81.07,390.13060904809646,2.6688,789.5
2023-12-27,74.11,79.65,401.2293327622935,2.6239,778.5
2023-12-28,71.77,78.39,393.89998691329544,2.5563,770.5
2023-12-29,71.65,77.04,378.82247545249953,2.5531,750.75
2024-01-02,70.38,75.89,387.8969036464971,2.5258,751.25
2024-01-03,72.7,78.25,375.96054040670026,2.6044,773.25
2024-01-04,72.19,77.59,390.9682485736963,2.5884,754.5
2024-01-05,73.81,78.76,385.80280483249766,2.6085,765.75
2024-01-08,70.77,76.12,384.05772248749815,2.5769,742.0
2024-01-09,72.24,77.59,376.9377865199,2.6504,764.25
2024-01-10,71.37,76.8,389.57218269769663,2.6006,766.75
2024-01-11,72.02,77.41,388.5949365844969,2.6738,784.5
2024-01-12,72.68,78.29,397.8787746598944,2.6693,785.25
2024-01-15,,78.15,390.0662882009344,,779.25
2024-01-16,72.4,78.29,390.624322948003,2.6606,794.25
2024-01-17,72.56,77.88,388.0434122428108,2.6536,778.0
2024-01-18,74.08,79.1,390.8335859781537,2.6936,790.0
2024-01-19,73.41,78.56,395.01884658116796,2.6621,796.25
2024-01-22,75.19,80.06,390.55456860461936,2.6935,799.25
2024-01-23,74.37,79.55,398.2275463768123,2.6913,813.5
2024-01-24,75.09,80.04,397.3207399128259,2.6818,810.25
2024-01-25,77.36,82.43,399.2738615275659,2.7954,830.5
2024-01-26,78.01,83.55,410.4345564689374,2.8434,835.5
2024-01-29,76.78,82.4,416.0846582830067,2.8339,854.75
2024-01-30,77.82,82.87,408.8302065711153,2.8068,847.5
2024-01-31,75.85,81.71,408.27217182404667,2.8082,855.0
2024-02-01,73.82,78.7,401.5757548592238,2.7129,854.5
2024-02-02,72.28,77.33,392.50769021935946,2.66,813.5
2024-02-05,72.78,77.99,387.9039035560437,2.7248,818.0
2024-02-06,73.31,78.59,390.2755512310851,2.7427,823.75
2024-02-07,73.86,79.21,391.87990112890725,2.8152,840.75
2024-02-08,76.22,81.63,399.5651783418593,2.8908,860.75
2024-02-09,76.84,82.19,,2.9642,882.0
2024-02-12,76.92,82.0,,2.9196,871.5
2024-02-13,77.87,82.77,,2.8959,874.75
2024-02-14,76.64,81.6,,2.8101,857.0
2024-02-15,78.03,82.86,,2.8237,863.25
2024-02-16,79.19,83.47,,2.8066,847.75
2024-02-19,,83.56,415.4203898893009,,854.25
2024-02-20,78.18,82.34,418.05138569193315,2.7315,837.75
2024-02-21,77.91,83.03,412.3739736967794,2.7052,836.5
2024-02-22,78.61,83.67,416.18199393743134,2.752,836.5
2024-02-23,76.49,81.62,417.982148960285,2.6897,833.25
2024-02-26,77.58,82.53,410.85076560051857,2.7627,840.75
2024-02-27,78.87,83.65,416.8743612539135,2.746,846.25
2024-02-28,78.54,83.68,420.12848764137965,2.6583,819.25
2024-02-29,78.26,83.62,419.5745937881939,2.6838,826.75
2024-03-01,79.97,83.55,419.64383051984214,2.7042,852.0
2024-03-04,78.74,82.8,428.5753689024621,2.6472,828.5
2024-03-05,78.15,82.04,422.4825365174191,2.6065,822.25
2024-03-06,79.13,82.96,421.79016920093693,2.6633,837.75
2024-03-07,78.93,82.96,424.62887519851375,2.6947,820.25
2024-03-08,78.01,82.08,427.7445281226835,2.6409,804.25
2024-03-11,77.93,82.21,421.23627534775113,2.6518,808.75
2024-03-12,77.56,81.92,430.37552392531575,2.6165,807.5
2024-03-13,79.72,84.03,430.7909443152051,2.6851,821.25
2024-03-14,81.26,85.42,437.5069072850821,2.7088,830.75
2024-03-15,81.04,85.34,444.72205757498966,2.727,838.5
2024-03-18,82.72,86.89,443.5195325266717,2.7882,856.5
2024-03-19,83.47,87.38,448.1881591848472,2.7607,851.75
2024-03-20,81.68,85.95,450.7346828165793,2.6957,827.75
2024-03-21,81.07,85.78,447.97594888220283,2.6688,821.0
2024-03-22,80.63,85.43,443.80247959686415,2.6534,823.75
2024-03-25,81.95,86.75,444.934267877634,2.6786,830.25
2024-03-26,81.62,86.25,448.68331655768395,2.6218,817.5
2024-03-27,81.35,86.09,443.4487957591236,2.5986,813.5
2024-03-28,83.17,87.48,449.0370003954245,2.6156,817.0
2024-03-29,,,456.6058345230727,,
2024-04-01,83.71,87.42,456.88878159326515,2.6271,822.5
2024-04-02,85.15,88.92,460.00119936538215,2.7119,845.5
2024-04-03,85.43,89.35,467.49929672548217,2.7324,862.5
2024-04-04,86.59,90.65,,2.7413,851.5
2024-04-05,86.91,91.17,,2.773,870.5
2024-04-08,86.43,90.38,467.357823190386,2.7287,851.0
2024-04-09,85.23,89.42,472.0264498485614,2.677,830.75
2024-04-10,86.21,90.48,468.631085006252,2.7076,823.25
2024-04-11,85.02,89.74,472.8752910591388,2.6598,822.25
2024-04-12,85.66,90.45,474.15275695123927,2.6851,839.5
2024-04-15,85.41,90.1,468.9009527281601,2.6542,813.75
2024-04-16,85.36,90.02,472.9462613864778,2.6513,817.5
2024-04-17,82.69,87.29,469.53968567421026,2.5747,807.0
2024-04-18,82.73,87.11,455.91338282514005,2.5339,780.75
2024-04-19,83.14,87.29,462.5136232676585,2.5413,783.5
2024-04-22,82.85,87.0,449.3841127099606,2.5604,781.75
2024-04-23,83.36,88.42,452.64874776755033,2.5792,787.0
2024-04-24,82.81,88.02,462.15877163096394,2.5499,784.0
2024-04-25,83.57,89.01,461.52003868491374,2.5504,776.25
2024-04-26,83.85,89.5,463.6491485050809,2.5482,790.0
2024-04-29,82.63,88.4,459.81675082877996,2.5313,783.5
2024-04-30,81.93,87.86,458.32637395466287,2.5134,776.25
2024-05-01,79.0,83.44,,2.4519,756.25
2024-05-02,78.95,83.67,,2.4431,747.5
2024-05-03,78.11,82.96,,2.4434,750.0
2024-05-06,78.48,83.33,439.5902075371914,2.4614,754.0
2024-05-07,78.38,83.16,438.4546822997689,2.4656,754.25
2024-05-08,78.99,83.58,433.84161102273987,2.4761,759.5
2024-05-09,79.26,83.88,437.88691968105763,2.4776,763.25
2024-05-10,78.26,82.79,442.93809292189525,2.4344,753.75
2024-05-13,79.12,83.36,436.1794808390844,2.4368,752.75
2024-05-14,78.02,82.38,438.81178238712647,2.42,741.5
2024-05-15,78.63,82.75,435.5391912733445,2.4231,745.25
2024-05-16,79.23,83.27,435.1123315628511,2.4437,749.25
2024-05-17,80.06,83.98,438.95406895729093,2.4863,762.5
2024-05-20,79.8,83.71,443.15152277714185,2.4871,765.5
2024-05-21,79.26,82.88,435.82376441367336,2.4623,759.5
2024-05-22,77.57,81.9,430.843734457918,2.4318,746.5
2024-05-23,76.87,81.36,428.6382926203692,2.4118,746.0
2024-05-24,77.72,82.12,426.14827764249156,2.4136,739.0
2024-05-27,,83.1,431.6974538789046,,749.0
2024-05-28,79.83,84.22,434.3297554269467,2.465,759.5
2024-05-29,79.23,83.6,440.8749376545109,2.437,751.5
2024-05-30,77.91,81.86,435.0411882777689,2.3694,742.75
2024-05-31,76.99,81.62,428.8517224756158,2.3636,731.75
2024-06-03,74.22,78.36,423.8716925198605,2.2962,708.5
2024-06-04,73.25,77.52,406.8684473852102,2.2859,703.5
2024-06-05,74.07,78.41,405.7301548238947,2.3011,701.0
2024-06-06,75.55,79.87,410.4967549244034,2.3576,718.0
2024-06-07,75.53,79.62,415.4056415950765,2.3517,723.75
2024-06-10,77.74,81.63,,2.4147,738.5
2024-06-11,77.9,81.92,425.15227165134047,2.4213,746.5
2024-06-12,78.5,82.6,430.6303046026713,2.4408,747.75
2024-06-13,78.62,82.75,430.06115832201357,2.4868,763.5
2024-06-14,78.45,82.62,428.8517224756158,2.4706,762.25
2024-06-17,80.33,84.25,426.70817837793703,2.4825,767.25
2024-06-18,81.57,85.33,434.4249371295808,2.5208,780.0
2024-06-19,,85.07,439.212185614397,,791.5
2024-06-20,82.17,85.71,441.49863265192107,2.5245,782.75
2024-06-21,80.73,85.24,441.2842782421532,2.4915,783.25
2024-06-24,81.63,86.01,441.1413753023079,2.5214,781.25
2024-06-25,80.83,85.01,444.4995943886715,2.5094,785.5
2024-06-26,80.9,85.25,443.2134679300641,2.5375,781.5
2024-06-27,81.74,86.39,441.78443853161156,2.5476,794.0
2024-06-28,81.54,86.41,448.9295855238744,2.5169,785.5
2024-07-01,83.38,86.6,447.9292649449576,2.6147,797.75
2024-07-02,82.81,86.24,453.00231930946427,2.6297,811.5
2024-07-03,83.88,87.34,454.64570311768466,2.6343,796.0
2024-07-04,,87.43,452.5021590200058,,802.5
2024-07-05,83.16,86.54,454.0740913583037,2.6024,807.5
2024-07-08,82.33,85.75,448.71523111410653,2.5791,789.5
2024-07-09,81.41,84.66,447.42910465549926,2.5236,775.75
2024-07-10,82.1,85.08,439.0692826745517,2.5184,779.5
2024-07-11,82.62,85.4,446.78604142619554,2.5182,779.5
2024-07-12,82.21,85.03,445.357012027743,2.5096,779.25
2024-07-15,81.91,84.85,442.28459882107,2.5136,773.75
2024-07-16,80.76,83.73,437.854607685867,2.4688,760.5
2024-07-17,82.85,85.08,433.7785481336713,2.494,762.5
2024-07-18,82.82,85.11,442.35972613829387,2.4868,762.5
2024-07-19,80.13,82.63,437.06799970211,2.4191,754.75
2024-07-22,79.78,82.4,427.19964499679395,2.4348,744.25
2024-07-23,76.96,81.01,424.1247228784709,2.4099,737.0
2024-07-24,77.59,81.71,420.97829094344263,2.4524,752.5
2024-07-25,78.28,82.37,418.68997680887657,2.4712,751.5
2024-07-26,77.16,81.13,423.9817032450605,2.4197,736.5
2024-07-29,75.81,79.78,419.5480946093389,2.375,733.5
2024-07-30,74.73,78.63,410.39483807107473,2.3368,721.0
2024-07-31,77.91,80.72,415.042976156912,2.4155,740.25
2024-08-01,76.31,79.52,424.1247228784709,2.4064,740.75
2024-08-02,73.52,76.81,415.97260377407946,2.3185,712.75
2024-08-05,72.94,76.3,391.08718756067395,2.2986,704.5
2024-08-06,73.2,76.48,391.87379554443106,2.2958,702.5
2024-08-07,75.23,78.33,389.7285010432754,2.3556,724.5
2024-08-08,76.19,79.16,395.0202274794593,2.3578,721.75
2024-08-09,76.84,79.66,401.45611098292625,2.3397,720.25
2024-08-12,80.06,82.3,406.24726870217387,2.4065,720.25
2024-08-13,78.35,80.69,414.5424074399757,2.3892,733.75
2024-08-14,76.98,79.76,410.6808773378955,2.3682,729.5
2024-08-15,78.16,81.04,406.3677576739232,2.3779,737.25
2024-08-16,76.65,79.68,411.18407463202567,2.3287,718.5
2024-08-19,74.37,77.66,402.1984086654167,2.2635,709.5
2024-08-20,74.04,77.2,393.7159399929379,2.2632,692.0
2024-08-21,71.93,76.05,393.50028400973923,2.2497,699.25
2024-08-22,73.01,77.22,386.5992925473835,2.2635,698.25
2024-08-23,74.83,79.02,391.9906921273489,2.2997,708.25
2024-08-26,77.42,81.43,404.4987391528686,2.348,726.25
2024-08-27,75.53,79.55,410.0339093882997,2.2862,708.0
2024-08-28,74.52,78.65,402.0546380099509,2.2291,692.5
2024-08-29,75.91,79.94,395.4411878585268,2.284,704.25
2024-08-30,73.55,78.8,401.7670966990195,2.2515,696.5
2024-09-02,,77.52,388.612081723904,,693.75
2024-09-03,70.34,73.75,395.4411878585268,2.206,678.5
2024-09-04,69.2,72.7,375.8164933874528,2.1575,666.0
2024-09-05,69.15,72.69,374.4412019054879,2.1689,666.25
2024-09-06,67.67,71.06,375.6717258630354,2.115,650.5
2024-09-09,68.71,71.84,370.24294369738465,2.1394,645.75
2024-09-10,65.75,69.19,367.2028256846202,2.058,633.0
2024-09-11,67.31,70.61,362.85979995209954,2.0917,627.25
2024-09-12,68.97,71.97,370.17055993517596,2.1188,627.25
2024-09-13,68.65,71.61,371.76300270376686,2.0843,649.5
2024-09-16,70.09,72.75,,2.0968,642.25
2024-09-17,71.19,73.7,,2.1367,650.0
2024-09-18,70.91,73.65,373.35544547235776,2.1475,658.5
2024-09-19,71.95,74.88,378.3499250647565,2.172,669.25
2024-09-20,71.92,74.49,378.6394601135912,2.1615,665.75
2024-09-23,70.37,73.9,380.0871353577648,2.1451,660.25
2024-09-24,71.56,75.17,381.7519618885643,2.1805,668.75
2024-09-25,69.69,73.46,387.25312781642384,2.1602,672.5
2024-09-26,67.67,71.6,378.7118438757999,2.1361,658.75
2024-09-27,68.18,71.98,379.580449022304,2.1327,657.5
2024-09-30,68.17,71.77,393.4057476041614,2.1318,664.25
2024-10-01,69.83,73.56,,2.1742,678.25
2024-10-02,70.1,73.9,,2.1821,669.5
2024-10-03,73.71,77.62,,2.2947,693.0
2024-10-04,74.38,78.05,,2.3127,712.5
2024-10-07,77.14,80.93,,2.3962,726.75
2024-10-08,73.57,77.18,419.89820457253734,2.2972,695.75
2024-10-09,73.24,76.58,406.7967436127667,2.2769,693.0
2024-10-10,75.85,79.4,402.96040421570683,2.3509,693.0
2024-10-11,75.56,79.04,412.8769796382956,2.3439,709.75
2024-10-14,73.83,77.46,410.8048241570495,2.2742,692.25
2024-10-15,70.58,74.25,398.22388016376925,2.1877,658.25
2024-10-16,70.39,74.22,395.1156469419,2.1747,655.75
2024-10-17,70.67,74.45,392.96948590775224,2.1945,660.75
2024-10-18,69.22,73.06,397.7058412934577,2.1522,648.5
2024-10-21,70.56,74.29,390.67531376780113,2.1833,655.5
2024-10-22,72.09,76.04,394.30158585998186,2.237,674.5
2024-10-23,70.77,74.96,403.1082466552781,2.2216,668.75
2024-10-24,70.19,74.38,402.2941855733599,2.2023,666.75
2024-10-25,71.78,76.05,397.7058412934577,2.2381,676.25
2024-10-28,67.38,71.42,387.6410860988335,2.1286,644.5
2024-10-29,67.21,71.12,378.9824364093407,2.1337,636.25
2024-10-30,68.61,72.55,382.2386807370132,2.1876,658.75
2024-10-31,69.26,73.16,387.4930749930303,2.2195,669.0
2024-11-01,69.49,,394.15357475417863,2.2342,672.0
2024-11-04,71.47,75.08,393.635535883867,2.2841,683.5
2024-11-05,71.99,75.53,396.66976355283464,2.3042,696.5
2024-11-06,71.69,74.92,394.2275803070803,2.27,690.25
2024-11-07,72.36,75.63,401.6281355972451,2.2864,680.25
2024-11-08,70.38,73.87,398.22388016376925,2.2389,668.5
2024-11-11,68.04,71.83,394.6716136244901,2.1976,656.5
2024-11-12,68.12,71.89,385.9389583820956,2.2108,656.5
2024-11-13,68.43,72.28,387.7212433544201,2.2193,666.25
2024-11-14,68.7,72.56,386.0874821297893,2.2123,674.0
2024-11-15,67.02,71.04,383.6368402928432,2.1709,671.0
2024-11-18,69.16,73.3,382.07734094205927,2.2514,686.5
2024-11-19,69.39,73.31,392.5482651544656,2.2402,688.25
2024-11-20,68.87,72.81,392.5482651544656,2.2263,682.25
2024-11-21,70.1,74.23,392.5482651544656,2.2744,691.75
2024-11-22,71.24,75.17,399.52888129606976,2.2749,697.75
2024-11-25,68.94,73.01,400.34576190838516,2.2353,679.0
2024-11-26,68.77,72.81,392.77105077600606,2.2404,690.0
2024-11-27,68.72,72.83,393.58793138832146,2.2036,675.0
2024-11-28,,73.28,391.1372895513754,,669.25
2024-11-29,68.0,72.94,393.88497888370887,2.193,677.0
2024-12-02,68.1,71.83,394.25628825294314,2.1777,667.25
2024-12-03,69.94,73.62,394.33055012679,2.2177,676.25
2024-12-04,68.54,72.31,401.38542814224104,2.1674,666.25
2024-12-05,68.3,72.09,393.2166220190872,2.1557,658.5
2024-12-06,67.2,71.12,390.6174564344474,2.1326,647.75
2024-12-09,68.37,72.14,390.98876580368164,2.1835,662.75
2024-12-10,68.59,72.19,391.8865586069047,2.1861,667.75
2024-12-11,70.29,73.52,396.9740511585026,2.2233,680.0
2024-12-12,70.02,73.41,403.1837847141294,2.2366,680.0
2024-12-13,71.29,74.49,405.2786345883168,2.27,689.25
2024-12-16,70.71,73.91,409.16907006895036,2.264,685.75
2024-12-17,70.08,73.19,409.69278253749724,2.2279,673.25
2024-12-18,70.58,73.39,404.60528998589933,2.255,690.75
2024-12-19,69.91,72.88,406.5505077262162,2.2377,679.25
2024-12-20,69.46,72.94,402.211175843971,2.2317,675.25
2024-12-23,69.24,72.63,405.7275309899283,2.2263,669.5
2024-12-24,70.1,73.58,404.53047391896416,2.2215,674.0
2024-12-25,,,409.61796647056195,,
2024-12-26,69.62,73.26,409.0942540020151,2.2053,671.25
2024-12-27,70.6,74.17,407.67274873024513,2.2448,680.5
2024-12-30,70.99,74.39,411.338736010073,2.2995,692.25
2024-12-31,71.72,74.64,418.8951587705345,2.3206,695.25
2025-01-02,73.13,75.93,419.4936873060166,2.354,710.25
2025-01-03,73.96,76.51,428.0227189366365,2.3478,703.0
2025-01-06,73.56,76.3,431.68870621646437,2.3552,705.25
2025-01-07,74.25,77.05,434.45690069306914,2.3663,702.5
2025-01-08,73.32,76.16,440.74145031563114,2.3507,693.75
2025-01-09,73.92,76.92,434.3072685591986,2.3782,709.0
2025-01-10,76.57,79.76,439.9436659414119,2.5017,709.0
2025-01-13,78.82,81.01,468.354155449055,2.5333,751.5
2025-01-14,77.5,79.92,464.0126061141069,2.5253,741.5
2025-01-15,80.04,82.03,477.3419242477196,2.6135,759.5
2025-01-16,78.68,81.29,482.8259865655488,2.6172,754.5
2025-01-17,77.88,80.79,481.2264683895153,2.621,753.5
2025-01-20,,80.15,473.76205023469214,,746.75
2025-01-21,75.89,79.29,472.77187231619524,2.5581,737.0
2025-01-22,75.44,79.0,470.9438515435854,2.4842,727.0
2025-01-23,74.62,78.29,463.8602710497227,2.4715,716.25
2025-01-24,74.66,78.5,461.19440742300014,2.5162,721.75
2025-01-27,73.17,77.08,458.8332139250459,2.46,704.25
2025-01-28,73.77,77.49,,2.4501,701.0
2025-01-29,72.62,76.58,,2.454,707.25
2025-01-30,72.73,76.87,,2.4754,709.5
2025-01-31,72.53,76.76,,2.4845,711.25
2025-02-03,73.16,75.96,,2.4631,716.75
2025-02-04,72.7,76.2,,2.4298,712.5
2025-02-05,71.03,74.61,461.19440742300014,2.3842,700.0
2025-02-06,70.61,74.29,456.31968536270756,2.398,698.0
2025-02-07,71.0,74.66,459.8995593757349,2.4308,706.0
2025-02-10,72.32,75.87,462.33692040588124,2.4509,718.0
2025-02-11,73.32,77.0,472.0863645264665,2.5146,733.75
2025-02-12,71.37,75.18,472.88569802549546,2.452,733.75
2025-02-13,71.29,75.02,451.78329365113257,2.4487,709.0
2025-02-14,70.74,74.74,453.62176069889904,2.4618,714.5
2025-02-17,,75.22,445.9481591082216,,711.5
2025-02-18,71.85,75.84,449.0655597544343,2.4406,719.5
2025-02-19,72.25,76.04,451.9431603509383,2.4565,724.25
2025-02-20,72.57,76.48,450.82409345229786,2.5034,734.75
2025-02-21,70.4,74.43,449.2254264542401,2.4323,717.0
2025-02-24,70.7,74.78,436.3561571198748,2.4358,712.0
2025-02-25,68.93,73.02,440.99229141424246,2.3903,695.25
2025-02-26,68.62,72.53,430.92068932647834,2.3443,682.25
2025-02-27,70.35,74.04,429.4019556783235,2.3959,694.0
2025-02-28,69.76,73.18,431.6400894756043,2.3549,690.75
2025-03-03,68.37,71.62,430.5210225769639,2.2604,683.0
2025-03-04,68.26,71.04,416.69255304376395,2.2872,675.0
2025-03-05,66.31,69.3,414.45441924648304,2.2408,654.5
2025-03-06,66.36,69.46,407.3403511051259,2.2238,664.0
2025-03-07,67.04,70.36,409.6584182523097,2.216,671.5
2025-03-10,66.03,69.28,416.2928862942495,2.1799,662.5
2025-03-11,66.25,69.56,412.8557522484253,2.1968,669.25
2025-03-12,67.68,70.95,412.4524152493549,2.2063,669.25
2025-03-13,66.55,69.88,419.22847683373703,2.1622,648.5
2025-03-14,67.18,70.58,418.8251398346667,2.1666,645.25
2025-03-17,67.58,71.07,422.2131706268577,2.2038,653.5
2025-03-18,66.9,70.56,424.4718578216518,2.1945,652.25
2025-03-19,67.16,70.78,416.4051178402445,2.2319,658.0
2025-03-20,68.26,72.0,425.19786441997843,2.2543,666.25
2025-03-21,68.28,72.16,431.16725200621977,2.2496,668.25
2025-03-24,69.11,73.0,431.0865846064057,2.2571,672.0
2025-03-25,69.0,73.02,434.2326131991545,2.2859,672.75
2025-03-26,69.65,73.79,437.05597219264706,2.2887,680.75
2025-03-27,69.92,74.03,436.1686307946924,2.2847,676.75
2025-03-28,69.36,73.63,437.45930919171747,2.2609,669.25
2025-03-31,71.48,74.74,433.58727400064197,2.314,686.0
2025-04-01,71.2,74.49,448.59141036605956,2.2889,685.75
2025-04-02,71.71,74.95,445.4453817733107,2.322,685.0
2025-04-03,66.95,70.14,437.21730699227527,2.1889,647.25
2025-04-04,61.99,65.58,,2.0819,615.75
2025-04-07,60.7,64.21,411.48440645158604,2.0699,606.0
2025-04-08,59.58,62.82,386.07417551015305,2.057,610.5
2025-04-09,62.35,65.48,369.05690978367676,2.1136,579.0
2025-04-10,60.07,63.33,385.8322238647529,2.0464,579.0
2025-04-11,61.5,64.76,381.0738415052169,2.0653,595.5
2025-04-14,61.53,64.88,382.28359973221757,2.0917,610.0
2025-04-15,61.33,64.67,384.54181508928554,2.0784,608.0
2025-04-16,62.47,65.85,376.7993624364811,2.1154,620.0
2025-04-17,64.68,67.96,389.30019744882156,2.1523,632.5
2025-04-18,,,395.7522413261586,,
2025-04-21,63.08,66.26,394.5424830991579,2.1089,619.5
2025-04-22,64.31,67.44,398.4137094255601,2.1486,630.25
2025-04-23,62.27,66.12,406.3174631752979,2.1269,617.75
2025-04-24,62.79,66.55,397.9298061347598,2.1437,622.0
2025-04-25,63.02,66.87,400.10737094336105,2.1673,628.5
2025-04-28,62.05,65.86,401.63973136422857,2.1755,622.75
2025-04-29,60.42,64.25,390.026052385022,2.1204,615.0
2025-04-30,58.21,63.12,379.9447338266829,2.0367,604.5
2025-05-01,59.24,62.13,,2.012,590.0
2025-05-02,58.29,61.29,,1.9932,585.75
2025-05-05,57.13,60.23,,1.9745,579.0
2025-05-06,59.09,62.15,370.105366913744,2.0088,597.0
2025-05-07,58.07,61.12,377.6058679211482,1.9766,583.25
2025-05-08,59.91,62.84,369.41129613466495,2.04,595.25
2025-05-09,61.02,63.91,378.9169994069855,2.0664,601.75
2025-05-12,61.95,64.96,387.2754626291985,2.1111,601.75
2025-05-13,63.67,66.63,385.554602554037,2.1713,620.5
2025-05-14,63.15,66.09,392.7658257261422,2.2061,623.25
2025-05-15,61.62,64.53,377.52392220328335,2.166,615.25
2025-05-16,62.49,65.41,373.8363648993659,2.1406,612.25
2025-05-19,62.69,65.54,379.24478227844486,2.1277,610.25
2025-05-20,62.56,65.38,381.3753709429305,2.1289,605.5
2025-05-21,61.57,64.91,385.2268196825777,2.1391,606.5
2025-05-22,61.2,64.44,371.7877219527451,2.1175,601.5
2025-05-23,61.53,64.78,371.05021049196165,2.1048,605.5
2025-05-26,,64.74,376.70446502463506,,603.0
2025-05-27,60.89,64.09,375.5572249745274,2.0794,598.0
2025-05-28,61.84,64.9,371.2141019276913,2.0881,608.5
2025-05-29,60.94,64.15,382.7684481466327,2.0482,599.25
2025-05-30,60.79,63.9,367.03487031658483,2.0172,590.75
2025-06-02,62.52,64.63,,2.0445,606.0
2025-06-03,63.41,65.63,378.99894512485037,2.0999,618.0
2025-06-04,62.85,64.86,383.6698510431458,2.0701,609.0
2025-06-05,63.37,65.34,379.98229373922834,2.0945,618.25
2025-06-06,64.58,66.47,381.94899096798434,2.1253,622.25
2025-06-09,65.29,67.04,388.6685398329006,2.1464,629.25
2025-06-10,64.98,66.87,393.1755543154664,2.1416,636.5
2025-06-11,68.15,69.77,391.78247711176425,2.2053,635.75
2025-06-12,68.04,69.36,406.2049234559748,2.1887,645.0
2025-06-13,72.98,74.23,431.7430162145868,2.3587,684.25
2025-06-16,71.77,73.23,441.85875425533567,2.3933,685.25
2025-06-17,74.84,76.45,435.225483408943,2.5051,731.0
2025-06-18,75.14,76.7,458.27609960015775,2.5334,734.25
2025-06-19,,78.85,473.36679077570113,,798.5
2025-06-20,74.93,77.01,469.8014076957651,2.5418,758.5
2025-06-23,68.51,71.48,476.3517626565779,2.3631,743.25
2025-06-24,64.37,67.14,430.0017826174087,2.2851,668.25
2025-06-25,64.92,67.68,421.7101940594178,2.2964,683.25
2025-06-26,65.24,67.73,416.98398858136295,2.3601,692.75
2025-06-27,65.52,67.77,413.33568961584695,2.3072,675.0
2025-06-30,65.11,67.61,411.8432036754086,2.3458,677.0
2025-07-01,65.45,67.11,414.08193258606616,2.3269,696.25
2025-07-02,67.45,69.11,413.0869419591072,2.4117,711.5
2025-07-03,67.0,68.8,419.8031286910799,2.3698,724.5
2025-07-04,,68.3,417.4814838948424,,745.0
2025-07-07,67.93,69.58,416.48649326788353,2.4211,750.25
2025-07-08,68.33,70.15,423.45142765659585,2.4413,769.5
2025-07-09,68.38,70.19,430.91385735878777,2.4092,774.5
2025-07-10,66.57,68.64,433.23550215502513,2.3835,774.5
2025-07-11,68.45,70.36,426.38559474246284,2.4474,712.25
2025-07-14,66.98,69.21,433.8274694622837,2.3898,701.75
2025-07-15,66.52,68.71,427.99236314787873,2.4052,703.75
2025-07-16,66.38,68.52,429.5145647951148,2.3915,691.0
2025-07-17,67.54,69.52,427.4003958406202,2.4646,712.5
2025-07-18,67.34,69.28,436.19533869131754,2.453,726.25
2025-07-21,67.2,69.21,433.2355021550252,2.5092,731.0
2025-07-22,66.21,68.59,426.47016150064263,2.4518,715.5
2025-07-23,65.25,68.51,425.96276095156395,2.449,711.25
2025-07-24,66.03,69.18,430.3602323769126,2.4129,706.75
2025-07-25,65.16,68.44,433.74290270410387,2.4062,715.25
2025-07-28,66.71,70.04,427.82322963151915,2.4266,708.75
2025-07-29,69.21,72.51,435.51880462587934,2.4638,708.5
2025-07-30,70.0,73.24,447.0198837383298,2.4185,709.0
2025-07-31,69.26,72.53,449.3031862091838,2.3995,706.0
2025-08-01,67.33,69.67,446.42791643107125,2.2999,681.75
2025-08-04,66.29,68.76,434.9268373186208,2.3176,686.75
2025-08-05,65.16,67.64,430.27566561873283,2.2502,670.25
2025-08-06,64.35,66.89,427.82322963151915,2.2628,682.5
2025-08-07,63.88,66.43,423.6794584807098,2.2668,670.25
2025-08-08,63.88,66.59,414.2079815645742,2.2793,675.5
2025-08-11,63.96,66.63,413.86971453185504,2.291,670.5
2025-08-12,63.17,66.12,419.90230532055585,2.2441,670.5
2025-08-13,62.65,65.63,416.8435268924822,2.2428,648.75
2025-08-14,63.96,66.84,412.5102574527112,2.2345,652.5
2025-08-15,62.8,65.85,414.7193752063199,2.225,656.5
2025-08-18,63.42,66.6,413.35991812717606,2.2403,645.5
2025-08-19,62.35,65.79,411.4056985759068,2.2511,659.5
2025-08-20,63.21,66.84,410.2161736316559,2.2796,669.0
2025-08-21,63.52,67.67,417.0984250948216,2.3251,679.5
2025-08-22,63.66,67.73,419.39250891587693,2.3081,680.75
2025-08-25,64.8,68.8,418.79774644375146,2.3475,690.0
2025-08-26,63.25,67.22,421.51666060203917,2.2805,674.5
2025-08-27,64.15,68.05,407.5822255408147,2.2953,674.5
2025-08-28,64.6,68.62,409.2815468897445,2.3098,674.25
2025-08-29,64.01,68.12,412.25535925037167,2.2667,675.25
2025-09-01,,68.15,410.81093610378133,,685.0
2025-09-02,65.59,69.14,416.67359475758917,2.3744,703.5
2025-09-03,63.97,67.6,419.0526446460909,2.3609,707.25
2025-09-04,63.48,66.99,408.6867844176191,2.3307,698.75
2025-09-05,61.87,65.5,409.536445092084,2.287,683.25
2025-09-08,62.26,66.02,416.7585608250357,2.3119,694.75
2025-09-09,62.63,66.39,410.2161736316559,2.3199,698.75
2025-09-10,63.67,67.49,413.1050199248366,2.3337,698.75
2025-09-11,62.37,66.37,415.30508762619786,2.2819,698.75
2025-09-12,62.69,66.99,403.3739512457386,2.29,691.0
2025-09-15,63.3,67.44,414.03581779848946,2.3311,697.25
2025-09-16,64.52,68.47,418.01286325864254,2.3935,712.0
2025-09-17,64.05,67.95,422.497616649879,2.3548,705.25
2025-09-18,63.57,67.44,416.1512675113368,2.34,702.5
2025-09-19,62.68,66.68,412.0896040626699,2.2989,693.5
2025-09-22,62.64,66.57,408.70488452211407,2.2923,689.0
2025-09-23,63.41,67.63,400.32770365923847,2.328,705.75
2025-09-24,64.99,69.31,408.1125586025168,2.3772,710.75
2025-09-25,64.98,69.42,415.1358516491701,2.4265,723.75
2025-09-26,65.72,70.13,415.72817756876736,2.4289,733.0
2025-09-29,63.45,67.97,416.828211419448,2.3566,700.25
2025-09-30,62.37,67.02,405.9124909011555,2.3325,694.5
2025-10-01,61.78,65.35,,2.3019,695.0
2025-10-02,60.48,64.11,,2.2435,673.75
2025-10-03,60.88,64.53,,2.2363,671.25
2025-10-06,61.69,65.47,,2.2443,668.5
2025-10-07,61.73,65.45,,2.2653,669.5
2025-10-08,62.55,66.25,,2.2913,678.5
2025-10-09,61.51,65.22,398.5507259004466,2.2803,683.0
2025-10-10,58.9,62.73,390.8504889456821,2.2044,683.0
2025-10-13,59.49,63.32,383.35195617651516,2.2497,659.75
2025-10-14,58.7,62.39,378.802284608706,2.1976,641.5
2025-10-15,58.27,61.91,375.76917023016654,2.1748,637.75
2025-10-16,57.46,61.06,375.6849170529848,2.1535,643.0
2025-10-17,57.54,61.29,366.50132074018484,2.18,633.0
2025-10-20,57.52,61.01,367.17534615763805,2.1921,640.5
2025-10-21,57.82,61.32,368.7761565240894,2.2058,643.5
2025-10-22,58.5,62.59,376.7802083563463,2.2496,658.75
2025-10-23,61.79,65.99,387.3118555040528,2.403,707.5
2025-10-24,61.5,65.94,391.69302071749865,2.4031,718.75
2025-10-27,61.31,65.62,395.06314780476475,2.4361,736.25
2025-10-28,60.15,64.4,389.8394508195023,2.3872,709.75
2025-10-29,60.48,64.92,389.7551976423207,2.4243,718.5
2025-10-30,60.57,65.0,386.63783008659954,2.46,723.0
2025-10-31,60.98,65.07,386.46932373223626,2.4312,718.5
2025-11-03,61.05,64.89,394.2206160329482,2.4053,724.25
2025-11-04,60.56,64.44,390.51347623695557,2.4446,723.5
2025-11-05,59.6,63.52,390.68198259131884,2.4325,753.75
2025-11-06,59.43,63.38,387.90162774432434,2.4961,774.75
2025-11-07,59.75,63.63,388.0701340986877,2.4821,760.75
2025-11-10,60.13,64.06,389.2435643097852,2.5104,751.0
2025-11-11,61.04,65.16,386.6452545566406,2.5757,784.75
2025-11-12,58.49,62.71,393.18293716132695,2.4816,784.75
2025-11-13,58.69,63.01,379.60467329005536,2.4647,719.0
2025-11-14,60.09,64.39,385.1365585709438,2.5311,746.0
2025-11-17,59.91,64.2,384.8851092399943,2.547,743.75
2025-11-18,60.74,64.89,384.54984346539504,2.7011,777.5
2025-11-19,59.44,63.51,389.327380753435,2.6357,768.25
2025-11-20,59.14,63.38,381.7839008249508,2.5333,748.5
2025-11-21,58.06,62.56,374.994768889315,2.4564,711.75
2025-11-24,58.84,63.37,375.41385110756414,2.4061,699.0
2025-11-25,57.95,62.48,376.0005662131129,2.3538,684.0
2025-11-26,58.65,63.13,372.9831742417192,2.3255,666.25
2025-11-27,,63.34,375.1624017766147,,678.0
2025-11-28,58.55,63.2,380.4428377265536,2.333,685.75
2025-12-01,59.32,,381.95153371225047,,690.5
2025-12-02,58.64,62.45,380.3590212829038,2.3127,685.0
2025-12-03,58.95,62.67,375.5814839948638,2.3008,664.5
2025-12-04,59.67,63.26,379.3532239591059,2.3037,666.0
2025-12-05,60.08,63.75,380.27520483925395,2.3629,683.25
2025-12-08,58.88,62.49,383.54404614159716,2.2982,667.0
2025-12-09,58.25,61.94,373.9051551218673,2.2601,648.5
2025-12-10,58.46,62.21,371.8935604742715,2.273,653.0
2025-12-11,57.6,61.28,368.5409027282785,2.2289,653.0
2025-12-12,57.44,61.12,366.2855526889168,2.198,629.25
2025-12-15,56.82,60.56,365.283174893645,2.1806,622.5
2025-12-16,55.27,58.92,359.6865655367106,2.1286,608.25
2025-12-17,55.94,59.68,356.4288377020771,2.1495,614.75
2025-12-18,56.15,59.82,358.68418774143873,2.1316,613.25
2025-12-19,56.66,60.47,356.3453062191378,2.1219,607.5
2025-12-22,58.01,62.07,365.7843637912809,2.1581,616.5
2025-12-23,58.38,62.38,368.2903082794605,2.1906,627.25
2025-12-24,58.35,62.24,371.4645046311546,2.1576,635.5
2025-12-25,,,369.79387497236826,,
2025-12-26,56.74,60.64,369.0420916259144,2.107,619.75
2025-12-29,58.08,61.94,363.194887820162,2.1275,621.75
2025-12-30,57.95,61.92,364.28079709837317,2.1505,628.75
2025-12-31,57.42,60.85,361.02306926373967,2.1206,622.75
2026-01-02,57.32,60.75,,2.1151,611.25
2026-01-05,58.32,61.76,352.25226355511114,2.1428,623.25
2026-01-06,57.13,60.7,357.6818099461669,2.083,614.25
2026-01-07,55.99,59.96,347.74156347638785,2.0567,601.0
2026-01-08,57.76,61.99,347.65803199344856,2.1195,609.0
2026-01-09,59.12,63.34,361.4407266784363,2.135,632.25
2026-01-12,59.5,63.87,365.6929705217121,2.1544,632.25
2026-01-13,61.15,65.47,372.446534272797,2.2384,655.0
2026-01-14,62.02,66.52,373.53043956618103,2.2819,659.25
2026-01-15,59.19,63.76,372.36315694253676,2.2083,641.0
2026-01-16,59.44,64.13,365.8597251822327,2.2376,654.75
2026-01-19,,63.94,364.69244255858837,,651.5
2026-01-20,60.34,64.92,364.35893323754715,2.3385,666.5
2026-01-21,60.62,65.24,367.52727178743885,2.4305,685.25
2026-01-22,59.36,64.06,372.1964022820161,2.3668,671.25
2026-01-23,61.07,65.88,368.4444224203022,2.4285,675.5
2026-01-26,60.63,65.59,381.28453128038973,2.568,679.75
2026-01-27,62.39,67.57,372.446534272797,2.6462,682.25
2026-01-28,63.21,68.4,383.785851188199,2.6661,698.25
2026-01-29,65.42,70.71,393.9578854799566,2.5854,713.75
2026-01-30,65.21,70.69,392.54047086553135,2.7356,742.5
2026-02-02,62.14,66.3,374.36421286878414,2.3598,684.0
2026-02-03,63.21,67.33,374.69772218982536,2.4093,687.75
2026-02-04,65.14,69.46,385.866676152207,2.47,689.5
2026-02-05,63.29,67.55,386.5285400907185,2.3932,689.5
2026-02-06,63.55,68.05,388.6795978908809,2.4133,699.25
2026-02-09,64.36,69.04,384.04655032130034,2.4169,693.25
2026-02-10,63.96,68.8,393.891776406659,2.3988,683.0
2026-02-11,64.63,69.4,394.47090735285656,2.4404,698.25
2026-02-12,62.84,67.52,394.47090735285656,2.3927,698.25
2026-02-13,62.89,67.75,381.15089559031253,2.3879,672.5
2026-02-16,,68.65,,,679.0
2026-02-17,62.33,67.42,,2.3906,672.25
2026-02-18,65.19,70.35,,2.5187,699.0
2026-02-19,66.43,71.66,,2.6147,727.75
2026-02-20,66.39,71.76,,2.5858,732.75
2026-02-23,66.31,71.49,,2.6782,746.5
2026-02-24,65.63,70.77,408.1218510846563,2.6869,731.75
2026-02-25,65.42,70.85,403.9852014689594,2.674,729.25
2026-02-26,65.21,70.75,400.09675083020437,2.6125,752.0
2026-02-27,67.02,72.48,404.06793446127335,2.6709,752.75
2026-03-02,71.23,77.74,436.6647334329649,2.9004,886.5
2026-03-03,74.56,81.4,473.48091501266737,3.1869,1009.0
2026-03-04,74.66,81.4,530.4012137246567,3.2938,997.0
2026-03-05,81.01,85.41,549.4298019568625,3.6143,1109.25
2026-03-06,90.9,92.69,550.00893290306,3.6224,1158.25
2026-03-09,94.77,98.96,638.5332346789737,3.5866,1166.0
2026-03-10,83.45,87.8,551.2499277877691,3.3466,1042.5
2026-03-11,87.25,91.98,547.6924091182698,3.6788,1097.0
2026-03-12,95.73,100.46,600.65734985128,3.8989,1097.0
2026-03-13,98.71,103.14,626.5993616388768,4.0147,1133.25
2026-03-16,93.5,100.21,640.6512846904917,3.8375,1160.0
2026-03-17,96.21,103.42,632.9185696384196,4.0158,1165.75
2026-03-18,96.32,107.38,611.4665214294453,4.1978,1259.25
2026-03-19,96.14,108.65,677.5687630036102,4.342,1329.5
2026-03-20,98.32,112.19,643.2288563745158,4.6084,1348.5
2026-03-23,88.13,99.94,693.9488153182147,4.056,1287.75
2026-03-24,92.35,104.49,614.5429779555385,4.2909,1295.5
2026-03-25,90.32,102.22,601.9045619564528,4.0063,1182.75
2026-03-26,94.48,108.01,609.5541295348468,4.2734,1337.0
2026-03-27,99.64,112.57,615.9564850080677,4.4955,1373.5
2026-03-30,102.88,112.78,634.830961533018,4.3643,1398.5
2026-03-31,101.38,118.35,615.7901900607114,4.1634,1365.0
2026-04-01,100.12,101.16,543.6181829080382,4.0568,1365.25
2026-04-02,111.54,109.03,599.7427276408197,4.3611,1481.75
2026-04-03,,,600.3247599565672,,
2026-04-06,112.41,109.77,,4.33,1520.25
2026-04-07,112.95,109.27,590.3470631151838,4.48,1527.75
2026-04-08,94.41,94.75,516.3458115415903,3.81,1247.0
2026-04-09,97.87,95.92,532.1438315404473,3.94,1402.25
2026-04-10,96.57,95.2,529.898849751136,3.76,1402.25
2026-04-13,99.08,99.36,547.1103768025224,3.83,1217.75
2026-04-14,91.28,94.79,541.4563485924052,3.62,1135.5
2026-04-15,91.29,94.93,526.4438506992763,3.75,1160.25
2026-04-16,94.69,99.39,529.8824675351325,3.83,1175.25
2026-04-17,83.85,90.38,533.5726904809296,3.4,1028.25
2026-04-20,89.61,95.48,518.6440612911142,3.54,1085.5
2026-04-21,,98.48,516.2118688950208,3.73,1125.0
2026-04-22,92.96,101.91,523.0891025667335,3.94,1197.25
2026-04-23,95.85,105.07,538.185469163176,3.99,1212.75
2026-04-24,94.4,105.33,543.8046722851851,3.89,1249.0
2026-04-27,96.37,108.23,548.0819761541771,3.97,1276.75
2026-04-28,99.93,111.26,561.3332312777211,3.97,1233.5
2026-04-29,106.88,118.03,559.0687762882548,4.2,1311.25
2026-04-30,105.07,114.01,577.8553658304943,4.14,1307.25
2026-05-01,101.94,108.17,,3.9464,1298.5
2026-05-04,106.42,114.44,,4.0732,1309.0
2026-05-05,102.27,109.87,,4.0302,1294.75
2026-05-06,95.08,101.27,558.0623518484919,3.7856,1188.0
2026-05-07,94.81,100.06,524.8503453363184,3.8166,1141.25
2026-05-08,95.42,101.29,523.760052193242,3.8991,1192.0
2026-05-11,98.07,104.21,532.734003447794,3.9686,1178.5
2026-05-12,102.18,107.77,541.4563485924052,4.1588,1178.5
2026-05-13,101.02,105.63,532.8178721511074,3.9667,1191.5
2026-05-14,101.17,105.72,521.7296579442389,3.9056,1146.25
2026-05-15,105.42,109.26,547.6577377813526,4.0534,1204.25
2026-05-18,108.66,112.1,567.2496952145416,4.1145,1233.5
2026-05-19,,111.28,567.8332854359558,4.1625,1210.0
2026-05-20,98.26,105.02,558.9960620831131,3.9471,1171.0
2026-05-21,96.35,102.58,546.9074074966774,3.8316,1172.5
2026-05-22,96.6,103.54,534.4852727837193,3.8878,1135.25
2026-05-25,,96.14,506.80642228236303,,1065.25
2026-05-26,93.89,99.58,502.1377005110499,3.7146,1083.5
2026-05-27,88.68,94.29,500.05344972028513,3.5975,1047.0
2026-05-28,88.9,93.71,499.1363793723487,3.6187,1032.0
2026-05-29,87.36,92.05,484.37988377373404,3.5373,1009.5
2026-06-01,92.16,94.98,496.8020184866921,3.6394,1095.25
2026-06-02,93.76,96.0,496.8853885183227,3.6987,1071.75
2026-06-03,96.02,97.81,510.057853515956,3.8481,1123.75
2026-06-04,93.04,95.03,503.22151092224766,3.6738,1079.5
2026-06-05,90.54,93.09,495.71820807549443,3.5874,1062.0
2026-06-08,91.3,94.25,511.0582938955232,3.5999,1070.75
2026-06-09,88.2,91.45,483.71292352068934,3.5418,1028.0
2026-06-10,90.03,93.1,477.0433209902421,3.6126,1039.5
2026-06-11,87.71,90.38,485.2969541216706,3.5131,1039.5
2026-06-12,84.88,87.33,462.30614579403186,3.4044,967.25
2026-06-15,80.75,83.17,440.5603270870235,3.2665,933.75
2026-06-16,76.05,78.96,437.821349921637,3.1702,897.25
2026-06-17,76.79,79.55,423.46246963036816,3.1946,906.0
2026-06-18,76.6,79.85,422.0514813936539,3.1273,863.75
2026-06-19,,80.57,,,905.0
2026-06-22,74.82,77.9,420.97249038910763,3.0931,878.75
2026-06-23,73.21,77.08,407.85859971846907,3.1546,882.25
2026-06-24,70.34,73.74,403.4596363922422,3.1762,881.0
2026-06-25,71.92,75.26,384.86779139083046,3.2982,913.5
2026-06-26,69.23,71.99,387.77276717230103,3.2082,881.25
2026-06-29,70.75,73.15,385.3657872390826,3.3317,907.25
2026-06-30,69.5,72.92,382.0458149174019,3.3168,931.5
2026-07-01,68.58,71.57,374.57587719362044,3.2179,932.0
2026-07-02,68.69,71.8,360.46599482647764,3.1822,926.5
2026-07-03,,72.12,366.2759463894188,,943.5
2026-07-06,68.55,71.99,364.03496507228436,3.2984,972.75
2026-07-07,70.44,74.16,367.68693462613305,3.3017,973.25
2026-07-08,73.52,78.02,387.440769940133,3.6575,1098.75
2026-07-09,72.08,76.3,394.20037486249277,3.5716,1043.0
2026-07-10,71.41,76.01,388.4299804165759,3.5533,1043.0
2026-07-13,78.14,83.3,397.82747994278344,3.8236,1082.25
2026-07-14,79.34,84.73,428.1632678870321,4.0143,1133.75
2026-07-15,79.6,84.95,429.5646493953262,3.9483,1129.5
2026-07-16,78.95,84.23,424.2888601876308,4.0307,1164.0
2026-07-17,82.49,88.1,420.82662352008066,4.0646,1178.25
2026-07-20,83.23,89.22,452.069187734402,4.119,1201.5
2026-07-21,84.91,91.01,437.7256358259801,4.1266,1205.75
2026-07-22,,94.07,461.13695043512854,4.1488,1227.5
2026-07-23,92.19,100.69,472.34800250148135,4.3416,1291.5
2026-07-24,89.31,96.78,485.86721234620086,4.1806,1235.0
2026-07-27,82.61,88.36,446.87583273307683,4.1116,1233.0
2026-07-28,79.26,84.09,439.1270173342742,4.1509,1224.5
2026-07-29,84.46,90.74,448.60695106685193,4.3701,1308.5
2026-07-30,83.59,89.03,468.3911605957098,4.2094,1298.5
2026-07-31,84.67,90.12,450.1732009878865,4.1215,1319.25
2026-08-03,80.34,83.77,437.0661621750182,3.8772,1206.25
2026-08-04,75.77,79.36,443.496030271897,3.7705,1136.0
2026-08-05,75.22,79.45,416.8697816143091,3.7962,1170.25
2026-08-06,77.29,82.49,424.70103121948205,3.882,1172.75
2026-08-07,78.18,83.55,438.055372651461,3.9024,1197.0
2026-08-10,82.13,87.72,437.8080700323503,4.1898,1304.75
2026-08-11,83.2,88.91,464.7640555154191,4.2525,1324.5
2026-08-12,83.27,88.98,461.00653081218627,4.304,1324.5
2026-08-13,81.25,87.07,462.17553849763647,4.2506,1250.75
2026-08-14,82.4,88.52,464.4300533195762,4.2829,1243.0
2026-08-17,84.5,90.87,468.9390829634555,4.4371,1279.25
2026-08-18,84.94,91.02,488.31121032234466,4.4501,1299.0
2026-08-19,85.83,91.62,489.14621581195195,4.4523,1296.25
2026-08-20,87.83,93.78,487.14220263689447,4.4803,1300.0
2026-08-21,87.06,94.39,495.0747547881638,4.4948,1311.75
2026-08-24,85.01,92.17,490.81622679116657,4.2677,1254.25
2026-08-25,82.36,88.58,487.7267064796196,4.2438,1242.5
2026-08-26,82.23,87.84,464.5970544174976,4.26,1239.5
2026-08-27,83.53,89.7,481.38066475860415,4.2787,1221.75
2026-08-28,83.4,89.31,498.08077455075005,4.3567,1280.0
2026-08-31,85.76,90.49,530.3119864495916,4.4953,1347.75
2026-09-01,90.22,94.65,532.5665012715311,4.6773,1419.75
2026-09-02,91.01,95.63,578.9093059447359,4.6822,1432.25
2026-09-03,91.3,95.52,569.2232422652914,4.5936,1424.75
2026-09-04,91.48,96.28,572.1457614789169,4.5402,1395.0
2026-09-07,,97.0,583.9193388823796,,1460.25
2026-09-08,93.03,97.92,601.7049558110151,4.5678,1439.75
2026-09-09,96.05,101.21,619.1565705438074,4.801,1472.75
2026-09-10,102.48,107.63,642.119221508008,5.0575,1472.75
2026-09-11,100.05,104.61,678.7759625017682,4.9593,1479.25
2026-09-14,101.39,105.68,736.9980882144931,4.9615,1476.5
2026-09-15,105.83,108.75,758.1533326504832,5.262,1568.25
2026-09-16,102.43,105.83,747.6661174599924,5.2465,1538.0
2026-09-17,101.91,104.82,709.8759799632237,5.1139,1490.75
2026-09-18,100.3,103.87,658.1631602308034,5.0578,1509.25
2026-09-21,95.78,100.34,646.4,4.8895,1441.5
2026-09-22,94.59,99.25,646.8,4.9421,1429.0
2026-09-23,92.16,103.08,623.4,4.7764,1485.25
2026-09-24,94.61,106.6,662.0,4.7303,1520.25
2026-09-25,92.41,104.32,,4.6847,1460.75
2026-09-28,92.6,105.28,654.2,4.7553,1445.0
2026-09-29,89.38,102.59,654.8,4.8979,1394.25
2026-09-30,90.42,103.53,650.8,4.9569,1465.0
2026-10-01,92.87,102.31,,4.642,1450.0
2026-10-02,91.11,102.25,,4.5011,1354.0
