,wti,brent,shanghai_crude,heating_oil,gasoil
2016-09-21,45.34000015258789,46.83000183105469,,1.4290000200271606,418.25
2016-09-22,46.31999969482422,47.650001525878906,,1.454200029373169,427.5
2016-09-23,44.47999954223633,45.88999938964844,,1.4072999954223633,425.5
2016-09-26,45.93000030517578,47.349998474121094,,1.4490000009536743,425.75
2016-09-27,44.66999816894531,45.970001220703125,,1.4098999500274658,410.0
2016-09-28,47.04999923706055,48.689998626708984,,1.4910000562667847,416.0
2016-09-29,47.83000183105469,49.2400016784668,,1.510200023651123,444.75
2016-09-30,48.2400016784668,49.060001373291016,,1.527899980545044,446.75
2016-10-03,48.810001373291016,49.099998474121094,,1.5532000064849854,449.5
2016-10-04,48.689998626708984,50.869998931884766,,1.5543999671936035,457.75
2016-10-05,49.83000183105469,51.86000061035156,,1.5822999477386475,465.75
2016-10-06,50.439998626708984,52.5099983215332,,1.5958000421524048,469.5
2016-10-07,49.810001373291016,51.93000030517578,,1.579300045967102,468.5
2016-10-10,,,,,477.5
2016-10-11,50.790000915527344,52.40999984741211,,1.5872999429702759,470.5
2016-10-12,50.18000030517578,51.810001373291016,,1.5667999982833862,463.5
2016-10-13,50.439998626708984,52.029998779296875,,1.5795999765396118,465.75
2016-10-14,50.349998474121094,51.95000076293945,,1.5672999620437622,461.25
2016-10-17,49.939998626708984,51.52000045776367,,1.5561000108718872,458.5
2016-10-18,50.290000915527344,51.68000030517578,,1.568600058555603,460.0
2016-10-19,51.599998474121094,52.66999816894531,,1.5879000425338745,473.25
2016-10-20,50.43000030517578,51.380001068115234,,1.5595999956130981,461.75
2016-10-21,50.849998474121094,51.779998779296875,,1.5740000009536743,464.5
2016-10-24,50.52000045776367,51.459999084472656,,1.579800009727478,464.25
2016-10-25,49.959999084472656,50.790000915527344,,1.563099980354309,462.5
2016-10-26,49.18000030517578,49.97999954223633,,1.5511000156402588,461.75
2016-10-27,49.720001220703125,50.470001220703125,,1.570099949836731,465.0
2016-10-28,48.70000076293945,49.709999084472656,,1.542199969291687,461.5
2016-10-31,46.86000061035156,48.29999923706055,,1.4954999685287476,440.25
2016-11-01,46.66999816894531,48.33000183105469,,1.5168999433517456,437.5
2016-11-02,45.34000015258789,46.86000061035156,,1.4665000438690186,423.0
2016-11-03,44.65999984741211,46.349998474121094,,1.4581999778747559,423.0
2016-11-04,44.06999969482422,45.58000183105469,,1.430299997329712,418.0
2016-11-07,44.88999938964844,46.150001525878906,,1.440600037574768,417.75
2016-11-08,44.97999954223633,46.040000915527344,,1.441100001335144,420.5
2016-11-09,45.27000045776367,46.36000061035156,,1.441100001335144,419.5
2016-11-10,44.65999984741211,45.84000015258789,,1.4365999698638916,420.0
2016-11-11,,,,,406.75
2016-11-14,43.31999969482422,44.43000030517578,,1.3854999542236328,401.75
2016-11-15,45.810001373291016,46.95000076293945,,1.4438999891281128,417.0
2016-11-16,45.56999969482422,46.630001068115234,,1.434999942779541,421.25
2016-11-17,45.41999816894531,46.4900016784668,,1.4470000267028809,423.5
2016-11-18,45.689998626708984,46.86000061035156,,1.4577000141143799,424.0
2016-11-21,47.4900016784668,48.900001525878906,,1.5245000123977661,447.0
2016-11-22,48.029998779296875,49.119998931884766,,1.5262999534606934,445.25
2016-11-23,47.959999084472656,48.95000076293945,,1.5168999433517456,445.75
2016-11-24,,,,,444.25
2016-11-25,46.060001373291016,47.2400016784668,,1.4700000286102295,432.5
2016-11-28,47.08000183105469,48.2400016784668,,1.5127999782562256,440.25
2016-11-29,45.22999954223633,46.380001068115234,,1.4627000093460083,425.5
2016-11-30,49.439998626708984,50.470001220703125,,1.5708999633789062,448.25
2016-12-01,51.060001373291016,50.459999084472656,,1.6478999853134155,477.0
2016-12-02,51.68000030517578,54.459999084472656,,1.6581000089645386,478.25
2016-12-05,51.790000915527344,54.939998626708984,,1.657099962234497,481.0
2016-12-06,50.93000030517578,53.93000030517578,,1.6378999948501587,475.25
2016-12-07,49.77000045776367,53.0,,1.618399977684021,473.25
2016-12-08,50.84000015258789,53.88999938964844,,1.6259000301361084,471.5
2016-12-09,51.5,54.33000183105469,,1.6374000310897827,477.5
2016-12-12,52.83000183105469,55.689998626708984,,1.6717000007629395,491.0
2016-12-13,52.97999954223633,55.720001220703125,,1.6747000217437744,490.0
2016-12-14,51.040000915527344,53.900001525878906,,1.6434999704360962,488.25
2016-12-15,50.900001525878906,54.02000045776367,,1.6419999599456787,474.75
2016-12-16,51.900001525878906,55.209999084472656,,1.6722999811172485,490.25
2016-12-19,52.119998931884766,54.91999816894531,,1.6690000295639038,487.0
2016-12-20,52.22999954223633,55.349998474121094,,1.6687999963760376,491.5
2016-12-21,52.4900016784668,54.459999084472656,,1.6401000022888184,486.25
2016-12-22,52.95000076293945,55.04999923706055,,1.6607999801635742,487.25
2016-12-23,53.02000045776367,55.15999984741211,,1.6627999544143677,484.25
2016-12-27,53.900001525878906,56.09000015258789,,1.6993999481201172,501.0
2016-12-28,54.060001373291016,56.220001220703125,,1.6993000507354736,500.5
2016-12-29,53.77000045776367,56.13999938964844,,1.7036999464035034,502.75
2016-12-30,53.720001220703125,56.130001068115234,,1.704300045967102,501.0
2017-01-02,,,,,501.0
2017-01-03,52.33000183105469,55.470001220703125,,1.6766999959945679,493.75
2017-01-04,53.2599983215332,56.459999084472656,,1.6929999589920044,490.5
2017-01-05,53.7599983215332,56.88999938964844,,1.694200038909912,488.25
2017-01-06,53.9900016784668,57.099998474121094,,1.7031999826431274,493.25
2017-01-09,51.959999084472656,54.939998626708984,,1.6375999450683594,483.0
2017-01-10,50.81999969482422,53.63999938964844,,1.6114000082015991,472.75
2017-01-11,52.25,55.099998474121094,,1.652400016784668,482.0
2017-01-12,53.0099983215332,56.0099983215332,,1.6756000518798828,482.0
2017-01-13,52.369998931884766,55.45000076293945,,1.6513999700546265,
2017-01-16,,,,,487.0
2017-01-17,52.47999954223633,55.470001220703125,,1.6485999822616577,490.75
2017-01-18,51.08000183105469,53.91999816894531,,1.6092000007629395,485.75
2017-01-19,51.369998931884766,54.15999984741211,,1.618299961090088,479.5
2017-01-20,52.41999816894531,55.4900016784668,,1.645900011062622,489.5
2017-01-23,52.75,55.22999954223633,,1.6265000104904175,485.5
2017-01-24,53.18000030517578,55.439998626708984,,1.6414999961853027,488.5
2017-01-25,52.75,55.08000183105469,,1.6114000082015991,487.75
2017-01-26,53.779998779296875,56.2400016784668,,1.6409000158309937,494.0
2017-01-27,53.16999816894531,55.52000045776367,,1.618899941444397,485.25
2017-01-30,52.630001068115234,55.22999954223633,,1.6066999435424805,484.75
2017-01-31,52.810001373291016,55.70000076293945,,1.6117000579833984,493.75
2017-02-01,53.880001068115234,55.65999984741211,,1.6740000247955322,501.75
2017-02-02,53.540000915527344,56.560001373291016,,1.6518000364303589,504.25
2017-02-03,53.83000183105469,56.810001373291016,,1.6650999784469604,501.0
2017-02-06,53.0099983215332,55.720001220703125,,1.635200023651123,498.25
2017-02-07,52.16999816894531,55.04999923706055,,1.6220999956130981,489.5
2017-02-08,52.34000015258789,55.119998931884766,,1.6360000371932983,494.25
2017-02-09,53.0,55.630001068115234,,1.6414999961853027,494.5
2017-02-10,53.86000061035156,56.70000076293945,,1.6658999919891357,503.5
2017-02-13,52.93000030517578,55.59000015258789,,1.6273000240325928,491.0
2017-02-14,53.20000076293945,55.970001220703125,,1.638200044631958,497.25
2017-02-15,53.11000061035156,55.75,,1.6304999589920044,494.0
2017-02-16,53.36000061035156,55.650001525878906,,1.62909996509552,491.0
2017-02-17,53.400001525878906,55.810001373291016,,1.6363999843597412,490.0
2017-02-20,,,,,497.5
2017-02-21,54.060001373291016,56.65999984741211,,1.6425000429153442,501.75
2017-02-22,53.59000015258789,55.84000015258789,,1.6296000480651855,489.5
2017-02-23,54.45000076293945,56.58000183105469,,1.6567000150680542,500.0
2017-02-24,53.9900016784668,55.9900016784668,,1.6404000520706177,494.5
2017-02-27,54.04999923706055,55.93000030517578,,1.6398999691009521,497.25
2017-02-28,54.0099983215332,55.59000015258789,,1.6208000183105469,489.25
2017-03-01,53.83000183105469,55.599998474121094,,1.6240999698638916,499.25
2017-03-02,52.61000061035156,55.08000183105469,,1.5791000127792358,487.0
2017-03-03,53.33000183105469,55.900001525878906,,1.5936000347137451,487.0
2017-03-06,53.20000076293945,56.0099983215332,,1.6045000553131104,490.0
2017-03-07,53.13999938964844,55.91999816894531,,1.6138999462127686,491.0
2017-03-08,50.279998779296875,53.11000061035156,,1.5566999912261963,485.75
2017-03-09,49.279998779296875,52.189998626708984,,1.5295000076293945,462.5
2017-03-10,48.4900016784668,51.369998931884766,,1.503600001335144,459.75
2017-03-13,48.400001525878906,51.349998474121094,,1.500599980354309,455.25
2017-03-14,47.720001220703125,50.91999816894531,,1.4918999671936035,448.0
2017-03-15,48.86000061035156,51.810001373291016,,1.5124000310897827,455.0
2017-03-16,48.75,51.7400016784668,,1.5042999982833862,455.0
2017-03-17,48.779998779296875,51.7599983215332,,1.5084999799728394,456.75
2017-03-20,48.220001220703125,51.619998931884766,,1.5140999555587769,458.5
2017-03-21,47.34000015258789,50.959999084472656,,1.5032999515533447,453.25
2017-03-22,48.040000915527344,50.63999938964844,,1.4967999458312988,447.0
2017-03-23,47.70000076293945,50.560001373291016,,1.4901000261306763,450.25
2017-03-24,47.970001220703125,50.79999923706055,,1.4975999593734741,449.0
2017-03-27,47.72999954223633,50.75,,1.502500057220459,451.25
2017-03-28,48.369998931884766,51.33000183105469,,1.516700029373169,459.75
2017-03-29,49.5099983215332,52.41999816894531,,1.5425000190734863,463.75
2017-03-30,50.349998474121094,52.959999084472656,,1.5582000017166138,470.0
2017-03-31,50.599998474121094,52.83000183105469,,1.5736000537872314,469.5
2017-04-03,50.2400016784668,53.119998931884766,,1.5634000301361084,471.75
2017-04-04,51.029998779296875,54.16999816894531,,1.5923000574111938,479.0
2017-04-05,51.150001525878906,54.36000061035156,,1.6035000085830688,482.25
2017-04-06,51.70000076293945,54.88999938964844,,1.6129000186920166,484.75
2017-04-07,52.2400016784668,55.2400016784668,,1.6283999681472778,489.25
2017-04-10,53.08000183105469,55.97999954223633,,1.6473000049591064,495.25
2017-04-11,53.400001525878906,56.22999954223633,,1.6505999565124512,494.5
2017-04-12,53.11000061035156,55.86000061035156,,1.6519999504089355,498.5
2017-04-13,53.18000030517578,55.88999938964844,,1.6495000123977661,498.0
2017-04-17,52.650001525878906,55.36000061035156,,1.6328999996185303,497.75
2017-04-18,52.40999984741211,54.88999938964844,,1.621899962425232,491.25
2017-04-19,50.439998626708984,52.93000030517578,,1.5813000202178955,487.75
2017-04-20,50.27000045776367,52.9900016784668,,1.5788999795913696,476.75
2017-04-21,49.619998931884766,51.959999084472656,,1.5533000230789185,467.5
2017-04-24,49.22999954223633,51.599998474121094,,1.5427000522613525,465.75
2017-04-25,49.560001373291016,52.099998474121094,,1.545199990272522,463.75
2017-04-26,49.619998931884766,51.81999969482422,,1.5367000102996826,467.25
2017-04-27,48.970001220703125,51.439998626708984,,1.507200002670288,451.25
2017-04-28,49.33000183105469,51.72999954223633,,1.503999948501587,454.0
2017-05-01,48.84000015258789,51.52000045776367,,1.4878000020980835,449.75
2017-05-02,47.65999984741211,50.459999084472656,,1.468000054359436,448.5
2017-05-03,47.81999969482422,50.790000915527344,,1.4736000299453735,441.75
2017-05-04,45.52000045776367,48.380001068115234,,1.4122999906539917,427.75
2017-05-05,46.220001220703125,49.099998474121094,,1.4365999698638916,435.0
2017-05-08,46.43000030517578,49.34000015258789,,1.4556000232696533,431.25
2017-05-09,45.880001068115234,48.72999954223633,,1.4421000480651855,434.5
2017-05-10,47.33000183105469,50.220001220703125,,1.4753999710083008,444.0
2017-05-11,47.83000183105469,50.77000045776367,,1.48989999294281,449.0
2017-05-12,47.84000015258789,50.84000015258789,,1.493299961090088,448.75
2017-05-15,48.849998474121094,51.81999969482422,,1.509600043296814,459.0
2017-05-16,48.65999984741211,51.650001525878906,,1.5163999795913696,458.0
2017-05-17,49.06999969482422,52.209999084472656,,1.5334999561309814,463.5
2017-05-18,49.349998474121094,52.5099983215332,,1.545300006866455,465.0
2017-05-19,50.33000183105469,53.61000061035156,,1.5827000141143799,473.75
2017-05-22,50.72999954223633,53.869998931884766,,1.6021000146865845,479.0
2017-05-23,51.470001220703125,54.150001525878906,,1.6066999435424805,479.0
2017-05-24,51.36000061035156,53.959999084472656,,1.6062999963760376,480.25
2017-05-25,48.900001525878906,51.459999084472656,,1.5508999824523926,474.5
2017-05-26,49.79999923706055,52.150001525878906,,1.5633000135421753,461.25
2017-05-29,,,,,466.25
2017-05-30,49.65999984741211,51.84000015258789,,1.549399971961975,457.0
2017-05-31,48.31999969482422,50.310001373291016,,1.5153000354766846,445.5
2017-06-01,48.36000061035156,50.33000183105469,,1.5017000436782837,450.25
2017-06-02,47.65999984741211,49.95000076293945,,1.4847999811172485,438.5
2017-06-05,47.400001525878906,49.470001220703125,,1.4593000411987305,430.75
2017-06-06,48.189998626708984,50.119998931884766,,1.4661999940872192,428.25
2017-06-07,45.720001220703125,48.060001373291016,,1.416200041770935,421.5
2017-06-08,45.63999938964844,47.86000061035156,,1.4222999811172485,421.5
2017-06-09,45.83000183105469,48.150001525878906,,1.4312000274658203,427.0
2017-06-12,46.08000183105469,48.290000915527344,,1.4254000186920166,427.0
2017-06-13,46.459999084472656,48.720001220703125,,1.447700023651123,
2017-06-14,44.72999954223633,47.0,,1.4101999998092651,418.75
2017-06-15,44.459999084472656,46.91999816894531,,1.4146000146865845,419.0
2017-06-16,44.7400016784668,47.369998931884766,,1.4270000457763672,423.0
2017-06-19,44.20000076293945,46.90999984741211,,1.4111000299453735,424.0
2017-06-20,43.22999954223633,46.02000045776367,,1.3948999643325806,412.75
2017-06-21,42.529998779296875,44.81999969482422,,1.364799976348877,413.25
2017-06-22,42.7400016784668,45.220001220703125,,1.3716000318527222,412.25
2017-06-23,43.0099983215332,45.540000915527344,,1.3717000484466553,411.25
2017-06-26,43.380001068115234,45.83000183105469,,1.3802000284194946,409.5
2017-06-27,44.2400016784668,46.650001525878906,,1.413699984550476,423.25
2017-06-28,44.7400016784668,47.310001373291016,,1.4329999685287476,427.5
2017-06-29,44.93000030517578,47.41999816894531,,1.4459999799728394,435.5
2017-06-30,46.040000915527344,47.91999816894531,,1.4754999876022339,436.5
2017-07-03,47.06999969482422,49.68000030517578,,1.5127999782562256,448.75
2017-07-04,,,,,451.25
2017-07-05,45.130001068115234,47.790000915527344,,1.4785000085830688,442.0
2017-07-06,45.52000045776367,48.11000061035156,,1.4818999767303467,446.5
2017-07-07,44.22999954223633,46.709999084472656,,1.448199987411499,428.0
2017-07-10,44.400001525878906,46.880001068115234,,1.4536000490188599,433.5
2017-07-11,45.040000915527344,47.52000045776367,,1.4763000011444092,433.75
2017-07-12,45.4900016784668,47.7400016784668,,1.4737000465393066,437.25
2017-07-13,46.08000183105469,48.41999816894531,,1.4917000532150269,443.25
2017-07-14,46.540000915527344,48.90999984741211,,1.5149999856948853,447.75
2017-07-17,46.02000045776367,48.41999816894531,,1.499500036239624,448.5
2017-07-18,46.400001525878906,48.84000015258789,,1.5104000568389893,446.25
2017-07-19,47.119998931884766,49.70000076293945,,1.5513999462127686,456.0
2017-07-20,46.790000915527344,49.29999923706055,,1.5435999631881714,463.5
2017-07-21,45.77000045776367,48.060001373291016,,1.5152000188827515,452.75
2017-07-24,46.34000015258789,48.599998474121094,,1.5168999433517456,451.5
2017-07-25,47.88999938964844,50.20000076293945,,1.56850004196167,461.75
2017-07-26,48.75,50.970001220703125,,1.5952999591827393,470.25
2017-07-27,49.040000915527344,51.4900016784668,,1.6031999588012695,475.25
2017-07-28,49.709999084472656,52.52000045776367,,1.6397000551223755,485.0
2017-07-31,50.16999816894531,52.650001525878906,,1.651900053024292,489.0
2017-08-01,49.15999984741211,52.630001068115234,,1.6412999629974365,481.75
2017-08-02,49.59000015258789,52.36000061035156,,1.6588000059127808,488.25
2017-08-03,49.029998779296875,52.0099983215332,,1.6389000415802002,492.0
2017-08-04,49.58000183105469,52.41999816894531,,1.6485999822616577,488.0
2017-08-07,49.38999938964844,52.369998931884766,,1.639799952507019,478.5
2017-08-08,49.16999816894531,52.13999938964844,,1.6291999816894531,483.5
2017-08-09,49.560001373291016,52.70000076293945,,1.6533000469207764,482.25
2017-08-10,48.59000015258789,51.900001525878906,,1.6312999725341797,486.5
2017-08-11,48.81999969482422,52.099998474121094,,1.634600043296814,482.5
2017-08-14,47.59000015258789,50.72999954223633,,1.6057000160217285,483.5
2017-08-15,47.54999923706055,50.79999923706055,,1.5995999574661255,471.5
2017-08-16,46.779998779296875,50.27000045776367,,1.5743999481201172,470.25
2017-08-17,47.09000015258789,51.029998779296875,,1.5820000171661377,464.75
2017-08-18,48.5099983215332,52.720001220703125,,1.6203999519348145,472.25
2017-08-21,47.369998931884766,51.65999984741211,,1.5712000131607056,471.0
2017-08-22,47.63999938964844,51.869998931884766,,1.5911999940872192,473.75
2017-08-23,48.40999984741211,52.56999969482422,,1.624400019645691,479.0
2017-08-24,47.43000030517578,52.040000915527344,,1.621000051498413,482.5
2017-08-25,47.869998931884766,52.40999984741211,,1.6223000288009644,480.0
2017-08-28,46.56999969482422,51.88999938964844,,1.635200023651123,484.25
2017-08-29,46.439998626708984,52.0,,1.6655000448226929,484.5
2017-08-30,45.959999084472656,50.86000061035156,,1.673799991607666,495.5
2017-08-31,47.22999954223633,52.380001068115234,,1.7575000524520874,504.75
2017-09-01,47.290000915527344,52.31999969482422,,1.7467999458312988,509.25
2017-09-04,,,,,503.25
2017-09-05,48.65999984741211,53.380001068115234,,1.7480000257492065,515.25
2017-09-06,49.15999984741211,54.20000076293945,,1.7595000267028809,520.0
2017-09-07,49.09000015258789,54.4900016784668,,1.7861000299453735,523.25
2017-09-08,47.47999954223633,53.779998779296875,,1.7656999826431274,524.0
2017-09-11,48.06999969482422,53.84000015258789,,1.7426999807357788,516.75
2017-09-12,48.22999954223633,54.27000045776367,,1.7405999898910522,518.0
2017-09-13,49.29999923706055,55.15999984741211,,1.7684999704360962,526.25
2017-09-14,49.88999938964844,55.470001220703125,,1.777500033378601,531.0
2017-09-15,49.88999938964844,55.619998931884766,,1.798799991607666,534.75
2017-09-18,49.90999984741211,55.47999954223633,,1.7796000242233276,525.0
2017-09-19,49.47999954223633,55.13999938964844,,1.7726000547409058,528.5
2017-09-20,50.40999984741211,56.290000915527344,,1.8070000410079956,537.0
2017-09-21,50.54999923706055,56.43000030517578,,1.8152999877929688,541.25
2017-09-22,50.65999984741211,56.86000061035156,,1.8163000345230103,541.5
2017-09-25,52.220001220703125,59.02000045776367,,1.8562999963760376,551.5
2017-09-26,51.880001068115234,58.439998626708984,,1.8452999591827393,546.25
2017-09-27,52.13999938964844,57.900001525878906,,1.8463000059127808,548.75
2017-09-28,51.560001373291016,57.40999984741211,,1.8320000171661377,550.75
2017-09-29,51.66999816894531,57.540000915527344,,1.8116999864578247,548.25
2017-10-02,50.58000183105469,56.119998931884766,,1.7664999961853027,525.5
2017-10-03,50.41999816894531,56.0,,1.750499963760376,522.0
2017-10-04,49.97999954223633,55.79999923706055,,1.773900032043457,524.25
2017-10-05,50.790000915527344,57.0,,1.7862999439239502,535.5
2017-10-06,49.290000915527344,55.619998931884766,,1.743899941444397,515.75
2017-10-09,49.58000183105469,55.790000915527344,,1.735200047492981,513.25
2017-10-10,50.91999816894531,56.61000061035156,,1.7648999691009521,526.0
2017-10-11,51.29999923706055,56.939998626708984,,1.7861000299453735,524.0
2017-10-12,50.599998474121094,56.25,,1.7654999494552612,521.5
2017-10-13,51.45000076293945,57.16999816894531,,1.7970000505447388,533.75
2017-10-16,51.869998931884766,57.81999969482422,,1.8128999471664429,541.0
2017-10-17,51.880001068115234,57.880001068115234,,1.8098000288009644,537.25
2017-10-18,52.040000915527344,58.150001525878906,,1.8028000593185425,533.0
2017-10-19,51.290000915527344,57.22999954223633,,1.7767000198364258,528.25
2017-10-20,51.470001220703125,57.75,,1.8051999807357788,527.5
2017-10-23,51.900001525878906,57.369998931884766,,1.7877999544143677,523.25
2017-10-24,52.470001220703125,58.33000183105469,,1.822100043296814,522.25
2017-10-25,52.18000030517578,58.439998626708984,,1.8181999921798706,529.25
2017-10-26,52.63999938964844,59.29999923706055,,1.8418999910354614,531.75
2017-10-27,53.900001525878906,60.439998626708984,,1.8668999671936035,544.0
2017-10-30,54.150001525878906,60.900001525878906,,1.8776999711990356,544.0
2017-10-31,54.380001068115234,61.369998931884766,,1.8845000267028809,547.75
2017-11-01,54.29999923706055,61.290000915527344,,1.8624999523162842,547.25
2017-11-02,54.540000915527344,60.619998931884766,,1.8538999557495117,541.75
2017-11-03,55.63999938964844,62.06999969482422,,1.8866000175476074,547.25
2017-11-06,57.349998474121094,64.2699966430664,,1.942199945449829,563.25
2017-11-07,57.20000076293945,63.689998626708984,,1.9219000339508057,563.25
2017-11-08,56.810001373291016,63.4900016784668,,1.9215999841690063,562.75
2017-11-09,57.16999816894531,63.93000030517578,,1.9469000101089478,569.0
2017-11-10,56.7400016784668,63.52000045776367,,1.9349000453948975,569.0
2017-11-13,56.7599983215332,63.15999984741211,,1.9321000576019287,565.25
2017-11-14,55.70000076293945,62.209999084472656,,1.906999945640564,550.5
2017-11-15,55.33000183105469,61.869998931884766,,1.9086999893188477,556.0
2017-11-16,55.13999938964844,61.36000061035156,,1.9020999670028687,555.75
2017-11-17,56.54999923706055,62.720001220703125,,1.9465999603271484,562.75
2017-11-20,56.09000015258789,62.220001220703125,,1.9321000576019287,556.0
2017-11-21,56.83000183105469,62.56999969482422,,1.9358999729156494,558.5
2017-11-22,58.02000045776367,63.31999969482422,,1.9326000213623047,562.25
2017-11-23,,,,,564.5
2017-11-24,58.95000076293945,63.86000061035156,,1.9529000520706177,564.75
2017-11-27,58.11000061035156,63.84000015258789,,1.9478000402450562,564.25
2017-11-28,57.9900016784668,63.61000061035156,,1.950700044631958,565.75
2017-11-29,57.29999923706055,63.11000061035156,,1.9220999479293823,561.25
2017-11-30,57.400001525878906,63.56999969482422,,1.892699956893921,557.0
2017-12-01,58.36000061035156,63.4900016784668,,1.9413000345230103,569.0
2017-12-04,57.470001220703125,62.45000076293945,,1.8945000171661377,556.0
2017-12-05,57.619998931884766,62.86000061035156,,1.9139000177383423,556.75
2017-12-06,55.959999084472656,61.220001220703125,,1.861299991607666,547.0
2017-12-07,56.689998626708984,62.20000076293945,,1.8969999551773071,550.0
2017-12-08,57.36000061035156,63.400001525878906,,1.9287999868392944,565.25
2017-12-11,57.9900016784668,64.69000244140625,,1.950600028038025,572.75
2017-12-12,57.13999938964844,63.34000015258789,,1.9335999488830566,571.75
2017-12-13,56.599998474121094,62.439998626708984,,1.9043999910354614,562.75
2017-12-14,57.040000915527344,63.310001373291016,,1.9098999500274658,561.5
2017-12-15,57.29999923706055,63.22999954223633,,1.903499960899353,564.0
2017-12-18,57.15999984741211,63.40999984741211,,1.9251999855041504,569.0
2017-12-19,57.459999084472656,63.79999923706055,,1.9399000406265259,569.0
2017-12-20,58.09000015258789,64.55999755859375,,1.944200038909912,575.5
2017-12-21,58.36000061035156,64.9000015258789,,1.9501999616622925,576.25
2017-12-22,58.470001220703125,65.25,,1.9694000482559204,575.5
2017-12-26,59.970001220703125,67.0199966430664,,2.0385000705718994,599.0
2017-12-27,59.63999938964844,66.44000244140625,,2.0401999950408936,594.5
2017-12-28,59.84000015258789,66.72000122070312,,2.0520999431610107,597.0
2017-12-29,60.41999816894531,66.5999984741211,,2.075500011444092,600.25
2018-01-02,60.369998931884766,66.56999969482422,,2.0583999156951904,598.5
2018-01-03,61.630001068115234,67.83999633789062,,2.0880000591278076,607.75
2018-01-04,62.0099983215332,68.06999969482422,,2.0769999027252197,609.0
2018-01-05,61.439998626708984,67.62000274658203,,2.0587000846862793,605.0
2018-01-08,61.72999954223633,67.77999877929688,,2.0453999042510986,602.25
2018-01-09,62.959999084472656,68.81999969482422,,2.066200017929077,606.5
2018-01-10,63.56999969482422,69.19999694824219,,2.080699920654297,613.0
2018-01-11,63.79999923706055,69.26000213623047,,2.07669997215271,618.0
2018-01-12,64.30000305175781,69.87000274658203,,2.0850000381469727,612.75
2018-01-15,,,,,618.75
2018-01-16,63.72999954223633,69.1500015258789,,2.0634000301361084,614.75
2018-01-17,63.970001220703125,69.37999725341797,,2.0690999031066895,611.75
2018-01-18,63.95000076293945,69.30999755859375,,2.0617001056671143,611.75
2018-01-19,63.369998931884766,68.61000061035156,,2.0583999156951904,608.0
2018-01-22,63.4900016784668,69.02999877929688,,2.0569000244140625,614.25
2018-01-23,64.47000122070312,69.95999908447266,,2.0861001014709473,617.75
2018-01-24,65.61000061035156,70.52999877929688,,2.106100082397461,620.5
2018-01-25,65.51000213623047,70.41999816894531,,2.1154000759124756,627.25
2018-01-26,66.13999938964844,70.5199966430664,,2.135999917984009,628.5
2018-01-29,65.55999755859375,69.45999908447266,,2.10479998588562,618.25
2018-01-30,64.5,69.0199966430664,,2.071700096130371,611.5
2018-01-31,64.7300033569336,69.05000305175781,,2.069200038909912,611.5
2018-02-01,65.80000305175781,69.08000183105469,,2.090399980545044,616.75
2018-02-02,65.44999694824219,68.58000183105469,,2.053499937057495,609.25
2018-02-05,64.1500015258789,67.62000274658203,,2.0195999145507812,607.0
2018-02-06,63.38999938964844,66.86000061035156,,1.9851000308990479,595.25
2018-02-07,61.790000915527344,65.51000213623047,,1.9313000440597534,579.0
2018-02-08,61.150001525878906,64.80999755859375,,1.9213000535964966,568.0
2018-02-09,59.20000076293945,62.790000915527344,,1.8551000356674194,552.25
2018-02-12,59.290000915527344,62.59000015258789,,1.8388999700546265,552.25
2018-02-13,59.189998626708984,62.720001220703125,,1.836899995803833,545.75
2018-02-14,60.599998474121094,64.36000061035156,,1.8844000101089478,550.0
2018-02-15,61.34000015258789,64.33000183105469,,1.8916000127792358,557.25
2018-02-16,61.68000030517578,64.83999633789062,,1.9104000329971313,570.25
2018-02-19,,,,,578.5
2018-02-20,61.900001525878906,65.25,,1.9277000427246094,574.25
2018-02-21,61.68000030517578,65.41999816894531,,1.9322999715805054,575.75
2018-02-22,62.77000045776367,66.38999938964844,,1.9527000188827515,585.0
2018-02-23,63.54999923706055,67.30999755859375,,1.9694000482559204,591.0
2018-02-26,63.90999984741211,67.5,,1.9859000444412231,599.0
2018-02-27,63.0099983215332,66.62999725341797,,1.9630000591278076,594.5
2018-02-28,61.63999938964844,65.77999877929688,,1.913599967956543,577.0
2018-03-01,60.9900016784668,65.70999908447266,,1.8854999542236328,563.25
2018-03-02,61.25,64.37000274658203,,1.8796000480651855,565.0
2018-03-05,62.56999969482422,65.54000091552734,,1.8967000246047974,574.0
2018-03-06,62.599998474121094,65.79000091552734,,1.9033000469207764,573.75
2018-03-07,61.150001525878906,64.33999633789062,,1.8746000528335571,573.5
2018-03-08,60.119998931884766,63.61000061035156,,1.8590999841690063,568.25
2018-03-09,62.040000915527344,65.48999786376953,,1.8866000175476074,575.75
2018-03-12,61.36000061035156,64.94999694824219,,1.8646999597549438,568.0
2018-03-13,60.709999084472656,64.63999938964844,,1.873900055885315,568.75
2018-03-14,60.959999084472656,64.88999938964844,,1.8870999813079834,572.25
2018-03-15,61.189998626708984,65.12000274658203,,1.892899990081787,574.75
2018-03-16,62.34000015258789,66.20999908447266,,1.9118000268936157,580.5
2018-03-19,62.060001373291016,66.05000305175781,,1.906999945640564,584.75
2018-03-20,63.400001525878906,67.41999816894531,,1.9494999647140503,593.75
2018-03-21,65.16999816894531,69.47000122070312,,2.003700017929077,611.0
2018-03-22,64.30000305175781,68.91000366210938,,1.992300033569336,606.5
2018-03-23,65.87999725341797,70.44999694824219,,2.018399953842163,611.0
2018-03-26,65.55000305175781,70.12000274658203,429.9,2.015000104904175,612.75
2018-03-27,65.25,70.11000061035156,424.0,2.02239990234375,618.25
2018-03-28,64.37999725341797,69.52999877929688,410.4,2.0148000717163086,618.0
2018-03-29,64.94000244140625,70.2699966430664,409.7,2.02839994430542,619.75
2018-03-30,,,420.3,,
2018-04-02,63.0099983215332,67.63999938964844,416.6,1.9802000522613525,611.0
2018-04-03,63.5099983215332,68.12000274658203,402.5,1.9950000047683716,610.75
2018-04-04,63.369998931884766,68.0199966430664,401.5,1.9773000478744507,606.75
2018-04-05,63.540000915527344,68.33000183105469,,1.9765000343322754,606.5
2018-04-06,62.060001373291016,67.11000061035156,,1.957800030708313,601.0
2018-04-09,63.41999816894531,68.6500015258789,402.3,1.9966000318527222,611.5
2018-04-10,65.51000213623047,71.04000091552734,413.5,2.0648000240325928,626.0
2018-04-11,66.81999969482422,72.05999755859375,417.8,2.0927000045776367,644.25
2018-04-12,67.06999969482422,72.0199966430664,428.7,2.0838000774383545,636.5
2018-04-13,67.38999938964844,72.58000183105469,427.0,2.1001999378204346,642.5
2018-04-16,66.22000122070312,71.41999816894531,424.4,2.0703001022338867,633.25
2018-04-17,66.5199966430664,71.58000183105469,427.4,2.0571000576019287,628.0
2018-04-18,68.47000122070312,73.4800033569336,429.7,2.091099977493286,639.25
2018-04-19,68.29000091552734,73.77999877929688,440.6,2.1094000339508057,651.0
2018-04-20,68.37999725341797,74.05999755859375,437.0,2.122999906539917,641.25
2018-04-23,68.63999938964844,74.70999908447266,440.0,2.140899896621704,647.5
2018-04-24,67.69999694824219,73.86000061035156,447.3,2.1275999546051025,653.75
2018-04-25,68.05000305175781,74.0,438.0,2.135999917984009,648.0
2018-04-26,68.19000244140625,74.73999786376953,441.4,2.1600000858306885,657.75
2018-04-27,68.0999984741211,74.63999938964844,444.2,2.150899887084961,655.5
2018-04-30,68.56999969482422,75.16999816894531,,2.1673998832702637,655.5
2018-05-01,67.25,75.16999816894531,,2.0996999740600586,648.75
2018-05-02,67.93000030517578,73.36000061035156,443.5,2.121500015258789,642.0
2018-05-03,68.43000030517578,73.62000274658203,447.0,2.1126999855041504,642.0
2018-05-04,69.72000122070312,74.87000274658203,446.9,2.1540000438690186,651.5
2018-05-07,70.7300033569336,76.16999816894531,458.3,2.184999942779541,665.5
2018-05-08,69.05999755859375,74.8499984741211,459.1,2.1577000617980957,650.25
2018-05-09,71.13999938964844,77.20999908447266,465.2,2.2179999351501465,677.0
2018-05-10,71.36000061035156,77.47000122070312,476.4,2.2228000164031982,677.0
2018-05-11,70.69999694824219,77.12000274658203,471.2,2.2219998836517334,677.5
2018-05-14,70.95999908447266,78.2300033569336,465.6,2.2495999336242676,681.0
2018-05-15,71.30999755859375,78.43000030517578,472.8,2.249000072479248,687.75
2018-05-16,71.48999786376953,79.27999877929688,473.1,2.269200086593628,684.5
2018-05-17,71.48999786376953,79.30000305175781,481.9,2.2808001041412354,704.25
2018-05-18,71.27999877929688,78.51000213623047,486.5,2.265500068664551,697.0
2018-05-21,72.23999786376953,79.22000122070312,482.4,2.2737998962402344,692.75
2018-05-22,72.12999725341797,79.56999969482422,485.1,2.2799999713897705,702.5
2018-05-23,71.83999633789062,79.80000305175781,484.6,2.289599895477295,697.0
2018-05-24,70.70999908447266,78.79000091552734,485.0,2.266700029373169,698.75
2018-05-25,67.87999725341797,76.44000244140625,477.4,2.2098000049591064,679.75
2018-05-28,,,462.8,,672.0
2018-05-29,66.7300033569336,75.38999938964844,463.8,2.1858999729156494,671.75
2018-05-30,68.20999908447266,77.5,463.9,2.2316999435424805,684.75
2018-05-31,67.04000091552734,77.58999633789062,472.5,2.1914000511169434,685.5
2018-06-01,65.80999755859375,77.58999633789062,474.7,2.176300048828125,671.25
2018-06-04,64.75,75.29000091552734,470.9,2.1524999141693115,666.0
2018-06-05,65.5199966430664,75.37999725341797,466.2,2.1415998935699463,657.5
2018-06-06,64.7300033569336,75.36000061035156,465.0,2.1266000270843506,654.75
2018-06-07,65.94999694824219,77.31999969482422,465.8,2.1798999309539795,668.25
2018-06-08,65.73999786376953,76.45999908447266,468.3,2.164299964904785,671.5
2018-06-11,66.0999984741211,76.45999908447266,467.5,2.1607000827789307,671.5
2018-06-12,66.36000061035156,75.87999725341797,472.1,2.161799907684326,671.5
2018-06-13,66.63999938964844,76.73999786376953,464.5,2.1851000785827637,666.0
2018-06-14,66.88999938964844,75.94000244140625,468.1,2.1586999893188477,660.75
2018-06-15,65.05999755859375,73.44000244140625,467.2,2.0869998931884766,640.75
2018-06-18,65.8499984741211,75.33999633789062,,2.1315999031066895,648.0
2018-06-19,65.06999969482422,75.08000183105469,460.3,2.121799945831299,647.75
2018-06-20,66.22000122070312,74.73999786376953,464.2,2.107100009918213,647.25
2018-06-21,65.54000091552734,73.05000305175781,459.8,2.0701000690460205,634.5
2018-06-22,68.58000183105469,75.55000305175781,459.0,2.1254000663757324,645.5
2018-06-25,68.08000183105469,74.7300033569336,466.5,2.100399971008301,642.5
2018-06-26,70.52999877929688,76.30999755859375,471.5,2.128999948501587,643.75
2018-06-27,72.76000213623047,77.62000274658203,485.0,2.1772000789642334,666.0
2018-06-28,73.44999694824219,77.8499984741211,491.0,2.1782000064849854,665.25
2018-06-29,74.1500015258789,79.44000244140625,494.8,2.2093000411987305,675.75
2018-07-02,73.94000244140625,77.30000305175781,501.6,2.1558001041412354,663.5
2018-07-03,74.13999938964844,77.76000213623047,503.5,2.1642000675201416,656.25
2018-07-04,,,496.7,,666.5
2018-07-05,72.94000244140625,77.38999938964844,497.6,2.1786999702453613,671.0
2018-07-06,73.80000305175781,77.11000061035156,495.7,2.1684000492095947,664.5
2018-07-09,73.8499984741211,78.06999969482422,497.7,2.19569993019104,671.75
2018-07-10,74.11000061035156,78.86000061035156,504.9,2.2218000888824463,677.75
2018-07-11,70.37999725341797,73.4000015258789,507.9,2.100800037384033,664.5
2018-07-12,70.33000183105469,74.44999694824219,492.6,2.1231000423431396,664.5
2018-07-13,71.01000213623047,75.33000183105469,491.1,2.1333999633789062,654.25
2018-07-16,68.05999755859375,71.83999633789062,491.9,2.05430006980896,633.5
2018-07-17,68.08000183105469,72.16000366210938,479.2,2.0701000690460205,632.25
2018-07-18,68.76000213623047,72.9000015258789,481.5,2.0903000831604004,631.0
2018-07-19,69.45999908447266,72.58000183105469,486.1,2.090100049972534,641.5
2018-07-20,70.45999908447266,73.06999969482422,493.4,2.1043999195098877,644.75
2018-07-23,67.88999938964844,73.05999755859375,490.4,2.118000030517578,650.75
2018-07-24,68.5199966430664,73.44000244140625,494.7,2.1326000690460205,655.75
2018-07-25,69.30000305175781,73.93000030517578,503.1,2.15120005607605,656.75
2018-07-26,69.61000061035156,74.54000091552734,503.8,2.1768999099731445,663.75
2018-07-27,68.69000244140625,74.29000091552734,506.9,2.1552000045776367,665.75
2018-07-30,70.12999725341797,74.97000122070312,509.9,2.1710000038146973,662.75
2018-07-31,68.76000213623047,74.25,513.2,2.1319000720977783,654.25
2018-08-01,67.66000366210938,74.25,503.3,2.097399950027466,638.0
2018-08-02,68.95999908447266,73.44999694824219,503.7,2.1317999362945557,645.75
2018-08-03,68.48999786376953,73.20999908447266,513.5,2.1268999576568604,650.0
2018-08-06,69.01000213623047,73.75,518.6,2.1393001079559326,655.5
2018-08-07,69.16999816894531,74.6500015258789,537.2,2.169100046157837,658.75
2018-08-08,66.94000244140625,72.27999877929688,523.2,2.1157000064849854,646.75
2018-08-09,66.80999755859375,72.06999969482422,513.2,2.1119000911712646,647.25
2018-08-10,67.62999725341797,72.80999755859375,506.3,2.139699935913086,647.25
2018-08-13,67.19999694824219,72.61000061035156,509.3,2.13700008392334,655.0
2018-08-14,67.04000091552734,72.45999908447266,516.0,2.128700017929077,654.75
2018-08-15,65.01000213623047,70.76000213623047,510.1,2.090399980545044,636.75
2018-08-16,65.45999908447266,71.43000030517578,497.9,2.096400022506714,641.75
2018-08-17,65.91000366210938,71.83000183105469,496.7,2.0982000827789307,646.75
2018-08-20,66.43000030517578,72.20999908447266,491.4,2.113800048828125,644.75
2018-08-21,67.3499984741211,72.62999725341797,496.4,2.1236000061035156,651.5
2018-08-22,67.86000061035156,74.77999877929688,504.6,2.168299913406372,663.75
2018-08-23,67.83000183105469,74.7300033569336,508.0,2.1754000186920166,666.75
2018-08-24,68.72000122070312,75.81999969482422,511.8,2.202199935913086,679.25
2018-08-27,68.87000274658203,76.20999908447266,510.8,2.214900016784668,678.75
2018-08-28,68.52999877929688,75.94999694824219,512.0,2.211400032043457,684.0
2018-08-29,69.51000213623047,77.13999938964844,508.5,2.2421000003814697,684.25
2018-08-30,70.25,77.7699966430664,522.8,2.248300075531006,688.0
2018-08-31,69.80000305175781,77.41999816894531,524.0,2.241300106048584,690.25
2018-09-03,,,521.2,,697.0
2018-09-04,69.87000274658203,78.16999816894531,523.9,2.254699945449829,697.0
2018-09-05,68.72000122070312,77.2699966430664,521.3,2.234499931335449,687.75
2018-09-06,67.7699966430664,76.5,520.0,2.2091000080108643,678.5
2018-09-07,67.75,76.83000183105469,516.8,2.2181999683380127,675.5
2018-09-10,67.54000091552734,77.37000274658203,524.5,2.2177999019622803,681.75
2018-09-11,69.25,79.05999755859375,524.3,2.252000093460083,687.0
2018-09-12,70.37000274658203,79.73999786376953,535.9,2.257699966430664,687.0
2018-09-13,68.58999633789062,78.18000030517578,533.3,2.2235000133514404,683.5
2018-09-14,68.98999786376953,78.08999633789062,525.8,2.209199905395508,680.0
2018-09-17,68.91000366210938,78.05000305175781,527.8,2.206399917602539,681.5
2018-09-18,69.8499984741211,79.02999877929688,523.3,2.2356998920440674,685.0
2018-09-19,71.12000274658203,79.4000015258789,528.7,2.2465999126434326,688.0
2018-09-20,70.80000305175781,78.69999694824219,535.9,2.2279999256134033,688.0
2018-09-21,70.77999877929688,78.80000305175781,532.1,2.2260000705718994,688.0
2018-09-24,72.08000183105469,81.19999694824219,,2.285900115966797,701.75
2018-09-25,72.27999877929688,81.87000274658203,549.1,2.305299997329712,713.75
2018-09-26,71.56999969482422,81.33999633789062,554.2,2.299799919128418,710.75
2018-09-27,72.12000274658203,81.72000122070312,557.7,2.3231000900268555,712.75
2018-09-28,73.25,82.72000122070312,563.6,2.351799964904785,724.25
2018-10-01,75.30000305175781,84.9800033569336,,2.407900094985962,734.0
2018-10-02,75.2300033569336,84.80000305175781,,2.407599925994873,740.75
2018-10-03,76.41000366210938,86.29000091552734,,2.4372000694274902,740.75
2018-10-04,74.33000183105469,84.58000183105469,,2.3996999263763428,743.25
2018-10-05,74.33999633789062,84.16000366210938,,2.3922998905181885,741.25
2018-10-08,74.29000091552734,83.91000366210938,572.5,2.394200086593628,735.75
2018-10-09,74.95999908447266,85.0,592.9,2.423799991607666,743.75
2018-10-10,73.16999816894531,83.08999633789062,597.3,2.39490008354187,738.5
2018-10-11,70.97000122070312,80.26000213623047,574.2,2.332200050354004,738.5
2018-10-12,71.33999633789062,80.43000030517578,573.3,2.3213000297546387,718.0
2018-10-15,71.77999877929688,80.77999877929688,573.1,2.325700044631958,715.75
2018-10-16,71.91999816894531,81.41000366210938,560.0,2.3401999473571777,715.5
2018-10-17,69.75,80.05000305175781,566.0,2.3111000061035156,711.25
2018-10-18,68.6500015258789,79.29000091552734,554.7,2.2948999404907227,713.75
2018-10-19,69.12000274658203,79.77999877929688,551.8,2.302000045776367,714.75
2018-10-22,69.16999816894531,79.83000183105469,559.3,2.3180999755859375,716.25
2018-10-23,66.43000030517578,76.44000244140625,554.1,2.2483999729156494,702.5
2018-10-24,66.81999969482422,76.16999816894531,536.2,2.2520999908447266,700.0
2018-10-25,67.33000183105469,76.88999938964844,536.3,2.27810001373291,706.75
2018-10-26,67.58999633789062,77.62000274658203,538.3,2.302999973297119,713.5
2018-10-29,67.04000091552734,77.33999633789062,536.1,2.2843000888824463,711.5
2018-10-30,66.18000030517578,75.91000366210938,541.4,2.2597999572753906,701.75
2018-10-31,65.30999755859375,75.47000122070312,535.1,2.2618000507354736,709.25
2018-11-01,63.689998626708984,75.5,522.6,2.2007999420166016,685.75
2018-11-02,63.13999938964844,72.83000183105469,510.7,2.172800064086914,678.25
2018-11-05,63.099998474121094,73.16999816894531,509.6,2.1963000297546387,682.0
2018-11-06,62.209999084472656,72.12999725341797,507.6,2.1882998943328857,677.5
2018-11-07,61.66999816894531,72.06999969482422,498.6,2.2370998859405518,692.75
2018-11-08,60.66999816894531,70.6500015258789,503.4,2.168299913406372,681.5
2018-11-09,60.189998626708984,70.18000030517578,495.4,2.172800064086914,669.5
2018-11-12,59.93000030517578,70.12000274658203,498.6,2.155600070953369,669.5
2018-11-13,55.689998626708984,65.47000122070312,484.4,2.0625,639.0
2018-11-14,56.25,66.12000274658203,468.0,2.095900058746338,644.5
2018-11-15,56.459999084472656,66.62000274658203,463.9,2.0741000175476074,637.75
2018-11-16,56.459999084472656,66.76000213623047,466.7,2.073699951171875,633.25
2018-11-19,56.7599983215332,66.79000091552734,472.4,2.086400032043457,630.5
2018-11-20,53.43000030517578,62.529998779296875,465.0,1.9902000427246094,613.0
2018-11-21,54.630001068115234,63.47999954223633,447.5,1.9701999425888062,606.0
2018-11-22,,,443.1,,598.25
2018-11-23,50.41999816894531,58.79999923706055,433.0,1.8761999607086182,576.75
2018-11-26,51.630001068115234,60.47999954223633,418.9,1.8930000066757202,585.75
2018-11-27,51.560001373291016,60.209999084472656,418.1,1.8860000371932983,578.5
2018-11-28,50.290000915527344,58.7599983215332,426.7,1.8384000062942505,566.0
2018-11-29,51.45000076293945,59.5099983215332,409.5,1.8436000347137451,559.75
2018-11-30,50.93000030517578,58.709999084472656,418.1,1.8454999923706055,550.75
2018-12-03,52.95000076293945,61.689998626708984,431.7,1.8875000476837158,577.75
2018-12-04,53.25,62.08000183105469,432.2,1.9009000062942505,587.25
2018-12-05,,,425.1,,586.75
2018-12-06,51.4900016784668,60.060001373291016,422.4,1.858199954032898,556.5
2018-12-07,52.61000061035156,61.66999816894531,411.8,1.886199951171875,587.25
2018-12-10,51.0,59.970001220703125,428.9,1.844099998474121,572.25
2018-12-11,51.650001525878906,60.20000076293945,418.8,1.847100019454956,569.25
2018-12-12,51.150001525878906,60.150001525878906,425.4,1.8509000539779663,569.25
2018-12-13,52.58000183105469,61.45000076293945,422.2,1.8765000104904175,557.5
2018-12-14,51.20000076293945,60.279998779296875,421.8,1.8452999591827393,556.25
2018-12-17,49.880001068115234,59.61000061035156,417.8,1.82669997215271,550.25
2018-12-18,46.2400016784668,56.2599983215332,415.8,1.7539000511169434,530.25
2018-12-19,47.20000076293945,57.2400016784668,399.4,1.805400013923645,538.75
2018-12-20,45.880001068115234,54.349998474121094,398.1,1.7496999502182007,522.0
2018-12-21,45.59000015258789,53.81999969482422,389.6,1.732699990272522,515.25
2018-12-24,42.529998779296875,50.470001220703125,384.8,1.6621999740600586,514.0
2018-12-25,,,355.6,,
2018-12-26,46.220001220703125,54.470001220703125,357.3,1.7336000204086304,504.25
2018-12-27,44.61000061035156,52.15999984741211,383.4,1.6783000230789185,504.5
2018-12-28,45.33000183105469,52.20000076293945,379.1,1.6647000312805176,493.25
2018-12-31,45.40999984741211,53.79999923706055,,1.680799961090088,510.75
2019-01-02,46.540000915527344,54.90999984741211,370.9,1.700600028038025,517.0
2019-01-03,47.09000015258789,55.95000076293945,385.4,1.7419999837875366,512.25
2019-01-04,47.959999084472656,57.060001373291016,398.0,1.7691999673843384,528.5
2019-01-07,48.52000045776367,57.33000183105469,407.5,1.77839994430542,543.25
2019-01-08,49.779998779296875,58.720001220703125,405.5,1.8270000219345093,546.5
2019-01-09,52.36000061035156,61.439998626708984,416.3,1.8808000087738037,561.0
2019-01-10,52.59000015258789,61.68000030517578,421.5,1.9061000347137451,561.0
2019-01-11,51.59000015258789,60.47999954223633,426.9,1.879699945449829,568.5
2019-01-14,50.5099983215332,58.9900016784668,414.8,1.8524999618530273,567.5
2019-01-15,52.11000061035156,60.63999938964844,416.3,1.8722000122070312,557.0
2019-01-16,52.310001373291016,61.31999969482422,422.9,1.8946000337600708,568.25
2019-01-17,52.06999969482422,61.18000030517578,425.2,1.8842999935150146,563.25
2019-01-18,53.79999923706055,62.70000076293945,432.0,1.9160000085830688,574.25
2019-01-21,,,438.8,,574.25
2019-01-22,52.56999969482422,61.5,434.5,1.9011000394821167,565.25
2019-01-23,52.619998931884766,61.13999938964844,432.4,1.8885999917984009,568.0
2019-01-24,53.130001068115234,61.09000015258789,425.7,1.885599970817566,567.25
2019-01-25,53.689998626708984,61.63999938964844,430.8,1.8918999433517456,568.0
2019-01-28,51.9900016784668,59.93000030517578,422.0,1.8377000093460083,555.5
2019-01-29,53.310001373291016,61.31999969482422,418.5,1.8975000381469727,572.25
2019-01-30,54.22999954223633,61.650001525878906,425.1,1.8983999490737915,578.75
2019-01-31,53.790000915527344,61.88999938964844,431.6,1.8788000345230103,584.5
2019-02-01,55.2599983215332,61.869998931884766,423.2,1.9127000570297241,578.25
2019-02-04,54.560001373291016,62.5099983215332,,1.9074000120162964,580.5
2019-02-05,53.65999984741211,61.97999954223633,,1.8975000381469727,579.75
2019-02-06,54.0099983215332,62.689998626708984,,1.9121999740600586,582.25
2019-02-07,52.63999938964844,61.630001068115234,,1.9005000591278076,574.25
2019-02-08,52.720001220703125,62.099998474121094,,1.9084999561309814,582.5
2019-02-11,52.40999984741211,61.5099983215332,429.6,1.892199993133545,582.5
2019-02-12,53.099998474121094,62.41999816894531,427.4,1.9071999788284302,582.5
2019-02-13,53.900001525878906,63.61000061035156,432.5,1.9387999773025513,594.5
2019-02-14,54.40999984741211,64.56999969482422,441.8,1.97160005569458,597.25
2019-02-15,55.59000015258789,66.25,444.3,2.0202999114990234,615.5
2019-02-18,,,461.1,,617.75
2019-02-19,56.09000015258789,66.44999694824219,461.2,1.9946000576019287,610.5
2019-02-20,56.91999816894531,67.08000183105469,456.4,2.0183000564575195,616.5
2019-02-21,56.959999084472656,67.06999969482422,457.3,2.03629994392395,621.0
2019-02-22,57.2599983215332,67.12000274658203,456.8,2.031100034713745,622.0
2019-02-25,55.47999954223633,64.76000213623047,449.0,1.9745999574661255,607.0
2019-02-26,55.5,65.20999908447266,433.1,1.9984999895095825,615.75
2019-02-27,56.939998626708984,66.38999938964844,438.3,2.0216000080108643,623.75
2019-02-28,57.220001220703125,66.02999877929688,439.7,2.0234999656677246,625.0
2019-03-01,55.79999923706055,65.06999969482422,449.3,2.000999927520752,614.5
2019-03-04,56.59000015258789,65.66999816894531,436.1,2.0143001079559326,622.75
2019-03-05,56.560001373291016,65.86000061035156,434.5,2.016400098800659,619.25
2019-03-06,56.220001220703125,65.98999786376953,438.6,2.016200065612793,620.0
2019-03-07,56.65999984741211,66.30000305175781,440.0,2.012700080871582,622.25
2019-03-08,56.06999969482422,65.73999786376953,437.0,1.9997999668121338,610.25
2019-03-11,56.790000915527344,66.58000183105469,439.7,1.9941999912261963,612.0
2019-03-12,56.869998931884766,66.66999816894531,444.2,1.985700011253357,612.0
2019-03-13,58.2599983215332,67.55000305175781,445.5,1.9921000003814697,609.25
2019-03-14,58.61000061035156,67.2300033569336,452.7,1.9848999977111816,610.75
2019-03-15,58.52000045776367,67.16000366210938,455.0,1.9677000045776367,606.75
2019-03-18,59.09000015258789,67.54000091552734,451.0,1.968999981880188,605.0
2019-03-19,59.029998779296875,67.61000061035156,457.0,1.990399956703186,609.25
2019-03-20,59.83000183105469,68.5,457.0,2.0081000328063965,618.5
2019-03-21,59.97999954223633,67.86000061035156,464.0,1.9871000051498413,610.25
2019-03-22,59.040000915527344,67.02999877929688,461.0,1.96589994430542,597.25
2019-03-25,58.81999969482422,67.20999908447266,450.0,1.9803999662399292,606.75
2019-03-26,59.939998626708984,67.97000122070312,454.8,1.98989999294281,608.75
2019-03-27,59.40999984741211,67.83000183105469,458.8,1.9805999994277954,608.25
2019-03-28,59.29999923706055,67.81999969482422,453.2,1.972000002861023,600.0
2019-03-29,60.13999938964844,68.38999938964844,457.9,1.9733999967575073,605.25
2019-04-01,61.59000015258789,69.01000213623047,461.1,1.9881000518798828,606.75
2019-04-02,62.58000183105469,69.37000274658203,470.2,2.0088999271392822,613.75
2019-04-03,62.459999084472656,69.30999755859375,472.4,2.0067999362945557,611.0
2019-04-04,62.099998474121094,69.4000015258789,469.0,2.013400077819824,615.75
2019-04-05,63.08000183105469,70.33999633789062,,2.0423998832702637,618.0
2019-04-08,64.4000015258789,71.0999984741211,476.1,2.0571000576019287,625.75
2019-04-09,63.97999954223633,70.61000061035156,478.2,2.0448999404907227,622.25
2019-04-10,64.61000061035156,71.7300033569336,475.7,2.087599992752075,627.0
2019-04-11,63.58000183105469,70.83000183105469,480.1,2.067199945449829,627.0
2019-04-12,63.88999938964844,71.55000305175781,475.2,2.07069993019104,633.0
2019-04-15,63.400001525878906,71.18000030517578,471.8,2.061000108718872,629.75
2019-04-16,64.05000305175781,71.72000122070312,465.6,2.082200050354004,633.5
2019-04-17,63.7599983215332,71.62000274658203,476.3,2.069200038909912,637.0
2019-04-18,64.0,71.97000122070312,472.6,2.0708999633789062,635.5
2019-04-19,,,475.9,,
2019-04-22,65.69999694824219,74.04000091552734,,2.1040000915527344,648.75
2019-04-23,66.30000305175781,74.51000213623047,498.3,2.118000030517578,648.25
2019-04-24,65.88999938964844,74.56999969482422,497.0,2.0987000465393066,644.25
2019-04-25,65.20999908447266,74.3499984741211,505.9,2.098099946975708,646.25
2019-04-26,63.29999923706055,72.1500015258789,498.0,2.0511999130249023,623.25
2019-04-29,63.5,72.04000091552734,482.8,2.0548999309539795,630.5
2019-04-30,63.90999984741211,72.80000305175781,487.7,2.081199884414673,638.0
2019-05-01,63.599998474121094,72.18000030517578,,2.0941998958587646,639.0
2019-05-02,61.810001373291016,70.75,,2.0778000354766846,637.5
2019-05-03,61.939998626708984,70.8499984741211,,2.070199966430664,649.0
2019-05-06,62.25,71.23999786376953,472.0,2.0676000118255615,640.0
2019-05-07,61.400001525878906,69.87999725341797,485.2,2.037600040435791,634.25
2019-05-08,62.119998931884766,70.37000274658203,482.3,2.0562000274658203,639.25
2019-05-09,61.70000076293945,70.38999938964844,481.7,2.043600082397461,632.25
2019-05-10,61.65999984741211,70.62000274658203,487.7,2.0504000186920166,632.25
2019-05-13,61.040000915527344,70.2300033569336,496.8,2.0383999347686768,639.25
2019-05-14,61.779998779296875,71.23999786376953,496.3,2.0589001178741455,636.25
2019-05-15,62.02000045776367,71.7699966430664,500.9,2.0862998962402344,650.5
2019-05-16,62.869998931884766,72.62000274658203,506.5,2.123199939727783,665.25
2019-05-17,62.7599983215332,72.20999908447266,512.0,2.0954999923706055,657.0
2019-05-20,63.099998474121094,71.97000122070312,520.5,2.0736000537872314,651.5
2019-05-21,62.9900016784668,72.18000030517578,509.6,2.079400062561035,645.0
2019-05-22,61.41999816894531,70.98999786376953,504.7,2.049099922180176,632.5
2019-05-23,57.90999984741211,67.76000213623047,493.0,1.962399959564209,607.5
2019-05-24,58.630001068115234,68.69000244140625,472.5,1.9713000059127808,604.75
2019-05-27,,,469.7,,621.25
2019-05-28,59.13999938964844,70.11000061035156,476.9,1.9924999475479126,618.75
2019-05-29,58.810001373291016,69.44999694824219,473.8,1.9674999713897705,605.75
2019-05-30,56.59000015258789,66.87000274658203,476.1,1.9149999618530273,598.0
2019-05-31,53.5,64.48999786376953,447.7,1.8417999744415283,577.5
2019-06-03,53.25,61.279998779296875,429.6,1.80649995803833,562.25
2019-06-04,53.47999954223633,61.970001220703125,422.5,1.8214999437332153,561.25
2019-06-05,51.68000030517578,60.630001068115234,425.0,1.7799999713897705,543.5
2019-06-06,52.59000015258789,61.66999816894531,416.2,1.7883000373840332,543.75
2019-06-07,53.9900016784668,63.290000915527344,,1.8248000144958496,560.0
2019-06-10,53.2599983215332,62.290000915527344,434.8,1.8063000440597534,561.5
2019-06-11,53.27000045776367,62.290000915527344,431.0,1.822100043296814,560.5
2019-06-12,51.13999938964844,59.970001220703125,423.0,1.7798999547958374,552.0
2019-06-13,52.279998779296875,61.310001373291016,427.7,1.8065999746322632,558.0
2019-06-14,52.5099983215332,62.0099983215332,425.7,1.8293999433517456,564.0
2019-06-17,51.93000030517578,60.939998626708984,426.0,1.7994999885559082,558.0
2019-06-18,53.900001525878906,62.13999938964844,408.1,1.8278000354766846,562.5
2019-06-19,53.7599983215332,61.81999969482422,424.8,1.8293999433517456,560.25
2019-06-20,56.650001525878906,64.44999694824219,433.0,1.8842999935150146,579.5
2019-06-21,57.43000030517578,65.19999694824219,439.5,1.9157999753952026,587.0
2019-06-24,57.900001525878906,64.86000061035156,447.6,1.9089000225067139,579.75
2019-06-25,57.83000183105469,65.05000305175781,440.0,1.9234000444412231,589.0
2019-06-26,59.380001068115234,66.48999786376953,450.1,1.9713000059127808,599.25
2019-06-27,59.43000030517578,66.55000305175781,447.9,1.9524999856948853,594.0
2019-06-28,58.470001220703125,66.55000305175781,443.5,1.944599986076355,595.0
2019-07-01,59.09000015258789,65.05999755859375,451.6,1.9537999629974365,590.5
2019-07-02,56.25,62.400001525878906,444.2,1.886299967765808,577.5
2019-07-03,57.34000015258789,63.81999969482422,427.7,1.8986999988555908,573.75
2019-07-04,,,430.4,,574.75
2019-07-05,57.5099983215332,64.2300033569336,432.1,1.9049999713897705,576.75
2019-07-08,57.65999984741211,64.11000061035156,441.7,1.895300030708313,579.25
2019-07-09,57.83000183105469,64.16000366210938,441.3,1.910599946975708,576.25
2019-07-10,60.43000030517578,67.01000213623047,443.8,1.9910000562667847,594.5
2019-07-11,60.20000076293945,66.5199966430664,461.6,1.978600025177002,594.5
2019-07-12,60.209999084472656,66.72000122070312,458.2,1.9801000356674194,605.0
2019-07-15,59.58000183105469,66.4800033569336,454.5,1.9515999555587769,600.5
2019-07-16,57.619998931884766,64.3499984741211,451.6,1.9048999547958374,600.0
2019-07-17,56.779998779296875,63.65999984741211,436.2,1.8926000595092773,583.0
2019-07-18,55.29999923706055,61.93000030517578,430.5,1.8624999523162842,569.0
2019-07-19,55.630001068115234,62.470001220703125,425.9,1.8896000385284424,576.0
2019-07-22,56.220001220703125,63.2599983215332,434.7,1.8995000123977661,584.75
2019-07-23,56.77000045776367,63.83000183105469,436.8,1.9217000007629395,585.0
2019-07-24,55.880001068115234,63.18000030517578,440.5,1.9086999893188477,592.5
2019-07-25,56.02000045776367,63.38999938964844,440.6,1.9142999649047852,588.25
2019-07-26,56.20000076293945,63.459999084472656,444.2,1.9043999910354614,584.0
2019-07-29,56.869998931884766,63.709999084472656,439.2,1.910599946975708,586.75
2019-07-30,58.04999923706055,64.72000122070312,444.1,1.944000005722046,592.25
2019-07-31,58.58000183105469,65.16999816894531,446.4,1.9550000429153442,601.75
2019-08-01,53.95000076293945,60.5,442.9,1.8529000282287598,586.25
2019-08-02,55.65999984741211,61.88999938964844,428.4,1.8902000188827515,578.0
2019-08-05,54.689998626708984,59.810001373291016,433.0,1.8356000185012817,564.75
2019-08-06,53.630001068115234,58.939998626708984,430.5,1.8240000009536743,559.25
2019-08-07,51.09000015258789,56.22999954223633,419.1,1.7532000541687012,533.75
2019-08-08,52.540000915527344,57.380001068115234,413.5,1.7766000032424927,542.75
2019-08-09,54.5,58.529998779296875,412.2,1.8079999685287476,555.5
2019-08-12,54.93000030517578,58.56999969482422,417.9,1.805799961090088,555.5
2019-08-13,57.099998474121094,61.29999923706055,418.0,1.8773000240325928,576.0
2019-08-14,55.22999954223633,59.47999954223633,431.6,1.8437000513076782,561.0
2019-08-15,54.470001220703125,58.22999954223633,422.4,1.8107000589370728,560.0
2019-08-16,54.869998931884766,58.63999938964844,424.6,1.8128000497817993,559.5
2019-08-19,56.209999084472656,59.7400016784668,432.0,1.8330999612808228,561.0
2019-08-20,56.34000015258789,60.029998779296875,431.4,1.8543000221252441,563.5
2019-08-21,55.68000030517578,60.29999923706055,426.4,1.857300043106079,572.0
2019-08-22,55.349998474121094,59.91999816894531,425.7,1.8413000106811523,565.0
2019-08-23,54.16999816894531,59.34000015258789,427.1,1.815600037574768,556.0
2019-08-26,53.63999938964844,58.70000076293945,422.1,1.7924000024795532,558.0
2019-08-27,54.93000030517578,59.5099983215332,421.8,1.8158999681472778,553.5
2019-08-28,55.779998779296875,60.4900016784668,427.3,1.8509999513626099,569.5
2019-08-29,56.709999084472656,61.08000183105469,430.4,1.8639999628067017,571.75
2019-08-30,55.099998474121094,60.43000030517578,439.5,1.8281999826431274,561.0
2019-09-02,,,431.5,,555.5
2019-09-03,53.939998626708984,58.2599983215332,429.6,1.8033000230789185,551.0
2019-09-04,56.2599983215332,60.70000076293945,429.9,1.8802000284194946,574.0
2019-09-05,56.29999923706055,60.95000076293945,439.0,1.8884999752044678,586.25
2019-09-06,56.52000045776367,61.540000915527344,443.3,1.9003000259399414,575.5
2019-09-09,57.849998474121094,62.59000015258789,450.5,1.9277000427246094,592.25
2019-09-10,57.400001525878906,62.380001068115234,455.9,1.9312000274658203,600.75
2019-09-11,55.75,60.810001373291016,458.0,1.9032000303268433,590.75
2019-09-12,55.09000015258789,60.380001068115234,436.5,1.88510000705719,576.25
2019-09-13,54.849998474121094,60.220001220703125,,1.8777999877929688,577.0
2019-09-16,62.900001525878906,69.0199966430664,470.3,2.0838000774383545,637.25
2019-09-17,59.34000015258789,64.55000305175781,489.9,1.9895999431610107,620.0
2019-09-18,58.11000061035156,63.599998474121094,470.6,1.9732999801635742,611.0
2019-09-19,58.130001068115234,64.4000015258789,458.4,2.0048999786376953,615.75
2019-09-20,58.09000015258789,64.27999877929688,463.9,1.986299991607666,617.25
2019-09-23,58.63999938964844,64.7699966430664,466.5,1.996999979019165,612.0
2019-09-24,57.290000915527344,63.099998474121094,462.0,1.9675999879837036,606.0
2019-09-25,56.4900016784668,62.38999938964844,452.6,1.9538999795913696,596.5
2019-09-26,56.40999984741211,62.7400016784668,450.5,1.9551000595092773,593.25
2019-09-27,55.90999984741211,61.90999984741211,448.5,1.94159996509552,602.25
2019-09-30,54.06999969482422,60.779998779296875,447.0,1.9055999517440796,590.25
2019-10-01,53.619998931884766,58.88999938964844,,1.8984999656677246,587.25
2019-10-02,52.63999938964844,57.689998626708984,,1.8730000257492065,570.5
2019-10-03,52.45000076293945,57.709999084472656,,1.8760000467300415,566.25
2019-10-04,52.810001373291016,58.369998931884766,,1.8945000171661377,579.75
2019-10-07,52.75,58.349998474121094,,1.9033000469207764,588.75
2019-10-08,52.630001068115234,58.2400016784668,440.0,1.910099983215332,578.75
2019-10-09,52.59000015258789,58.31999969482422,449.3,1.9192999601364136,591.25
2019-10-10,53.54999923706055,59.099998474121094,450.4,1.920799970626831,591.25
2019-10-11,54.70000076293945,60.5099983215332,467.2,1.9575999975204468,595.75
2019-10-14,53.59000015258789,59.349998474121094,474.3,1.9150999784469604,579.25
2019-10-15,52.810001373291016,58.7400016784668,463.7,1.909999966621399,583.5
2019-10-16,53.36000061035156,59.41999816894531,462.2,1.9426000118255615,587.75
2019-10-17,53.93000030517578,59.90999984741211,444.0,1.948099970817566,584.0
2019-10-18,53.779998779296875,59.41999816894531,448.5,1.947100043296814,589.25
2019-10-21,53.310001373291016,58.959999084472656,441.4,1.940600037574768,582.0
2019-10-22,54.15999984741211,59.70000076293945,442.3,1.9436999559402466,593.0
2019-10-23,55.970001220703125,61.16999816894531,443.6,1.9643000364303589,590.75
2019-10-24,56.22999954223633,61.66999816894531,448.4,1.986299991607666,599.0
2019-10-25,56.65999984741211,62.02000045776367,451.7,1.979599952697754,597.75
2019-10-28,55.810001373291016,61.56999969482422,456.3,1.9617999792099,591.75
2019-10-29,55.540000915527344,61.59000015258789,454.9,1.9563000202178955,591.25
2019-10-30,55.060001373291016,60.61000061035156,452.6,1.913599967956543,582.0
2019-10-31,54.18000030517578,60.22999954223633,449.3,1.878000020980835,567.0
2019-11-01,56.20000076293945,61.689998626708984,443.6,1.9330999851226807,578.0
2019-11-04,56.540000915527344,62.130001068115234,450.2,1.940500020980835,594.0
2019-11-05,57.22999954223633,62.959999084472656,458.7,1.9565999507904053,589.5
2019-11-06,56.349998474121094,61.7400016784668,458.0,1.9278000593185425,586.75
2019-11-07,57.150001525878906,62.290000915527344,453.8,1.920300006866455,583.25
2019-11-08,57.2400016784668,62.5099983215332,451.6,1.9180999994277954,576.5
2019-11-11,56.86000061035156,62.18000030517578,452.3,1.914199948310852,583.5
2019-11-12,56.79999923706055,62.060001373291016,457.2,1.8976000547409058,583.5
2019-11-13,57.119998931884766,62.369998931884766,450.1,1.912500023841858,575.25
2019-11-14,56.77000045776367,62.279998779296875,455.6,1.9178999662399292,580.75
2019-11-15,57.720001220703125,63.29999923706055,449.6,1.9479999542236328,587.25
2019-11-18,57.04999923706055,62.439998626708984,455.4,1.9047000408172607,571.75
2019-11-19,55.209999084472656,60.90999984741211,453.4,1.8573999404907227,567.5
2019-11-20,57.11000061035156,62.400001525878906,443.3,1.8920999765396118,573.75
2019-11-21,58.58000183105469,63.970001220703125,452.4,1.944700002670288,579.0
2019-11-22,57.77000045776367,63.38999938964844,458.9,1.9293999671936035,581.75
2019-11-25,58.0099983215332,63.650001525878906,463.3,1.9443000555038452,582.75
2019-11-26,58.40999984741211,64.2699966430664,460.2,1.9606000185012817,589.5
2019-11-27,58.11000061035156,64.05999755859375,463.3,1.9464999437332153,587.5
2019-11-28,,,461.8,,586.25
2019-11-29,55.16999816894531,62.43000030517578,463.5,1.8789000511169434,572.0
2019-12-02,55.959999084472656,60.91999816894531,451.5,1.8860000371932983,575.0
2019-12-03,56.099998474121094,60.81999969482422,450.5,1.8798999786376953,570.0
2019-12-04,58.43000030517578,63.0,448.7,1.9228999614715576,579.0
2019-12-05,58.43000030517578,63.38999938964844,455.7,1.9329999685287476,583.5
2019-12-06,59.20000076293945,64.38999938964844,458.0,1.9521000385284424,587.25
2019-12-09,59.02000045776367,64.25,467.9,1.944200038909912,586.25
2019-12-10,59.2400016784668,64.33999633789062,470.2,1.965499997138977,590.25
2019-12-11,58.7599983215332,63.720001220703125,465.4,1.9287999868392944,579.0
2019-12-12,59.18000030517578,64.19999694824219,466.4,1.9507999420166016,579.0
2019-12-13,60.06999969482422,65.22000122070312,466.2,1.9864000082015991,595.25
2019-12-16,60.209999084472656,65.33999633789062,470.9,2.004499912261963,606.75
2019-12-17,60.939998626708984,66.0999984741211,470.7,2.033400058746338,613.5
2019-12-18,60.93000030517578,66.16999816894531,473.6,2.0202999114990234,609.75
2019-12-19,61.220001220703125,66.54000091552734,478.5,2.0295000076293945,614.5
2019-12-20,60.439998626708984,66.13999938964844,480.2,2.0218000411987305,613.5
2019-12-23,60.52000045776367,66.38999938964844,476.8,2.022200107574463,612.5
2019-12-24,61.11000061035156,67.19999694824219,480.4,2.03629994392395,615.25
2019-12-25,,,484.2,,
2019-12-26,61.68000030517578,67.91999816894531,484.8,2.0520999431610107,623.0
2019-12-27,61.720001220703125,68.16000366210938,489.6,2.0495998859405518,626.0
2019-12-30,61.68000030517578,68.44000244140625,489.3,2.040600061416626,623.0
2019-12-31,61.060001373291016,66.0,483.5,2.0283000469207764,614.0
2020-01-02,61.18000030517578,66.25,482.5,2.0241000652313232,615.5
2020-01-03,63.04999923706055,68.5999984741211,499.7,2.0613999366760254,625.5
2020-01-06,63.27000045776367,68.91000366210938,509.2,2.033900022506714,620.0
2020-01-07,62.70000076293945,68.2699966430664,502.2,2.032399892807007,616.75
2020-01-08,59.61000061035156,65.44000244140625,508.1,1.9581999778747559,606.25
2020-01-09,59.560001373291016,65.37000274658203,481.5,1.9500999450683594,593.25
2020-01-10,59.040000915527344,64.9800033569336,479.1,1.9284000396728516,593.25
2020-01-13,58.08000183105469,64.19999694824219,476.9,1.8980000019073486,577.0
2020-01-14,58.22999954223633,64.48999786376953,465.4,1.9103000164031982,579.5
2020-01-15,57.810001373291016,64.0,463.3,1.8779000043869019,575.75
2020-01-16,58.52000045776367,64.62000274658203,463.6,1.8600000143051147,576.0
2020-01-17,58.540000915527344,64.8499984741211,464.0,1.8592000007629395,568.75
2020-01-20,,,466.0,,576.75
2020-01-21,58.34000015258789,64.58999633789062,460.9,1.829200029373169,569.0
2020-01-22,56.7400016784668,63.209999084472656,459.8,1.8001999855041504,552.25
2020-01-23,55.59000015258789,62.040000915527344,447.2,1.791599988937378,545.5
2020-01-24,54.189998626708984,60.689998626708984,,1.7339999675750732,536.0
2020-01-27,53.13999938964844,59.31999969482422,,1.6794999837875366,511.5
2020-01-28,53.47999954223633,59.5099983215332,,1.71589994430542,525.0
2020-01-29,53.33000183105469,59.810001373291016,,1.7035000324249268,523.25
2020-01-30,52.13999938964844,58.290000915527344,,1.6396000385284424,509.0
2020-01-31,51.560001373291016,58.15999984741211,,1.624500036239624,501.0
2020-02-03,50.11000061035156,54.45000076293945,415.5,1.5779000520706177,483.5
2020-02-04,49.61000061035156,53.959999084472656,400.2,1.583899974822998,491.75
2020-02-05,50.75,55.279998779296875,395.8,1.645400047302246,506.25
2020-02-06,50.95000076293945,54.93000030517578,409.1,1.6654000282287598,507.75
2020-02-07,50.31999969482422,54.470001220703125,404.9,1.6433000564575195,505.25
2020-02-10,49.56999969482422,53.27000045776367,399.9,1.6124999523162842,492.5
2020-02-11,49.939998626708984,54.0099983215332,397.8,1.6267000436782837,494.25
2020-02-12,51.16999816894531,55.790000915527344,403.3,1.6756999492645264,494.25
2020-02-13,51.41999816894531,56.34000015258789,406.1,1.6805000305175781,512.5
2020-02-14,52.04999923706055,57.31999969482422,408.2,1.698199987411499,514.5
2020-02-17,,,410.4,,510.25
2020-02-18,52.04999923706055,57.75,406.0,1.6723999977111816,504.0
2020-02-19,53.290000915527344,59.119998931884766,413.5,1.7067999839782715,517.0
2020-02-20,53.779998779296875,59.310001373291016,419.6,1.69760000705719,519.0
2020-02-21,53.380001068115234,58.5,415.4,1.6865999698638916,508.5
2020-02-24,51.43000030517578,56.29999923706055,400.2,1.6131999492645264,485.5
2020-02-25,49.900001525878906,54.95000076293945,399.3,1.56850004196167,485.75
2020-02-26,48.72999954223633,53.43000030517578,382.4,1.499400019645691,468.75
2020-02-27,47.09000015258789,52.18000030517578,368.7,1.4891999959945679,445.25
2020-02-28,44.7599983215332,50.52000045776367,353.5,1.4905999898910522,441.0
2020-03-02,46.75,51.900001525878906,361.8,1.5286999940872192,454.5
2020-03-03,47.18000030517578,51.86000061035156,370.7,1.5329999923706055,460.25
2020-03-04,46.779998779296875,51.130001068115234,367.7,1.5332000255584717,462.25
2020-03-05,45.900001525878906,49.9900016784668,373.7,1.4884999990463257,456.0
2020-03-06,41.279998779296875,45.27000045776367,357.3,1.385200023651123,413.25
2020-03-09,31.1299991607666,34.36000061035156,338.1,1.1628999710083008,359.25
2020-03-10,34.36000061035156,37.220001220703125,307.6,1.249899983406067,369.0
2020-03-11,32.97999954223633,35.790000915527344,275.0,1.2380000352859497,376.0
2020-03-12,31.5,33.220001220703125,261.1,1.1598000526428223,376.0
2020-03-13,31.729999542236328,33.849998474121094,267.1,1.1374000310897827,336.5
2020-03-16,28.700000762939453,30.049999237060547,248.2,1.0465999841690063,306.25
2020-03-17,26.950000762939453,28.729999542236328,246.5,1.0356999635696411,300.0
2020-03-18,20.3700008392334,24.8799991607666,236.8,0.954200029373169,271.25
2020-03-19,25.219999313354492,28.469999313354492,229.7,1.041700005531311,287.75
2020-03-20,22.43000030517578,26.979999542236328,244.9,1.0062999725341797,301.0
2020-03-23,23.360000610351562,27.030000686645508,242.9,1.0161000490188599,286.0
2020-03-24,24.010000228881836,27.149999618530273,254.3,1.080299973487854,303.25
2020-03-25,24.489999771118164,27.389999389648438,259.3,1.0978000164031982,306.0
2020-03-26,22.600000381469727,26.34000015258789,253.2,1.0503000020980835,303.75
2020-03-27,21.510000228881836,24.93000030517578,249.4,1.06850004196167,300.25
2020-03-30,20.09000015258789,22.760000228881836,245.7,1.0194000005722046,285.25
2020-03-31,20.479999542236328,22.739999771118164,265.3,1.0120999813079834,292.75
2020-04-01,20.309999465942383,24.739999771118164,262.2,0.9322999715805054,271.75
2020-04-02,25.31999969482422,29.940000534057617,289.0,0.9951000213623047,276.0
2020-04-03,28.34000015258789,34.11000061035156,283.5,1.0706000328063965,297.0
2020-04-06,26.079999923706055,33.04999923706055,,1.045699954032898,293.75
2020-04-07,23.6299991607666,31.8700008392334,297.7,1.027500033378601,298.0
2020-04-08,25.09000015258789,32.84000015258789,292.8,1.010699987411499,298.0
2020-04-09,22.760000228881836,31.479999542236328,301.6,0.972599983215332,302.5
2020-04-10,,,290.0,,
2020-04-13,22.40999984741211,31.739999771118164,285.1,0.9945999979972839,298.5
2020-04-14,20.110000610351562,29.600000381469727,280.8,0.9441999793052673,279.5
2020-04-15,19.8700008392334,27.690000534057617,274.5,0.9138000011444092,260.75
2020-04-16,19.8700008392334,27.81999969482422,258.6,0.9463000297546387,271.0
2020-04-17,18.270000457763672,28.079999923706055,253.7,0.9563000202178955,275.5
2020-04-20,-37.630001068115234,25.56999969482422,242.8,0.8877999782562256,261.75
2020-04-21,10.010000228881836,19.329999923706055,229.2,0.7268999814987183,216.0
2020-04-22,13.779999732971191,20.3700008392334,210.6,0.7311000227928162,212.0
2020-04-23,16.5,21.329999923706055,227.5,0.734499990940094,227.75
2020-04-24,16.940000534057617,21.440000534057617,231.1,0.6467000246047974,205.0
2020-04-27,12.779999732971191,19.989999771118164,215.2,0.6104000210762024,190.75
2020-04-28,12.34000015258789,20.459999084472656,206.6,0.6308000087738037,191.5
2020-04-29,15.0600004196167,22.540000915527344,224.5,0.6945000290870667,208.5
2020-04-30,18.84000015258789,25.270000457763672,229.0,0.7318999767303467,236.75
2020-05-01,19.780000686645508,26.440000534057617,,0.7961000204086304,220.0
2020-05-04,20.389999389648438,27.200000762939453,,0.8030999898910522,210.75
2020-05-05,24.559999465942383,30.969999313354492,,0.8960000276565552,241.75
2020-05-06,23.989999771118164,29.719999313354492,246.4,0.8240000009536743,228.0
2020-05-07,23.549999237060547,29.459999084472656,247.2,0.8371000289916992,237.75
2020-05-08,24.739999771118164,30.969999313354492,248.6,0.8992999792098999,242.25
2020-05-11,24.139999389648438,29.6299991607666,243.3,0.8687000274658203,240.0
2020-05-12,25.780000686645508,29.979999542236328,238.4,0.8384000062942505,240.0
2020-05-13,25.290000915527344,29.190000534057617,251.3,0.8313999772071838,245.25
2020-05-14,27.559999465942383,31.1299991607666,245.3,0.8948000073432922,255.25
2020-05-15,29.43000030517578,32.5,259.5,0.9204000234603882,269.75
2020-05-18,31.81999969482422,34.810001373291016,267.6,1.0063999891281128,302.75
2020-05-19,32.5,34.650001525878906,267.4,0.9735999703407288,290.25
2020-05-20,33.4900016784668,35.75,268.6,0.9905999898910522,299.5
2020-05-21,33.91999816894531,36.060001373291016,278.2,0.9890000224113464,296.5
2020-05-22,33.25,35.130001068115234,265.7,0.9819999933242798,287.75
2020-05-25,,,271.7,,299.75
2020-05-26,34.349998474121094,36.16999816894531,274.8,0.9908000230789185,297.0
2020-05-27,32.810001373291016,34.7400016784668,272.8,0.972100019454956,286.75
2020-05-28,33.709999084472656,35.290000915527344,273.1,0.925599992275238,281.0
2020-05-29,35.4900016784668,35.33000183105469,275.2,0.9646999835968018,283.75
2020-06-01,35.439998626708984,38.31999969482422,278.1,1.0290000438690186,293.75
2020-06-02,36.810001373291016,39.56999969482422,278.6,1.0921000242233276,314.0
2020-06-03,37.290000915527344,39.790000915527344,290.6,1.0645999908447266,307.25
2020-06-04,37.40999984741211,39.9900016784668,280.4,1.0741000175476074,302.5
2020-06-05,39.54999923706055,42.29999923706055,284.9,1.1505999565124512,330.5
2020-06-08,38.189998626708984,40.79999923706055,295.7,1.1212999820709229,330.0
2020-06-09,38.939998626708984,41.18000030517578,289.2,1.1547000408172607,329.0
2020-06-10,39.599998474121094,41.72999954223633,286.3,1.1729999780654907,336.0
2020-06-11,36.34000015258789,38.54999923706055,281.5,1.0880000591278076,336.0
2020-06-12,36.2599983215332,38.72999954223633,266.0,1.1014000177383423,328.5
2020-06-15,37.119998931884766,39.720001220703125,260.6,1.1369999647140503,330.5
2020-06-16,38.380001068115234,40.959999084472656,275.5,1.1821999549865723,346.0
2020-06-17,37.959999084472656,40.709999084472656,294.6,1.1820000410079956,349.5
2020-06-18,38.84000015258789,41.5099983215332,295.3,1.1986000537872314,353.75
2020-06-19,39.75,42.189998626708984,299.3,1.211400032043457,364.5
2020-06-22,40.459999084472656,43.08000183105469,297.3,1.2186000347137451,364.5
2020-06-23,40.369998931884766,42.630001068115234,298.6,1.2029999494552612,367.75
2020-06-24,38.0099983215332,40.310001373291016,299.0,1.1507999897003174,345.75
2020-06-25,38.720001220703125,41.04999923706055,,1.1555999517440796,344.5
2020-06-26,38.4900016784668,41.02000045776367,,1.136299967765808,339.0
2020-06-29,39.70000076293945,41.709999084472656,285.7,1.1654000282287598,348.0
2020-06-30,39.27000045776367,41.150001525878906,292.4,1.1780999898910522,352.25
2020-07-01,39.81999969482422,42.029998779296875,293.3,1.1995999813079834,357.5
2020-07-02,40.650001525878906,43.13999938964844,298.2,1.2310999631881714,363.0
2020-07-03,,,297.8,,364.0
2020-07-06,40.630001068115234,43.099998474121094,298.7,1.2417000532150269,372.5
2020-07-07,40.619998931884766,43.08000183105469,295.9,1.243299961090088,370.5
2020-07-08,40.900001525878906,43.290000915527344,298.7,1.2344000339508057,367.75
2020-07-09,39.619998931884766,42.349998474121094,298.9,1.2238999605178833,364.5
2020-07-10,40.54999923706055,43.2400016784668,292.1,1.2411999702453613,364.5
2020-07-13,40.099998474121094,42.720001220703125,295.5,1.2235000133514404,368.5
2020-07-14,40.290000915527344,42.900001525878906,292.3,1.2208000421524048,366.5
2020-07-15,41.20000076293945,43.790000915527344,294.6,1.2447999715805054,371.0
2020-07-16,40.75,43.369998931884766,288.7,1.2279000282287598,369.0
2020-07-17,40.59000015258789,43.13999938964844,300.7,1.219099998474121,367.5
2020-07-20,40.810001373291016,43.279998779296875,293.3,1.2354999780654907,370.5
2020-07-21,41.959999084472656,44.31999969482422,299.4,1.2799999713897705,386.75
2020-07-22,41.900001525878906,44.290000915527344,301.3,1.2706999778747559,379.25
2020-07-23,41.06999969482422,43.310001373291016,301.1,1.25409996509552,377.75
2020-07-24,41.290000915527344,43.34000015258789,295.8,1.2562999725341797,374.75
2020-07-27,41.599998474121094,43.40999984741211,294.8,1.25409996509552,370.0
2020-07-28,41.040000915527344,43.220001220703125,291.9,1.2421000003814697,371.0
2020-07-29,41.27000045776367,43.75,291.1,1.2532999515533447,377.25
2020-07-30,39.91999816894531,42.939998626708984,290.9,1.211899995803833,360.25
2020-07-31,40.27000045776367,43.29999923706055,286.1,1.2171000242233276,365.0
2020-08-03,41.0099983215332,44.150001525878906,279.7,1.2409000396728516,370.0
2020-08-04,41.70000076293945,44.43000030517578,281.3,1.2583999633789062,370.75
2020-08-05,42.189998626708984,45.16999816894531,280.0,1.263100028038025,388.0
2020-08-06,41.95000076293945,45.09000015258789,282.9,1.249899983406067,374.5
2020-08-07,41.220001220703125,44.400001525878906,281.8,1.2199000120162964,369.0
2020-08-10,41.939998626708984,44.9900016784668,284.3,1.236899971961975,367.75
2020-08-11,41.61000061035156,44.5,285.3,1.2383999824523926,376.0
2020-08-12,42.66999816894531,45.43000030517578,284.2,1.257200002670288,376.0
2020-08-13,42.2400016784668,44.959999084472656,282.7,1.2381000518798828,376.5
2020-08-14,42.0099983215332,44.79999923706055,282.3,1.2367000579833984,374.5
2020-08-17,42.88999938964844,45.369998931884766,279.2,1.2390999794006348,375.0
2020-08-18,42.88999938964844,45.459999084472656,284.1,1.2604000568389893,380.0
2020-08-19,42.93000030517578,45.369998931884766,288.8,1.2510000467300415,376.75
2020-08-20,42.58000183105469,44.900001525878906,288.8,1.2467000484466553,371.0
2020-08-21,42.34000015258789,44.349998474121094,286.3,1.2079999446868896,360.0
2020-08-24,42.619998931884766,45.130001068115234,288.7,1.2475999593734741,370.75
2020-08-25,43.349998474121094,45.86000061035156,293.3,1.26010000705719,378.5
2020-08-26,43.38999938964844,45.63999938964844,294.4,1.2446999549865723,371.0
2020-08-27,43.040000915527344,45.09000015258789,294.9,1.2107000350952148,362.5
2020-08-28,42.970001220703125,45.04999923706055,293.6,1.2161999940872192,365.5
2020-08-31,42.61000061035156,45.279998779296875,298.0,1.1960999965667725,362.0
2020-09-01,42.7599983215332,45.58000183105469,294.8,1.2308000326156616,365.75
2020-09-02,41.5099983215332,44.43000030517578,292.7,1.1885000467300415,355.25
2020-09-03,41.369998931884766,44.06999969482422,285.8,1.1677000522613525,334.5
2020-09-04,39.77000045776367,42.65999984741211,284.4,1.1514999866485596,335.5
2020-09-07,,,272.5,,328.0
2020-09-08,36.7599983215332,39.779998779296875,269.1,1.076799988746643,309.5
2020-09-09,38.04999923706055,40.790000915527344,251.0,1.1060999631881714,317.25
2020-09-10,37.29999923706055,40.060001373291016,248.2,1.0823999643325806,317.25
2020-09-11,37.33000183105469,39.83000183105469,243.3,1.0895999670028687,324.0
2020-09-14,37.2599983215332,39.61000061035156,262.0,1.093400001525879,319.75
2020-09-15,38.279998779296875,40.529998779296875,260.7,1.0993000268936157,320.0
2020-09-16,40.15999984741211,42.220001220703125,270.6,1.1162999868392944,325.25
2020-09-17,40.970001220703125,43.29999923706055,270.0,1.1598000526428223,340.0
2020-09-18,41.11000061035156,43.150001525878906,277.8,1.159000039100647,339.75
2020-09-21,39.310001373291016,41.439998626708984,276.7,1.107300043106079,321.75
2020-09-22,39.599998474121094,41.720001220703125,264.8,1.0960999727249146,322.25
2020-09-23,39.93000030517578,41.77000045776367,265.0,1.1074999570846558,325.75
2020-09-24,40.310001373291016,41.939998626708984,261.7,1.1167000532150269,320.75
2020-09-25,40.25,41.91999816894531,266.7,1.1261999607086182,325.25
2020-09-28,40.599998474121094,42.43000030517578,262.3,1.1395000219345093,330.25
2020-09-29,39.290000915527344,41.029998779296875,265.6,1.1089999675750732,325.5
2020-09-30,40.220001220703125,40.95000076293945,254.7,1.145400047302246,329.5
2020-10-01,38.720001220703125,40.93000030517578,,1.125,317.0
2020-10-02,37.04999923706055,39.27000045776367,,1.0850000381469727,314.75
2020-10-05,39.220001220703125,41.290000915527344,,1.1332999467849731,329.0
2020-10-06,40.66999816894531,42.650001525878906,,1.188599944114685,341.75
2020-10-07,39.95000076293945,41.9900016784668,,1.1607999801635742,332.25
2020-10-08,41.189998626708984,43.34000015258789,,1.1922999620437622,343.5
2020-10-09,40.599998474121094,42.849998474121094,264.5,1.1933000087738037,347.0
2020-10-12,39.43000030517578,41.720001220703125,262.8,1.157099962234497,347.0
2020-10-13,40.20000076293945,42.45000076293945,259.7,1.1690000295639038,339.25
2020-10-14,41.040000915527344,43.31999969482422,257.1,1.1924999952316284,343.0
2020-10-15,40.959999084472656,43.15999984741211,260.2,1.1886999607086182,341.5
2020-10-16,40.880001068115234,42.93000030517578,271.4,1.1791000366210938,344.75
2020-10-19,40.83000183105469,42.619998931884766,271.6,1.1581000089645386,341.0
2020-10-20,41.459999084472656,43.15999984741211,270.7,1.1734999418258667,337.25
2020-10-21,40.029998779296875,41.72999954223633,269.8,1.1398999691009521,328.0
2020-10-22,40.63999938964844,42.459999084472656,266.7,1.1606999635696411,336.25
2020-10-23,39.849998474121094,41.77000045776367,265.3,1.1512999534606934,335.0
2020-10-26,38.560001373291016,40.459999084472656,255.8,1.1217999458312988,320.25
2020-10-27,39.56999969482422,41.20000076293945,256.4,1.1576999425888062,329.5
2020-10-28,37.38999938964844,39.119998931884766,252.0,1.1141999959945679,314.75
2020-10-29,36.16999816894531,37.650001525878906,237.7,1.0884000062942505,304.0
2020-10-30,35.790000915527344,37.459999084472656,223.7,1.0813000202178955,305.0
2020-11-02,36.810001373291016,38.970001220703125,221.0,1.1123000383377075,307.25
2020-11-03,37.65999984741211,39.709999084472656,229.3,1.1270999908447266,316.75
2020-11-04,39.150001525878906,41.22999954223633,238.2,1.1734999418258667,327.5
2020-11-05,38.790000915527344,40.93000030517578,234.2,1.169600009918213,327.0
2020-11-06,37.13999938964844,39.45000076293945,230.7,1.1426000595092773,322.75
2020-11-09,40.290000915527344,42.400001525878906,237.2,1.2166999578475952,343.75
2020-11-10,41.36000061035156,43.61000061035156,248.1,1.252500057220459,351.0
2020-11-11,41.45000076293945,43.79999923706055,255.9,1.2458000183105469,358.5
2020-11-12,41.119998931884766,43.529998779296875,251.9,1.233299970626831,358.5
2020-11-13,40.130001068115234,42.779998779296875,248.5,1.204200029373169,344.75
2020-11-16,41.34000015258789,43.81999969482422,260.8,1.2288999557495117,352.75
2020-11-17,41.43000030517578,43.75,259.8,1.2390999794006348,350.25
2020-11-18,41.81999969482422,44.34000015258789,259.7,1.2640000581741333,360.75
2020-11-19,41.7400016784668,44.20000076293945,260.9,1.2706999778747559,357.75
2020-11-20,42.150001525878906,44.959999084472656,260.6,1.2862999439239502,359.5
2020-11-23,43.060001373291016,46.060001373291016,267.9,1.3105000257492065,370.25
2020-11-24,44.90999984741211,47.86000061035156,281.4,1.3595000505447388,388.75
2020-11-25,45.709999084472656,48.61000061035156,289.8,1.3866000175476074,389.25
2020-11-26,,,288.5,,389.0
2020-11-27,45.529998779296875,48.18000030517578,289.1,1.3804999589920044,391.5
2020-11-30,45.34000015258789,47.59000015258789,281.6,1.3559000492095947,387.0
2020-12-01,44.54999923706055,47.41999816894531,286.7,1.3473000526428223,386.25
2020-12-02,45.279998779296875,48.25,284.1,1.3661999702453613,390.5
2020-12-03,45.63999938964844,48.709999084472656,286.8,1.3933000564575195,396.5
2020-12-04,46.2599983215332,49.25,295.9,1.402999997138977,397.5
2020-12-07,45.7599983215332,48.790000915527344,293.9,1.3991999626159668,401.5
2020-12-08,45.599998474121094,48.84000015258789,283.6,1.4067000150680542,402.0
2020-12-09,45.52000045776367,48.86000061035156,284.8,1.398900032043457,398.5
2020-12-10,46.779998779296875,50.25,282.6,1.4357000589370728,398.5
2020-12-11,46.56999969482422,49.970001220703125,288.3,1.436900019645691,412.0
2020-12-14,46.9900016784668,50.290000915527344,304.9,1.4543999433517456,410.5
2020-12-15,47.619998931884766,50.7599983215332,300.5,1.464400053024292,419.75
2020-12-16,47.81999969482422,51.08000183105469,301.8,1.4779000282287598,418.75
2020-12-17,48.36000061035156,51.5,314.7,1.4952000379562378,426.75
2020-12-18,49.099998474121094,52.2599983215332,315.4,1.5130000114440918,433.5
2020-12-21,47.7400016784668,50.90999984741211,308.8,1.4773999452590942,414.25
2020-12-22,47.02000045776367,50.08000183105469,295.2,1.4615999460220337,418.0
2020-12-23,48.119998931884766,51.20000076293945,291.4,1.497499942779541,427.0
2020-12-24,48.22999954223633,51.290000915527344,307.2,1.4900000095367432,423.5
2020-12-25,,,309.6,,
2020-12-28,47.619998931884766,50.86000061035156,306.6,1.4789999723434448,426.75
2020-12-29,48.0,51.09000015258789,305.0,1.486799955368042,424.75
2020-12-30,48.400001525878906,51.34000015258789,305.1,1.489799976348877,425.25
2020-12-31,48.52000045776367,51.79999923706055,301.7,1.4763000011444092,420.75
2021-01-04,47.619998931884766,51.09000015258789,320.1,1.4620000123977661,419.75
2021-01-05,49.93000030517578,53.599998474121094,311.1,1.5189000368118286,431.75
2021-01-06,50.630001068115234,54.29999923706055,323.7,1.5286999940872192,434.75
2021-01-07,50.83000183105469,54.380001068115234,335.3,1.538100004196167,436.25
2021-01-08,52.2400016784668,55.9900016784668,336.5,1.5794999599456787,443.75
2021-01-11,52.25,55.65999984741211,325.7,1.5735000371932983,445.75
2021-01-12,53.209999084472656,56.58000183105469,336.9,1.5966999530792236,445.75
2021-01-13,52.90999984741211,56.060001373291016,342.4,1.5988999605178833,460.25
2021-01-14,53.56999969482422,56.41999816894531,342.4,1.6194000244140625,459.5
2021-01-15,52.36000061035156,55.099998474121094,339.4,1.592900037765503,452.0
2021-01-18,,,333.0,,453.5
2021-01-19,52.97999954223633,55.900001525878906,334.3,1.5987000465393066,459.25
2021-01-20,53.2400016784668,56.08000183105469,342.7,1.6003999710083008,459.5
2021-01-21,53.130001068115234,56.099998474121094,340.0,1.600600004196167,455.0
2021-01-22,52.27000045776367,55.40999984741211,332.3,1.5759999752044678,449.25
2021-01-25,52.77000045776367,55.880001068115234,332.1,1.5938999652862549,448.5
2021-01-26,52.61000061035156,55.90999984741211,328.0,1.5983999967575073,451.0
2021-01-27,52.849998474121094,55.810001373291016,335.0,1.6088999509811401,456.0
2021-01-28,52.34000015258789,55.529998779296875,333.3,1.601699948310852,451.25
2021-01-29,52.20000076293945,55.880001068115234,335.0,1.6003999710083008,450.25
2021-02-01,53.54999923706055,56.349998474121094,336.3,1.6469000577926636,454.25
2021-02-02,54.7599983215332,57.459999084472656,346.8,1.6746000051498413,471.75
2021-02-03,55.689998626708984,58.459999084472656,347.1,1.690500020980835,477.25
2021-02-04,56.22999954223633,58.84000015258789,357.5,1.7005000114440918,475.5
2021-02-05,56.849998474121094,59.34000015258789,358.1,1.7137000560760498,487.5
2021-02-08,57.970001220703125,60.560001373291016,362.1,1.7477999925613403,493.5
2021-02-09,58.36000061035156,61.09000015258789,376.0,1.756700038909912,496.25
2021-02-10,58.68000030517578,61.470001220703125,371.2,1.7610000371932983,501.0
2021-02-11,58.2400016784668,61.13999938964844,,1.7446000576019287,501.0
2021-02-12,59.470001220703125,62.43000030517578,,1.771399974822998,502.75
2021-02-15,,,,,518.25
2021-02-16,60.04999923706055,63.349998474121094,,1.8143999576568604,515.25
2021-02-17,61.13999938964844,64.33999633789062,,1.8377000093460083,519.25
2021-02-18,60.52000045776367,63.93000030517578,399.0,1.836400032043457,526.75
2021-02-19,59.2400016784668,62.90999984741211,388.4,1.8229000568389893,523.0
2021-02-22,61.4900016784668,65.23999786376953,392.2,1.8586000204086304,526.0
2021-02-23,61.66999816894531,65.37000274658203,412.9,1.8680000305175781,532.0
2021-02-24,63.220001220703125,67.04000091552734,405.8,1.9083000421524048,541.5
2021-02-25,63.529998779296875,66.87999725341797,417.8,1.906599998474121,542.25
2021-02-26,61.5,66.12999725341797,405.9,1.8565000295639038,532.0
2021-03-01,60.63999938964844,63.689998626708984,409.0,1.819200038909912,526.75
2021-03-02,59.75,62.70000076293945,387.1,1.8080999851226807,517.75
2021-03-03,61.279998779296875,64.06999969482422,392.8,1.8357000350952148,520.0
2021-03-04,63.83000183105469,66.73999786376953,399.4,1.8960000276565552,535.25
2021-03-05,66.08999633789062,69.36000061035156,423.6,1.944000005722046,547.5
2021-03-08,65.05000305175781,68.23999786376953,441.4,1.9084999561309814,546.0
2021-03-09,64.01000213623047,67.5199966430664,422.7,1.9072999954223633,537.75
2021-03-10,64.44000244140625,67.9000015258789,412.0,1.9172999858856201,530.5
2021-03-11,66.0199966430664,69.62999725341797,416.2,1.9594000577926636,530.5
2021-03-12,65.61000061035156,69.22000122070312,418.8,1.9674999713897705,553.25
2021-03-15,65.38999938964844,68.87999725341797,428.1,1.9488999843597412,544.0
2021-03-16,64.80000305175781,68.38999938964844,416.0,1.9327000379562378,538.5
2021-03-17,64.5999984741211,68.0,420.9,1.9061000347137451,532.25
2021-03-18,60.0,63.279998779296875,411.5,1.7841999530792236,515.5
2021-03-19,61.41999816894531,64.52999877929688,379.5,1.8222999572753906,510.5
2021-03-22,61.54999923706055,64.62000274658203,390.1,1.829300045967102,513.5
2021-03-23,57.7599983215332,60.790000915527344,390.8,1.748900055885315,497.25
2021-03-24,61.18000030517578,64.41000366210938,378.1,1.825600028038025,508.0
2021-03-25,58.560001373291016,61.95000076293945,383.2,1.7477999925613403,488.0
2021-03-26,60.970001220703125,64.56999969482422,384.3,1.809999942779541,510.75
2021-03-29,61.560001373291016,64.9800033569336,388.0,1.8098000288009644,505.25
2021-03-30,60.54999923706055,64.13999938964844,398.6,1.789199948310852,506.5
2021-03-31,59.15999984741211,63.540000915527344,399.7,1.771299958229065,505.25
2021-04-01,61.45000076293945,64.86000061035156,392.8,1.8315999507904053,496.25
2021-04-02,,,408.8,,
2021-04-05,58.650001525878906,62.150001525878906,,1.7724000215530396,498.5
2021-04-06,59.33000183105469,62.7400016784668,388.1,1.794100046157837,503.5
2021-04-07,59.77000045776367,63.15999984741211,386.0,1.8078999519348145,493.5
2021-04-08,59.599998474121094,63.20000076293945,383.5,1.8098000288009644,500.5
2021-04-09,59.31999969482422,62.95000076293945,386.6,1.8076000213623047,503.75
2021-04-12,59.70000076293945,63.279998779296875,382.4,1.8079999685287476,503.75
2021-04-13,60.18000030517578,63.66999816894531,392.8,1.8144999742507935,509.5
2021-04-14,63.150001525878906,66.58000183105469,397.8,1.8899999856948853,528.25
2021-04-15,63.459999084472656,66.94000244140625,411.0,1.898900032043457,530.0
2021-04-16,63.130001068115234,66.7699966430664,412.8,1.8956999778747559,531.5
2021-04-19,63.380001068115234,67.05000305175781,412.3,1.8925000429153442,529.0
2021-04-20,62.439998626708984,66.56999969482422,414.3,1.8801000118255615,519.0
2021-04-21,61.349998474121094,65.31999969482422,402.5,1.853700041770935,520.25
2021-04-22,61.43000030517578,65.4000015258789,395.2,1.86080002784729,521.25
2021-04-23,62.13999938964844,66.11000061035156,399.0,1.8734999895095825,525.0
2021-04-26,61.90999984741211,65.6500015258789,396.5,1.878499984741211,522.75
2021-04-27,62.939998626708984,66.41999816894531,402.4,1.9056999683380127,525.5
2021-04-28,63.86000061035156,67.2699966430664,408.1,1.938599944114685,539.25
2021-04-29,65.01000213623047,68.55999755859375,414.9,1.961400032043457,543.75
2021-04-30,63.58000183105469,67.25,420.1,1.9211000204086304,533.75
2021-05-03,64.48999786376953,67.55999755859375,,1.9519000053405762,543.5
2021-05-04,65.69000244140625,68.87999725341797,,1.9988000392913818,551.25
2021-05-05,65.62999725341797,68.95999908447266,,2.002500057220459,559.25
2021-05-06,64.70999908447266,68.08999633789062,428.3,1.9895000457763672,551.0
2021-05-07,64.9000015258789,68.27999877929688,425.7,2.0106000900268555,550.5
2021-05-10,64.91999816894531,68.31999969482422,428.3,2.0165998935699463,552.5
2021-05-11,65.27999877929688,68.55000305175781,418.6,2.0416998863220215,556.25
2021-05-12,66.08000183105469,69.31999969482422,425.8,2.069499969482422,556.25
2021-05-13,63.81999969482422,67.05000305175781,423.8,2.0009000301361084,
2021-05-14,65.37000274658203,68.70999908447266,414.3,2.0362000465393066,557.25
2021-05-17,66.2699966430664,69.45999908447266,427.1,2.0604000091552734,563.5
2021-05-18,65.48999786376953,68.70999908447266,436.6,2.0564000606536865,566.0
2021-05-19,63.36000061035156,66.66000366210938,421.2,2.0071001052856445,543.5
2021-05-20,62.04999923706055,65.11000061035156,411.0,1.964400053024292,546.5
2021-05-21,63.58000183105469,66.44000244140625,400.2,1.9881999492645264,546.5
2021-05-24,66.05000305175781,68.45999908447266,414.0,2.0420000553131104,556.75
2021-05-25,66.06999969482422,68.6500015258789,425.0,2.035399913787842,558.5
2021-05-26,66.20999908447266,68.87000274658203,426.3,2.0452001094818115,561.0
2021-05-27,66.8499984741211,69.45999908447266,421.9,2.0564000606536865,561.75
2021-05-28,66.31999969482422,69.62999725341797,429.9,2.0445001125335693,565.5
2021-05-31,,,428.8,,567.25
2021-06-01,67.72000122070312,70.25,440.0,2.071500062942505,573.0
2021-06-02,68.83000183105469,71.3499984741211,438.9,2.107100009918213,577.75
2021-06-03,68.80999755859375,71.30999755859375,448.1,2.1017000675201416,576.25
2021-06-04,69.62000274658203,71.88999938964844,445.2,2.1198999881744385,581.25
2021-06-07,69.2300033569336,71.48999786376953,442.8,2.115600109100342,580.5
2021-06-08,70.05000305175781,72.22000122070312,443.0,2.134999990463257,580.5
2021-06-09,69.95999908447266,72.22000122070312,453.2,2.129499912261963,584.75
2021-06-10,70.29000091552734,72.5199966430664,446.4,2.143399953842163,584.75
2021-06-11,70.91000366210938,72.69000244140625,453.5,2.120699882507324,589.5
2021-06-14,70.87999725341797,72.86000061035156,,2.111599922180176,594.25
2021-06-15,72.12000274658203,73.98999786376953,454.4,2.112299919128418,596.5
2021-06-16,72.1500015258789,74.38999938964844,458.5,2.1033999919891357,605.75
2021-06-17,71.04000091552734,73.08000183105469,457.9,2.066800117492676,591.5
2021-06-18,71.63999938964844,73.51000213623047,442.4,2.0931999683380127,593.5
2021-06-21,73.66000366210938,74.9000015258789,451.8,2.126800060272217,596.0
2021-06-22,73.05999755859375,74.80999755859375,461.8,2.1510000228881836,600.25
2021-06-23,73.08000183105469,75.19000244140625,466.0,2.15939998626709,607.0
2021-06-24,73.30000305175781,75.55999755859375,465.5,2.1623001098632812,603.25
2021-06-25,74.05000305175781,76.18000030517578,466.3,2.1493000984191895,606.0
2021-06-28,72.91000366210938,74.68000030517578,463.9,2.1182000637054443,599.5
2021-06-29,72.9800033569336,74.76000213623047,456.3,2.1219000816345215,600.25
2021-06-30,73.47000122070312,75.12999725341797,459.0,2.128700017929077,596.75
2021-07-01,75.2300033569336,75.83999633789062,459.5,2.1561999320983887,606.0
2021-07-02,75.16000366210938,76.16999816894531,468.1,2.1791000366210938,611.25
2021-07-05,,,471.6,,615.5
2021-07-06,73.37000274658203,74.52999877929688,474.1,2.1048998832702637,598.75
2021-07-07,72.19999694824219,73.43000030517578,450.9,2.089099884033203,585.5
2021-07-08,72.94000244140625,74.12000274658203,438.9,2.1203999519348145,592.25
2021-07-09,74.55999755859375,75.55000305175781,444.6,2.1552000045776367,610.0
2021-07-12,74.0999984741211,75.16000366210938,448.6,2.1498000621795654,610.0
2021-07-13,75.25,76.48999786376953,454.7,2.1844000816345215,613.0
2021-07-14,73.12999725341797,74.76000213623047,460.9,2.1435000896453857,612.5
2021-07-15,71.6500015258789,73.47000122070312,439.3,2.112600088119507,601.25
2021-07-16,71.80999755859375,73.58999633789062,434.0,2.113300085067749,597.0
2021-07-19,66.41999816894531,68.62000274658203,427.9,1.985200047492981,562.5
2021-07-20,67.41999816894531,69.3499984741211,414.5,2.012700080871582,562.25
2021-07-21,70.30000305175781,72.2300033569336,413.1,2.0869998931884766,585.25
2021-07-22,71.91000366210938,73.79000091552734,426.4,2.1326000690460205,592.5
2021-07-23,72.06999969482422,74.0999984741211,436.6,2.1338999271392822,599.0
2021-07-26,71.91000366210938,74.5,439.2,2.1510000228881836,600.0
2021-07-27,71.6500015258789,74.4800033569336,446.0,2.143899917602539,600.5
2021-07-28,72.38999938964844,74.73999786376953,450.5,2.1559998989105225,601.0
2021-07-29,73.62000274658203,76.05000305175781,452.9,2.1893999576568604,609.25
2021-07-30,73.94999694824219,76.33000183105469,452.2,2.199399948120117,613.25
2021-08-02,71.26000213623047,72.88999938964844,449.3,2.1357998847961426,596.25
2021-08-03,70.55999755859375,72.41000366210938,435.2,2.1263999938964844,591.75
2021-08-04,68.1500015258789,70.37999725341797,436.4,2.0741000175476074,581.5
2021-08-05,69.08999633789062,71.29000091552734,421.4,2.1059999465942383,585.0
2021-08-06,68.27999877929688,70.69999694824219,433.2,2.0845000743865967,580.25
2021-08-09,66.4800033569336,69.04000091552734,418.6,2.042099952697754,562.0
2021-08-10,68.29000091552734,70.62999725341797,424.4,2.080199956893921,579.5
2021-08-11,69.25,71.44000244140625,433.2,2.105799913406372,575.5
2021-08-12,69.08999633789062,71.30999755859375,431.4,2.1038999557495117,575.5
2021-08-13,68.44000244140625,70.58999633789062,429.1,2.077899932861328,582.5
2021-08-16,67.29000091552734,69.51000213623047,423.9,2.04830002784729,571.25
2021-08-17,66.58999633789062,69.02999877929688,422.0,2.036099910736084,574.25
2021-08-18,65.45999908447266,68.2300033569336,422.5,2.021199941635132,570.75
2021-08-19,63.689998626708984,66.44999694824219,405.9,1.968999981880188,543.25
2021-08-20,62.31999969482422,65.18000030517578,405.3,1.9082000255584717,546.25
2021-08-23,65.63999938964844,68.75,405.5,2.0051000118255615,569.25
2021-08-24,67.54000091552734,71.05000305175781,422.6,2.066800117492676,584.5
2021-08-25,68.36000061035156,72.25,429.5,2.1182000637054443,589.0
2021-08-26,67.41999816894531,71.06999969482422,432.7,2.083199977874756,588.75
2021-08-27,68.73999786376953,72.69999694824219,438.2,2.1092000007629395,598.5
2021-08-30,69.20999908447266,73.41000366210938,438.3,2.1403000354766846,603.25
2021-08-31,68.5,72.98999786376953,440.8,2.13100004196167,601.5
2021-09-01,68.58999633789062,71.58999633789062,446.5,2.1289000511169434,595.0
2021-09-02,69.98999786376953,73.02999877929688,444.8,2.1677000522613525,617.25
2021-09-03,69.29000091552734,72.61000061035156,456.0,2.15939998626709,613.25
2021-09-06,,,447.5,,607.0
2021-09-07,68.3499984741211,71.69000244140625,456.9,2.1215999126434326,602.0
2021-09-08,69.30000305175781,72.5999984741211,453.8,2.136399984359741,605.0
2021-09-09,68.13999938964844,71.44999694824219,457.1,2.1136999130249023,605.5
2021-09-10,69.72000122070312,72.91999816894531,447.3,2.1459999084472656,605.5
2021-09-13,70.44999694824219,73.51000213623047,460.0,2.1582999229431152,615.0
2021-09-14,70.45999908447266,73.5999984741211,464.1,2.16129994392395,615.0
2021-09-15,72.61000061035156,75.45999908447266,467.3,2.2053000926971436,633.25
2021-09-16,72.61000061035156,75.66999816894531,473.7,2.2109999656677246,628.75
2021-09-17,71.97000122070312,75.33999633789062,474.6,2.2091000080108643,631.5
2021-09-20,70.29000091552734,73.91999816894531,,2.1589999198913574,627.5
2021-09-21,70.55999755859375,74.36000061035156,,2.173799991607666,620.0
2021-09-22,72.2300033569336,76.19000244140625,473.9,2.2116000652313232,636.25
2021-09-23,73.30000305175781,77.25,479.4,2.2490999698638916,648.0
2021-09-24,73.9800033569336,78.08999633789062,488.6,2.2671000957489014,655.25
2021-09-27,75.44999694824219,79.52999877929688,494.5,2.2960000038146973,669.25
2021-09-28,75.29000091552734,79.08999633789062,507.6,2.2890000343322754,664.25
2021-09-29,74.83000183105469,78.63999938964844,489.2,2.307499885559082,666.75
2021-09-30,75.02999877929688,78.5199966430664,494.6,2.3417000770568848,676.25
2021-10-01,75.87999725341797,79.27999877929688,,2.382699966430664,673.25
2021-10-04,77.62000274658203,81.26000213623047,,2.4365999698638916,697.5
2021-10-05,78.93000030517578,82.55999755859375,,2.4935998916625977,720.25
2021-10-06,77.43000030517578,81.08000183105469,,2.441999912261963,703.5
2021-10-07,78.30000305175781,81.94999694824219,,2.4595999717712402,704.5
2021-10-08,79.3499984741211,82.38999938964844,528.1,2.4737000465393066,716.75
2021-10-11,80.5199966430664,83.6500015258789,530.0,2.515000104904175,727.5
2021-10-12,80.63999938964844,83.41999816894531,529.5,2.509999990463257,727.5
2021-10-13,80.44000244140625,83.18000030517578,524.0,2.5211000442504883,723.25
2021-10-14,81.30999755859375,84.0,526.5,2.5613999366760254,727.5
2021-10-15,82.27999877929688,84.86000061035156,529.2,2.573699951171875,746.75
2021-10-18,82.44000244140625,84.33000183105469,543.0,2.5492000579833984,738.5
2021-10-19,82.95999908447266,85.08000183105469,530.4,2.560699939727783,735.0
2021-10-20,83.87000274658203,85.81999969482422,524.4,2.5922999382019043,738.25
2021-10-21,82.5,84.61000061035156,529.8,2.549099922180176,722.5
2021-10-22,83.76000213623047,85.52999877929688,520.2,2.5388998985290527,732.25
2021-10-25,83.76000213623047,85.98999786376953,533.2,2.56469988822937,744.25
2021-10-26,84.6500015258789,86.4000015258789,531.6,2.5773000717163086,743.0
2021-10-27,82.66000366210938,84.58000183105469,528.3,2.5148000717163086,726.75
2021-10-28,82.80999755859375,84.31999969482422,517.5,2.5164999961853027,714.25
2021-10-29,83.56999969482422,84.37999725341797,525.5,2.4964001178741455,718.5
2021-11-01,84.05000305175781,84.70999908447266,520.3,2.5030999183654785,724.25
2021-11-02,83.91000366210938,84.72000122070312,534.8,2.50819993019104,722.0
2021-11-03,80.86000061035156,81.98999786376953,524.3,2.434499979019165,704.5
2021-11-04,78.80999755859375,80.54000091552734,510.2,2.406599998474121,709.5
2021-11-05,81.2699966430664,82.73999786376953,508.5,2.4556000232696533,720.75
2021-11-08,81.93000030517578,83.43000030517578,532.0,2.467099905014038,727.5
2021-11-09,84.1500015258789,84.77999877929688,524.9,2.5081000328063965,737.5
2021-11-10,81.33999633789062,82.63999938964844,538.0,2.4521000385284424,735.5
2021-11-11,81.58999633789062,82.87000274658203,519.3,2.4470999240875244,735.5
2021-11-12,80.79000091552734,82.16999816894531,514.7,2.403700113296509,698.5
2021-11-15,80.87999725341797,82.05000305175781,508.1,2.398099899291992,687.0
2021-11-16,80.76000213623047,82.43000030517578,518.0,2.4309000968933105,701.75
2021-11-17,78.36000061035156,80.27999877929688,519.0,2.3643999099731445,690.25
2021-11-18,79.01000213623047,81.23999786376953,489.9,2.384000062942505,687.0
2021-11-19,76.0999984741211,78.88999938964844,506.3,2.2934000492095947,657.5
2021-11-22,76.75,79.69999694824219,487.5,2.3254001140594482,674.0
2021-11-23,78.5,82.30999755859375,491.2,2.3842999935150146,686.0
2021-11-24,78.38999938964844,82.25,513.4,2.382999897003174,694.25
2021-11-25,,,509.1,,688.5
2021-11-26,68.1500015258789,72.72000122070312,496.3,2.0945000648498535,604.25
2021-11-29,69.94999694824219,73.44000244140625,473.6,2.152100086212158,625.0
2021-11-30,66.18000030517578,70.56999969482422,447.8,2.063800096511841,599.75
2021-12-01,65.56999969482422,68.87000274658203,451.4,2.0771000385284424,616.0
2021-12-02,66.5,69.66999816894531,441.1,2.1033999919891357,609.75
2021-12-03,66.26000213623047,69.87999725341797,446.7,2.098400115966797,619.0
2021-12-06,69.48999786376953,73.08000183105469,451.2,2.1712000370025635,622.25
2021-12-07,72.05000305175781,75.44000244140625,463.8,2.224600076675415,648.5
2021-12-08,72.36000061035156,75.81999969482422,473.4,2.2613000869750977,651.5
2021-12-09,70.94000244140625,74.41999816894531,477.7,2.2502999305725098,653.25
2021-12-10,71.66999816894531,75.1500015258789,465.0,2.2516000270843506,653.25
2021-12-13,71.29000091552734,74.38999938964844,486.0,2.232800006866455,648.75
2021-12-14,70.7300033569336,73.69999694824219,469.0,2.218400001525879,642.25
2021-12-15,70.87000274658203,73.87999725341797,460.0,2.220400094985962,635.5
2021-12-16,72.37999725341797,75.0199966430664,470.5,2.2662999629974365,653.0
2021-12-17,70.86000061035156,73.5199966430664,469.2,2.219899892807007,641.5
2021-12-20,68.2300033569336,71.5199966430664,450.5,2.1730000972747803,606.25
2021-12-21,71.12000274658203,73.9800033569336,454.4,2.2578001022338867,639.25
2021-12-22,72.76000213623047,75.29000091552734,465.6,2.307800054550171,649.0
2021-12-23,73.79000091552734,76.8499984741211,472.6,2.331399917602539,661.5
2021-12-24,,,478.6,,653.0
2021-12-27,75.56999969482422,78.5999984741211,472.9,2.3534998893737793,676.75
2021-12-28,75.9800033569336,78.94000244140625,493.4,2.3714001178741455,678.0
2021-12-29,76.55999755859375,79.2300033569336,493.4,2.3777999877929688,672.25
2021-12-30,76.98999786376953,79.31999969482422,496.8,2.395900011062622,677.75
2021-12-31,75.20999908447266,77.77999877929688,499.0,2.3301000595092773,667.0
2022-01-03,76.08000183105469,78.9800033569336,,2.3573999404907227,676.0
2022-01-04,76.98999786376953,80.0,494.1,2.4094998836517334,685.75
2022-01-05,77.8499984741211,80.80000305175781,502.8,2.4460999965667725,702.0
2022-01-06,79.45999908447266,81.98999786376953,501.0,2.4776999950408936,712.5
2022-01-07,78.9000015258789,81.75,519.4,2.481800079345703,712.5
2022-01-10,78.2300033569336,80.87000274658203,512.0,2.487600088119507,711.0
2022-01-11,81.22000122070312,83.72000122070312,504.6,2.5636000633239746,726.0
2022-01-12,82.63999938964844,84.66999816894531,518.4,2.5941998958587646,726.0
2022-01-13,82.12000274658203,84.47000122070312,524.1,2.6085000038146973,737.5
2022-01-14,83.81999969482422,86.05999755859375,527.0,2.6342999935150146,749.25
2022-01-17,,,534.8,,762.25
2022-01-18,85.43000030517578,87.51000213623047,543.4,2.6740000247955322,765.25
2022-01-19,86.95999908447266,88.44000244140625,544.6,2.6923000812530518,776.0
2022-01-20,86.9000015258789,88.37999725341797,545.4,2.671799898147583,773.25
2022-01-21,85.13999938964844,87.88999938964844,536.4,2.691200017929077,769.25
2022-01-24,83.30999755859375,86.2699966430664,543.8,2.6273999214172363,753.25
2022-01-25,85.5999984741211,88.19999694824219,533.8,2.669100046157837,761.5
2022-01-26,87.3499984741211,89.95999908447266,539.1,2.74399995803833,787.5
2022-01-27,86.61000061035156,89.33999633789062,542.6,2.7945001125335693,789.75
2022-01-28,86.81999969482422,90.02999877929688,534.5,2.7855000495910645,802.0
2022-01-31,88.1500015258789,91.20999908447266,,2.759200096130371,796.25
2022-02-01,88.19999694824219,89.16000366210938,,2.7411999702453613,802.0
2022-02-02,88.26000213623047,89.47000122070312,,2.768899917602539,800.5
2022-02-03,90.2699966430664,91.11000061035156,,2.8394999504089355,818.75
2022-02-04,92.30999755859375,93.2699966430664,,2.8750998973846436,851.5
2022-02-07,91.31999969482422,92.69000244140625,566.9,2.8554000854492188,852.5
2022-02-08,89.36000061035156,90.77999877929688,558.4,2.79259991645813,812.5
2022-02-09,89.66000366210938,91.55000305175781,544.4,2.824899911880493,829.75
2022-02-10,89.87999725341797,91.41000366210938,549.7,2.827199935913086,829.75
2022-02-11,93.0999984741211,94.44000244140625,546.1,2.910900115966797,827.25
2022-02-14,95.45999908447266,96.4800033569336,576.8,2.9618000984191895,839.75
2022-02-15,92.06999969482422,93.27999877929688,577.7,2.859499931335449,818.25
2022-02-16,93.66000366210938,94.80999755859375,562.1,2.8575000762939453,837.5
2022-02-17,91.76000213623047,92.97000122070312,565.9,2.7862000465393066,809.5
2022-02-18,91.06999969482422,93.54000091552734,567.3,2.7815001010894775,811.5
2022-02-21,,,569.5,,823.0
2022-02-22,92.3499984741211,96.83999633789062,596.9,2.8187999725341797,834.25
2022-02-23,92.0999984741211,96.83999633789062,590.0,2.829200029373169,831.0
2022-02-24,92.80999755859375,99.08000183105469,620.8,2.896899938583374,891.25
2022-02-25,91.58999633789062,97.93000030517578,612.3,2.8494999408721924,836.5
2022-02-28,95.72000122070312,100.98999786376953,621.2,3.013400077819824,881.25
2022-03-01,103.41000366210938,104.97000122070312,622.8,3.151099920272827,962.0
2022-03-02,110.5999984741211,112.93000030517578,663.9,3.4946999549865723,1044.0
2022-03-03,107.66999816894531,110.45999908447266,719.9,3.5034000873565674,1095.5
2022-03-04,115.68000030517578,118.11000061035156,693.2,3.7762999534606934,1184.25
2022-03-07,119.4000015258789,123.20999908447266,761.4,3.9214999675750732,1297.75
2022-03-08,123.69999694824219,127.9800033569336,785.0,4.437300205230713,1492.75
2022-03-09,108.69999694824219,111.13999938964844,806.6,3.4642999172210693,1522.5
2022-03-10,106.0199966430664,109.33000183105469,700.3,3.2962000370025635,1522.5
2022-03-11,109.33000183105469,112.66999816894531,683.0,3.41759991645813,1012.0
2022-03-14,103.01000213623047,106.9000015258789,683.5,3.2762999534606934,964.0
2022-03-15,96.44000244140625,99.91000366210938,628.1,3.0297000408172607,904.0
2022-03-16,95.04000091552734,98.0199966430664,632.9,3.100100040435791,919.5
2022-03-17,102.9800033569336,106.63999938964844,619.4,3.4874000549316406,1056.5
2022-03-18,104.69999694824219,107.93000030517578,676.0,3.598099946975708,1064.75
2022-03-21,112.12000274658203,115.62000274658203,676.1,3.8008999824523926,1157.75
2022-03-22,111.76000213623047,115.4800033569336,713.0,3.8642001152038574,1171.25
2022-03-23,114.93000030517578,121.5999984741211,699.1,4.114799976348877,1235.75
2022-03-24,112.33999633789062,119.02999877929688,723.0,4.15339994430542,1233.75
2022-03-25,113.9000015258789,120.6500015258789,722.6,4.11460018157959,1195.75
2022-03-28,105.95999908447266,112.4800033569336,704.9,3.783400058746338,1130.75
2022-03-29,104.23999786376953,110.2300033569336,677.8,3.716099977493286,1063.0
2022-03-30,107.81999969482422,113.44999694824219,690.7,3.808500051498413,1087.5
2022-03-31,100.27999877929688,107.91000366210938,675.1,3.691200017929077,1060.75
2022-04-01,99.2699966430664,104.38999938964844,648.7,3.4240000247955322,1091.0
2022-04-04,103.27999877929688,107.52999877929688,,3.546099901199341,1138.25
2022-04-05,101.95999908447266,106.63999938964844,,3.4681999683380127,1080.25
2022-04-06,96.2300033569336,101.06999969482422,677.1,3.3452000617980957,1054.25
2022-04-07,96.02999877929688,100.58000183105469,628.7,3.2678000926971436,982.5
2022-04-08,98.26000213623047,102.77999877929688,625.6,3.3176000118255615,1015.5
2022-04-11,94.29000091552734,98.4800033569336,624.6,3.267699956893921,1040.25
2022-04-12,100.5999984741211,104.63999938964844,635.4,3.464400053024292,1040.25
2022-04-13,104.25,108.77999877929688,650.5,3.718400001525879,1056.25
2022-04-14,106.94999694824219,111.69999694824219,666.0,3.85479998588562,1119.75
2022-04-15,,,690.2,,
2022-04-18,108.20999908447266,113.16000366210938,695.7,3.8907999992370605,1171.75
2022-04-19,102.55999755859375,107.25,695.9,3.8619000911712646,1103.5
2022-04-20,102.75,106.80000305175781,676.6,3.973099946975708,1128.5
2022-04-21,103.79000091552734,108.33000183105469,682.4,3.9007999897003174,1112.25
2022-04-22,102.06999969482422,106.6500015258789,674.0,3.9386000633239746,1118.75
2022-04-25,98.54000091552734,102.31999969482422,635.2,4.09089994430542,1065.5
2022-04-26,101.69999694824219,104.98999786376953,642.1,4.467899799346924,1129.25
2022-04-27,102.0199966430664,105.31999969482422,664.7,4.674300193786621,1169.25
2022-04-28,105.36000061035156,107.58999633789062,652.8,5.13539981842041,1190.75
2022-04-29,104.69000244140625,109.33999633789062,673.4,4.781700134277344,1227.25
2022-05-02,105.16999816894531,107.58000183105469,,4.204899787902832,1247.75
2022-05-03,102.41000366210938,104.97000122070312,,4.082699775695801,1196.5
2022-05-04,107.80999755859375,110.13999938964844,,4.197000026702881,1193.0
2022-05-05,108.26000213623047,110.9000015258789,693.1,4.041299819946289,1189.5
2022-05-06,109.7699966430664,112.38999938964844,697.7,3.9542999267578125,1139.0
2022-05-09,103.08999633789062,105.94000244140625,702.7,3.83489990234375,1083.25
2022-05-10,99.76000213623047,102.45999908447266,657.4,3.9321999549865723,1126.0
2022-05-11,105.70999908447266,107.51000213623047,661.2,3.951200008392334,1138.75
2022-05-12,106.12999725341797,107.44999694824219,678.7,3.916100025177002,1138.75
2022-05-13,110.48999786376953,111.55000305175781,690.6,3.9212000370025635,1107.0
2022-05-16,114.19999694824219,114.23999786376953,702.5,3.9075000286102295,1094.0
2022-05-17,112.4000015258789,111.93000030517578,729.9,3.799299955368042,1090.5
2022-05-18,109.58999633789062,109.11000061035156,711.7,3.668100118637085,1047.75
2022-05-19,112.20999908447266,112.04000091552734,694.4,3.7920000553131104,1045.0
2022-05-20,113.2300033569336,112.55000305175781,697.9,3.7390999794006348,1068.0
2022-05-23,110.29000091552734,113.41999816894531,706.0,3.7688000202178955,1071.0
2022-05-24,109.7699966430664,113.55999755859375,685.8,3.7818000316619873,1093.25
2022-05-25,110.33000183105469,114.02999877929688,709.4,3.8664000034332275,1110.0
2022-05-26,114.08999633789062,117.4000015258789,714.9,3.9679999351501465,1159.5
2022-05-27,115.06999969482422,119.43000030517578,730.3,4.002900123596191,1168.75
2022-05-30,,,734.8,,1196.0
2022-05-31,114.66999816894531,122.83999633789062,757.2,4.09089994430542,1244.25
2022-06-01,115.26000213623047,116.29000091552734,734.9,4.1433000564575195,1270.0
2022-06-02,116.87000274658203,117.61000061035156,714.5,4.208399772644043,1258.5
2022-06-03,118.87000274658203,119.72000122070312,,4.280300140380859,1318.5
2022-06-06,118.5,119.51000213623047,750.2,4.360099792480469,1353.0
2022-06-07,119.41000366210938,120.56999969482422,753.9,4.3206000328063965,1336.5
2022-06-08,122.11000061035156,123.58000183105469,758.0,4.314300060272217,1339.75
2022-06-09,121.51000213623047,123.06999969482422,770.1,4.40369987487793,1389.5
2022-06-10,120.66999816894531,122.01000213623047,767.9,4.366700172424316,1389.5
2022-06-13,120.93000030517578,122.2699966430664,753.5,4.283400058746338,1267.75
2022-06-14,118.93000030517578,121.16999816894531,774.8,4.394000053405762,1297.75
2022-06-15,115.30999755859375,118.51000213623047,758.0,4.546999931335449,1332.25
2022-06-16,117.58999633789062,119.80999755859375,745.4,4.571300029754639,1300.25
2022-06-17,109.55999755859375,113.12000274658203,738.0,4.339799880981445,1294.0
2022-06-20,,,692.9,,1317.0
2022-06-21,110.6500015258789,114.6500015258789,708.2,4.358399868011475,1320.25
2022-06-22,106.19000244140625,111.73999786376953,683.9,4.404600143432617,1284.25
2022-06-23,104.2699966430664,110.05000305175781,694.4,4.337900161743164,1290.5
2022-06-24,107.62000274658203,113.12000274658203,675.1,4.3628997802734375,1302.0
2022-06-27,109.56999969482422,115.08999633789062,700.5,4.230199813842773,1262.5
2022-06-28,111.76000213623047,117.9800033569336,727.6,4.199399948120117,1218.75
2022-06-29,109.77999877929688,116.26000213623047,727.7,4.0366997718811035,1219.75
2022-06-30,105.76000213623047,114.80999755859375,720.6,3.898200035095215,1160.0
2022-07-01,108.43000030517578,111.62999725341797,696.6,3.9388999938964844,1226.5
2022-07-04,,,716.9,,1238.75
2022-07-05,99.5,102.7699966430664,723.0,3.601599931716919,1153.75
2022-07-06,98.52999877929688,100.69000244140625,676.0,3.410599946975708,1082.75
2022-07-07,102.7300033569336,104.6500015258789,642.3,3.6738998889923096,1129.25
2022-07-08,104.79000091552734,107.0199966430664,678.1,3.6728999614715576,1133.5
2022-07-11,104.08999633789062,107.0999984741211,680.3,3.7681000232696533,1192.5
2022-07-12,95.83999633789062,99.48999786376953,677.4,3.662600040435791,1192.5
2022-07-13,96.30000305175781,99.56999969482422,658.5,3.6658999919891357,1095.5
2022-07-14,95.77999877929688,99.0999984741211,650.3,3.649399995803833,1067.25
2022-07-15,97.58999633789062,101.16000366210938,648.0,3.6989998817443848,1112.5
2022-07-18,102.5999984741211,106.2699966430664,683.0,3.6554999351501465,1115.25
2022-07-19,104.22000122070312,107.3499984741211,663.1,3.626800060272217,1068.25
2022-07-20,102.26000213623047,106.91999816894531,662.2,3.604300022125244,1071.75
2022-07-21,96.3499984741211,103.86000061035156,659.7,3.5903000831604004,1026.5
2022-07-22,94.69999694824219,103.19999694824219,659.9,3.4556000232696533,1067.5
2022-07-25,96.69999694824219,105.1500015258789,639.6,3.5165998935699463,1055.75
2022-07-26,94.9800033569336,104.4000015258789,678.5,3.583899974822998,1069.5
2022-07-27,97.26000213623047,106.62000274658203,659.9,3.7172999382019043,1101.5
2022-07-28,96.41999816894531,107.13999938964844,690.7,3.686300039291382,1103.75
2022-07-29,98.62000274658203,110.01000213623047,686.6,3.6247000694274902,1106.5
2022-08-01,93.88999938964844,100.02999877929688,692.1,3.440000057220459,1028.5
2022-08-02,94.41999816894531,100.54000091552734,681.0,3.3803999423980713,1014.5
2022-08-03,90.66000366210938,96.77999877929688,677.8,3.414799928665161,1035.0
2022-08-04,88.54000091552734,94.12000274658203,657.7,3.3371999263763428,1009.0
2022-08-05,89.01000213623047,94.91999816894531,653.0,3.21589994430542,990.0
2022-08-08,90.76000213623047,96.6500015258789,665.2,3.1791000366210938,953.75
2022-08-09,90.5,96.30999755859375,671.3,3.3338000774383545,997.75
2022-08-10,91.93000030517578,97.4000015258789,675.5,3.4103000164031982,992.0
2022-08-11,94.33999633789062,99.5999984741211,691.1,3.4839999675750732,992.0
2022-08-12,92.08999633789062,98.1500015258789,703.6,3.5178000926971436,1045.25
2022-08-15,89.41000366210938,95.0999984741211,697.2,3.4402999877929688,1022.0
2022-08-16,86.52999877929688,92.33999633789062,687.6,3.4802000522613525,1018.0
2022-08-17,88.11000061035156,93.6500015258789,663.4,3.6173999309539795,1041.5
2022-08-18,90.5,96.58999633789062,679.1,3.6496999263763428,1074.25
2022-08-19,90.7699966430664,96.72000122070312,692.7,3.700500011444092,1087.25
2022-08-22,90.2300033569336,96.4800033569336,699.3,3.77620005607605,1096.75
2022-08-23,93.73999786376953,100.22000122070312,712.8,3.841900110244751,1119.0
2022-08-24,94.88999938964844,101.22000122070312,734.1,4.013199806213379,1167.75
2022-08-25,92.5199966430664,99.33999633789062,745.2,3.9491000175476074,1174.0
2022-08-26,93.05999755859375,100.98999786376953,740.0,4.007599830627441,1194.0
2022-08-29,97.01000213623047,105.08999633789062,729.5,3.909899950027466,1186.25
2022-08-30,91.63999938964844,99.30999755859375,736.7,3.8171000480651855,1122.0
2022-08-31,89.55000305175781,96.48999786376953,716.5,3.715399980545044,1098.5
2022-09-01,86.61000061035156,92.36000061035156,698.9,3.561199903488159,1050.5
2022-09-02,86.87000274658203,93.0199966430664,695.4,3.578000068664551,1091.25
2022-09-05,,,703.9,,1142.0
2022-09-06,86.87999725341797,92.83000183105469,703.5,3.5738000869750977,1079.25
2022-09-07,81.94000244140625,88.0,684.1,3.5859999656677246,1099.5
2022-09-08,83.54000091552734,89.1500015258789,664.9,3.54010009765625,1075.0
2022-09-09,86.79000091552734,92.83999633789062,672.0,3.578700065612793,1085.0
2022-09-12,87.77999877929688,94.0,,3.603100061416626,1085.0
2022-09-13,87.30999755859375,93.16999816894531,703.9,3.541300058364868,1057.5
2022-09-14,88.4800033569336,94.0999984741211,646.5,3.3789000511169434,991.5
2022-09-15,85.0999984741211,90.83999633789062,675.9,3.205199956893921,923.25
2022-09-16,85.11000061035156,91.3499984741211,663.5,3.172499895095825,953.0
2022-09-19,85.7300033569336,92.0,634.7,3.310800075531006,963.0
2022-09-20,84.44999694824219,90.62000274658203,642.1,3.3722000122070312,976.25
2022-09-21,82.94000244140625,89.83000183105469,660.0,3.3338000774383545,967.25
2022-09-22,83.48999786376953,90.45999908447266,652.1,3.4114999771118164,1006.25
2022-09-23,78.73999786376953,86.1500015258789,651.1,3.2370998859405518,963.0
2022-09-26,76.70999908447266,84.05999755859375,610.3,3.1291000843048096,934.25
2022-09-27,78.5,86.2699966430664,608.8,3.2599000930786133,967.25
2022-09-28,82.1500015258789,89.31999969482422,608.5,3.449399948120117,1008.75
2022-09-29,81.2300033569336,88.48999786376953,630.9,3.414599895477295,1011.75
2022-09-30,79.48999786376953,87.95999908447266,634.4,3.36899995803833,993.25
2022-10-03,83.62999725341797,88.86000061035156,,3.3691000938415527,1031.25
2022-10-04,86.5199966430664,91.80000305175781,,3.535799980163574,1103.25
2022-10-05,87.76000213623047,93.37000274658203,,3.6868999004364014,1182.25
2022-10-06,88.44999694824219,94.41999816894531,,3.8649001121520996,1185.75
2022-10-07,92.63999938964844,97.91999816894531,,4.018700122833252,1257.75
2022-10-10,91.12999725341797,96.19000244140625,701.9,3.9147000312805176,1281.5
2022-10-11,89.3499984741211,94.29000091552734,695.3,3.930799961090088,1192.0
2022-10-12,87.2699966430664,92.44999694824219,690.9,3.932800054550171,1192.0
2022-10-13,89.11000061035156,94.56999969482422,685.3,4.094799995422363,1115.75
2022-10-14,85.61000061035156,91.62999725341797,690.1,3.9802000522613525,1085.75
2022-10-17,85.45999908447266,91.62000274658203,671.0,4.08519983291626,1112.25
2022-10-18,82.81999969482422,90.02999877929688,675.7,3.993499994277954,1105.0
2022-10-19,85.55000305175781,92.41000366210938,662.6,3.9042999744415283,1075.25
2022-10-20,85.9800033569336,92.37999725341797,672.4,3.7567999362945557,1073.25
2022-10-21,85.05000305175781,93.5,664.0,3.8322999477386475,1050.5
2022-10-24,84.58000183105469,93.26000213623047,666.2,3.920099973678589,1082.25
2022-10-25,85.31999969482422,93.5199966430664,673.1,3.9672000408172607,1072.25
2022-10-26,87.91000366210938,95.69000244140625,666.7,4.120100021362305,1105.25
2022-10-27,89.08000183105469,96.95999908447266,678.9,4.333899974822998,1110.5
2022-10-28,87.9000015258789,95.7699966430664,684.6,4.549799919128418,1133.5
2022-10-31,86.52999877929688,94.83000183105469,679.8,4.190899848937988,1100.25
2022-11-01,88.37000274658203,94.6500015258789,692.4,3.6210999488830566,1047.5
2022-11-02,90.0,96.16000366210938,698.5,3.6774001121520996,1054.25
2022-11-03,88.16999816894531,94.66999816894531,701.8,3.865299940109253,1107.25
2022-11-04,92.61000061035156,98.56999969482422,710.5,3.914799928665161,1115.0
2022-11-07,91.79000091552734,97.91999816894531,714.9,3.781100034713745,1096.5
2022-11-08,88.91000366210938,95.36000061035156,714.7,3.770699977874756,1067.25
2022-11-09,85.83000183105469,92.6500015258789,689.9,3.6563000679016113,1028.5
2022-11-10,86.47000122070312,93.66999816894531,670.7,3.5694000720977783,1028.5
2022-11-11,88.95999908447266,95.98999786376953,677.2,3.555299997329712,
2022-11-14,85.87000274658203,93.13999938964844,665.1,3.5439999103546143,
2022-11-15,86.91999816894531,93.86000061035156,649.7,3.6412999629974365,
2022-11-16,85.58999633789062,92.86000061035156,640.2,3.613600015640259,
2022-11-17,81.63999938964844,89.77999877929688,628.9,3.5248000621795654,956.0
2022-11-18,80.08000183105469,87.62000274658203,618.1,3.5181000232696533,946.0
2022-11-21,79.7300033569336,87.44999694824219,600.2,3.497299909591675,916.75
2022-11-22,80.94999694824219,88.36000061035156,593.5,3.471299886703491,943.25
2022-11-23,77.94000244140625,85.41000366210938,597.0,3.359299898147583,926.25
2022-11-24,,,570.1,,921.25
2022-11-25,76.27999877929688,83.62999725341797,572.6,3.2390999794006348,916.25
2022-11-28,77.23999786376953,83.19000244140625,548.2,3.215399980545044,887.0
2022-11-29,78.19999694824219,83.02999877929688,573.6,3.2959001064300537,892.25
2022-11-30,80.55000305175781,85.43000030517578,570.6,3.3629000186920166,927.25
2022-12-01,81.22000122070312,86.87999725341797,572.0,3.262399911880493,952.75
2022-12-02,79.9800033569336,85.56999969482422,572.5,3.1684999465942383,912.25
2022-12-05,76.93000030517578,82.68000030517578,558.6,2.999799966812134,893.5
2022-12-06,74.25,79.3499984741211,544.2,2.9154999256134033,822.25
2022-12-07,72.01000213623047,77.16999816894531,515.0,2.7804999351501465,808.75
2022-12-08,71.45999908447266,76.1500015258789,511.7,2.8798000812530518,805.75
2022-12-09,71.0199966430664,76.0999984741211,501.0,2.7936999797821045,820.75
2022-12-12,73.16999816894531,77.98999786376953,499.3,2.9684998989105225,820.75
2022-12-13,75.38999938964844,80.68000030517578,527.4,3.0922000408172607,883.5
2022-12-14,77.27999877929688,82.69999694824219,529.4,3.2767999172210693,922.75
2022-12-15,76.11000061035156,81.20999908447266,536.9,3.283400058746338,922.25
2022-12-16,74.29000091552734,79.04000091552734,536.2,3.1198999881744385,886.0
2022-12-19,75.19000244140625,79.80000305175781,533.5,3.053499937057495,879.75
2022-12-20,76.08999633789062,79.98999786376953,535.7,3.0589001178741455,867.75
2022-12-21,78.29000091552734,82.19999694824219,542.3,3.1394999027252197,891.25
2022-12-22,77.48999786376953,80.9800033569336,546.4,3.1314001083374023,895.0
2022-12-23,79.55999755859375,83.91999816894531,544.4,3.2660999298095703,907.5
2022-12-26,,,559.4,,
2022-12-27,79.52999877929688,84.33000183105469,566.4,3.3536999225616455,969.75
2022-12-28,78.95999908447266,83.26000213623047,559.7,3.3777999877929688,920.5
2022-12-29,78.4000015258789,82.26000213623047,552.2,3.312999963760376,918.75
2022-12-30,80.26000213623047,85.91000366210938,562.8,3.3622000217437744,921.0
2023-01-02,,,,,921.0
2023-01-03,76.93000030517578,82.0999984741211,567.1,3.0864999294281006,900.0
2023-01-04,72.83999633789062,77.83999633789062,538.0,2.97189998626709,842.75
2023-01-05,73.66999816894531,78.69000244140625,524.1,2.9723000526428223,860.25
2023-01-06,73.7699966430664,78.56999969482422,528.8,3.004499912261963,880.25
2023-01-09,74.62999725341797,79.6500015258789,526.3,3.0360000133514404,880.5
2023-01-10,75.12000274658203,80.0999984741211,522.1,3.135699987411499,883.5
2023-01-11,77.41000366210938,82.66999816894531,519.8,3.217900037765503,905.5
2023-01-12,78.38999938964844,84.02999877929688,530.8,3.2190001010894775,905.5
2023-01-13,79.86000061035156,85.27999877929688,538.0,3.2558999061584473,932.75
2023-01-16,,,542.3,,934.0
2023-01-17,80.18000030517578,85.91999816894531,547.3,3.250999927520752,927.25
2023-01-18,79.4800033569336,84.9800033569336,563.5,3.263000011444092,953.5
2023-01-19,80.33000183105469,86.16000366210938,549.3,3.3759000301361084,943.0
2023-01-20,81.30999755859375,87.62999725341797,563.9,3.4667999744415283,983.5
2023-01-23,81.62000274658203,88.19000244140625,,3.5508999824523926,1012.25
2023-01-24,80.12999725341797,86.12999725341797,,3.4272000789642334,985.75
2023-01-25,80.1500015258789,86.12000274658203,,3.361299991607666,957.5
2023-01-26,81.01000213623047,87.47000122070312,,3.3965001106262207,965.25
2023-01-27,79.68000030517578,86.66000366210938,,3.265500068664551,938.0
2023-01-30,77.9000015258789,84.9000015258789,552.4,3.11080002784729,909.5
2023-01-31,78.87000274658203,84.48999786376953,540.5,3.182300090789795,915.25
2023-02-01,76.41000366210938,82.83999633789062,551.4,2.9511001110076904,881.75
2023-02-02,75.87999725341797,82.16999816894531,534.2,2.896699905395508,845.5
2023-02-03,73.38999938964844,79.94000244140625,531.9,2.7753000259399414,819.0
2023-02-06,74.11000061035156,80.98999786376953,518.6,2.768699884414673,781.75
2023-02-07,77.13999938964844,83.69000244140625,530.3,2.904400110244751,831.75
2023-02-08,78.47000122070312,85.08999633789062,544.6,2.8933000564575195,836.0
2023-02-09,78.05999755859375,84.5,554.8,2.8153998851776123,814.0
2023-02-10,79.72000122070312,86.38999938964844,554.0,2.8645999431610107,
2023-02-13,80.13999938964844,86.61000061035156,563.0,2.9056999683380127,841.25
2023-02-14,79.05999755859375,85.58000183105469,566.9,2.9400999546051025,850.25
2023-02-15,78.58999633789062,85.37999725341797,562.3,2.844399929046631,829.75
2023-02-16,78.48999786376953,85.13999938964844,574.2,2.810800075531006,820.0
2023-02-17,76.33999633789062,83.0,564.3,2.712100028991699,791.25
2023-02-20,,,556.6,,799.25
2023-02-21,76.16000366210938,83.05000305175781,548.0,2.7918999195098877,800.75
2023-02-22,73.94999694824219,80.5999984741211,546.0,2.7147998809814453,797.25
2023-02-23,75.38999938964844,82.20999908447266,534.9,2.7081000804901123,783.5
2023-02-24,76.31999969482422,83.16000366210938,551.9,2.7962000370025635,808.25
2023-02-27,75.68000030517578,82.44999694824219,547.9,2.8197999000549316,826.25
2023-02-28,77.05000305175781,83.88999938964844,548.2,2.8208999633789062,833.25
2023-03-01,77.69000244140625,84.30999755859375,557.6,2.873800039291382,839.25
2023-03-02,78.16000366210938,84.75,559.0,2.8661999702453613,849.25
2023-03-03,79.68000030517578,85.83000183105469,568.3,2.913100004196167,856.0
2023-03-06,80.45999908447266,86.18000030517578,570.6,2.8866000175476074,842.75
2023-03-07,77.58000183105469,83.29000091552734,582.8,2.797499895095825,823.25
2023-03-08,76.66000366210938,82.66000366210938,564.7,2.7418999671936035,809.0
2023-03-09,75.72000122070312,81.58999633789062,560.7,2.6689000129699707,803.5
2023-03-10,76.68000030517578,82.77999877929688,546.0,2.772900104522705,803.5
2023-03-13,74.80000305175781,80.7699966430664,552.6,2.7614998817443848,804.25
2023-03-14,71.33000183105469,77.44999694824219,529.5,2.714400053024292,802.75
2023-03-15,67.61000061035156,73.69000244140625,522.6,2.6048998832702637,733.75
2023-03-16,68.3499984741211,74.69999694824219,493.8,2.6435000896453857,750.25
2023-03-17,66.73999786376953,72.97000122070312,498.5,2.6786999702453613,775.5
2023-03-20,67.63999938964844,73.79000091552734,481.5,2.6870999336242676,771.5
2023-03-21,69.33000183105469,75.31999969482422,492.8,2.690200090408325,770.5
2023-03-22,70.9000015258789,76.69000244140625,503.5,2.740299940109253,784.5
2023-03-23,69.95999908447266,75.91000366210938,507.0,2.6847000122070312,781.25
2023-03-24,69.26000213623047,74.98999786376953,508.0,2.695199966430664,765.25
2023-03-27,72.80999755859375,78.12000274658203,507.7,2.770400047302246,768.5
2023-03-28,73.19999694824219,78.6500015258789,519.7,2.7695999145507812,782.75
2023-03-29,72.97000122070312,78.27999877929688,526.2,2.658099889755249,762.75
2023-03-30,74.37000274658203,79.2699966430664,523.3,2.623699903488159,756.25
2023-03-31,75.66999816894531,79.7699966430664,527.4,2.676300048828125,762.75
2023-04-03,80.41999816894531,84.93000030517578,569.7,2.662600040435791,789.5
2023-04-04,80.70999908447266,84.94000244140625,583.4,2.6666998863220215,770.5
2023-04-05,80.61000061035156,84.98999786376953,,2.7309999465942383,789.0
2023-04-06,80.69999694824219,85.12000274658203,584.2,2.6605000495910645,780.25
2023-04-07,,,592.0,,
2023-04-10,79.73999786376953,84.18000030517578,587.9,2.6814000606536865,780.5
2023-04-11,81.52999877929688,85.61000061035156,588.6,2.6682000160217285,771.0
2023-04-12,83.26000213623047,87.33000183105469,593.8,2.7030999660491943,771.0
2023-04-13,82.16000366210938,86.08999633789062,601.0,2.672800064086914,782.25
2023-04-14,82.5199966430664,86.30999755859375,596.2,2.63919997215271,772.0
2023-04-17,80.83000183105469,84.76000213623047,601.3,2.6147000789642334,757.25
2023-04-18,80.86000061035156,84.7699966430664,587.1,2.599900007247925,759.0
2023-04-19,79.16000366210938,83.12000274658203,580.8,2.5576999187469482,744.5
2023-04-20,77.29000091552734,81.0999984741211,567.0,2.4948999881744385,718.75
2023-04-21,77.87000274658203,81.66000366210938,554.2,2.488600015640259,724.0
2023-04-24,78.76000213623047,82.7300033569336,553.9,2.5309998989105225,733.5
2023-04-25,77.06999969482422,80.7699966430664,567.9,2.4511001110076904,716.25
2023-04-26,74.30000305175781,77.69000244140625,556.9,2.372999906539917,704.75
2023-04-27,74.76000213623047,78.37000274658203,526.1,2.3541998863220215,687.5
2023-04-28,76.77999877929688,79.54000091552734,531.7,2.378700017929077,695.0
2023-05-01,75.66000366210938,79.30999755859375,,2.3822999000549316,691.0
2023-05-02,71.66000366210938,75.31999969482422,,2.2892000675201416,661.0
2023-05-03,68.5999984741211,72.33000183105469,,2.232300043106079,636.75
2023-05-04,68.55999755859375,72.5,496.9,2.2386999130249023,648.5
2023-05-05,71.33999633789062,75.30000305175781,495.1,2.31469988822937,670.75
2023-05-08,73.16000366210938,77.01000213623047,513.9,2.377700090408325,690.5
2023-05-09,73.70999908447266,77.44000244140625,515.6,2.390199899673462,675.25
2023-05-10,72.55999755859375,76.41000366210938,519.4,2.393399953842163,694.75
2023-05-11,70.87000274658203,74.9800033569336,513.0,2.3494999408721924,694.75
2023-05-12,70.04000091552734,74.16999816894531,494.8,2.305500030517578,669.0
2023-05-15,71.11000061035156,75.2300033569336,494.4,2.378000020980835,679.5
2023-05-16,70.86000061035156,74.91000366210938,503.6,2.3638999462127686,680.0
2023-05-17,72.83000183105469,76.95999908447266,498.0,2.422600030899048,694.0
2023-05-18,71.86000061035156,75.86000061035156,518.0,2.402600049972534,693.0
2023-05-19,71.55000305175781,75.58000183105469,523.9,2.3622000217437744,689.25
2023-05-22,71.98999786376953,75.98999786376953,507.0,2.3664000034332275,683.0
2023-05-23,72.91000366210938,76.83999633789062,515.5,2.3617000579833984,689.0
2023-05-24,74.33999633789062,78.36000061035156,527.0,2.4137001037597656,698.0
2023-05-25,71.83000183105469,76.26000213623047,531.5,2.3461999893188477,679.25
2023-05-26,72.66999816894531,76.94999694824219,521.9,2.36929988861084,692.5
2023-05-29,,,532.1,,689.25
2023-05-30,69.45999908447266,73.54000091552734,529.7,2.2808001041412354,672.25
2023-05-31,68.08999633789062,72.66000366210938,503.9,2.2595999240875244,662.75
2023-06-01,70.0999984741211,74.27999877929688,505.9,2.31469988822937,681.5
2023-06-02,71.73999786376953,76.12999725341797,518.3,2.3568999767303467,695.25
2023-06-05,72.1500015258789,76.70999908447266,527.8,2.377500057220459,707.0
2023-06-06,71.73999786376953,76.29000091552734,525.0,2.367799997329712,700.75
2023-06-07,72.52999877929688,76.94999694824219,523.7,2.4017999172210693,710.5
2023-06-08,71.29000091552734,75.95999908447266,535.6,2.3898000717163086,704.0
2023-06-09,70.16999816894531,74.79000091552734,525.5,2.3610000610351562,708.0
2023-06-12,67.12000274658203,71.83999633789062,514.5,2.3090999126434326,708.0
2023-06-13,69.41999816894531,74.29000091552734,507.9,2.3954999446868896,698.25
2023-06-14,68.2699966430664,73.19999694824219,524.4,2.3577001094818115,694.0
2023-06-15,70.62000274658203,75.66999816894531,516.0,2.479599952697754,712.25
2023-06-16,71.77999877929688,76.61000061035156,531.1,2.5513999462127686,736.0
2023-06-19,,,529.9,,731.5
2023-06-20,70.5,75.9000015258789,534.8,2.475399971008301,711.5
2023-06-21,72.52999877929688,77.12000274658203,551.2,2.564199924468994,736.5
2023-06-22,69.51000213623047,74.13999938964844,,2.4655001163482666,712.0
2023-06-23,69.16000366210938,73.8499984741211,,2.407099962234497,701.25
2023-06-26,69.37000274658203,74.18000030517578,543.3,2.438800096511841,707.0
2023-06-27,67.69999694824219,72.26000213623047,543.2,2.3989999294281006,710.25
2023-06-28,69.55999755859375,74.02999877929688,534.0,2.4066998958587646,704.0
2023-06-29,69.86000061035156,74.33999633789062,542.6,2.415600061416626,696.0
2023-06-30,70.63999938964844,74.9000015258789,546.1,2.448199987411499,709.25
2023-07-03,69.79000091552734,74.6500015258789,550.6,2.3773000240325928,706.5
2023-07-04,,,549.0,,717.75
2023-07-05,71.79000091552734,76.6500015258789,553.0,2.493299961090088,739.0
2023-07-06,71.80000305175781,76.5199966430664,557.9,2.4793999195098877,720.5
2023-07-07,73.86000061035156,78.47000122070312,560.8,2.5590999126434326,732.75
2023-07-10,72.98999786376953,77.69000244140625,567.2,2.5532000064849854,742.75
2023-07-11,74.83000183105469,79.4000015258789,567.6,2.583699941635132,749.0
2023-07-12,75.75,80.11000061035156,574.3,2.599600076675415,754.25
2023-07-13,76.88999938964844,81.36000061035156,580.0,2.6103999614715576,756.25
2023-07-14,75.41999816894531,79.87000274658203,586.5,2.597899913787842,756.0
2023-07-17,74.1500015258789,78.5,576.7,2.564199924468994,748.25
2023-07-18,75.75,79.62999725341797,573.6,2.599400043487549,756.0
2023-07-19,75.3499984741211,79.45999908447266,584.0,2.6417999267578125,776.25
2023-07-20,75.62999725341797,79.63999938964844,583.7,2.664400100708008,768.75
2023-07-21,77.06999969482422,81.06999969482422,588.8,2.745699882507324,795.0
2023-07-24,78.73999786376953,82.73999786376953,589.6,2.7704999446868896,823.75
2023-07-25,79.62999725341797,83.63999938964844,601.5,2.777600049972534,806.25
2023-07-26,78.77999877929688,82.91999816894531,602.7,2.842900037765503,832.25
2023-07-27,80.08999633789062,84.23999786376953,603.2,2.9168999195098877,854.25
2023-07-28,80.58000183105469,84.98999786376953,607.4,2.9586000442504883,874.0
2023-07-31,81.80000305175781,85.55999755859375,610.8,2.9909000396728516,877.25
2023-08-01,81.37000274658203,84.91000366210938,619.5,3.023400068283081,911.5
2023-08-02,79.48999786376953,83.19999694824219,625.0,3.004300117492676,884.5
2023-08-03,81.55000305175781,85.13999938964844,605.5,3.074899911880493,899.5
2023-08-04,82.81999969482422,86.23999786376953,622.1,3.0622000694274902,903.5
2023-08-07,81.94000244140625,85.33999633789062,628.7,3.015500068664551,889.0
2023-08-08,82.91999816894531,86.16999816894531,621.4,3.085599899291992,888.75
2023-08-09,84.4000015258789,87.55000305175781,631.3,3.2070000171661377,941.75
2023-08-10,82.81999969482422,86.4000015258789,640.2,3.1533000469207764,917.5
2023-08-11,83.19000244140625,86.80999755859375,642.2,3.121500015258789,917.0
2023-08-14,82.51000213623047,86.20999908447266,656.7,3.0882999897003174,899.75
2023-08-15,80.98999786376953,84.88999938964844,662.9,3.0280001163482666,883.0
2023-08-16,79.37999725341797,83.44999694824219,654.2,3.020900011062622,882.25
2023-08-17,80.38999938964844,84.12000274658203,654.4,3.0938000679016113,901.0
2023-08-18,81.25,84.80000305175781,638.7,3.1596999168395996,916.5
2023-08-21,80.72000122070312,84.45999908447266,652.9,3.1161999702453613,915.0
2023-08-22,80.3499984741211,84.02999877929688,640.1,3.1387999057769775,914.25
2023-08-23,78.88999938964844,83.20999908447266,633.1,3.1291000843048096,913.0
2023-08-24,79.05000305175781,83.36000061035156,623.1,3.156399965286255,916.75
2023-08-25,79.83000183105469,84.4800033569336,632.1,3.307499885559082,942.75
2023-08-28,80.0999984741211,84.41999816894531,637.1,3.203700065612793,947.25
2023-08-29,81.16000366210938,85.48999786376953,633.8,3.2095000743865967,930.5
2023-08-30,81.62999725341797,85.86000061035156,644.5,3.0961999893188477,895.0
2023-08-31,83.62999725341797,86.86000061035156,643.4,3.1426000595092773,895.5
2023-09-01,85.55000305175781,88.55000305175781,654.1,3.1050000190734863,916.5
2023-09-04,,,664.8,,922.75
2023-09-05,86.69000244140625,90.04000091552734,670.2,3.219599962234497,951.75
2023-09-06,87.54000091552734,90.5999984741211,686.6,3.192699909210205,917.5
2023-09-07,86.87000274658203,89.91999816894531,691.7,3.2123000621795654,928.5
2023-09-08,87.51000213623047,90.6500015258789,690.6,3.299099922180176,966.0
2023-09-11,87.29000091552734,90.63999938964844,686.4,3.3622000217437744,980.0
2023-09-12,88.83999633789062,92.05999755859375,696.4,3.3282999992370605,976.0
2023-09-13,88.5199966430664,91.87999725341797,707.9,3.4354000091552734,989.75
2023-09-14,90.16000366210938,93.69999694824219,728.3,3.4814999103546143,1010.5
2023-09-15,90.7699966430664,93.93000030517578,735.8,3.3833999633789062,987.75
2023-09-18,91.4800033569336,94.43000030517578,743.7,3.288300037384033,968.0
2023-09-19,91.19999694824219,94.33999633789062,699.6,3.3738999366760254,976.5
2023-09-20,90.27999877929688,93.52999877929688,690.7,3.3268001079559326,963.5
2023-09-21,89.62999725341797,93.30000305175781,685.2,3.368000030517578,1007.0
2023-09-22,90.02999877929688,93.2699966430664,695.7,3.3062000274658203,982.5
2023-09-25,89.68000030517578,93.29000091552734,692.2,3.262200117111206,965.0
2023-09-26,90.38999938964844,93.95999908447266,682.3,3.22379994392395,954.5
2023-09-27,93.68000030517578,96.55000305175781,701.3,3.31469988822937,971.25
2023-09-28,91.70999908447266,95.37999725341797,717.0,3.318000078201294,995.75
2023-09-29,90.79000091552734,95.30999755859375,,3.3622000217437744,1001.5
2023-10-02,88.81999969482422,90.70999908447266,,3.2225000858306885,969.75
2023-10-03,89.2300033569336,90.91999816894531,,3.1953999996185303,951.0
2023-10-04,84.22000122070312,85.80999755859375,,3.0178000926971436,919.25
2023-10-05,82.30999755859375,84.06999969482422,,2.8687000274658203,868.5
2023-10-06,82.79000091552734,84.58000183105469,,2.9007999897003174,868.25
2023-10-09,86.37999725341797,88.1500015258789,656.8,2.966599941253662,868.0
2023-10-10,85.97000122070312,87.6500015258789,657.2,3.0201001167297363,877.0
2023-10-11,83.48999786376953,85.81999969482422,662.4,2.998500108718872,868.0
2023-10-12,82.91000366210938,86.0,648.4,3.0448999404907227,884.25
2023-10-13,87.69000244140625,90.88999938964844,656.7,3.211699962615967,927.5
2023-10-16,86.66000366210938,89.6500015258789,678.3,3.149199962615967,926.25
2023-10-17,86.66000366210938,89.9000015258789,674.2,3.1767001152038574,901.5
2023-10-18,88.31999969482422,91.5,688.1,3.1393001079559326,912.75
2023-10-19,89.37000274658203,92.37999725341797,683.4,3.1730000972747803,910.0
2023-10-20,88.75,92.16000366210938,695.8,3.156599998474121,933.25
2023-10-23,85.48999786376953,89.83000183105469,685.6,3.0954999923706055,920.75
2023-10-24,83.73999786376953,88.06999969482422,677.2,3.0448999404907227,881.25
2023-10-25,85.38999938964844,90.12999725341797,661.4,3.0304999351501465,879.5
2023-10-26,83.20999908447266,87.93000030517578,668.4,3.0439000129699707,888.5
2023-10-27,85.54000091552734,90.4800033569336,670.0,3.0518999099731445,878.75
2023-10-30,82.30999755859375,87.44999694824219,667.2,2.9663000106811523,865.75
2023-10-31,81.0199966430664,87.41000366210938,653.8,2.990999937057495,882.5
2023-11-01,80.44000244140625,84.62999725341797,646.5,2.9614999294281006,893.0
2023-11-02,82.45999908447266,86.8499984741211,649.0,3.0255000591278076,910.0
2023-11-03,80.51000213623047,84.88999938964844,656.8,2.923799991607666,886.5
2023-11-06,80.81999969482422,85.18000030517578,645.8,2.952399969100952,852.75
2023-11-07,77.37000274658203,81.61000061035156,623.0,2.838399887084961,823.25
2023-11-08,75.33000183105469,79.54000091552734,607.9,2.7492001056671143,805.75
2023-11-09,75.73999786376953,80.01000213623047,594.6,2.719099998474121,785.25
2023-11-10,77.16999816894531,81.43000030517578,596.6,2.7430999279022217,791.5
2023-11-13,78.26000213623047,82.5199966430664,594.7,2.8392999172210693,813.25
2023-11-14,78.26000213623047,82.47000122070312,604.7,2.837100028991699,824.5
2023-11-15,76.66000366210938,81.18000030517578,603.1,2.8687000274658203,818.0
2023-11-16,72.9000015258789,77.41999816894531,588.6,2.750200033187866,792.0
2023-11-17,75.88999938964844,80.61000061035156,562.2,2.7725000381469727,805.25
2023-11-20,77.5999984741211,82.31999969482422,586.7,2.8494999408721924,823.0
2023-11-21,77.7699966430664,82.44999694824219,587.5,2.9249000549316406,827.25
2023-11-22,77.0999984741211,81.95999908447266,591.2,2.8891000747680664,821.5
2023-11-23,,81.37000274658203,579.0,2.8712000846862793,826.0
2023-11-24,75.54000091552734,80.58000183105469,583.6,2.835700035095215,833.75
2023-11-27,74.86000061035156,79.9800033569336,571.5,2.837899923324585,817.25
2023-11-28,76.41000366210938,81.68000030517578,571.2,2.9070000648498535,833.25
2023-11-29,77.86000061035156,83.0999984741211,578.6,2.8884999752044678,820.5
2023-11-30,75.95999908447266,82.83000183105469,589.4,2.8304998874664307,801.5
2023-12-01,74.06999969482422,78.87999725341797,569.7,2.6614999771118164,806.5
2023-12-04,73.04000091552734,78.02999877929688,553.2,2.6596999168395996,793.0
2023-12-05,72.31999969482422,77.19999694824219,555.1,2.6410999298095703,792.25
2023-12-06,69.37999725341797,74.30000305175781,554.1,2.576200008392334,768.75
2023-12-07,69.33999633789062,74.05000305175781,535.4,2.5492000579833984,768.5
2023-12-08,71.2300033569336,75.83999633789062,548.5,2.5810000896453857,751.75
2023-12-11,71.31999969482422,76.02999877929688,556.1,2.6087000370025635,752.0
2023-12-12,68.61000061035156,73.23999786376953,554.6,2.5074000358581543,723.75
2023-12-13,69.47000122070312,74.26000213623047,521.1,2.548099994659424,732.25
2023-12-14,71.58000183105469,76.61000061035156,529.6,2.5913000106811523,752.0
2023-12-15,71.43000030517578,76.55000305175781,543.9,2.620800018310547,763.75
2023-12-18,72.47000122070312,77.94999694824219,552.1,2.672800064086914,785.25
2023-12-19,73.44000244140625,79.2300033569336,555.8,2.7167999744415283,793.0
2023-12-20,74.22000122070312,79.69999694824219,563.0,2.7084999084472656,798.0
2023-12-21,73.88999938964844,79.38999938964844,565.0,2.6967999935150146,790.75
2023-12-22,73.55999755859375,79.06999969482422,566.6,2.6612000465393066,790.5
2023-12-25,,,553.7,,
2023-12-26,75.56999969482422,81.06999969482422,558.9,2.668800115585327,789.5
2023-12-27,74.11000061035156,79.6500015258789,574.8,2.6238999366760254,778.5
2023-12-28,71.7699966430664,78.38999938964844,564.3,2.556299924850464,770.5
2023-12-29,71.6500015258789,77.04000091552734,542.7,2.553100109100342,750.75
2024-01-02,70.37999725341797,75.88999938964844,555.7,2.5257999897003174,751.25
2024-01-03,72.69999694824219,78.25,538.6,2.6043999195098877,773.25
2024-01-04,72.19000244140625,77.58999633789062,560.1,2.588399887084961,754.5
2024-01-05,73.80999755859375,78.76000213623047,552.7,2.6085000038146973,765.75
2024-01-08,70.7699966430664,76.12000274658203,550.2,2.576900005340576,742.0
2024-01-09,72.23999786376953,77.58999633789062,540.0,2.650399923324585,764.25
2024-01-10,71.37000274658203,76.80000305175781,558.1,2.600600004196167,766.75
2024-01-11,72.0199966430664,77.41000366210938,556.7,2.673799991607666,784.5
2024-01-12,72.68000030517578,78.29000091552734,570.0,2.669300079345703,785.25
2024-01-15,,,555.6,,779.25
2024-01-16,72.4000015258789,78.29000091552734,556.1,2.660599946975708,794.25
2024-01-17,72.55999755859375,77.87999725341797,552.5,2.653599977493286,778.0
2024-01-18,74.08000183105469,79.0999984741211,555.8,2.6935999393463135,790.0
2024-01-19,73.41000366210938,78.55999755859375,566.3,2.662100076675415,796.25
2024-01-22,75.19000244140625,80.05999755859375,559.9,2.69350004196167,799.25
2024-01-23,74.37000274658203,79.55000305175781,570.9,2.6912999153137207,813.5
2024-01-24,75.08999633789062,80.04000091552734,569.6,2.68179988861084,810.25
2024-01-25,77.36000061035156,82.43000030517578,572.4,2.7953999042510986,830.5
2024-01-26,78.01000213623047,83.55000305175781,588.4,2.843400001525879,835.5
2024-01-29,76.77999877929688,82.4000015258789,596.5,2.833899974822998,854.75
2024-01-30,77.81999969482422,82.87000274658203,586.1,2.80679988861084,847.5
2024-01-31,75.8499984741211,81.70999908447266,585.3,2.808199882507324,855.0
2024-02-01,73.81999969482422,78.69999694824219,575.7,2.712899923324585,854.5
2024-02-02,72.27999877929688,77.33000183105469,562.7,2.6600000858306885,813.5
2024-02-05,72.77999877929688,77.98999786376953,556.1,2.7248001098632812,818.0
2024-02-06,73.30999755859375,78.58999633789062,559.5,2.7427000999450684,823.75
2024-02-07,73.86000061035156,79.20999908447266,561.8,2.815200090408325,840.75
2024-02-08,76.22000122070312,81.62999725341797,572.4,2.8907999992370605,860.75
2024-02-09,76.83999633789062,82.19000244140625,,2.964200019836426,882.0
2024-02-12,76.91999816894531,82.0,,2.919600009918213,871.5
2024-02-13,77.87000274658203,82.7699966430664,,2.895900011062622,874.75
2024-02-14,76.63999938964844,81.5999984741211,,2.8101000785827637,857.0
2024-02-15,78.02999877929688,82.86000061035156,,2.823699951171875,863.25
2024-02-16,79.19000244140625,83.47000122070312,,2.8066000938415527,847.75
2024-02-19,,,595.0,,854.25
2024-02-20,78.18000030517578,82.33999633789062,603.8,2.7314999103546143,837.75
2024-02-21,77.91000366210938,83.02999877929688,595.6,2.705199956893921,836.5
2024-02-22,78.61000061035156,83.66999816894531,601.1,2.752000093460083,836.5
2024-02-23,76.48999786376953,81.62000274658203,603.7,2.68969988822937,833.25
2024-02-26,77.58000183105469,82.52999877929688,593.4,2.762700080871582,840.75
2024-02-27,78.87000274658203,83.6500015258789,602.1,2.746000051498413,846.25
2024-02-28,78.54000091552734,83.68000030517578,606.8,2.6582999229431152,819.25
2024-02-29,78.26000213623047,83.62000274658203,606.0,2.683799982070923,826.75
2024-03-01,79.97000122070312,83.55000305175781,606.1,2.704200029373169,852.0
2024-03-04,78.73999786376953,82.80000305175781,619.0,2.647200107574463,828.5
2024-03-05,78.1500015258789,82.04000091552734,610.2,2.6064999103546143,822.25
2024-03-06,79.12999725341797,82.95999908447266,609.2,2.663300037384033,837.75
2024-03-07,78.93000030517578,82.95999908447266,613.3,2.694700002670288,820.25
2024-03-08,78.01000213623047,82.08000183105469,617.8,2.640899896621704,804.25
2024-03-11,77.93000030517578,82.20999908447266,608.4,2.6517999172210693,808.75
2024-03-12,77.55999755859375,81.91999816894531,621.6,2.616499900817871,807.5
2024-03-13,79.72000122070312,84.02999877929688,622.2,2.6851000785827637,821.25
2024-03-14,81.26000213623047,85.41999816894531,631.9,2.7088000774383545,830.75
2024-03-15,81.04000091552734,85.33999633789062,644.6,2.7269999980926514,838.5
2024-03-18,82.72000122070312,86.88999938964844,631.7,2.7881999015808105,856.5
2024-03-19,83.47000122070312,87.37999725341797,634.5,2.760699987411499,851.75
2024-03-20,81.68000030517578,85.94999694824219,637.2,2.69569993019104,827.75
2024-03-21,81.06999969482422,85.77999877929688,633.3,2.668800115585327,821.0
2024-03-22,80.62999725341797,85.43000030517578,627.4,2.65339994430542,823.75
2024-03-25,81.94999694824219,86.75,629.0,2.6786000728607178,830.25
2024-03-26,81.62000274658203,86.25,634.3,2.621799945831299,817.5
2024-03-27,81.3499984741211,86.08999633789062,626.9,2.598599910736084,813.5
2024-03-28,83.16999816894531,87.4800033569336,634.8,2.615600109100342,817.0
2024-03-29,,,645.5,,
2024-04-01,83.70999908447266,87.41999816894531,645.9,2.6270999908447266,822.5
2024-04-02,85.1500015258789,88.91999816894531,650.3,2.711899995803833,845.5
2024-04-03,85.43000030517578,89.3499984741211,660.9,2.7323999404907227,862.5
2024-04-04,86.58999633789062,90.6500015258789,,2.741300106048584,851.5
2024-04-05,86.91000366210938,91.16999816894531,,2.7730000019073486,870.5
2024-04-08,86.43000030517578,90.37999725341797,660.7,2.7286999225616455,851.0
2024-04-09,85.2300033569336,89.41999816894531,667.3,2.677000045776367,830.75
2024-04-10,86.20999908447266,90.4800033569336,662.5,2.7076001167297363,823.25
2024-04-11,85.0199966430664,89.73999786376953,668.5,2.6598000526428223,822.25
2024-04-12,85.66000366210938,90.44999694824219,669.7,2.6851000785827637,839.5
2024-04-15,85.41000366210938,90.0999984741211,663.5,2.6542000770568848,813.75
2024-04-16,85.36000061035156,90.0199966430664,667.4,2.6512999534606934,817.5
2024-04-17,82.69000244140625,87.29000091552734,661.6,2.574700117111206,807.0
2024-04-18,82.7300033569336,87.11000061035156,642.4,2.533900022506714,780.75
2024-04-19,83.13999938964844,87.29000091552734,651.7,2.541300058364868,783.5
2024-04-22,82.8499984741211,87.0,633.2,2.5604000091552734,781.75
2024-04-23,83.36000061035156,88.41999816894531,637.8,2.579200029373169,787.0
2024-04-24,82.80999755859375,88.0199966430664,651.2,2.5499000549316406,784.0
2024-04-25,83.56999969482422,89.01000213623047,650.3,2.5504000186920166,776.25
2024-04-26,83.8499984741211,89.5,653.3,2.5481998920440674,790.0
2024-04-29,82.62999725341797,88.4000015258789,647.9,2.5313000679016113,783.5
2024-04-30,81.93000030517578,87.86000061035156,645.8,2.513400077819824,776.25
2024-05-01,79.0,83.44000244140625,,2.451900005340576,756.25
2024-05-02,78.94999694824219,83.66999816894531,,2.4430999755859375,747.5
2024-05-03,78.11000061035156,82.95999908447266,,2.4433999061584473,750.0
2024-05-06,78.4800033569336,83.33000183105469,619.4,2.461400032043457,754.0
2024-05-07,78.37999725341797,83.16000366210938,617.8,2.46560001373291,754.25
2024-05-08,78.98999786376953,83.58000183105469,611.3,2.476099967956543,759.5
2024-05-09,79.26000213623047,83.87999725341797,617.0,2.47760009765625,763.25
2024-05-10,78.26000213623047,82.79000091552734,624.6,2.4344000816345215,753.75
2024-05-13,79.12000274658203,83.36000061035156,615.0,2.436800003051758,752.75
2024-05-14,78.0199966430664,82.37999725341797,618.0,2.4200000762939453,741.5
2024-05-15,78.62999725341797,82.75,614.4,2.423099994659424,745.25
2024-05-16,79.2300033569336,83.2699966430664,614.7,2.443700075149536,749.25
2024-05-17,80.05999755859375,83.9800033569336,620.5,2.486299991607666,762.5
2024-05-20,79.80000305175781,83.70999908447266,622.9,2.4870998859405518,765.5
2024-05-21,79.26000213623047,82.87999725341797,612.6,2.4623000621795654,759.5
2024-05-22,77.56999969482422,81.9000015258789,605.6,2.43179988861084,746.5
2024-05-23,76.87000274658203,81.36000061035156,602.5,2.411799907684326,746.0
2024-05-24,77.72000122070312,82.12000274658203,599.0,2.413599967956543,739.0
2024-05-27,,,606.8,,749.0
2024-05-28,79.83000183105469,84.22000122070312,610.5,2.4649999141693115,759.5
2024-05-29,79.2300033569336,83.5999984741211,619.7,2.437000036239624,751.5
2024-05-30,77.91000366210938,81.86000061035156,611.5,2.3694000244140625,742.75
2024-05-31,76.98999786376953,81.62000274658203,602.8,2.363600015640259,731.75
2024-06-03,74.22000122070312,78.36000061035156,595.8,2.2962000370025635,708.5
2024-06-04,73.25,77.5199966430664,571.9,2.285900115966797,703.5
2024-06-05,74.06999969482422,78.41000366210938,570.3,2.301100015640259,701.0
2024-06-06,75.55000305175781,79.87000274658203,577.0,2.357599973678589,718.0
2024-06-07,75.52999877929688,79.62000274658203,583.9,2.3517000675201416,723.75
2024-06-10,77.73999786376953,81.62999725341797,,2.4147000312805176,738.5
2024-06-11,77.9000015258789,81.91999816894531,597.6,2.421299934387207,746.5
2024-06-12,78.5,82.5999984741211,605.3,2.4407999515533447,747.75
2024-06-13,78.62000274658203,82.75,604.5,2.486799955368042,763.5
2024-06-14,78.44999694824219,82.62000274658203,602.8,2.470599889755249,762.25
2024-06-17,80.33000183105469,84.25,602.0,2.4825000762939453,767.25
2024-06-18,81.56999969482422,85.33000183105469,613.5,2.5208001136779785,780.0
2024-06-19,,,614.7,,791.5
2024-06-20,82.16999816894531,85.70999908447266,617.9,2.5244998931884766,782.75
2024-06-21,80.7300033569336,85.23999786376953,617.6,2.491499900817871,783.25
2024-06-24,81.62999725341797,86.01000213623047,617.4,2.521399974822998,781.25
2024-06-25,80.83000183105469,85.01000213623047,622.1,2.509399890899658,785.5
2024-06-26,80.9000015258789,85.25,620.3,2.5374999046325684,781.5
2024-06-27,81.73999786376953,86.38999938964844,618.3,2.547600030899048,794.0
2024-06-28,81.54000091552734,86.41000366210938,628.3,2.516900062561035,785.5
2024-07-01,83.37999725341797,86.5999984741211,626.9,2.6147000789642334,797.75
2024-07-02,82.80999755859375,86.23999786376953,634.0,2.629699945449829,811.5
2024-07-03,83.87999725341797,87.33999633789062,636.3,2.6342999935150146,796.0
2024-07-04,,,633.3,,802.5
2024-07-05,83.16000366210938,86.54000091552734,635.5,2.602400064468384,807.5
2024-07-08,82.33000183105469,85.75,628.0,2.5790998935699463,789.5
2024-07-09,81.41000366210938,84.66000366210938,626.2,2.5236001014709473,775.75
2024-07-10,82.0999984741211,85.08000183105469,614.5,2.518399953842163,779.5
2024-07-11,82.62000274658203,85.4000015258789,625.3,2.518199920654297,779.5
2024-07-12,82.20999908447266,85.02999877929688,623.3,2.5095999240875244,779.25
2024-07-15,81.91000366210938,84.8499984741211,619.0,2.5136001110076904,773.75
2024-07-16,80.76000213623047,83.7300033569336,612.8,2.4688000679016113,760.5
2024-07-17,82.8499984741211,85.08000183105469,606.5,2.49399995803833,762.5
2024-07-18,82.81999969482422,85.11000061035156,618.6,2.486799955368042,762.5
2024-07-19,80.12999725341797,82.62999725341797,611.2,2.419100046157837,754.75
2024-07-22,79.77999877929688,82.4000015258789,597.4,2.434799909591675,744.25
2024-07-23,76.95999908447266,81.01000213623047,593.1,2.409899950027466,737.0
2024-07-24,77.58999633789062,81.70999908447266,588.7,2.452399969100952,752.5
2024-07-25,78.27999877929688,82.37000274658203,585.5,2.4711999893188477,751.5
2024-07-26,77.16000366210938,81.12999725341797,592.9,2.4196999073028564,736.5
2024-07-29,75.80999755859375,79.77999877929688,586.7,2.375,733.5
2024-07-30,74.7300033569336,78.62999725341797,573.9,2.3368000984191895,721.0
2024-07-31,77.91000366210938,80.72000122070312,580.4,2.4154999256134033,740.25
2024-08-01,76.30999755859375,79.5199966430664,593.1,2.406399965286255,740.75
2024-08-02,73.5199966430664,76.80999755859375,581.7,2.31850004196167,712.75
2024-08-05,72.94000244140625,76.30000305175781,546.9,2.2985999584198,704.5
2024-08-06,73.19999694824219,76.4800033569336,548.0,2.295799970626831,702.5
2024-08-07,75.2300033569336,78.33000183105469,545.0,2.355600118637085,724.5
2024-08-08,76.19000244140625,79.16000366210938,552.4,2.357800006866455,721.75
2024-08-09,76.83999633789062,79.66000366210938,561.4,2.3396999835968018,720.25
2024-08-12,80.05999755859375,82.30000305175781,568.1,2.4065001010894775,720.25
2024-08-13,78.3499984741211,80.69000244140625,579.7,2.38919997215271,733.75
2024-08-14,76.9800033569336,79.76000213623047,574.3,2.3682000637054443,729.5
2024-08-15,78.16000366210938,81.04000091552734,567.9,2.3778998851776123,737.25
2024-08-16,76.6500015258789,79.68000030517578,571.7,2.328700065612793,718.5
2024-08-19,74.37000274658203,77.66000366210938,560.2,2.2634999752044678,709.5
2024-08-20,74.04000091552734,77.19999694824219,547.7,2.263200044631958,692.0
2024-08-21,71.93000030517578,76.05000305175781,547.4,2.2497000694274902,699.25
2024-08-22,73.01000213623047,77.22000122070312,537.8,2.2634999752044678,698.25
2024-08-23,74.83000183105469,79.0199966430664,545.3,2.2997000217437744,708.25
2024-08-26,77.41999816894531,81.43000030517578,562.7,2.3480000495910645,726.25
2024-08-27,75.52999877929688,79.55000305175781,570.4,2.2862000465393066,708.0
2024-08-28,74.5199966430664,78.6500015258789,559.3,2.229099988937378,692.5
2024-08-29,75.91000366210938,79.94000244140625,550.1,2.2839999198913574,704.25
2024-08-30,73.55000305175781,78.80000305175781,558.9,2.251499891281128,696.5
2024-09-02,,,540.6,,693.75
2024-09-03,70.33999633789062,73.75,550.1,2.2060000896453857,678.5
2024-09-04,69.19999694824219,72.69999694824219,522.8,2.1575000286102295,666.0
2024-09-05,69.1500015258789,72.69000244140625,521.4,2.1689000129699707,666.25
2024-09-06,67.66999816894531,71.05999755859375,522.1,2.115000009536743,650.5
2024-09-09,68.70999908447266,71.83999633789062,512.6,2.139400005340576,645.75
2024-09-10,65.75,69.19000244140625,510.2,2.058000087738037,633.0
2024-09-11,67.30999755859375,70.61000061035156,503.1,2.0917000770568848,627.25
2024-09-12,68.97000122070312,71.97000122070312,512.5,2.118799924850464,627.25
2024-09-13,68.6500015258789,71.61000061035156,513.1,2.0843000411987305,649.5
2024-09-16,70.08999633789062,72.75,,2.0968000888824463,642.25
2024-09-17,71.19000244140625,73.69999694824219,,2.136699914932251,650.0
2024-09-18,70.91000366210938,73.6500015258789,513.6,2.1475000381469727,658.5
2024-09-19,71.94999694824219,74.87999725341797,522.7,2.171999931335449,669.25
2024-09-20,71.91999816894531,74.48999786376953,523.1,2.1614999771118164,665.75
2024-09-23,70.37000274658203,73.9000015258789,525.1,2.1451001167297363,660.25
2024-09-24,71.55999755859375,75.16999816894531,527.4,2.180500030517578,668.75
2024-09-25,69.69000244140625,73.45999908447266,535.0,2.1602001190185547,672.5
2024-09-26,67.66999816894531,71.5999984741211,523.2,2.1361000537872314,658.75
2024-09-27,68.18000030517578,71.9800033569336,524.4,2.132699966430664,657.5
2024-09-30,68.16999816894531,71.7699966430664,543.5,2.1317999362945557,664.25
2024-10-01,69.83000183105469,73.55999755859375,,2.1742000579833984,678.25
2024-10-02,70.0999984741211,73.9000015258789,,2.1821000576019287,669.5
2024-10-03,73.70999908447266,77.62000274658203,,2.2946999073028564,693.0
2024-10-04,74.37999725341797,78.05000305175781,,2.312700033187866,712.5
2024-10-07,77.13999938964844,80.93000030517578,,2.396199941635132,726.75
2024-10-08,73.56999969482422,77.18000030517578,580.1,2.2971999645233154,695.75
2024-10-09,73.23999786376953,76.58000183105469,551.6,2.276900053024292,693.0
2024-10-10,75.8499984741211,79.4000015258789,556.7,2.3508999347686768,693.0
2024-10-11,75.55999755859375,79.04000091552734,570.4,2.343899965286255,709.75
2024-10-14,73.83000183105469,77.45999908447266,566.5,2.274199962615967,692.25
2024-10-15,70.58000183105469,74.25,546.5,2.187700033187866,658.25
2024-10-16,70.38999938964844,74.22000122070312,536.9,2.1747000217437744,655.75
2024-10-17,70.66999816894531,74.44999694824219,534.0,2.194499969482422,660.75
2024-10-18,69.22000122070312,73.05999755859375,537.4,2.1521999835968018,648.5
2024-10-21,70.55999755859375,74.29000091552734,527.9,2.183300018310547,655.5
2024-10-22,72.08999633789062,76.04000091552734,532.8,2.236999988555908,674.5
2024-10-23,70.7699966430664,74.95999908447266,544.7,2.22160005569458,668.75
2024-10-24,70.19000244140625,74.37999725341797,543.6,2.2023000717163086,666.75
2024-10-25,71.77999877929688,76.05000305175781,537.4,2.238100051879883,676.25
2024-10-28,67.37999725341797,71.41999816894531,523.8,2.1285998821258545,644.5
2024-10-29,67.20999908447266,71.12000274658203,512.1,2.133699893951416,636.25
2024-10-30,68.61000061035156,72.55000305175781,516.5,2.1875998973846436,658.75
2024-10-31,69.26000213623047,73.16000366210938,523.6,2.2195000648498535,669.0
2024-11-01,69.48999786376953,73.0999984741211,532.6,2.2342000007629395,672.0
2024-11-04,71.47000122070312,75.08000183105469,531.9,2.28410005569458,683.5
2024-11-05,71.98999786376953,75.52999877929688,536.0,2.3041999340057373,696.5
2024-11-06,71.69000244140625,74.91999816894531,532.7,2.2699999809265137,690.25
2024-11-07,72.36000061035156,75.62999725341797,542.7,2.286400079727173,680.25
2024-11-08,70.37999725341797,73.87000274658203,538.1,2.2388999462127686,668.5
2024-11-11,68.04000091552734,71.83000183105469,533.3,2.1975998878479004,656.5
2024-11-12,68.12000274658203,71.88999938964844,521.5,2.2107999324798584,656.5
2024-11-13,68.43000030517578,72.27999877929688,525.2,2.2193000316619873,666.25
2024-11-14,68.69999694824219,72.55999755859375,523.5,2.2123000621795654,674.0
2024-11-15,67.0199966430664,71.04000091552734,520.3,2.1709001064300537,671.0
2024-11-18,69.16000366210938,73.30000305175781,518.6,2.2513999938964844,686.5
2024-11-19,69.38999938964844,73.30999755859375,528.6,2.2402000427246094,688.25
2024-11-20,68.87000274658203,72.80999755859375,528.6,2.226300001144409,682.25
2024-11-21,70.0999984741211,74.2300033569336,528.6,2.274399995803833,691.75
2024-11-22,71.23999786376953,75.16999816894531,538.0,2.274899959564209,697.75
2024-11-25,68.94000244140625,73.01000213623047,539.1,2.235300064086914,679.0
2024-11-26,68.7699966430664,72.80999755859375,528.9,2.2404000759124756,690.0
2024-11-27,68.72000122070312,72.83000183105469,530.0,2.2035999298095703,675.0
2024-11-28,,,526.7,,669.25
2024-11-29,68.0,72.94000244140625,530.4,2.193000078201294,677.0
2024-12-02,68.0999984741211,71.83000183105469,530.9,2.1777000427246094,667.25
2024-12-03,69.94000244140625,73.62000274658203,531.0,2.2177000045776367,676.25
2024-12-04,68.54000091552734,72.30999755859375,540.5,2.1673998832702637,666.25
2024-12-05,68.30000305175781,72.08999633789062,529.5,2.1556999683380127,658.5
2024-12-06,67.19999694824219,71.12000274658203,526.0,2.1326000690460205,647.75
2024-12-09,68.37000274658203,72.13999938964844,526.5,2.183500051498413,662.75
2024-12-10,68.58999633789062,72.19000244140625,526.7,2.1861000061035156,667.75
2024-12-11,70.29000091552734,73.5199966430664,532.9,2.223299980163574,680.0
2024-12-12,70.0199966430664,73.41000366210938,543.0,2.236599922180176,680.0
2024-12-13,71.29000091552734,74.48999786376953,546.0,2.2699999809265137,689.25
2024-12-16,70.70999908447266,73.91000366210938,549.6,2.2639999389648438,685.75
2024-12-17,70.08000183105469,73.19000244140625,549.7,2.2279000282287598,673.25
2024-12-18,70.58000183105469,73.38999938964844,540.8,2.255000114440918,690.75
2024-12-19,69.91000366210938,72.87999725341797,543.4,2.2376999855041504,679.25
2024-12-20,69.45999908447266,72.94000244140625,537.6,2.2316999435424805,675.25
2024-12-23,69.23999786376953,72.62999725341797,542.3,2.226300001144409,669.5
2024-12-24,70.0999984741211,73.58000183105469,540.7,2.2214999198913574,674.0
2024-12-25,,,547.5,,
2024-12-26,69.62000274658203,73.26000213623047,546.8,2.2053000926971436,671.25
2024-12-27,70.5999984741211,74.16999816894531,544.9,2.244800090789795,680.5
2024-12-30,70.98999786376953,74.38999938964844,549.8,2.299499988555908,692.25
2024-12-31,71.72000122070312,74.63999938964844,559.9,2.3206000328063965,695.25
2025-01-02,73.12999725341797,75.93000030517578,560.7,2.3540000915527344,710.25
2025-01-03,73.95999908447266,76.51000213623047,572.1,2.3478000164031982,703.0
2025-01-06,73.55999755859375,76.30000305175781,577.0,2.3552000522613525,705.25
2025-01-07,74.25,77.05000305175781,580.7,2.366300106048584,702.5
2025-01-08,73.31999969482422,76.16000366210938,589.1,2.3506999015808105,693.75
2025-01-09,73.91999816894531,76.91999816894531,580.5,2.378200054168701,709.0
2025-01-10,76.56999969482422,79.76000213623047,588.3,2.501699924468994,709.0
2025-01-13,78.81999969482422,81.01000213623047,614.9,2.5332999229431152,751.5
2025-01-14,77.5,79.91999816894531,609.2,2.5253000259399414,741.5
2025-01-15,80.04000091552734,82.02999877929688,626.7,2.6135001182556152,759.5
2025-01-16,78.68000030517578,81.29000091552734,633.9,2.6171998977661133,754.5
2025-01-17,77.87999725341797,80.79000091552734,631.8,2.621000051498413,753.5
2025-01-20,,,622.0,,746.75
2025-01-21,75.88999938964844,79.29000091552734,620.7,2.5580999851226807,737.0
2025-01-22,75.44000244140625,79.0,618.3,2.4842000007629395,727.0
2025-01-23,74.62000274658203,78.29000091552734,609.0,2.4714999198913574,716.25
2025-01-24,74.66000366210938,78.5,605.5,2.516200065612793,721.75
2025-01-27,73.16999816894531,77.08000183105469,602.4,2.4600000381469727,704.25
2025-01-28,73.7699966430664,77.48999786376953,,2.4500999450683594,701.0
2025-01-29,72.62000274658203,76.58000183105469,,2.4539999961853027,707.25
2025-01-30,72.7300033569336,76.87000274658203,,2.475399971008301,709.5
2025-01-31,72.52999877929688,76.76000213623047,,2.484499931335449,711.25
2025-02-03,73.16000366210938,75.95999908447266,,2.463099956512451,716.75
2025-02-04,72.69999694824219,76.19999694824219,,2.429800033569336,712.5
2025-02-05,71.02999877929688,74.61000061035156,605.5,2.384200096130371,700.0
2025-02-06,70.61000061035156,74.29000091552734,599.1,2.3980000019073486,698.0
2025-02-07,71.0,74.66000366210938,603.8,2.430799961090088,706.0
2025-02-10,72.31999969482422,75.87000274658203,607.0,2.450900077819824,718.0
2025-02-11,73.31999969482422,77.0,619.8,2.5146000385284424,733.75
2025-02-12,71.37000274658203,75.18000030517578,620.8,2.4519999027252197,733.75
2025-02-13,71.29000091552734,75.0199966430664,565.2,2.448699951171875,709.0
2025-02-14,70.73999786376953,74.73999786376953,567.5,2.4618000984191895,714.5
2025-02-17,,,557.9,,711.5
2025-02-18,71.8499984741211,75.83999633789062,561.8,2.4405999183654785,719.5
2025-02-19,72.25,76.04000091552734,565.4,2.4565000534057617,724.25
2025-02-20,72.56999969482422,76.4800033569336,564.0,2.5034000873565674,734.75
2025-02-21,70.4000015258789,74.43000030517578,562.0,2.432300090789795,717.0
2025-02-24,70.69999694824219,74.77999877929688,545.9,2.435800075531006,712.0
2025-02-25,68.93000030517578,73.0199966430664,551.7,2.3903000354766846,695.25
2025-02-26,68.62000274658203,72.52999877929688,539.1,2.3443000316619873,682.25
2025-02-27,70.3499984741211,74.04000091552734,537.2,2.395900011062622,694.0
2025-02-28,69.76000213623047,73.18000030517578,540.0,2.3548998832702637,690.75
2025-03-03,68.37000274658203,71.62000274658203,538.6,2.2604000568389893,683.0
2025-03-04,68.26000213623047,71.04000091552734,521.3,2.2871999740600586,675.0
2025-03-05,66.30999755859375,69.30000305175781,518.5,2.240799903869629,654.5
2025-03-06,66.36000061035156,69.45999908447266,509.6,2.22379994392395,664.0
2025-03-07,67.04000091552734,70.36000061035156,512.5,2.2160000801086426,671.5
2025-03-10,66.02999877929688,69.27999877929688,520.8,2.1798999309539795,662.5
2025-03-11,66.25,69.55999755859375,516.5,2.1967999935150146,669.25
2025-03-12,67.68000030517578,70.94999694824219,515.1,2.2063000202178955,669.25
2025-03-13,66.55000305175781,69.87999725341797,519.7,2.1621999740600586,648.5
2025-03-14,67.18000030517578,70.58000183105469,519.2,2.166599988937378,645.25
2025-03-17,67.58000183105469,71.06999969482422,523.4,2.2037999629974365,653.5
2025-03-18,66.9000015258789,70.55999755859375,526.2,2.194499969482422,652.25
2025-03-19,67.16000366210938,70.77999877929688,516.2,2.2318999767303467,658.0
2025-03-20,68.26000213623047,72.0,527.1,2.254300117492676,666.25
2025-03-21,68.27999877929688,72.16000366210938,534.5,2.2495999336242676,668.25
2025-03-24,69.11000061035156,73.0,534.4,2.2571001052856445,672.0
2025-03-25,69.0,73.0199966430664,538.3,2.285900115966797,672.75
2025-03-26,69.6500015258789,73.79000091552734,541.8,2.2887001037597656,680.75
2025-03-27,69.91999816894531,74.02999877929688,540.7,2.2846999168395996,676.75
2025-03-28,69.36000061035156,73.62999725341797,542.3,2.2609000205993652,669.25
2025-03-31,71.4800033569336,74.73999786376953,537.5,2.313999891281128,686.0
2025-04-01,71.19999694824219,74.48999786376953,556.1,2.2888998985290527,685.75
2025-04-02,71.70999908447266,74.94999694824219,552.2,2.322000026702881,685.0
2025-04-03,66.94999694824219,70.13999938964844,542.0,2.1888999938964844,647.25
2025-04-04,61.9900016784668,65.58000183105469,,2.081899881362915,615.75
2025-04-07,60.70000076293945,64.20999908447266,510.1,2.0699000358581543,606.0
2025-04-08,59.58000183105469,62.81999969482422,478.6,2.056999921798706,610.5
2025-04-09,62.349998474121094,65.4800033569336,458.1,2.113600015640259,579.0
2025-04-10,60.06999969482422,63.33000183105469,478.4,2.0464000701904297,579.0
2025-04-11,61.5,64.76000213623047,472.5,2.0652999877929688,595.5
2025-04-14,61.529998779296875,64.87999725341797,474.0,2.0917000770568848,610.0
2025-04-15,61.33000183105469,64.66999816894531,476.8,2.078399896621704,608.0
2025-04-16,62.470001220703125,65.8499984741211,467.2,2.1154000759124756,620.0
2025-04-17,64.68000030517578,67.95999908447266,482.7,2.1522998809814453,632.5
2025-04-18,,,490.7,,
2025-04-21,63.08000183105469,66.26000213623047,489.2,2.1089000701904297,619.5
2025-04-22,64.30999755859375,67.44000244140625,494.0,2.1486001014709473,630.25
2025-04-23,62.27000045776367,66.12000274658203,503.8,2.1268999576568604,617.75
2025-04-24,62.790000915527344,66.55000305175781,493.4,2.143699884414673,622.0
2025-04-25,63.02000045776367,66.87000274658203,496.1,2.16729998588562,628.5
2025-04-28,62.04999923706055,65.86000061035156,498.0,2.17549991607666,622.75
2025-04-29,60.41999816894531,64.25,483.6,2.1203999519348145,615.0
2025-04-30,58.209999084472656,63.119998931884766,471.1,2.0367000102996826,604.5
2025-05-01,59.2400016784668,62.130001068115234,,2.01200008392334,590.0
2025-05-02,58.290000915527344,61.290000915527344,,1.9931999444961548,585.75
2025-05-05,57.130001068115234,60.22999954223633,,1.9744999408721924,579.0
2025-05-06,59.09000015258789,62.150001525878906,458.9,2.0088000297546387,597.0
2025-05-07,58.06999969482422,61.119998931884766,468.2,1.9766000509262085,583.25
2025-05-08,59.90999984741211,62.84000015258789,461.0,2.0399999618530273,595.25
2025-05-09,61.02000045776367,63.90999984741211,462.4,2.0664000511169434,601.75
2025-05-12,61.95000076293945,64.95999908447266,472.6,2.1110999584198,601.75
2025-05-13,63.66999816894531,66.62999725341797,470.5,2.171299934387207,620.5
2025-05-14,63.150001525878906,66.08999633789062,479.3,2.2060999870300293,623.25
2025-05-15,61.619998931884766,64.52999877929688,460.7,2.1659998893737793,615.25
2025-05-16,62.4900016784668,65.41000366210938,456.2,2.1405999660491943,612.25
2025-05-19,62.689998626708984,65.54000091552734,462.8,2.127700090408325,610.25
2025-05-20,62.560001373291016,65.37999725341797,465.4,2.1289000511169434,605.5
2025-05-21,61.56999969482422,64.91000366210938,470.1,2.1391000747680664,606.5
2025-05-22,61.20000076293945,64.44000244140625,453.7,2.117500066757202,601.5
2025-05-23,61.529998779296875,64.77999877929688,452.8,2.10479998588562,605.5
2025-05-26,,,459.7,,603.0
2025-05-27,60.88999938964844,64.08999633789062,458.3,2.079400062561035,598.0
2025-05-28,61.84000015258789,64.9000015258789,453.0,2.088099956512451,608.5
2025-05-29,60.939998626708984,64.1500015258789,467.1,2.0481998920440674,599.25
2025-05-30,60.790000915527344,63.900001525878906,447.9,2.017199993133545,590.75
2025-06-02,62.52000045776367,64.62999725341797,,2.0445001125335693,606.0
2025-06-03,63.40999984741211,65.62999725341797,462.5,2.099900007247925,618.0
2025-06-04,62.849998474121094,64.86000061035156,468.2,2.0701000690460205,609.0
2025-06-05,63.369998931884766,65.33999633789062,463.7,2.0945000648498535,618.25
2025-06-06,64.58000183105469,66.47000122070312,466.1,2.1252999305725098,622.25
2025-06-09,65.29000091552734,67.04000091552734,474.3,2.146399974822998,629.25
2025-06-10,64.9800033569336,66.87000274658203,479.8,2.1415998935699463,636.5
2025-06-11,68.1500015258789,69.7699966430664,478.1,2.2053000926971436,635.75
2025-06-12,68.04000091552734,69.36000061035156,495.7,2.188699960708618,645.0
2025-06-13,72.9800033569336,74.2300033569336,529.9,2.3587000370025635,684.25
2025-06-16,71.7699966430664,73.2300033569336,532.9,2.3933000564575195,685.25
2025-06-17,74.83999633789062,76.44999694824219,524.9,2.5051000118255615,731.0
2025-06-18,75.13999938964844,76.69999694824219,552.7,2.533400058746338,734.25
2025-06-19,,,570.9,,798.5
2025-06-20,74.93000030517578,77.01000213623047,566.6,2.541800022125244,758.5
2025-06-23,68.51000213623047,71.4800033569336,574.5,2.363100051879883,743.25
2025-06-24,64.37000274658203,67.13999938964844,518.6,2.285099983215332,668.25
2025-06-25,64.91999816894531,67.68000030517578,508.6,2.2964000701904297,683.25
2025-06-26,65.23999786376953,67.7300033569336,502.9,2.360100030899048,692.75
2025-06-27,65.5199966430664,67.7699966430664,498.5,2.3071999549865723,675.0
2025-06-30,65.11000061035156,67.61000061035156,496.7,2.3457999229431152,677.0
2025-07-01,65.44999694824219,67.11000061035156,499.4,2.326900005340576,696.25
2025-07-02,67.44999694824219,69.11000061035156,498.2,2.4117000102996826,711.5
2025-07-03,67.0,68.80000305175781,506.3,2.369800090789795,724.5
2025-07-04,66.5,68.29000091552734,503.5,2.4089999198913574,745.0
2025-07-07,67.93000030517578,69.58000183105469,502.3,2.421099901199341,750.25
2025-07-08,68.33000183105469,70.1500015258789,510.7,2.4412999153137207,769.5
2025-07-09,68.37999725341797,70.19000244140625,519.7,2.4091999530792236,774.5
2025-07-10,66.56999969482422,68.63999938964844,522.5,2.383500099182129,774.5
2025-07-11,68.44999694824219,70.36000061035156,513.9,2.4474000930786133,712.25
2025-07-14,66.9800033569336,69.20999908447266,513.0,2.3898000717163086,701.75
2025-07-15,66.5199966430664,68.70999908447266,506.1,2.4052000045776367,703.75
2025-07-16,66.37999725341797,68.5199966430664,507.9,2.3914999961853027,691.0
2025-07-17,67.54000091552734,69.5199966430664,505.4,2.464600086212158,712.5
2025-07-18,67.33999633789062,69.27999877929688,515.8,2.453000068664551,726.25
2025-07-21,67.19999694824219,69.20999908447266,512.3,2.509200096130371,731.0
2025-07-22,66.20999908447266,68.58999633789062,504.3,2.4518001079559326,715.5
2025-07-23,65.25,68.51000213623047,503.7,2.4489998817443848,711.25
2025-07-24,66.02999877929688,69.18000030517578,508.9,2.412899971008301,706.75
2025-07-25,65.16000366210938,68.44000244140625,512.9,2.4061999320983887,715.25
2025-07-28,66.70999908447266,70.04000091552734,505.9,2.4265999794006348,708.75
2025-07-29,69.20999908447266,72.51000213623047,515.0,2.4637999534606934,708.5
2025-07-30,70.0,73.23999786376953,528.6,2.4184999465942383,709.0
2025-07-31,69.26000213623047,72.52999877929688,531.3,2.3994998931884766,706.0
2025-08-01,67.33000183105469,69.66999816894531,527.9,2.2999000549316406,681.75
2025-08-04,66.29000091552734,68.76000213623047,514.3,2.3176000118255615,686.75
2025-08-05,65.16000366210938,67.63999938964844,508.8,2.250200033187866,670.25
2025-08-06,64.3499984741211,66.88999938964844,505.9,2.2627999782562256,682.5
2025-08-07,63.880001068115234,66.43000030517578,501.0,2.2667999267578125,670.25
2025-08-08,63.880001068115234,66.58999633789062,489.8,2.2792999744415283,675.5
2025-08-11,63.959999084472656,66.62999725341797,489.4,2.2909998893737793,670.5
2025-08-12,63.16999816894531,66.12000274658203,495.2,2.2441000938415527,670.5
2025-08-13,62.650001525878906,65.62999725341797,490.6,2.242799997329712,648.75
2025-08-14,63.959999084472656,66.83999633789062,485.5,2.234499931335449,652.5
2025-08-15,62.79999923706055,65.8499984741211,488.1,2.2249999046325684,656.5
2025-08-18,63.41999816894531,66.5999984741211,486.5,2.240299940109253,645.5
2025-08-19,62.349998474121094,65.79000091552734,484.2,2.2511000633239746,659.5
2025-08-20,63.209999084472656,66.83999633789062,482.8,2.279599905014038,669.0
2025-08-21,63.52000045776367,67.66999816894531,490.9,2.3250999450683594,679.5
2025-08-22,63.65999984741211,67.7300033569336,493.6,2.3080999851226807,680.75
2025-08-25,64.80000305175781,68.80000305175781,492.9,2.3475000858306885,690.0
2025-08-26,63.25,67.22000122070312,496.1,2.2804999351501465,674.5
2025-08-27,64.1500015258789,68.05000305175781,479.7,2.295300006866455,674.5
2025-08-28,64.5999984741211,68.62000274658203,481.7,2.309799909591675,674.25
2025-08-29,64.01000213623047,68.12000274658203,485.2,2.266700029373169,675.25
2025-09-01,,,483.5,,685.0
2025-09-02,65.58999633789062,69.13999938964844,490.4,2.3743999004364014,703.5
2025-09-03,63.970001220703125,67.5999984741211,493.2,2.3608999252319336,707.25
2025-09-04,63.47999954223633,66.98999786376953,481.0,2.330699920654297,698.75
2025-09-05,61.869998931884766,65.5,482.0,2.2869999408721924,683.25
2025-09-08,62.2599983215332,66.0199966430664,490.5,2.3118999004364014,694.75
2025-09-09,62.630001068115234,66.38999938964844,482.8,2.3199000358581543,698.75
2025-09-10,63.66999816894531,67.48999786376953,486.2,2.333699941635132,698.75
2025-09-11,62.369998931884766,66.37000274658203,489.2,2.281899929046631,698.75
2025-09-12,62.689998626708984,66.98999786376953,476.7,2.2899999618530273,691.0
2025-09-15,63.29999923706055,67.44000244140625,489.3,2.3310999870300293,697.25
2025-09-16,64.5199966430664,68.47000122070312,494.0,2.3935000896453857,712.0
2025-09-17,64.05000305175781,67.94999694824219,499.3,2.35479998588562,705.25
2025-09-18,63.56999969482422,67.44000244140625,491.8,2.3399999141693115,702.5
2025-09-19,62.68000030517578,66.68000030517578,487.0,2.2988998889923096,693.5
2025-09-22,62.63999938964844,66.56999969482422,483.0,2.29229998588562,689.0
2025-09-23,63.40999984741211,67.62999725341797,473.1,2.328000068664551,705.75
2025-09-24,64.98999786376953,69.30999755859375,482.3,2.37719988822937,710.75
2025-09-25,64.9800033569336,69.41999816894531,490.6,2.426500082015991,723.75
2025-09-26,65.72000122070312,70.12999725341797,491.3,2.4289000034332275,733.0
2025-09-29,63.45000076293945,67.97000122070312,492.6,2.356600046157837,700.25
2025-09-30,62.369998931884766,67.0199966430664,479.7,2.3324999809265137,694.5
2025-10-01,61.779998779296875,65.3499984741211,,2.3018999099731445,695.0
2025-10-02,60.47999954223633,64.11000061035156,,2.243499994277954,673.75
2025-10-03,60.880001068115234,64.52999877929688,,2.236299991607666,671.25
2025-10-06,61.689998626708984,65.47000122070312,,2.24429988861084,668.5
2025-10-07,61.72999954223633,65.44999694824219,,2.2653000354766846,669.5
2025-10-08,62.54999923706055,66.25,,2.291300058364868,678.5
2025-10-09,61.5099983215332,65.22000122070312,471.0,2.2802999019622803,683.0
2025-10-10,58.900001525878906,62.72999954223633,461.9,2.204400062561035,683.0
2025-10-13,59.4900016784668,63.31999969482422,453.7,2.2497000694274902,659.75
2025-10-14,58.70000076293945,62.38999938964844,449.6,2.1975998878479004,641.5
2025-10-15,58.27000045776367,61.90999984741211,446.0,2.174799919128418,637.75
2025-10-16,57.459999084472656,61.060001373291016,445.9,2.1535000801086426,643.0
2025-10-17,57.540000915527344,61.290000915527344,435.0,2.180000066757202,633.0
2025-10-20,57.52000045776367,61.0099983215332,435.8,2.1921000480651855,640.5
2025-10-21,57.81999969482422,61.31999969482422,437.7,2.2058000564575195,643.5
2025-10-22,58.5,62.59000015258789,447.2,2.2495999336242676,658.75
2025-10-23,61.790000915527344,65.98999786376953,459.7,2.4030001163482666,707.5
2025-10-24,61.5,65.94000244140625,464.9,2.40310001373291,718.75
2025-10-27,61.310001373291016,65.62000274658203,468.9,2.4361000061035156,736.25
2025-10-28,60.150001525878906,64.4000015258789,462.7,2.387200117111206,709.75
2025-10-29,60.47999954223633,64.91999816894531,462.6,2.424299955368042,718.5
2025-10-30,60.56999969482422,65.0,458.9,2.4600000381469727,723.0
2025-10-31,60.97999954223633,65.06999969482422,458.7,2.4312000274658203,718.5
2025-11-03,61.04999923706055,64.88999938964844,467.9,2.4052999019622803,724.25
2025-11-04,60.560001373291016,64.44000244140625,463.5,2.4446001052856445,723.5
2025-11-05,59.599998474121094,63.52000045776367,463.7,2.432499885559082,753.75
2025-11-06,59.43000030517578,63.380001068115234,460.4,2.4960999488830566,774.75
2025-11-07,59.75,63.630001068115234,460.6,2.482100009918213,760.75
2025-11-10,60.130001068115234,64.05999755859375,461.8,2.5104000568389893,751.0
2025-11-11,61.040000915527344,65.16000366210938,461.3,2.575700044631958,784.75
2025-11-12,58.4900016784668,62.709999084472656,469.1,2.481600046157837,784.75
2025-11-13,58.689998626708984,63.0099983215332,452.9,2.4646999835968018,719.0
2025-11-14,60.09000015258789,64.38999938964844,459.5,2.531100034713745,746.0
2025-11-17,59.90999984741211,64.19999694824219,459.2,2.546999931335449,743.75
2025-11-18,60.7400016784668,64.88999938964844,458.8,2.7011001110076904,777.5
2025-11-19,59.439998626708984,63.5099983215332,464.5,2.635699987411499,768.25
2025-11-20,59.13999938964844,63.380001068115234,455.5,2.5332999229431152,748.5
2025-11-21,58.060001373291016,62.560001373291016,447.4,2.456399917602539,711.75
2025-11-24,58.84000015258789,63.369998931884766,447.9,2.406100034713745,699.0
2025-11-25,57.95000076293945,62.47999954223633,448.6,2.353800058364868,684.0
2025-11-26,58.650001525878906,63.130001068115234,445.0,2.325500011444092,666.25
2025-11-27,,,447.6,,678.0
2025-11-28,58.54999923706055,63.20000076293945,453.9,2.3329999446868896,685.75
2025-12-01,59.31999969482422,63.16999816894531,455.7,2.3399999141693115,690.5
2025-12-02,58.63999938964844,62.45000076293945,453.8,2.312700033187866,685.0
2025-12-03,58.95000076293945,62.66999816894531,448.1,2.300800085067749,664.5
2025-12-04,59.66999816894531,63.2599983215332,452.6,2.3036999702453613,666.0
2025-12-05,60.08000183105469,63.75,453.7,2.3629000186920166,683.25
2025-12-08,58.880001068115234,62.4900016784668,457.6,2.2981998920440674,667.0
2025-12-09,58.25,61.939998626708984,446.1,2.2600998878479004,648.5
2025-12-10,58.459999084472656,62.209999084472656,443.7,2.2730000019073486,653.0
2025-12-11,57.599998474121094,61.279998779296875,439.7,2.2288999557495117,653.0
2025-12-12,57.439998626708984,61.119998931884766,437.6,2.197999954223633,629.25
2025-12-15,56.81999969482422,60.560001373291016,437.3,2.1805999279022217,622.5
2025-12-16,55.27000045776367,58.91999816894531,430.6,2.1285998821258545,608.25
2025-12-17,55.939998626708984,59.68000030517578,426.7,2.1494998931884766,614.75
2025-12-18,56.150001525878906,59.81999969482422,429.4,2.1315999031066895,613.25
2025-12-19,56.65999984741211,60.470001220703125,426.6,2.1219000816345215,607.5
2025-12-22,58.0099983215332,62.06999969482422,437.9,2.158099889755249,616.5
2025-12-23,58.380001068115234,62.380001068115234,440.9,2.1905999183654785,627.25
2025-12-24,58.349998474121094,62.2400016784668,444.7,2.157599925994873,635.5
2025-12-25,,,442.7,,
2025-12-26,56.7400016784668,60.63999938964844,441.8,2.1070001125335693,619.75
2025-12-29,58.08000183105469,61.939998626708984,434.8,2.127500057220459,621.75
2025-12-30,57.95000076293945,61.91999816894531,436.1,2.1505000591278076,628.75
2025-12-31,57.41999816894531,60.849998474121094,432.2,2.1205999851226807,622.75
2026-01-02,57.31999969482422,60.75,,2.1150999069213867,611.25
2026-01-05,58.31999969482422,61.7599983215332,421.7,2.1428000926971436,623.25
2026-01-06,57.130001068115234,60.70000076293945,428.2,2.0829999446868896,614.25
2026-01-07,55.9900016784668,59.959999084472656,416.3,2.0566999912261963,601.0
2026-01-08,57.7599983215332,61.9900016784668,416.2,2.119499921798706,609.0
2026-01-09,59.119998931884766,63.34000015258789,432.7,2.134999990463257,632.25
2026-01-12,59.5,63.869998931884766,437.5,2.154400110244751,632.25
2026-01-13,61.150001525878906,65.47000122070312,446.7,2.2383999824523926,655.0
2026-01-14,62.02000045776367,66.5199966430664,448.0,2.281899929046631,659.25
2026-01-15,59.189998626708984,63.7599983215332,446.6,2.2083001136779785,641.0
2026-01-16,59.439998626708984,64.12999725341797,438.8,2.237600088119507,654.75
2026-01-19,,,437.4,,651.5
2026-01-20,60.34000015258789,64.91999816894531,437.0,2.3385000228881836,666.5
2026-01-21,60.619998931884766,65.23999786376953,440.8,2.430500030517578,685.25
2026-01-22,59.36000061035156,64.05999755859375,446.4,2.36680006980896,671.25
2026-01-23,61.06999969482422,65.87999725341797,441.9,2.428499937057495,675.5
2026-01-26,60.630001068115234,65.58999633789062,457.3,2.568000078201294,679.75
2026-01-27,62.38999938964844,67.56999969482422,446.7,2.646199941635132,682.25
2026-01-28,63.209999084472656,68.4000015258789,460.3,2.666100025177002,698.25
2026-01-29,65.41999816894531,70.70999908447266,472.5,2.585400104522705,713.75
2026-01-30,65.20999908447266,70.69000244140625,470.8,2.735599994659424,742.5
2026-02-02,62.13999938964844,66.30000305175781,449.0,2.359800100326538,684.0
2026-02-03,63.209999084472656,67.33000183105469,449.4,2.4093000888824463,687.75
2026-02-04,65.13999938964844,69.45999908447266,462.4,2.4700000286102295,689.5
2026-02-05,63.290000915527344,67.55000305175781,467.2,2.393199920654297,689.5
2026-02-06,63.54999923706055,68.05000305175781,469.8,2.413300037384033,699.25
2026-02-09,64.36000061035156,69.04000091552734,464.2,2.4168999195098877,693.25
2026-02-10,63.959999084472656,68.80000305175781,476.1,2.3987998962402344,683.0
2026-02-11,64.62999725341797,69.4000015258789,476.8,2.4403998851776123,698.25
2026-02-12,62.84000015258789,67.5199966430664,476.8,2.392699956893921,698.25
2026-02-13,62.88999938964844,67.75,460.7,2.3879001140594482,672.5
2026-02-16,,,,,679.0
2026-02-17,62.33000183105469,67.41999816894531,,2.3905999660491943,672.25
2026-02-18,65.19000244140625,70.3499984741211,,2.518699884414673,699.0
2026-02-19,66.43000030517578,71.66000366210938,,2.6147000789642334,727.75
2026-02-20,66.38999938964844,71.76000213623047,,2.5857999324798584,732.75
2026-02-23,66.30999755859375,71.48999786376953,,2.6782000064849854,746.5
2026-02-24,65.62999725341797,70.7699966430664,493.3,2.6868999004364014,731.75
2026-02-25,65.41999816894531,70.8499984741211,488.3,2.6740000247955322,729.25
2026-02-26,65.20999908447266,70.75,483.6,2.612499952316284,752.0
2026-02-27,67.0199966430664,72.4800033569336,488.4,2.6709001064300537,752.75
2026-03-02,71.2300033569336,77.73999786376953,527.8,2.900399923324585,886.5
2026-03-03,74.55999755859375,81.4000015258789,572.3,3.1868999004364014,1009.0
2026-03-04,74.66000366210938,81.4000015258789,641.1,3.293800115585327,997.0
2026-03-05,81.01000213623047,85.41000366210938,664.1,3.614300012588501,1109.25
2026-03-06,90.9000015258789,92.69000244140625,664.8,3.6224000453948975,1158.25
2026-03-09,94.7699966430664,98.95999908447266,771.8,3.5866000652313232,1166.0
2026-03-10,83.44999694824219,87.80000305175781,666.3,3.34660005569458,1042.5
2026-03-11,87.25,91.9800033569336,662.0,3.678800106048584,1097.0
2026-03-12,95.7300033569336,100.45999908447266,722.3,3.898900032043457,1097.0
2026-03-13,98.70999908447266,103.13999938964844,753.6,4.014699935913086,1133.25
2026-03-16,93.5,100.20999908447266,770.5,3.8375000953674316,1160.0
2026-03-17,96.20999908447266,103.41999816894531,761.2,4.0157999992370605,1165.75
2026-03-18,96.31999969482422,107.37999725341797,735.4,4.197800159454346,1259.25
2026-03-19,96.13999938964844,108.6500015258789,814.9,4.3420000076293945,1329.5
2026-03-20,98.31999969482422,112.19000244140625,773.6,4.608399868011475,1348.5
2026-03-23,88.12999725341797,99.94000244140625,834.6,4.056000232696533,1287.75
2026-03-24,92.3499984741211,104.48999786376953,739.1,4.290900230407715,1295.5
2026-03-25,90.31999969482422,102.22000122070312,723.9,4.00629997253418,1182.75
2026-03-26,94.4800033569336,108.01000213623047,733.1,4.273399829864502,1337.0
2026-03-27,99.63999938964844,112.56999969482422,740.8,4.495500087738037,1373.5
2026-03-30,102.87999725341797,112.77999877929688,763.5,4.364299774169922,1398.5
2026-03-31,101.37999725341797,118.3499984741211,740.6,4.163400173187256,1365.0
2026-04-01,100.12000274658203,101.16000366210938,653.8,4.05679988861084,1365.25
2026-04-02,111.54000091552734,109.02999877929688,721.3,4.361100196838379,1481.75
2026-04-03,,,722.0,,
2026-04-06,112.41000366210938,109.7699966430664,,4.328400135040283,1520.25
2026-04-07,112.94999694824219,109.2699966430664,710.0,4.477399826049805,1527.75
2026-04-08,94.41000366210938,94.75,621.0,3.8083999156951904,1247.0
2026-04-09,97.87000274658203,95.91999816894531,640.0,3.937000036239624,1402.25
2026-04-10,96.56999969482422,95.19999694824219,637.3,3.7616000175476074,1402.25
2026-04-13,99.08000183105469,99.36000061035156,658.0,3.8341000080108643,1217.75
2026-04-14,91.27999877929688,94.79000091552734,651.2,3.624300003051758,1135.5
2026-04-15,91.29000091552734,94.93000030517578,629.9,3.753200054168701,1160.25
2026-04-16,94.69000244140625,99.38999938964844,631.8,3.832900047302246,1175.25
2026-04-17,83.8499984741211,90.37999725341797,636.2,3.39739990234375,1028.25
2026-04-20,89.61000061035156,95.4800033569336,618.4,3.5408999919891357,1085.5
2026-04-21,92.12999725341797,98.4800033569336,615.5,3.728800058364868,1125.0
2026-04-22,92.95999908447266,101.91000366210938,623.7,3.9379000663757324,1197.25
2026-04-23,95.8499984741211,105.06999969482422,641.7,3.9881999492645264,1212.75
2026-04-24,94.4000015258789,105.33000183105469,648.4,3.887399911880493,1249.0
2026-04-27,96.37000274658203,108.2300033569336,653.5,3.9746999740600586,1276.75
2026-04-28,99.93000030517578,111.26000213623047,669.3,3.9711999893188477,1233.5
2026-04-29,106.87999725341797,118.02999877929688,666.6,4.198699951171875,1311.25
2026-04-30,105.06999969482422,114.01000213623047,689.0,4.138400077819824,1307.25
2026-05-01,101.94000244140625,108.16999816894531,,3.9463999271392822,1298.5
2026-05-04,106.41999816894531,114.44000244140625,,4.073200225830078,1309.0
2026-05-05,102.2699966430664,109.87000274658203,,4.030200004577637,1294.75
2026-05-06,95.08000183105469,101.2699966430664,665.4,3.785599946975708,1188.0
2026-05-07,94.80999755859375,100.05999755859375,625.8,3.8166000843048096,1141.25
2026-05-08,95.41999816894531,101.29000091552734,624.5,3.8991000652313232,1192.0
2026-05-11,98.06999969482422,104.20999908447266,635.2,3.968600034713745,1178.5
2026-05-12,102.18000030517578,107.7699966430664,645.6,4.15880012512207,1178.5
2026-05-13,101.0199966430664,105.62999725341797,635.3,3.9667000770568848,1191.5
2026-05-14,101.16999816894531,105.72000122070312,620.7,3.905600070953369,1146.25
2026-05-15,105.41999816894531,109.26000213623047,656.9,4.053400039672852,1204.25
2026-05-18,108.66000366210938,112.0999984741211,680.4,4.114500045776367,1233.5
2026-05-19,107.7699966430664,111.27999877929688,681.1,4.162499904632568,1210.0
2026-05-20,98.26000213623047,105.0199966430664,670.5,3.9470999240875244,1171.0
2026-05-21,96.3499984741211,102.58000183105469,656.0,3.8315999507904053,1172.5
2026-05-22,96.5999984741211,103.54000091552734,641.1,3.8877999782562256,1135.25
2026-05-25,,,607.9,,1065.25
2026-05-26,93.88999938964844,99.58000183105469,602.3,3.714600086212158,1083.5
2026-05-27,88.68000030517578,94.29000091552734,599.8,3.5975000858306885,1047.0
2026-05-28,88.9000015258789,93.70999908447266,598.7,3.6187000274658203,1032.0
2026-05-29,87.36000061035156,92.05000305175781,581.0,3.5373001098632812,1009.5
2026-06-01,92.16000366210938,94.9800033569336,595.9,3.639400005340576,1095.25
2026-06-02,93.76000213623047,96.0,596.0,3.698699951171875,1071.75
2026-06-03,96.0199966430664,97.80999755859375,611.8,3.848099946975708,1123.75
2026-06-04,93.04000091552734,95.02999877929688,603.6,3.673799991607666,1079.5
2026-06-05,90.54000091552734,93.08999633789062,594.6,3.587399959564209,1062.0
2026-06-08,91.30000305175781,94.25,613.0,3.599900007247925,1070.75
2026-06-09,88.19999694824219,91.44999694824219,580.2,3.541800022125244,1028.0
2026-06-10,90.02999877929688,93.0999984741211,572.2,3.612600088119507,1039.5
2026-06-11,87.70999908447266,90.37999725341797,582.1,3.5130999088287354,1039.5
2026-06-12,84.87999725341797,87.33000183105469,553.5,3.404400110244751,967.25
2026-06-15,80.75,83.16999816894531,530.8,3.2664999961853027,933.75
2026-06-16,76.05000305175781,78.95999908447266,527.5,3.1702001094818115,897.25
2026-06-17,76.79000091552734,79.55000305175781,510.2,3.1946001052856445,906.0
2026-06-18,76.5999984741211,79.8499984741211,508.5,3.1273000240325928,863.75
2026-06-19,,,,,905.0
2026-06-22,74.81999969482422,77.9000015258789,507.2,3.093100070953369,878.75
2026-06-23,73.20999908447266,77.08000183105469,491.4,3.154599905014038,882.25
2026-06-24,70.33999633789062,73.73999786376953,486.1,3.1761999130249023,881.0
2026-06-25,71.91999816894531,75.26000213623047,463.7,3.2981998920440674,913.5
2026-06-26,69.2300033569336,71.98999786376953,467.2,3.208199977874756,881.25
2026-06-29,70.75,73.1500015258789,464.3,3.331700086593628,907.25
2026-06-30,69.5,72.91999816894531,460.3,3.316800117492676,931.5
2026-07-01,68.58000183105469,71.56999969482422,451.3,3.217900037765503,932.0
2026-07-02,68.69000244140625,71.80000305175781,434.3,3.1821999549865723,926.5
2026-07-03,,,441.3,,943.5
2026-07-06,68.55000305175781,71.98999786376953,438.6,3.2983999252319336,972.75
2026-07-07,70.44000244140625,74.16000366210938,443.0,3.3017001152038574,973.25
2026-07-08,73.5199966430664,78.0199966430664,466.8,3.6575000286102295,1098.75
2026-07-09,72.08000183105469,76.30000305175781,473.6,3.5715999603271484,1043.0
2026-07-10,71.41000366210938,76.01000213623047,471.2,3.553299903869629,1043.0
2026-07-13,78.13999938964844,83.30000305175781,482.6,3.8236000537872314,1082.25
2026-07-14,79.33999633789062,84.7300033569336,519.4,4.0142998695373535,1133.75
2026-07-15,79.5999984741211,84.94999694824219,521.1,3.9482998847961426,1129.5
2026-07-16,78.94999694824219,84.2300033569336,514.7,4.030700206756592,1164.0
2026-07-17,82.48999786376953,88.0999984741211,510.5,4.064599990844727,1178.25
2026-07-20,83.2300033569336,89.22000122070312,548.4,4.11899995803833,1201.5
2026-07-21,84.91000366210938,91.01000213623047,531.0,4.1265997886657715,1205.75
2026-07-22,86.83000183105469,94.06999969482422,559.4,4.148799896240234,1227.5
2026-07-23,92.19000244140625,100.69000244140625,573.0,4.341599941253662,1291.5
2026-07-24,89.30999755859375,96.77999877929688,589.4,4.180600166320801,1235.0
2026-07-27,82.61000061035156,88.36000061035156,542.1,4.111599922180176,1233.0
2026-07-28,79.26000213623047,84.08999633789062,532.7,4.150899887084961,1224.5
2026-07-29,84.45999908447266,90.73999786376953,544.2,4.370100021362305,1308.5
2026-07-30,83.58999633789062,89.02999877929688,568.2,4.209400177001953,1298.5
2026-07-31,84.66999816894531,90.12000274658203,546.1,4.121500015258789,1319.25
2026-08-03,80.33999633789062,83.7699966430664,530.2,3.87719988822937,1206.25
2026-08-04,75.7699966430664,79.36000061035156,538.0,3.7704999446868896,1136.0
2026-08-05,75.22000122070312,79.44999694824219,505.7,3.7962000370025635,1170.25
2026-08-06,77.29000091552734,82.48999786376953,515.2,3.881999969482422,1172.75
2026-08-07,78.18000030517578,83.55000305175781,531.4,3.902400016784668,1197.0
2026-08-10,82.12999725341797,87.72000122070312,531.1,4.189799785614014,1304.75
2026-08-11,83.19999694824219,88.91000366210938,563.8,4.252500057220459,1324.5
2026-08-12,83.2699966430664,88.9800033569336,556.1,4.303999900817871,1324.5
2026-08-13,81.25,87.06999969482422,553.5,4.2505998611450195,1250.75
2026-08-14,82.4000015258789,88.5199966430664,556.2,4.282899856567383,1243.0
2026-08-17,84.5,90.87000274658203,561.6,4.437099933624268,1279.25
2026-08-18,84.94000244140625,91.0199966430664,584.8,4.450099945068359,1299.0
2026-08-19,85.83000183105469,91.62000274658203,585.8,4.452300071716309,1296.25
2026-08-20,87.83000183105469,93.77999877929688,583.4,4.480299949645996,1300.0
2026-08-21,87.05999755859375,94.38999938964844,592.9,4.494800090789795,1311.75
2026-08-24,85.01000213623047,92.16999816894531,587.8,4.2677001953125,1254.25
2026-08-25,82.36000061035156,88.58000183105469,584.1,4.243800163269043,1242.5
2026-08-26,82.2300033569336,87.83999633789062,556.4,4.260000228881836,1239.5
2026-08-27,83.52999877929688,89.69999694824219,576.5,4.27869987487793,1221.75
2026-08-28,83.4000015258789,89.30999755859375,596.5,4.3566999435424805,1280.0
2026-08-31,85.76000213623047,90.48999786376953,635.1,4.495299816131592,1347.75
2026-09-01,90.22000122070312,94.6500015258789,637.8,4.677299976348877,1419.75
2026-09-02,91.01000213623047,95.62999725341797,693.3,4.682199954986572,1432.25
2026-09-03,91.30000305175781,95.5199966430664,681.7,4.593599796295166,1424.75
2026-09-04,91.4800033569336,96.27999877929688,685.2,4.540200233459473,1395.0
2026-09-07,,,699.3,,1460.25
2026-09-08,93.02999877929688,97.91999816894531,720.6,4.567800045013428,1439.75
2026-09-09,96.05000305175781,101.20999908447266,741.5,4.801000118255615,1472.75
2026-09-10,102.4800033569336,107.62999725341797,769.0,5.057499885559082,1472.75
2026-09-11,100.05000305175781,104.61000061035156,812.9,4.9593000411987305,1479.25
2026-09-14,101.38999938964844,105.68000030517578,904.7,4.96150016784668,1476.5
2026-09-15,105.83000183105469,108.75,838.6,5.26200008392334,1568.25
2026-09-16,102.43000030517578,105.83000183105469,827.0,5.246500015258789,1538.0
2026-09-17,,,785.2,,1490.75
2026-09-18,101.11000061035156,104.02999877929688,,4.854700088500977,
