,wti,brent,shanghai_crude,heating_oil,gasoil
2016-09-26,45.93000030517578,47.349998474121094,,1.4490000009536743,425.75
2016-09-27,44.66999816894531,45.970001220703125,,1.4098999500274658,410.0
2016-09-28,47.04999923706055,48.689998626708984,,1.4910000562667847,416.0
2016-09-29,47.83000183105469,49.2400016784668,,1.510200023651123,444.75
2016-09-30,48.2400016784668,49.060001373291016,,1.527899980545044,446.75
2016-10-03,48.810001373291016,49.099998474121094,,1.5532000064849854,449.5
2016-10-04,48.689998626708984,50.869998931884766,,1.5543999671936035,457.75
2016-10-05,49.83000183105469,51.86000061035156,,1.5822999477386475,465.75
2016-10-06,50.439998626708984,52.5099983215332,,1.5958000421524048,469.5
2016-10-07,49.810001373291016,51.93000030517578,,1.579300045967102,468.5
2016-10-10,,,,,477.5
2016-10-11,50.790000915527344,52.40999984741211,,1.5872999429702759,470.5
2016-10-12,50.18000030517578,51.810001373291016,,1.5667999982833862,463.5
2016-10-13,50.439998626708984,52.029998779296875,,1.5795999765396118,465.75
2016-10-14,50.349998474121094,51.95000076293945,,1.5672999620437622,461.25
2016-10-17,49.939998626708984,51.52000045776367,,1.5561000108718872,458.5
2016-10-18,50.290000915527344,51.68000030517578,,1.568600058555603,460.0
2016-10-19,51.599998474121094,52.66999816894531,,1.5879000425338745,473.25
2016-10-20,50.43000030517578,51.380001068115234,,1.5595999956130981,461.75
2016-10-21,50.849998474121094,51.779998779296875,,1.5740000009536743,464.5
2016-10-24,50.52000045776367,51.459999084472656,,1.579800009727478,464.25
2016-10-25,49.959999084472656,50.790000915527344,,1.563099980354309,462.5
2016-10-26,49.18000030517578,49.97999954223633,,1.5511000156402588,461.75
2016-10-27,49.720001220703125,50.470001220703125,,1.570099949836731,465.0
2016-10-28,48.70000076293945,49.709999084472656,,1.542199969291687,461.5
2016-10-31,46.86000061035156,48.29999923706055,,1.4954999685287476,440.25
2016-11-01,46.66999816894531,48.33000183105469,,1.5168999433517456,437.5
2016-11-02,45.34000015258789,46.86000061035156,,1.4665000438690186,423.0
2016-11-03,44.65999984741211,46.349998474121094,,1.4581999778747559,423.0
2016-11-04,44.06999969482422,45.58000183105469,,1.430299997329712,418.0
2016-11-07,44.88999938964844,46.150001525878906,,1.440600037574768,417.75
2016-11-08,44.97999954223633,46.040000915527344,,1.441100001335144,420.5
2016-11-09,45.27000045776367,46.36000061035156,,1.441100001335144,419.5
2016-11-10,44.65999984741211,45.84000015258789,,1.4365999698638916,420.0
2016-11-11,,,,,406.75
2016-11-14,43.31999969482422,44.43000030517578,,1.3854999542236328,401.75
2016-11-15,45.810001373291016,46.95000076293945,,1.4438999891281128,417.0
2016-11-16,45.56999969482422,46.630001068115234,,1.434999942779541,421.25
2016-11-17,45.41999816894531,46.4900016784668,,1.4470000267028809,423.5
2016-11-18,45.689998626708984,46.86000061035156,,1.4577000141143799,424.0
2016-11-21,47.4900016784668,48.900001525878906,,1.5245000123977661,447.0
2016-11-22,48.029998779296875,49.119998931884766,,1.5262999534606934,445.25
2016-11-23,47.959999084472656,48.95000076293945,,1.5168999433517456,445.75
2016-11-24,,,,,444.25
2016-11-25,46.060001373291016,47.2400016784668,,1.4700000286102295,432.5
2016-11-28,47.08000183105469,48.2400016784668,,1.5127999782562256,440.25
2016-11-29,45.22999954223633,46.380001068115234,,1.4627000093460083,425.5
2016-11-30,49.439998626708984,50.470001220703125,,1.5708999633789062,448.25
2016-12-01,51.060001373291016,50.459999084472656,,1.6478999853134155,477.0
2016-12-02,51.68000030517578,54.459999084472656,,1.6581000089645386,478.25
2016-12-05,51.790000915527344,54.939998626708984,,1.657099962234497,481.0
2016-12-06,50.93000030517578,53.93000030517578,,1.6378999948501587,475.25
2016-12-07,49.77000045776367,53.0,,1.618399977684021,473.25
2016-12-08,50.84000015258789,53.88999938964844,,1.6259000301361084,471.5
2016-12-09,51.5,54.33000183105469,,1.6374000310897827,477.5
2016-12-12,52.83000183105469,55.689998626708984,,1.6717000007629395,491.0
2016-12-13,52.97999954223633,55.720001220703125,,1.6747000217437744,490.0
2016-12-14,51.040000915527344,53.900001525878906,,1.6434999704360962,488.25
2016-12-15,50.900001525878906,54.02000045776367,,1.6419999599456787,474.75
2016-12-16,51.900001525878906,55.209999084472656,,1.6722999811172485,490.25
2016-12-19,52.119998931884766,54.91999816894531,,1.6690000295639038,487.0
2016-12-20,52.22999954223633,55.349998474121094,,1.6687999963760376,491.5
2016-12-21,52.4900016784668,54.459999084472656,,1.6401000022888184,486.25
2016-12-22,52.95000076293945,55.04999923706055,,1.6607999801635742,487.25
2016-12-23,53.02000045776367,55.15999984741211,,1.6627999544143677,484.25
2016-12-27,53.900001525878906,56.09000015258789,,1.6993999481201172,501.0
2016-12-28,54.060001373291016,56.220001220703125,,1.6993000507354736,500.5
2016-12-29,53.77000045776367,56.13999938964844,,1.7036999464035034,502.75
2016-12-30,53.720001220703125,56.130001068115234,,1.704300045967102,501.0
2017-01-02,,,,,501.0
2017-01-03,52.33000183105469,55.470001220703125,,1.6766999959945679,493.75
2017-01-04,53.2599983215332,56.459999084472656,,1.6929999589920044,490.5
2017-01-05,53.7599983215332,56.88999938964844,,1.694200038909912,488.25
2017-01-06,53.9900016784668,57.099998474121094,,1.7031999826431274,493.25
2017-01-09,51.959999084472656,54.939998626708984,,1.6375999450683594,483.0
2017-01-10,50.81999969482422,53.63999938964844,,1.6114000082015991,472.75
2017-01-11,52.25,55.099998474121094,,1.652400016784668,482.0
2017-01-12,53.0099983215332,56.0099983215332,,1.6756000518798828,482.0
2017-01-13,52.369998931884766,55.45000076293945,,1.6513999700546265,
2017-01-16,,,,,487.0
2017-01-17,52.47999954223633,55.470001220703125,,1.6485999822616577,490.75
2017-01-18,51.08000183105469,53.91999816894531,,1.6092000007629395,485.75
2017-01-19,51.369998931884766,54.15999984741211,,1.618299961090088,479.5
2017-01-20,52.41999816894531,55.4900016784668,,1.645900011062622,489.5
2017-01-23,52.75,55.22999954223633,,1.6265000104904175,485.5
2017-01-24,53.18000030517578,55.439998626708984,,1.6414999961853027,488.5
2017-01-25,52.75,55.08000183105469,,1.6114000082015991,487.75
2017-01-26,53.779998779296875,56.2400016784668,,1.6409000158309937,494.0
2017-01-27,53.16999816894531,55.52000045776367,,1.618899941444397,485.25
2017-01-30,52.630001068115234,55.22999954223633,,1.6066999435424805,484.75
2017-01-31,52.810001373291016,55.70000076293945,,1.6117000579833984,493.75
2017-02-01,53.880001068115234,55.65999984741211,,1.6740000247955322,501.75
2017-02-02,53.540000915527344,56.560001373291016,,1.6518000364303589,504.25
2017-02-03,53.83000183105469,56.810001373291016,,1.6650999784469604,501.0
2017-02-06,53.0099983215332,55.720001220703125,,1.635200023651123,498.25
2017-02-07,52.16999816894531,55.04999923706055,,1.6220999956130981,489.5
2017-02-08,52.34000015258789,55.119998931884766,,1.6360000371932983,494.25
2017-02-09,53.0,55.630001068115234,,1.6414999961853027,494.5
2017-02-10,53.86000061035156,56.70000076293945,,1.6658999919891357,503.5
2017-02-13,52.93000030517578,55.59000015258789,,1.6273000240325928,491.0
2017-02-14,53.20000076293945,55.970001220703125,,1.638200044631958,497.25
2017-02-15,53.11000061035156,55.75,,1.6304999589920044,494.0
2017-02-16,53.36000061035156,55.650001525878906,,1.62909996509552,491.0
2017-02-17,53.400001525878906,55.810001373291016,,1.6363999843597412,490.0
2017-02-20,,,,,497.5
2017-02-21,54.060001373291016,56.65999984741211,,1.6425000429153442,501.75
2017-02-22,53.59000015258789,55.84000015258789,,1.6296000480651855,489.5
2017-02-23,54.45000076293945,56.58000183105469,,1.6567000150680542,500.0
2017-02-24,53.9900016784668,55.9900016784668,,1.6404000520706177,494.5
2017-02-27,54.04999923706055,55.93000030517578,,1.6398999691009521,497.25
2017-02-28,54.0099983215332,55.59000015258789,,1.6208000183105469,489.25
2017-03-01,53.83000183105469,55.599998474121094,,1.6240999698638916,499.25
2017-03-02,52.61000061035156,55.08000183105469,,1.5791000127792358,487.0
2017-03-03,53.33000183105469,55.900001525878906,,1.5936000347137451,487.0
2017-03-06,53.20000076293945,56.0099983215332,,1.6045000553131104,490.0
2017-03-07,53.13999938964844,55.91999816894531,,1.6138999462127686,491.0
2017-03-08,50.279998779296875,53.11000061035156,,1.5566999912261963,485.75
2017-03-09,49.279998779296875,52.189998626708984,,1.5295000076293945,462.5
2017-03-10,48.4900016784668,51.369998931884766,,1.503600001335144,459.75
2017-03-13,48.400001525878906,51.349998474121094,,1.500599980354309,455.25
2017-03-14,47.720001220703125,50.91999816894531,,1.4918999671936035,448.0
2017-03-15,48.86000061035156,51.810001373291016,,1.5124000310897827,455.0
2017-03-16,48.75,51.7400016784668,,1.5042999982833862,455.0
2017-03-17,48.779998779296875,51.7599983215332,,1.5084999799728394,456.75
2017-03-20,48.220001220703125,51.619998931884766,,1.5140999555587769,458.5
2017-03-21,47.34000015258789,50.959999084472656,,1.5032999515533447,453.25
2017-03-22,48.040000915527344,50.63999938964844,,1.4967999458312988,447.0
2017-03-23,47.70000076293945,50.560001373291016,,1.4901000261306763,450.25
2017-03-24,47.970001220703125,50.79999923706055,,1.4975999593734741,449.0
2017-03-27,47.72999954223633,50.75,,1.502500057220459,451.25
2017-03-28,48.369998931884766,51.33000183105469,,1.516700029373169,459.75
2017-03-29,49.5099983215332,52.41999816894531,,1.5425000190734863,463.75
2017-03-30,50.349998474121094,52.959999084472656,,1.5582000017166138,470.0
2017-03-31,50.599998474121094,52.83000183105469,,1.5736000537872314,469.5
2017-04-03,50.2400016784668,53.119998931884766,,1.5634000301361084,471.75
2017-04-04,51.029998779296875,54.16999816894531,,1.5923000574111938,479.0
2017-04-05,51.150001525878906,54.36000061035156,,1.6035000085830688,482.25
2017-04-06,51.70000076293945,54.88999938964844,,1.6129000186920166,484.75
2017-04-07,52.2400016784668,55.2400016784668,,1.6283999681472778,489.25
2017-04-10,53.08000183105469,55.97999954223633,,1.6473000049591064,495.25
2017-04-11,53.400001525878906,56.22999954223633,,1.6505999565124512,494.5
2017-04-12,53.11000061035156,55.86000061035156,,1.6519999504089355,498.5
2017-04-13,53.18000030517578,55.88999938964844,,1.6495000123977661,498.0
2017-04-17,52.650001525878906,55.36000061035156,,1.6328999996185303,497.75
2017-04-18,52.40999984741211,54.88999938964844,,1.621899962425232,491.25
2017-04-19,50.439998626708984,52.93000030517578,,1.5813000202178955,487.75
2017-04-20,50.27000045776367,52.9900016784668,,1.5788999795913696,476.75
2017-04-21,49.619998931884766,51.959999084472656,,1.5533000230789185,467.5
2017-04-24,49.22999954223633,51.599998474121094,,1.5427000522613525,465.75
2017-04-25,49.560001373291016,52.099998474121094,,1.545199990272522,463.75
2017-04-26,49.619998931884766,51.81999969482422,,1.5367000102996826,467.25
2017-04-27,48.970001220703125,51.439998626708984,,1.507200002670288,451.25
2017-04-28,49.33000183105469,51.72999954223633,,1.503999948501587,454.0
2017-05-01,48.84000015258789,51.52000045776367,,1.4878000020980835,449.75
2017-05-02,47.65999984741211,50.459999084472656,,1.468000054359436,448.5
2017-05-03,47.81999969482422,50.790000915527344,,1.4736000299453735,441.75
2017-05-04,45.52000045776367,48.380001068115234,,1.4122999906539917,427.75
2017-05-05,46.220001220703125,49.099998474121094,,1.4365999698638916,435.0
2017-05-08,46.43000030517578,49.34000015258789,,1.4556000232696533,431.25
2017-05-09,45.880001068115234,48.72999954223633,,1.4421000480651855,434.5
2017-05-10,47.33000183105469,50.220001220703125,,1.4753999710083008,444.0
2017-05-11,47.83000183105469,50.77000045776367,,1.48989999294281,449.0
2017-05-12,47.84000015258789,50.84000015258789,,1.493299961090088,448.75
2017-05-15,48.849998474121094,51.81999969482422,,1.509600043296814,459.0
2017-05-16,48.65999984741211,51.650001525878906,,1.5163999795913696,458.0
2017-05-17,49.06999969482422,52.209999084472656,,1.5334999561309814,463.5
2017-05-18,49.349998474121094,52.5099983215332,,1.545300006866455,465.0
2017-05-19,50.33000183105469,53.61000061035156,,1.5827000141143799,473.75
2017-05-22,50.72999954223633,53.869998931884766,,1.6021000146865845,479.0
2017-05-23,51.470001220703125,54.150001525878906,,1.6066999435424805,479.0
2017-05-24,51.36000061035156,53.959999084472656,,1.6062999963760376,480.25
2017-05-25,48.900001525878906,51.459999084472656,,1.5508999824523926,474.5
2017-05-26,49.79999923706055,52.150001525878906,,1.5633000135421753,461.25
2017-05-29,,,,,466.25
2017-05-30,49.65999984741211,51.84000015258789,,1.549399971961975,457.0
2017-05-31,48.31999969482422,50.310001373291016,,1.5153000354766846,445.5
2017-06-01,48.36000061035156,50.33000183105469,,1.5017000436782837,450.25
2017-06-02,47.65999984741211,49.95000076293945,,1.4847999811172485,438.5
2017-06-05,47.400001525878906,49.470001220703125,,1.4593000411987305,430.75
2017-06-06,48.189998626708984,50.119998931884766,,1.4661999940872192,428.25
2017-06-07,45.720001220703125,48.060001373291016,,1.416200041770935,421.5
2017-06-08,45.63999938964844,47.86000061035156,,1.4222999811172485,421.5
2017-06-09,45.83000183105469,48.150001525878906,,1.4312000274658203,427.0
2017-06-12,46.08000183105469,48.290000915527344,,1.4254000186920166,427.0
2017-06-13,46.459999084472656,48.720001220703125,,1.447700023651123,
2017-06-14,44.72999954223633,47.0,,1.4101999998092651,418.75
2017-06-15,44.459999084472656,46.91999816894531,,1.4146000146865845,419.0
2017-06-16,44.7400016784668,47.369998931884766,,1.4270000457763672,423.0
2017-06-19,44.20000076293945,46.90999984741211,,1.4111000299453735,424.0
2017-06-20,43.22999954223633,46.02000045776367,,1.3948999643325806,412.75
2017-06-21,42.529998779296875,44.81999969482422,,1.364799976348877,413.25
2017-06-22,42.7400016784668,45.220001220703125,,1.3716000318527222,412.25
2017-06-23,43.0099983215332,45.540000915527344,,1.3717000484466553,411.25
2017-06-26,43.380001068115234,45.83000183105469,,1.3802000284194946,409.5
2017-06-27,44.2400016784668,46.650001525878906,,1.413699984550476,423.25
2017-06-28,44.7400016784668,47.310001373291016,,1.4329999685287476,427.5
2017-06-29,44.93000030517578,47.41999816894531,,1.4459999799728394,435.5
2017-06-30,46.040000915527344,47.91999816894531,,1.4754999876022339,436.5
2017-07-03,47.06999969482422,49.68000030517578,,1.5127999782562256,448.75
2017-07-04,,,,,451.25
2017-07-05,45.130001068115234,47.790000915527344,,1.4785000085830688,442.0
2017-07-06,45.52000045776367,48.11000061035156,,1.4818999767303467,446.5
2017-07-07,44.22999954223633,46.709999084472656,,1.448199987411499,428.0
2017-07-10,44.400001525878906,46.880001068115234,,1.4536000490188599,433.5
2017-07-11,45.040000915527344,47.52000045776367,,1.4763000011444092,433.75
2017-07-12,45.4900016784668,47.7400016784668,,1.4737000465393066,437.25
2017-07-13,46.08000183105469,48.41999816894531,,1.4917000532150269,443.25
2017-07-14,46.540000915527344,48.90999984741211,,1.5149999856948853,447.75
2017-07-17,46.02000045776367,48.41999816894531,,1.499500036239624,448.5
2017-07-18,46.400001525878906,48.84000015258789,,1.5104000568389893,446.25
2017-07-19,47.119998931884766,49.70000076293945,,1.5513999462127686,456.0
2017-07-20,46.790000915527344,49.29999923706055,,1.5435999631881714,463.5
2017-07-21,45.77000045776367,48.060001373291016,,1.5152000188827515,452.75
2017-07-24,46.34000015258789,48.599998474121094,,1.5168999433517456,451.5
2017-07-25,47.88999938964844,50.20000076293945,,1.56850004196167,461.75
2017-07-26,48.75,50.970001220703125,,1.5952999591827393,470.25
2017-07-27,49.040000915527344,51.4900016784668,,1.6031999588012695,475.25
2017-07-28,49.709999084472656,52.52000045776367,,1.6397000551223755,485.0
2017-07-31,50.16999816894531,52.650001525878906,,1.651900053024292,489.0
2017-08-01,49.15999984741211,52.630001068115234,,1.6412999629974365,481.75
2017-08-02,49.59000015258789,52.36000061035156,,1.6588000059127808,488.25
2017-08-03,49.029998779296875,52.0099983215332,,1.6389000415802002,492.0
2017-08-04,49.58000183105469,52.41999816894531,,1.6485999822616577,488.0
2017-08-07,49.38999938964844,52.369998931884766,,1.639799952507019,478.5
2017-08-08,49.16999816894531,52.13999938964844,,1.6291999816894531,483.5
2017-08-09,49.560001373291016,52.70000076293945,,1.6533000469207764,482.25
2017-08-10,48.59000015258789,51.900001525878906,,1.6312999725341797,486.5
2017-08-11,48.81999969482422,52.099998474121094,,1.634600043296814,482.5
2017-08-14,47.59000015258789,50.72999954223633,,1.6057000160217285,483.5
2017-08-15,47.54999923706055,50.79999923706055,,1.5995999574661255,471.5
2017-08-16,46.779998779296875,50.27000045776367,,1.5743999481201172,470.25
2017-08-17,47.09000015258789,51.029998779296875,,1.5820000171661377,464.75
2017-08-18,48.5099983215332,52.720001220703125,,1.6203999519348145,472.25
2017-08-21,47.369998931884766,51.65999984741211,,1.5712000131607056,471.0
2017-08-22,47.63999938964844,51.869998931884766,,1.5911999940872192,473.75
2017-08-23,48.40999984741211,52.56999969482422,,1.624400019645691,479.0
2017-08-24,47.43000030517578,52.040000915527344,,1.621000051498413,482.5
2017-08-25,47.869998931884766,52.40999984741211,,1.6223000288009644,480.0
2017-08-28,46.56999969482422,51.88999938964844,,1.635200023651123,484.25
2017-08-29,46.439998626708984,52.0,,1.6655000448226929,484.5
2017-08-30,45.959999084472656,50.86000061035156,,1.673799991607666,495.5
2017-08-31,47.22999954223633,52.380001068115234,,1.7575000524520874,504.75
2017-09-01,47.290000915527344,52.31999969482422,,1.7467999458312988,509.25
2017-09-04,,,,,503.25
2017-09-05,48.65999984741211,53.380001068115234,,1.7480000257492065,515.25
2017-09-06,49.15999984741211,54.20000076293945,,1.7595000267028809,520.0
2017-09-07,49.09000015258789,54.4900016784668,,1.7861000299453735,523.25
2017-09-08,47.47999954223633,53.779998779296875,,1.7656999826431274,524.0
2017-09-11,48.06999969482422,53.84000015258789,,1.7426999807357788,516.75
2017-09-12,48.22999954223633,54.27000045776367,,1.7405999898910522,518.0
2017-09-13,49.29999923706055,55.15999984741211,,1.7684999704360962,526.25
2017-09-14,49.88999938964844,55.470001220703125,,1.777500033378601,531.0
2017-09-15,49.88999938964844,55.619998931884766,,1.798799991607666,534.75
2017-09-18,49.90999984741211,55.47999954223633,,1.7796000242233276,525.0
2017-09-19,49.47999954223633,55.13999938964844,,1.7726000547409058,528.5
2017-09-20,50.40999984741211,56.290000915527344,,1.8070000410079956,537.0
2017-09-21,50.54999923706055,56.43000030517578,,1.8152999877929688,541.25
2017-09-22,50.65999984741211,56.86000061035156,,1.8163000345230103,541.5
2017-09-25,52.220001220703125,59.02000045776367,,1.8562999963760376,551.5
2017-09-26,51.880001068115234,58.439998626708984,,1.8452999591827393,546.25
2017-09-27,52.13999938964844,57.900001525878906,,1.8463000059127808,548.75
2017-09-28,51.560001373291016,57.40999984741211,,1.8320000171661377,550.75
2017-09-29,51.66999816894531,57.540000915527344,,1.8116999864578247,548.25
2017-10-02,50.58000183105469,56.119998931884766,,1.7664999961853027,525.5
2017-10-03,50.41999816894531,56.0,,1.750499963760376,522.0
2017-10-04,49.97999954223633,55.79999923706055,,1.773900032043457,524.25
2017-10-05,50.790000915527344,57.0,,1.7862999439239502,535.5
2017-10-06,49.290000915527344,55.619998931884766,,1.743899941444397,515.75
2017-10-09,49.58000183105469,55.790000915527344,,1.735200047492981,513.25
2017-10-10,50.91999816894531,56.61000061035156,,1.7648999691009521,526.0
2017-10-11,51.29999923706055,56.939998626708984,,1.7861000299453735,524.0
2017-10-12,50.599998474121094,56.25,,1.7654999494552612,521.5
2017-10-13,51.45000076293945,57.16999816894531,,1.7970000505447388,533.75
2017-10-16,51.869998931884766,57.81999969482422,,1.8128999471664429,541.0
2017-10-17,51.880001068115234,57.880001068115234,,1.8098000288009644,537.25
2017-10-18,52.040000915527344,58.150001525878906,,1.8028000593185425,533.0
2017-10-19,51.290000915527344,57.22999954223633,,1.7767000198364258,528.25
2017-10-20,51.470001220703125,57.75,,1.8051999807357788,527.5
2017-10-23,51.900001525878906,57.369998931884766,,1.7877999544143677,523.25
2017-10-24,52.470001220703125,58.33000183105469,,1.822100043296814,522.25
2017-10-25,52.18000030517578,58.439998626708984,,1.8181999921798706,529.25
2017-10-26,52.63999938964844,59.29999923706055,,1.8418999910354614,531.75
2017-10-27,53.900001525878906,60.439998626708984,,1.8668999671936035,544.0
2017-10-30,54.150001525878906,60.900001525878906,,1.8776999711990356,544.0
2017-10-31,54.380001068115234,61.369998931884766,,1.8845000267028809,547.75
2017-11-01,54.29999923706055,61.290000915527344,,1.8624999523162842,547.25
2017-11-02,54.540000915527344,60.619998931884766,,1.8538999557495117,541.75
2017-11-03,55.63999938964844,62.06999969482422,,1.8866000175476074,547.25
2017-11-06,57.349998474121094,64.2699966430664,,1.942199945449829,563.25
2017-11-07,57.20000076293945,63.689998626708984,,1.9219000339508057,563.25
2017-11-08,56.810001373291016,63.4900016784668,,1.9215999841690063,562.75
2017-11-09,57.16999816894531,63.93000030517578,,1.9469000101089478,569.0
2017-11-10,56.7400016784668,63.52000045776367,,1.9349000453948975,569.0
2017-11-13,56.7599983215332,63.15999984741211,,1.9321000576019287,565.25
2017-11-14,55.70000076293945,62.209999084472656,,1.906999945640564,550.5
2017-11-15,55.33000183105469,61.869998931884766,,1.9086999893188477,556.0
2017-11-16,55.13999938964844,61.36000061035156,,1.9020999670028687,555.75
2017-11-17,56.54999923706055,62.720001220703125,,1.9465999603271484,562.75
2017-11-20,56.09000015258789,62.220001220703125,,1.9321000576019287,556.0
2017-11-21,56.83000183105469,62.56999969482422,,1.9358999729156494,558.5
2017-11-22,58.02000045776367,63.31999969482422,,1.9326000213623047,562.25
2017-11-23,,,,,564.5
2017-11-24,58.95000076293945,63.86000061035156,,1.9529000520706177,564.75
2017-11-27,58.11000061035156,63.84000015258789,,1.9478000402450562,564.25
2017-11-28,57.9900016784668,63.61000061035156,,1.950700044631958,565.75
2017-11-29,57.29999923706055,63.11000061035156,,1.9220999479293823,561.25
2017-11-30,57.400001525878906,63.56999969482422,,1.892699956893921,557.0
2017-12-01,58.36000061035156,63.4900016784668,,1.9413000345230103,569.0
2017-12-04,57.470001220703125,62.45000076293945,,1.8945000171661377,556.0
2017-12-05,57.619998931884766,62.86000061035156,,1.9139000177383423,556.75
2017-12-06,55.959999084472656,61.220001220703125,,1.861299991607666,547.0
2017-12-07,56.689998626708984,62.20000076293945,,1.8969999551773071,550.0
2017-12-08,57.36000061035156,63.400001525878906,,1.9287999868392944,565.25
2017-12-11,57.9900016784668,64.69000244140625,,1.950600028038025,572.75
2017-12-12,57.13999938964844,63.34000015258789,,1.9335999488830566,571.75
2017-12-13,56.599998474121094,62.439998626708984,,1.9043999910354614,562.75
2017-12-14,57.040000915527344,63.310001373291016,,1.9098999500274658,561.5
2017-12-15,57.29999923706055,63.22999954223633,,1.903499960899353,564.0
2017-12-18,57.15999984741211,63.40999984741211,,1.9251999855041504,569.0
2017-12-19,57.459999084472656,63.79999923706055,,1.9399000406265259,569.0
2017-12-20,58.09000015258789,64.55999755859375,,1.944200038909912,575.5
2017-12-21,58.36000061035156,64.9000015258789,,1.9501999616622925,576.25
2017-12-22,58.470001220703125,65.25,,1.9694000482559204,575.5
2017-12-26,59.970001220703125,67.0199966430664,,2.0385000705718994,599.0
2017-12-27,59.63999938964844,66.44000244140625,,2.0401999950408936,594.5
2017-12-28,59.84000015258789,66.72000122070312,,2.0520999431610107,597.0
2017-12-29,60.41999816894531,66.5999984741211,,2.075500011444092,600.25
2018-01-02,60.369998931884766,66.56999969482422,,2.0583999156951904,598.5
2018-01-03,61.630001068115234,67.83999633789062,,2.0880000591278076,607.75
2018-01-04,62.0099983215332,68.06999969482422,,2.0769999027252197,609.0
2018-01-05,61.439998626708984,67.62000274658203,,2.0587000846862793,605.0
2018-01-08,61.72999954223633,67.77999877929688,,2.0453999042510986,602.25
2018-01-09,62.959999084472656,68.81999969482422,,2.066200017929077,606.5
2018-01-10,63.56999969482422,69.19999694824219,,2.080699920654297,613.0
2018-01-11,63.79999923706055,69.26000213623047,,2.07669997215271,618.0
2018-01-12,64.30000305175781,69.87000274658203,,2.0850000381469727,612.75
2018-01-15,,,,,618.75
2018-01-16,63.72999954223633,69.1500015258789,,2.0634000301361084,614.75
2018-01-17,63.970001220703125,69.37999725341797,,2.0690999031066895,611.75
2018-01-18,63.95000076293945,69.30999755859375,,2.0617001056671143,611.75
2018-01-19,63.369998931884766,68.61000061035156,,2.0583999156951904,608.0
2018-01-22,63.4900016784668,69.02999877929688,,2.0569000244140625,614.25
2018-01-23,64.47000122070312,69.95999908447266,,2.0861001014709473,617.75
2018-01-24,65.61000061035156,70.52999877929688,,2.106100082397461,620.5
2018-01-25,65.51000213623047,70.41999816894531,,2.1154000759124756,627.25
2018-01-26,66.13999938964844,70.5199966430664,,2.135999917984009,628.5
2018-01-29,65.55999755859375,69.45999908447266,,2.10479998588562,618.25
2018-01-30,64.5,69.0199966430664,,2.071700096130371,611.5
2018-01-31,64.7300033569336,69.05000305175781,,2.069200038909912,611.5
2018-02-01,65.80000305175781,69.08000183105469,,2.090399980545044,616.75
2018-02-02,65.44999694824219,68.58000183105469,,2.053499937057495,609.25
2018-02-05,64.1500015258789,67.62000274658203,,2.0195999145507812,607.0
2018-02-06,63.38999938964844,66.86000061035156,,1.9851000308990479,595.25
2018-02-07,61.790000915527344,65.51000213623047,,1.9313000440597534,579.0
2018-02-08,61.150001525878906,64.80999755859375,,1.9213000535964966,568.0
2018-02-09,59.20000076293945,62.790000915527344,,1.8551000356674194,552.25
2018-02-12,59.290000915527344,62.59000015258789,,1.8388999700546265,552.25
2018-02-13,59.189998626708984,62.720001220703125,,1.836899995803833,545.75
2018-02-14,60.599998474121094,64.36000061035156,,1.8844000101089478,550.0
2018-02-15,61.34000015258789,64.33000183105469,,1.8916000127792358,557.25
2018-02-16,61.68000030517578,64.83999633789062,,1.9104000329971313,570.25
2018-02-19,,,,,578.5
2018-02-20,61.900001525878906,65.25,,1.9277000427246094,574.25
2018-02-21,61.68000030517578,65.41999816894531,,1.9322999715805054,575.75
2018-02-22,62.77000045776367,66.38999938964844,,1.9527000188827515,585.0
2018-02-23,63.54999923706055,67.30999755859375,,1.9694000482559204,591.0
2018-02-26,63.90999984741211,67.5,,1.9859000444412231,599.0
2018-02-27,63.0099983215332,66.62999725341797,,1.9630000591278076,594.5
2018-02-28,61.63999938964844,65.77999877929688,,1.913599967956543,577.0
2018-03-01,60.9900016784668,65.70999908447266,,1.8854999542236328,563.25
2018-03-02,61.25,64.37000274658203,,1.8796000480651855,565.0
2018-03-05,62.56999969482422,65.54000091552734,,1.8967000246047974,574.0
2018-03-06,62.599998474121094,65.79000091552734,,1.9033000469207764,573.75
2018-03-07,61.150001525878906,64.33999633789062,,1.8746000528335571,573.5
2018-03-08,60.119998931884766,63.61000061035156,,1.8590999841690063,568.25
2018-03-09,62.040000915527344,65.48999786376953,,1.8866000175476074,575.75
2018-03-12,61.36000061035156,64.94999694824219,,1.8646999597549438,568.0
2018-03-13,60.709999084472656,64.63999938964844,,1.873900055885315,568.75
2018-03-14,60.959999084472656,64.88999938964844,,1.8870999813079834,572.25
2018-03-15,61.189998626708984,65.12000274658203,,1.892899990081787,574.75
2018-03-16,62.34000015258789,66.20999908447266,,1.9118000268936157,580.5
2018-03-19,62.060001373291016,66.05000305175781,,1.906999945640564,584.75
2018-03-20,63.400001525878906,67.41999816894531,,1.9494999647140503,593.75
2018-03-21,65.16999816894531,69.47000122070312,,2.003700017929077,611.0
2018-03-22,64.30000305175781,68.91000366210938,,1.992300033569336,606.5
2018-03-23,65.87999725341797,70.44999694824219,,2.018399953842163,611.0
2018-03-26,65.55000305175781,70.12000274658203,371.6497154494505,2.015000104904175,612.75
2018-03-27,65.25,70.11000061035156,,2.02239990234375,618.25
2018-03-28,64.37999725341797,69.52999877929688,,2.0148000717163086,618.0
2018-03-29,64.94000244140625,70.2699966430664,,2.02839994430542,619.75
2018-04-02,63.0099983215332,67.63999938964844,,1.9802000522613525,611.0
2018-04-03,63.5099983215332,68.12000274658203,,1.9950000047683716,610.75
2018-04-04,63.369998931884766,68.0199966430664,,1.9773000478744507,606.75
2018-04-05,63.540000915527344,68.33000183105469,,1.9765000343322754,606.5
2018-04-06,62.060001373291016,67.11000061035156,,1.957800030708313,601.0
2018-04-09,63.41999816894531,68.6500015258789,,1.9966000318527222,611.5
2018-04-10,65.51000213623047,71.04000091552734,,2.0648000240325928,626.0
2018-04-11,66.81999969482422,72.05999755859375,,2.0927000045776367,644.25
2018-04-12,67.06999969482422,72.0199966430664,,2.0838000774383545,636.5
2018-04-13,67.38999938964844,72.58000183105469,,2.1001999378204346,642.5
2018-04-16,66.22000122070312,71.41999816894531,,2.0703001022338867,633.25
2018-04-17,66.5199966430664,71.58000183105469,,2.0571000576019287,628.0
2018-04-18,68.47000122070312,73.4800033569336,,2.091099977493286,639.25
2018-04-19,68.29000091552734,73.77999877929688,,2.1094000339508057,651.0
2018-04-20,68.37999725341797,74.05999755859375,,2.122999906539917,641.25
2018-04-23,68.63999938964844,74.70999908447266,,2.140899896621704,647.5
2018-04-24,67.69999694824219,73.86000061035156,,2.1275999546051025,653.75
2018-04-25,68.05000305175781,74.0,,2.135999917984009,648.0
2018-04-26,68.19000244140625,74.73999786376953,,2.1600000858306885,657.75
2018-04-27,68.0999984741211,74.63999938964844,,2.150899887084961,655.5
2018-04-30,68.56999969482422,75.16999816894531,,2.1673998832702637,655.5
2018-05-01,67.25,75.16999816894531,,2.0996999740600586,648.75
2018-05-02,67.93000030517578,73.36000061035156,,2.121500015258789,642.0
2018-05-03,68.43000030517578,73.62000274658203,,2.1126999855041504,642.0
2018-05-04,69.72000122070312,74.87000274658203,,2.1540000438690186,651.5
2018-05-07,70.7300033569336,76.16999816894531,,2.184999942779541,665.5
2018-05-08,69.05999755859375,74.8499984741211,,2.1577000617980957,650.25
2018-05-09,71.13999938964844,77.20999908447266,417.61475279173567,2.2179999351501465,677.0
2018-05-10,71.36000061035156,77.47000122070312,417.61475279173567,2.2228000164031982,677.0
2018-05-11,70.69999694824219,77.12000274658203,428.58056686941796,2.2219998836517334,677.5
2018-05-14,70.95999908447266,78.2300033569336,428.58056686941796,2.2495999336242676,681.0
2018-05-15,71.30999755859375,78.43000030517578,428.58056686941796,2.249000072479248,687.75
2018-05-16,71.48999786376953,79.27999877929688,428.58056686941796,2.269200086593628,684.5
2018-05-17,71.48999786376953,79.30000305175781,428.58056686941796,2.2808001041412354,704.25
2018-05-18,71.27999877929688,78.51000213623047,428.58056686941796,2.265500068664551,697.0
2018-05-21,72.23999786376953,79.22000122070312,428.58056686941796,2.2737998962402344,692.75
2018-05-22,72.12999725341797,79.56999969482422,428.58056686941796,2.2799999713897705,702.5
2018-05-23,71.83999633789062,79.80000305175781,428.58056686941796,2.289599895477295,697.0
2018-05-24,70.70999908447266,78.79000091552734,428.58056686941796,2.266700029373169,698.75
2018-05-25,67.87999725341797,76.44000244140625,428.58056686941796,2.2098000049591064,679.75
2018-05-28,,,428.58056686941796,,672.0
2018-05-29,66.7300033569336,75.38999938964844,428.58056686941796,2.1858999729156494,671.75
2018-05-30,68.20999908447266,77.5,428.58056686941796,2.2316999435424805,684.75
2018-05-31,67.04000091552734,77.58999633789062,428.58056686941796,2.1914000511169434,685.5
2018-06-01,65.80999755859375,77.58999633789062,428.58056686941796,2.176300048828125,671.25
2018-06-04,64.75,75.29000091552734,428.58056686941796,2.1524999141693115,666.0
2018-06-05,65.5199966430664,75.37999725341797,428.58056686941796,2.1415998935699463,657.5
2018-06-06,64.7300033569336,75.36000061035156,428.58056686941796,2.1266000270843506,654.75
2018-06-07,65.94999694824219,77.31999969482422,428.58056686941796,2.1798999309539795,668.25
2018-06-08,65.73999786376953,76.45999908447266,389.56054510966504,2.164299964904785,671.5
2018-06-11,66.0999984741211,76.45999908447266,395.95726998831304,2.1607000827789307,671.5
2018-06-12,66.36000061035156,75.87999725341797,395.59174285239027,2.161799907684326,671.5
2018-06-13,66.63999938964844,76.73999786376953,408.0196654737636,2.1851000785827637,666.0
2018-06-14,66.88999938964844,75.94000244140625,411.4921732650297,2.1586999893188477,660.75
2018-06-15,65.05999755859375,73.44000244140625,411.4921732650297,2.0869998931884766,640.75
2018-06-18,65.8499984741211,75.33999633789062,,2.1315999031066895,648.0
2018-06-19,65.06999969482422,75.08000183105469,411.58355504901033,2.121799945831299,647.75
2018-06-20,66.22000122070312,74.73999786376953,408.3851926096863,2.107100009918213,647.25
2018-06-21,65.54000091552734,73.05000305175781,408.3851926096863,2.0701000690460205,634.5
2018-06-22,68.58000183105469,75.55000305175781,408.2938108257057,2.1254000663757324,645.5
2018-06-25,68.08000183105469,74.7300033569336,408.2938108257057,2.100399971008301,642.5
2018-06-26,70.52999877929688,76.30999755859375,413.4111907286241,2.128999948501587,643.75
2018-06-27,72.76000213623047,77.62000274658203,426.29602226990085,2.1772000789642334,666.0
2018-06-28,73.44999694824219,77.8499984741211,433.51518320437503,2.1782000064849854,665.25
2018-06-29,74.1500015258789,79.44000244140625,437.8101270514673,2.2093000411987305,675.75
2018-07-02,73.94000244140625,77.30000305175781,437.8101270514673,2.1558001041412354,663.5
2018-07-03,74.13999938964844,77.76000213623047,459.10208271896715,2.1642000675201416,656.25
2018-07-04,,,437.8101270514673,,666.5
2018-07-05,72.94000244140625,77.38999938964844,437.8101270514673,2.1786999702453613,671.0
2018-07-06,73.80000305175781,77.11000061035156,437.8101270514673,2.1684000492095947,664.5
2018-07-09,73.8499984741211,78.06999969482422,437.7187452674866,2.19569993019104,671.75
2018-07-10,74.11000061035156,78.86000061035156,437.7187452674866,2.2218000888824463,677.75
2018-07-11,70.37999725341797,73.4000015258789,448.5017957772076,2.100800037384033,664.5
2018-07-12,70.33000183105469,74.44999694824219,441.9223073305982,2.1231000423431396,664.5
2018-07-13,71.01000213623047,75.33000183105469,441.9223073305982,2.1333999633789062,654.25
2018-07-16,68.05999755859375,71.83999633789062,434.24623747622053,2.05430006980896,633.5
2018-07-17,68.08000183105469,72.16000366210938,430.59096611699306,2.0701000690460205,632.25
2018-07-18,68.76000213623047,72.9000015258789,423.2804233985382,2.0903000831604004,631.0
2018-07-19,69.45999908447266,72.58000183105469,423.2804233985382,2.090100049972534,641.5
2018-07-20,70.45999908447266,73.06999969482422,436.71354564369904,2.1043999195098877,644.75
2018-07-23,67.88999938964844,73.05999755859375,434.977291748066,2.118000030517578,650.75
2018-07-24,68.5199966430664,73.44000244140625,441.099871274772,2.1326000690460205,655.75
2018-07-25,69.30000305175781,73.93000030517578,446.7655418815745,2.15120005607605,656.75
2018-07-26,69.61000061035156,74.54000091552734,446.5827783136131,2.1768999099731445,663.75
2018-07-27,68.69000244140625,74.29000091552734,452.7967396242998,2.1552000045776367,665.75
2018-07-30,70.12999725341797,74.97000122070312,457.45721060731483,2.1710000038146973,662.75
2018-07-31,68.76000213623047,74.25,460.38142769469675,2.1319000720977783,654.25
2018-08-01,67.66000366210938,74.25,457.2744470393534,2.097399950027466,638.0
2018-08-02,68.95999908447266,73.44999694824219,455.99510206362385,2.1317999362945557,645.75
2018-08-03,68.48999786376953,73.20999908447266,464.21946262188555,2.1268999576568604,650.0
2018-08-06,69.01000213623047,73.75,467.9661157650937,2.1393001079559326,655.5
2018-08-07,69.16999816894531,74.6500015258789,485.2372729374434,2.169100046157837,658.75
2018-08-08,66.94000244140625,72.27999877929688,474.271458859761,2.1157000064849854,646.75
2018-08-09,66.80999755859375,72.06999969482422,462.75735407819457,2.1119000911712646,647.25
2018-08-10,67.62999725341797,72.80999755859375,460.92971839858086,2.139699935913086,647.25
2018-08-13,67.19999694824219,72.61000061035156,464.3108444058663,2.13700008392334,655.0
2018-08-14,67.04000091552734,72.45999908447266,468.7885518209199,2.128700017929077,654.75
2018-08-15,65.01000213623047,70.76000213623047,467.0522979252869,2.090399980545044,636.75
2018-08-16,65.45999908447266,71.43000030517578,454.44161173595216,2.096400022506714,641.75
2018-08-17,65.91000366210938,71.83000183105469,454.35022995197147,2.0982000827789307,646.75
2018-08-20,66.43000030517578,72.20999908447266,448.68455934516896,2.113800048828125,644.75
2018-08-21,67.3499984741211,72.62999725341797,456.1778656315852,2.1236000061035156,651.5
2018-08-22,67.86000061035156,74.77999877929688,461.478009102465,2.168299913406372,663.75
2018-08-23,67.83000183105469,74.7300033569336,465.4074258136345,2.1754000186920166,666.75
2018-08-24,68.72000122070312,75.81999969482422,465.86433473353793,2.202199935913086,679.25
2018-08-27,68.87000274658203,76.20999908447266,465.86433473353793,2.214900016784668,678.75
2018-08-28,68.52999877929688,75.94999694824219,469.336842524804,2.211400032043457,684.0
2018-08-29,69.51000213623047,77.13999938964844,469.336842524804,2.2421000003814697,684.25
2018-08-30,70.25,77.7699966430664,477.19567594714306,2.248300075531006,688.0
2018-08-31,69.80000305175781,77.41999816894531,477.19567594714306,2.241300106048584,690.25
2018-09-03,,,476.73876702723965,,697.0
2018-09-04,69.87000274658203,78.16999816894531,478.47502092287266,2.254699945449829,697.0
2018-09-05,68.72000122070312,77.2699966430664,478.47502092287266,2.234499931335449,687.75
2018-09-06,67.7699966430664,76.5,475.0938949155872,2.2091000080108643,678.5
2018-09-07,67.75,76.83000183105469,471.7127689083019,2.2181999683380127,675.5
2018-09-10,67.54000091552734,77.37000274658203,476.73876702723965,2.2177999019622803,681.75
2018-09-11,69.25,79.05999755859375,476.1904763233555,2.252000093460083,687.0
2018-09-12,70.37000274658203,79.73999786376953,486.05970899326957,2.257699966430664,687.0
2018-09-13,68.58999633789062,78.18000030517578,482.58720120200354,2.2235000133514404,683.5
2018-09-14,68.98999786376953,78.08999633789062,478.3836391388919,2.209199905395508,680.0
2018-09-17,68.91000366210938,78.05000305175781,479.5716023306408,2.206399917602539,681.5
2018-09-18,69.8499984741211,79.02999877929688,476.6473852432589,2.2356998920440674,685.0
2018-09-19,71.12000274658203,79.4000015258789,476.6473852432589,2.2465999126434326,688.0
2018-09-20,70.80000305175781,78.69999694824219,486.7907632651151,2.2279999256134033,688.0
2018-09-21,70.77999877929688,78.80000305175781,482.8613465539455,2.2260000705718994,688.0
2018-09-24,72.08000183105469,81.19999694824219,,2.285900115966797,701.75
2018-09-25,72.27999877929688,81.87000274658203,500.3152672942566,2.305299997329712,713.75
2018-09-26,71.56999969482422,81.33999633789062,500.3152672942566,2.299799919128418,710.75
2018-09-27,72.12000274658203,81.72000122070312,507.8085735806729,2.3231000900268555,712.75
2018-09-28,73.25,82.72000122070312,505.52402898115577,2.351799964904785,724.25
2018-10-01,75.30000305175781,84.9800033569336,,2.407900094985962,734.0
2018-10-02,75.2300033569336,84.80000305175781,,2.407599925994873,740.75
2018-10-03,76.41000366210938,86.29000091552734,,2.4372000694274902,740.75
2018-10-04,74.33000183105469,84.58000183105469,,2.3996999263763428,743.25
2018-10-05,74.33999633789062,84.16000366210938,,2.3922998905181885,741.25
2018-10-08,74.29000091552734,83.91000366210938,515.7587887869926,2.394200086593628,735.75
2018-10-09,74.95999908447266,85.0,535.3144905588593,2.423799991607666,743.75
2018-10-10,73.16999816894531,83.08999633789062,538.3300894302221,2.39490008354187,738.5
2018-10-11,70.97000122070312,80.26000213623047,518.5002423064132,2.332200050354004,738.5
2018-10-12,71.33999633789062,80.43000030517578,517.2208973306836,2.3213000297546387,718.0
2018-10-15,71.77999877929688,80.77999877929688,513.4742441874754,2.325700044631958,715.75
2018-10-16,71.91999816894531,81.41000366210938,504.1533022214455,2.3401999473571777,715.5
2018-10-17,69.75,80.05000305175781,514.2966802433016,2.3111000061035156,711.25
2018-10-18,68.6500015258789,79.29000091552734,504.8843564932909,2.2948999404907227,713.75
2018-10-19,69.12000274658203,79.77999877929688,500.77217621416,2.302000045776367,714.75
2018-10-22,69.16999816894531,79.83000183105469,508.17410071659566,2.3180999755859375,716.25
2018-10-23,66.43000030517578,76.44000244140625,501.6859940539669,2.2483999729156494,702.5
2018-10-24,66.81999969482422,76.16999816894531,487.7959628889026,2.2520999908447266,700.0
2018-10-25,67.33000183105469,76.88999938964844,484.78036401753997,2.27810001373291,706.75
2018-10-26,67.58999633789062,77.62000274658203,487.61319932094125,2.302999973297119,713.5
2018-10-29,67.04000091552734,77.33999633789062,488.3442535927867,2.2843000888824463,711.5
2018-10-30,66.18000030517578,75.91000366210938,492.7305792238597,2.2597999572753906,701.75
2018-10-31,65.30999755859375,75.47000122070312,490.17188927240045,2.2618000507354736,709.25
2018-11-01,63.689998626708984,75.5,479.2974569786988,2.2007999420166016,685.75
2018-11-02,63.13999938964844,72.83000183105469,471.073096420437,2.172800064086914,678.25
2018-11-05,63.099998474121094,73.16999816894531,470.6161875005336,2.1963000297546387,682.0
2018-11-06,62.209999084472656,72.12999725341797,468.8799336049006,2.1882998943328857,677.5
2018-11-07,61.66999816894531,72.06999969482422,464.21946262188555,2.2370998859405518,692.75
2018-11-08,60.66999816894531,70.6500015258789,466.0470983014993,2.168299913406372,681.5
2018-11-09,60.189998626708984,70.18000030517578,459.46760985488993,2.172800064086914,669.5
2018-11-12,59.93000030517578,70.12000274658203,464.676371541789,2.155600070953369,669.5
2018-11-13,55.689998626708984,65.47000122070312,453.1622667602225,2.0625,639.0
2018-11-14,56.25,66.12000274658203,432.23583822864543,2.095900058746338,644.5
2018-11-15,56.459999084472656,66.62000274658203,437.7187452674866,2.0741000175476074,637.75
2018-11-16,56.459999084472656,66.76000213623047,443.2016523063278,2.073699951171875,633.25
2018-11-19,56.7599983215332,66.79000091552734,443.2016523063278,2.086400032043457,630.5
2018-11-20,53.43000030517578,62.529998779296875,439.0894720271969,1.9902000427246094,613.0
2018-11-21,54.630001068115234,63.47999954223633,420.35620631115626,1.9701999425888062,606.0
2018-11-22,,,419.8992973912528,,598.25
2018-11-23,50.41999816894531,58.79999923706055,411.9490821849331,1.8761999607086182,576.75
2018-11-26,51.630001068115234,60.47999954223633,391.20541722131736,1.8930000066757202,585.75
2018-11-27,51.560001373291016,60.209999084472656,395.50036106840963,1.8860000371932983,578.5
2018-11-28,50.290000915527344,58.7599983215332,403.35919449074856,1.8384000062942505,566.0
2018-11-29,51.45000076293945,59.5099983215332,388.92087262180024,1.8436000347137451,559.75
2018-11-30,50.93000030517578,58.709999084472656,396.14003355627443,1.8454999923706055,550.75
2018-12-03,52.95000076293945,61.689998626708984,408.476574393667,1.8875000476837158,577.75
2018-12-04,53.25,62.08000183105469,408.6593379616284,1.9009000062942505,587.25
2018-12-05,,,402.8109037868645,,586.75
2018-12-06,51.4900016784668,60.060001373291016,402.8109037868645,1.858199954032898,556.5
2018-12-07,52.61000061035156,61.66999816894531,394.4037796606414,1.886199951171875,587.25
2018-12-10,51.0,59.970001220703125,409.2990104494932,1.844099998474121,572.25
2018-12-11,51.650001525878906,60.20000076293945,398.88148707569496,1.847100019454956,569.25
2018-12-12,51.150001525878906,60.150001525878906,403.63333984269065,1.8509000539779663,569.25
2018-12-13,52.58000183105469,61.45000076293945,398.05905101986883,1.8765000104904175,557.5
2018-12-14,51.20000076293945,60.279998779296875,400.0694502674439,1.8452999591827393,556.25
2018-12-17,49.880001068115234,59.61000061035156,397.14523318006195,1.82669997215271,550.25
2018-12-18,46.2400016784668,56.2599983215332,387.91567299801267,1.7539000511169434,530.25
2018-12-19,47.20000076293945,57.2400016784668,373.842878264987,1.805400013923645,538.75
2018-12-20,45.880001068115234,54.349998474121094,371.2841883135278,1.7496999502182007,522.0
2018-12-21,45.59000015258789,53.81999969482422,362.96844597128535,1.732699990272522,515.25
2018-12-24,42.529998779296875,50.470001220703125,357.85106606836695,1.6621999740600586,514.0
2018-12-25,,,333.36074796154304,,
2018-12-26,46.220001220703125,54.470001220703125,334.64009293727264,1.7336000204086304,504.25
2018-12-27,44.61000061035156,52.15999984741211,357.6236158038435,1.6783000230789185,504.5
2018-12-28,45.33000183105469,52.20000076293945,354.86559305985503,1.6647000312805176,493.25
2018-12-31,45.40999984741211,53.79999923706055,,1.680799961090088,510.75
2019-01-02,46.540000915527344,54.90999984741211,347.5108657425523,1.700600028038025,517.0
2019-01-03,47.09000015258789,55.95000076293945,357.6236158038435,1.7419999837875366,512.25
2019-01-04,47.959999084472656,57.060001373291016,369.5750476944604,1.7691999673843384,528.5
2019-01-07,48.52000045776367,57.33000183105469,377.84911592642595,1.77839994430542,543.25
2019-01-08,49.779998779296875,58.720001220703125,375.0910931824374,1.8270000219345093,546.5
2019-01-09,52.36000061035156,61.439998626708984,385.2038432437286,1.8808000087738037,561.0
2019-01-10,52.59000015258789,61.68000030517578,391.6392296463685,1.9061000347137451,561.0
2019-01-11,51.59000015258789,60.47999954223633,396.2359342196827,1.879699945449829,568.5
2019-01-14,50.5099983215332,58.9900016784668,384.2845023290658,1.8524999618530273,567.5
2019-01-15,52.11000061035156,60.63999938964844,386.1231841583915,1.8722000122070312,557.0
2019-01-16,52.310001373291016,61.31999969482422,392.55857056103133,1.8946000337600708,568.25
2019-01-17,52.06999969482422,61.18000030517578,393.47791147569416,1.8842999935150146,563.25
2019-01-18,53.79999923706055,62.70000076293945,398.07461604900834,1.9160000085830688,574.25
2019-01-21,,,404.51000245164823,,574.25
2019-01-22,52.56999969482422,61.5,400.8326387929969,1.9011000394821167,565.25
2019-01-23,52.619998931884766,61.13999938964844,398.99395696367117,1.8885999917984009,568.0
2019-01-24,53.130001068115234,61.09000015258789,393.47791147569416,1.885599970817566,567.25
2019-01-25,53.689998626708984,61.63999938964844,398.07461604900834,1.8918999433517456,568.0
2019-01-28,51.9900016784668,59.93000030517578,390.7198887317057,1.8377000093460083,555.5
2019-01-29,53.310001373291016,61.31999969482422,385.2038432437286,1.8975000381469727,572.25
2019-01-30,54.22999954223633,61.650001525878906,391.6392296463685,1.8983999490737915,578.75
2019-01-31,53.790000915527344,61.88999938964844,395.31659330501986,1.8788000345230103,584.5
2019-02-01,55.2599983215332,61.869998931884766,390.7198887317057,1.9127000570297241,578.25
2019-02-04,54.560001373291016,62.5099983215332,,1.9074000120162964,580.5
2019-02-05,53.65999984741211,61.97999954223633,,1.8975000381469727,579.75
2019-02-06,54.0099983215332,62.689998626708984,,1.9121999740600586,582.25
2019-02-07,52.63999938964844,61.630001068115234,,1.9005000591278076,574.25
2019-02-08,52.720001220703125,62.099998474121094,,1.9084999561309814,582.5
2019-02-11,52.40999984741211,61.5099983215332,397.1552751343455,1.892199993133545,582.5
2019-02-12,53.099998474121094,62.41999816894531,397.1552751343455,1.9071999788284302,582.5
2019-02-13,53.900001525878906,63.61000061035156,405.42934336631106,1.9387999773025513,594.5
2019-02-14,54.40999984741211,64.56999969482422,414.6227525129394,1.97160005569458,597.25
2019-02-15,55.59000015258789,66.25,416.4614343422651,2.0202999114990234,615.5
2019-02-18,,,426.5741844035563,,617.75
2019-02-19,56.09000015258789,66.44999694824219,425.65484348889345,1.9946000576019287,610.5
2019-02-20,56.91999816894531,67.08000183105469,421.9774798302421,2.0183000564575195,616.5
2019-02-21,56.959999084472656,67.06999969482422,423.8161616595678,2.03629994392395,621.0
2019-02-22,57.2599983215332,67.12000274658203,423.8161616595678,2.031100034713745,622.0
2019-02-25,55.47999954223633,64.76000213623047,416.4614343422651,1.9745999574661255,607.0
2019-02-26,55.5,65.20999908447266,401.7519797076597,1.9984999895095825,615.75
2019-02-27,56.939998626708984,66.38999938964844,407.2680251956367,2.0216000080108643,623.75
2019-02-28,57.220001220703125,66.02999877929688,408.18736611029954,2.0234999656677246,625.0
2019-03-01,55.79999923706055,65.06999969482422,415.54209342760225,2.000999927520752,614.5
2019-03-04,56.59000015258789,65.66999816894531,403.59066153698535,2.0143001079559326,622.75
2019-03-05,56.560001373291016,65.86000061035156,400.8326387929969,2.016400098800659,619.25
2019-03-06,56.220001220703125,65.98999786376953,404.51000245164823,2.016200065612793,620.0
2019-03-07,56.65999984741211,66.30000305175781,406.3486842809739,2.012700080871582,622.25
2019-03-08,56.06999969482422,65.73999786376953,404.51000245164823,1.9997999668121338,610.25
2019-03-11,56.790000915527344,66.58000183105469,407.2680251956367,1.9941999912261963,612.0
2019-03-12,56.869998931884766,66.66999816894531,413.7034115982766,1.985700011253357,612.0
2019-03-13,58.2599983215332,67.55000305175781,414.6227525129394,1.9921000003814697,609.25
2019-03-14,58.61000061035156,67.2300033569336,418.3001161715908,1.9848999977111816,610.75
2019-03-15,58.52000045776367,67.16000366210938,417.3807752569279,1.9677000045776367,606.75
2019-03-18,59.09000015258789,67.54000091552734,414.6227525129394,1.968999981880188,605.0
2019-03-19,59.029998779296875,67.61000061035156,420.13879800091644,1.990399956703186,609.25
2019-03-20,59.83000183105469,68.5,420.13879800091644,2.0081000328063965,618.5
2019-03-21,59.97999954223633,67.86000061035156,426.5741844035563,1.9871000051498413,610.25
2019-03-22,59.040000915527344,67.02999877929688,423.8161616595678,1.96589994430542,597.25
2019-03-25,58.81999969482422,67.20999908447266,413.7034115982766,1.9803999662399292,606.75
2019-03-26,59.939998626708984,67.97000122070312,418.1162479886582,1.98989999294281,608.75
2019-03-27,59.40999984741211,67.83000183105469,421.79361164730955,1.9805999994277954,608.25
2019-03-28,59.29999923706055,67.81999969482422,416.6453025251977,1.972000002861023,600.0
2019-03-29,60.13999938964844,68.38999938964844,420.966204824113,1.9733999967575073,605.25
2019-04-01,61.59000015258789,69.01000213623047,423.90809575103407,1.9881000518798828,606.75
2019-04-02,62.58000183105469,69.37000274658203,432.2740980744659,2.0088999271392822,613.75
2019-04-03,62.459999084472656,69.30999755859375,434.29664808672413,2.0067999362945557,611.0
2019-04-04,62.099998474121094,69.4000015258789,431.17088897687046,2.013400077819824,615.75
2019-04-05,63.08000183105469,70.33999633789062,,2.0423998832702637,618.0
2019-04-08,64.4000015258789,71.0999984741211,437.6982094709766,2.0571000576019287,625.75
2019-04-09,63.97999954223633,70.61000061035156,439.62882539176854,2.0448999404907227,622.25
2019-04-10,64.61000061035156,71.7300033569336,437.3304731051115,2.087599992752075,627.0
2019-04-11,63.58000183105469,70.83000183105469,441.375573129628,2.067199945449829,627.0
2019-04-12,63.88999938964844,71.55000305175781,436.87080264778007,2.07069993019104,633.0
2019-04-15,63.400001525878906,71.18000030517578,433.74504353792645,2.061000108718872,629.75
2019-04-16,64.05000305175781,71.72000122070312,430.716994788878,2.082200050354004,633.5
2019-04-17,63.7599983215332,71.62000274658203,437.0483694459792,2.069200038909912,637.0
2019-04-18,64.0,71.97000122070312,433.65328448492494,2.0708999633789062,635.5
2019-04-19,,,436.68133323397325,,
2019-04-22,65.69999694824219,74.04000091552734,,2.1040000915527344,648.75
2019-04-23,66.30000305175781,74.51000213623047,457.2353611063015,2.118000030517578,648.25
2019-04-24,65.88999938964844,74.56999969482422,456.04249341728246,2.0987000465393066,644.25
2019-04-25,65.20999908447266,74.3499984741211,464.20904913441285,2.098099946975708,646.25
2019-04-26,63.29999923706055,72.1500015258789,456.9600839472971,2.0511999130249023,623.25
2019-04-29,63.5,72.04000091552734,443.0127078910744,2.0548999309539795,630.5
2019-04-30,63.90999984741211,72.80000305175781,447.5089014881462,2.081199884414673,638.0
2019-05-01,63.599998474121094,72.18000030517578,,2.0941998958587646,639.0
2019-05-02,61.810001373291016,70.75,,2.0778000354766846,637.5
2019-05-03,61.939998626708984,70.8499984741211,,2.070199966430664,649.0
2019-05-06,62.25,71.23999786376953,433.10273016691616,2.0676000118255615,640.0
2019-05-07,61.400001525878906,69.87999725341797,445.21492516310957,2.037600040435791,634.25
2019-05-08,62.119998931884766,70.37000274658203,442.5539126260671,2.0562000274658203,639.25
2019-05-09,61.70000076293945,70.38999938964844,442.0033583080583,2.043600082397461,632.25
2019-05-10,61.65999984741211,70.62000274658203,447.5089014881462,2.0504000186920166,632.25
2019-05-13,61.040000915527344,70.2300033569336,455.85897531127955,2.0383999347686768,639.25
2019-05-14,61.779998779296875,71.23999786376953,455.4001800462722,2.0589001178741455,636.25
2019-05-15,62.02000045776367,71.7699966430664,459.6210964843396,2.0862998962402344,650.5
2019-05-16,62.869998931884766,72.62000274658203,464.7596034524217,2.123199939727783,665.25
2019-05-17,62.7599983215332,72.20999908447266,469.80635136750226,2.0954999923706055,657.0
2019-05-20,63.099998474121094,71.97000122070312,477.73323899112495,2.0736000537872314,651.5
2019-05-21,62.9900016784668,72.18000030517578,469.0689664722815,2.079400062561035,645.0
2019-05-22,61.41999816894531,70.98999786376953,465.1976957723727,2.049099922180176,632.5
2019-05-23,57.90999984741211,67.76000213623047,454.4134416797697,1.962399959564209,607.5
2019-05-24,58.630001068115234,68.69000244140625,435.5179537397387,1.9713000059127808,604.75
2019-05-27,,,432.93710660646616,,621.25
2019-05-28,59.13999938964844,70.11000061035156,439.57357066345264,1.9924999475479126,618.75
2019-05-29,58.810001373291016,69.44999694824219,436.71620419447237,1.9674999713897705,605.75
2019-05-30,56.59000015258789,66.87000274658203,438.836185768232,1.9149999618530273,598.0
2019-05-31,53.5,64.48999786376953,412.6590219878963,1.8417999744415283,577.5
2019-06-03,53.25,61.279998779296875,395.97568873352753,1.80649995803833,562.25
2019-06-04,53.47999954223633,61.970001220703125,389.4313977884436,1.8214999437332153,561.25
2019-06-05,51.68000030517578,60.630001068115234,391.73572558600836,1.7799999713897705,543.5
2019-06-06,52.59000015258789,61.66999816894531,383.6244917385804,1.7883000373840332,543.75
2019-06-07,53.9900016784668,63.290000915527344,,1.8248000144958496,560.0
2019-06-10,53.2599983215332,62.290000915527344,400.7686905524622,1.8063000440597534,561.5
2019-06-11,53.27000045776367,62.290000915527344,397.26611230016374,1.822100043296814,560.5
2019-06-12,51.13999938964844,59.970001220703125,389.89226334795654,1.7798999547958374,552.0
2019-06-13,52.279998779296875,61.310001373291016,394.22439960737825,1.8065999746322632,558.0
2019-06-14,52.5099983215332,62.0099983215332,392.3809373693265,1.8293999433517456,564.0
2019-06-17,51.93000030517578,60.939998626708984,391.46179720214604,1.7994999885559082,558.0
2019-06-18,53.900001525878906,62.13999938964844,380.06445912910874,1.8278000354766846,562.5
2019-06-19,53.7599983215332,61.81999969482422,390.45074301824764,1.8293999433517456,560.25
2019-06-20,56.650001525878906,64.44999694824219,397.9876923891272,1.8842999935150146,579.5
2019-06-21,57.43000030517578,65.19999694824219,403.96210347579995,1.9157999753952026,587.0
2019-06-24,57.900001525878906,64.86000061035156,411.40713882996147,1.9089000225067139,579.75
2019-06-25,57.83000183105469,65.05000305175781,404.4216735593902,1.9234000444412231,589.0
2019-06-26,59.380001068115234,66.48999786376953,413.7049892479126,1.9713000059127808,599.25
2019-06-27,59.43000030517578,66.55000305175781,411.6828808801156,1.9524999856948853,594.0
2019-06-28,58.470001220703125,66.55000305175781,407.63866414452167,1.944599986076355,595.0
2019-07-01,59.09000015258789,65.05999755859375,415.08369949868325,1.9537999629974365,590.5
2019-07-02,56.25,62.400001525878906,408.282062261548,1.886299967765808,577.5
2019-07-03,57.34000015258789,63.81999969482422,393.11624950307083,1.8986999988555908,573.75
2019-07-04,,,395.597927954458,,574.75
2019-07-05,57.5099983215332,64.2300033569336,397.1604662386648,1.9049999713897705,576.75
2019-07-08,57.65999984741211,64.11000061035156,405.9842118435969,1.895300030708313,579.25
2019-07-09,57.83000183105469,64.16000366210938,405.61655577672474,1.910599946975708,576.25
2019-07-10,60.43000030517578,67.01000213623047,407.91440619467585,1.9910000562667847,594.5
2019-07-11,60.20000076293945,66.5199966430664,424.2751011704875,1.978600025177002,594.5
2019-07-12,60.209999084472656,66.72000122070312,421.15002460207404,1.9801000356674194,605.0
2019-07-15,59.58000183105469,66.4800033569336,417.4862575328955,1.9515999555587769,600.5
2019-07-16,57.619998931884766,64.3499984741211,416.6619099423303,1.9048999547958374,600.0
2019-07-17,56.779998779296875,63.65999984741211,404.38829026058215,1.8926000595092773,583.0
2019-07-18,55.29999923706055,61.93000030517578,400.2665523077563,1.8624999523162842,569.0
2019-07-19,55.630001068115234,62.470001220703125,395.13727841090633,1.8896000385284424,576.0
2019-07-22,56.220001220703125,63.2599983215332,398.15988624297864,1.8995000123977661,584.75
2019-07-23,56.77000045776367,63.83000183105469,400.0833639542974,1.9217000007629395,585.0
2019-07-24,55.880001068115234,63.18000030517578,403.47234849328754,1.9086999893188477,592.5
2019-07-25,56.02000045776367,63.38999938964844,403.563942670017,1.9142999649047852,588.25
2019-07-26,56.20000076293945,63.459999084472656,406.8613330322777,1.9043999910354614,584.0
2019-07-29,56.869998931884766,63.709999084472656,402.2816241958045,1.910599946975708,586.75
2019-07-30,58.04999923706055,64.72000122070312,406.7697388555482,1.944000005722046,592.25
2019-07-31,58.58000183105469,65.16999816894531,408.87640492032585,1.9550000429153442,601.75
2019-08-01,53.95000076293945,60.5,405.67060873479465,1.8529000282287598,586.25
2019-08-02,55.65999984741211,61.88999938964844,392.3894531090224,1.8902000188827515,578.0
2019-08-05,54.689998626708984,59.810001373291016,396.6027852385777,1.8356000185012817,564.75
2019-08-06,53.630001068115234,58.939998626708984,394.31293082034114,1.8240000009536743,559.25
2019-08-07,51.09000015258789,56.22999954223633,383.87119467318234,1.7532000541687012,533.75
2019-08-08,52.540000915527344,57.380001068115234,378.74192077633234,1.7766000032424927,542.75
2019-08-09,54.5,58.529998779296875,377.5511964788493,1.8079999685287476,555.5
2019-08-12,54.93000030517578,58.56999969482422,382.77206455242873,1.805799961090088,555.5
2019-08-13,57.099998474121094,61.29999923706055,382.8636587291582,1.8773000240325928,576.0
2019-08-14,55.22999954223633,59.47999954223633,393.97313180019614,1.8437000513076782,561.0
2019-08-15,54.470001220703125,58.22999954223633,385.6180735401593,1.8107000589370728,560.0
2019-08-16,54.869998931884766,58.63999938964844,383.78179699949186,1.8128000497817993,559.5
2019-08-19,56.209999084472656,59.7400016784668,390.02513723776116,1.8330999612808228,561.0
2019-08-20,56.34000015258789,60.029998779296875,392.0450414324953,1.8543000221252441,563.5
2019-08-21,55.68000030517578,60.29999923706055,391.4941584702951,1.857300043106079,572.0
2019-08-22,55.349998474121094,59.91999816894531,390.85146168106144,1.8413000106811523,565.0
2019-08-23,54.16999816894531,59.34000015258789,392.1368552595287,1.815600037574768,556.0
2019-08-26,53.63999938964844,58.70000076293945,387.54616390786015,1.7924000024795532,558.0
2019-08-27,54.93000030517578,59.5099983215332,387.27072242676,1.8158999681472778,553.5
2019-08-28,55.779998779296875,60.4900016784668,392.3204829135954,1.8509999513626099,569.5
2019-08-29,56.709999084472656,61.08000183105469,395.16671155162993,1.8639999628067017,571.75
2019-08-30,55.099998474121094,60.43000030517578,403.52176981166673,1.8281999826431274,561.0
2019-09-02,,,396.176663648997,,555.5
2019-09-03,53.939998626708984,58.2599983215332,394.43220093536297,1.8033000230789185,551.0
2019-09-04,56.2599983215332,60.70000076293945,394.70764241646305,1.8802000284194946,574.0
2019-09-05,56.29999923706055,60.95000076293945,403.06270067649984,1.8884999752044678,586.25
2019-09-06,56.52000045776367,61.540000915527344,406.67802848845554,1.9003000259399414,575.5
2019-09-09,57.849998474121094,62.59000015258789,412.518173415461,1.9277000427246094,592.25
2019-09-10,57.400001525878906,62.380001068115234,414.55758910425646,1.9312000274658203,600.75
2019-09-11,55.75,60.810001373291016,416.1335012274167,1.9032000303268433,590.75
2019-09-12,55.09000015258789,60.380001068115234,404.63861279966,1.88510000705719,576.25
2019-09-13,54.849998474121094,60.220001220703125,,1.8777999877929688,577.0
2019-09-16,62.900001525878906,69.0199966430664,435.97145383660967,2.0838000774383545,637.25
2019-09-17,59.34000015258789,64.55000305175781,454.1407936095153,1.9895999431610107,620.0
2019-09-18,58.11000061035156,63.599998474121094,436.24955597599086,1.9732999801635742,611.0
2019-09-19,58.130001068115234,64.4000015258789,424.9400689744883,2.0048999786376953,615.75
2019-09-20,58.09000015258789,64.27999877929688,430.0386081964771,1.986299991607666,617.25
2019-09-23,58.63999938964844,64.7699966430664,432.44882673778096,1.996999979019165,612.0
2019-09-24,57.290000915527344,63.099998474121094,428.27729464706283,1.9675999879837036,606.0
2019-09-25,56.4900016784668,62.38999938964844,419.5634276131183,1.9538999795913696,596.5
2019-09-26,56.40999984741211,62.7400016784668,417.6167126374498,1.9551000595092773,593.25
2019-09-27,55.90999984741211,61.90999984741211,415.7626983749084,1.94159996509552,602.25
2019-09-30,54.06999969482422,60.779998779296875,414.3721876780024,1.9055999517440796,590.25
2019-10-01,53.619998931884766,58.88999938964844,,1.8984999656677246,587.25
2019-10-02,52.63999938964844,57.689998626708984,,1.8730000257492065,570.5
2019-10-03,52.45000076293945,57.709999084472656,,1.8760000467300415,566.25
2019-10-04,52.810001373291016,58.369998931884766,,1.8945000171661377,579.75
2019-10-07,52.75,58.349998474121094,,1.9033000469207764,588.75
2019-10-08,52.630001068115234,58.2400016784668,407.88313775910746,1.910099983215332,578.75
2019-10-09,52.59000015258789,58.31999969482422,416.50430407992496,1.9192999601364136,591.25
2019-10-10,53.54999923706055,59.099998474121094,415.75435259834956,1.920799970626831,591.25
2019-10-11,54.70000076293945,60.5099983215332,431.4095897762356,1.9575999975204468,595.75
2019-10-14,53.59000015258789,59.349998474121094,437.5029455640355,1.9150999784469604,579.25
2019-10-15,52.810001373291016,58.7400016784668,427.3786005627679,1.909999966621399,583.5
2019-10-16,53.36000061035156,59.41999816894531,424.7537703772541,1.9426000118255615,587.75
2019-10-17,53.93000030517578,59.90999984741211,416.3168162095311,1.948099970817566,584.0
2019-10-18,53.779998779296875,59.41999816894531,419.31662213583263,1.947100043296814,589.25
2019-10-21,53.310001373291016,58.959999084472656,418.1916949134696,1.940600037574768,582.0
2019-10-22,54.15999984741211,59.70000076293945,414.6294253759865,1.9436999559402466,593.0
2019-10-23,55.970001220703125,61.16999816894531,415.84809653354654,1.9643000364303589,590.75
2019-10-24,56.22999954223633,61.66999816894531,420.3478054229987,1.986299991607666,599.0
2019-10-25,56.65999984741211,62.02000045776367,423.44135528449715,1.979599952697754,597.75
2019-10-28,55.810001373291016,61.56999969482422,427.75357630355563,1.9617999792099,591.75
2019-10-29,55.540000915527344,61.59000015258789,426.44116121079867,1.9563000202178955,591.25
2019-10-30,55.060001373291016,60.61000061035156,424.2850507012695,1.913599967956543,582.0
2019-10-31,54.18000030517578,60.22999954223633,421.19150083977104,1.878000020980835,567.0
2019-11-01,56.20000076293945,61.689998626708984,415.84809653354654,1.9330999851226807,578.0
2019-11-04,56.540000915527344,62.130001068115234,422.0351962565433,1.940500020980835,594.0
2019-11-05,57.22999954223633,62.959999084472656,430.00343074828174,1.9565999507904053,589.5
2019-11-06,56.349998474121094,61.7400016784668,429.34722320190326,1.9278000593185425,586.75
2019-11-07,57.150001525878906,62.290000915527344,425.40997792363254,1.920300006866455,583.25
2019-11-08,57.2400016784668,62.5099983215332,423.3476113493003,1.9180999994277954,576.5
2019-11-11,56.86000061035156,62.18000030517578,424.0038188956787,1.914199948310852,583.5
2019-11-12,56.79999923706055,62.060001373291016,428.5972717203279,1.8976000547409058,583.5
2019-11-13,57.119998931884766,62.369998931884766,421.94145232134645,1.912500023841858,575.25
2019-11-14,56.77000045776367,62.279998779296875,427.28129752168326,1.9178999662399292,580.75
2019-11-15,57.720001220703125,63.29999923706055,422.128815310832,1.9479999542236328,587.25
2019-11-18,57.04999923706055,62.439998626708984,427.00025303745497,1.9047000408172607,571.75
2019-11-19,55.209999084472656,60.90999984741211,424.47085267940076,1.8573999404907227,567.5
2019-11-20,57.11000061035156,62.400001525878906,415.2900661946112,1.8920999765396118,573.75
2019-11-21,58.58000183105469,63.970001220703125,423.81508221620146,1.944700002670288,579.0
2019-11-22,57.77000045776367,63.38999938964844,429.9043793744802,1.9293999671936035,581.75
2019-11-25,58.0099983215332,63.650001525878906,434.02636514316123,1.9443000555038452,582.75
2019-11-26,58.40999984741211,64.2699966430664,431.12223880613595,1.9606000185012817,589.5
2019-11-27,58.11000061035156,64.05999755859375,434.02636514316123,1.9464999437332153,587.5
2019-11-28,,,432.62114272202,,586.25
2019-11-29,55.16999816894531,62.43000030517578,434.21372813264674,1.8789000511169434,572.0
2019-12-02,55.959999084472656,60.91999816894531,422.9719487635167,1.8860000371932983,575.0
2019-12-03,56.099998474121094,60.81999969482422,422.0351338160892,1.8798999786376953,570.0
2019-12-04,58.43000030517578,63.0,420.3488669107197,1.9228999614715576,579.0
2019-12-05,58.43000030517578,63.38999938964844,426.90657154271224,1.9329999685287476,583.5
2019-12-06,59.20000076293945,64.38999938964844,429.0612459217955,1.9521000385284424,587.25
2019-12-09,59.02000045776367,64.25,436.8538243488215,1.944200038909912,586.25
2019-12-10,59.2400016784668,64.33999633789062,438.1682351678379,1.965499997138977,590.25
2019-12-11,58.7599983215332,63.720001220703125,436.9477108358941,1.9287999868392944,579.0
2019-12-12,59.18000030517578,64.19999694824219,437.8865757066201,1.9507999420166016,579.0
2019-12-13,60.06999969482422,65.22000122070312,437.6988027324749,1.9864000082015991,595.25
2019-12-16,60.209999084472656,65.33999633789062,442.1114676248872,2.004499912261963,606.75
2019-12-17,60.939998626708984,66.0999984741211,441.92369465074205,2.033400058746338,613.5
2019-12-18,60.93000030517578,66.16999816894531,444.64640277584755,2.0202999114990234,609.75
2019-12-19,61.220001220703125,66.54000091552734,449.24684064240506,2.0295000076293945,614.5
2019-12-20,60.439998626708984,66.13999938964844,450.8429109226393,2.0218000411987305,613.5
2019-12-23,60.52000045776367,66.38999938964844,447.6507703621708,2.022200107574463,612.5
2019-12-24,61.11000061035156,67.19999694824219,451.0306838967845,2.03629994392395,615.25
2019-12-25,,,454.59837040554345,,
2019-12-26,61.68000030517578,67.91999816894531,455.16168932797905,2.0520999431610107,623.0
2019-12-27,61.720001220703125,68.16000366210938,459.668240707464,2.0495998859405518,626.0
2019-12-30,61.68000030517578,68.44000244140625,459.3865812462462,2.040600061416626,623.0
2019-12-31,61.060001373291016,66.0,453.94116499603524,2.0283000469207764,614.0
2020-01-02,61.18000030517578,66.25,452.90691627711306,2.0241000652313232,615.5
2020-01-03,63.04999923706055,68.5999984741211,469.17282794743494,2.0613999366760254,625.5
2020-01-06,63.27000045776367,68.91000366210938,485.25069439613463,2.033900022506714,620.0
2020-01-07,62.70000076293945,68.2699966430664,472.18155149339043,2.032399892807007,616.75
2020-01-08,59.61000061035156,65.44000244140625,477.7288855312459,1.9581999778747559,606.25
2020-01-09,59.560001373291016,65.37000274658203,452.71887105549087,1.9500999450683594,593.25
2020-01-10,59.040000915527344,64.9800033569336,450.46232839602425,1.9284000396728516,593.25
2020-01-13,58.08000183105469,64.19999694824219,448.3938309581798,1.8980000019073486,577.0
2020-01-14,58.22999954223633,64.48999786376953,437.58123071490223,1.9103000164031982,579.5
2020-01-15,57.810001373291016,64.0,435.606755887869,1.8779000043869019,575.75
2020-01-16,58.52000045776367,64.62000274658203,435.8888237203023,1.8600000143051147,576.0
2020-01-17,58.540000915527344,64.8499984741211,436.26491416354673,1.8592000007629395,568.75
2020-01-20,,,438.1453663797689,,576.75
2020-01-21,58.34000015258789,64.58999633789062,433.3502132284023,1.829200029373169,569.0
2020-01-22,56.7400016784668,63.209999084472656,432.3159645094801,1.8001999855041504,552.25
2020-01-23,55.59000015258789,62.040000915527344,420.46911554728035,1.791599988937378,545.5
2020-01-24,54.189998626708984,60.689998626708984,,1.7339999675750732,536.0
2020-01-27,53.13999938964844,59.31999969482422,,1.6794999837875366,511.5
2020-01-28,53.47999954223633,59.5099983215332,,1.71589994430542,525.0
2020-01-29,53.33000183105469,59.810001373291016,,1.7035000324249268,523.25
2020-01-30,52.13999938964844,58.290000915527344,,1.6396000385284424,509.0
2020-01-31,51.560001373291016,58.15999984741211,,1.624500036239624,501.0
2020-02-03,50.11000061035156,54.45000076293945,390.66394792015876,1.5779000520706177,483.5
2020-02-04,49.61000061035156,53.959999084472656,378.00704051655595,1.583899974822998,491.75
2020-02-05,50.75,55.279998779296875,376.87358612220345,1.645400047302246,506.25
2020-02-06,50.95000076293945,54.93000030517578,386.4134939413369,1.6654000282287598,507.75
2020-02-07,50.31999969482422,54.470001220703125,382.4464035611032,1.6433000564575195,505.25
2020-02-10,49.56999969482422,53.27000045776367,377.7236769179678,1.6124999523162842,492.5
2020-02-11,49.939998626708984,54.0099983215332,375.74013172785095,1.6267000436782837,494.25
2020-02-12,51.16999816894531,55.790000915527344,380.9351310352999,1.6756999492645264,494.25
2020-02-13,51.41999816894531,56.34000015258789,383.5798579554557,1.6805000305175781,512.5
2020-02-14,52.04999923706055,57.31999969482422,385.5634031455725,1.698199987411499,514.5
2020-02-17,,,387.64140286855206,,510.25
2020-02-18,52.04999923706055,57.75,383.485403422593,1.6723999977111816,504.0
2020-02-19,53.290000915527344,59.119998931884766,390.56949338729606,1.7067999839782715,517.0
2020-02-20,53.779998779296875,59.310001373291016,396.33121989192125,1.69760000705719,519.0
2020-02-21,53.380001068115234,58.5,392.36412951168745,1.6865999698638916,508.5
2020-02-24,51.43000030517578,56.29999923706055,378.00704051655595,1.6131999492645264,485.5
2020-02-25,49.900001525878906,54.95000076293945,377.1569497207916,1.56850004196167,485.75
2020-02-26,48.72999954223633,53.43000030517578,361.31001906025415,1.499400019645691,468.75
2020-02-27,47.09000015258789,52.18000030517578,349.4714296844408,1.4891999959945679,445.25
2020-02-28,44.7599983215332,50.52000045776367,335.5820610466757,1.4905999898910522,441.0
2020-03-02,46.75,51.900001525878906,342.94622294186655,1.5286999940872192,454.5
2020-03-03,47.18000030517578,51.86000061035156,350.96290551131494,1.5329999923706055,460.25
2020-03-04,46.779998779296875,51.130001068115234,349.65786416280014,1.5332000255584717,462.25
2020-03-05,45.900001525878906,49.9900016784668,348.3528228142853,1.4884999990463257,456.0
2020-03-06,41.279998779296875,45.27000045776367,333.0651955888256,1.385200023651123,413.25
2020-03-09,31.1299991607666,34.36000061035156,315.16748566633623,1.1628999710083008,359.25
2020-03-10,34.36000061035156,37.220001220703125,286.73622771654846,1.249899983406067,369.0
2020-03-11,32.97999954223633,35.790000915527344,256.34740774398836,1.2380000352859497,376.0
2020-03-12,31.5,33.220001220703125,243.3902114980195,1.1598000526428223,376.0
2020-03-13,31.729999542236328,33.849998474121094,248.98324584879742,1.1374000310897827,336.5
2020-03-16,28.700000762939453,30.049999237060547,231.36518764384692,1.0465999841690063,306.25
2020-03-17,26.950000762939453,28.729999542236328,229.7242997882168,1.0356999635696411,300.0
2020-03-18,20.3700008392334,24.8799991607666,219.6966517815883,0.954200029373169,271.25
2020-03-19,25.219999313354492,28.469999313354492,215.32095083324128,1.041700005531311,287.75
2020-03-20,22.43000030517578,26.979999542236328,229.26849760609733,1.0062999725341797,301.0
2020-03-23,23.360000610351562,27.030000686645508,226.89832625907604,1.0161000490188599,286.0
2020-03-24,24.010000228881836,27.149999618530273,237.01713470212843,1.080299973487854,303.25
2020-03-25,24.489999771118164,27.389999389648438,241.0281939047798,1.0978000164031982,306.0
2020-03-26,22.600000381469727,26.34000015258789,235.83204902861777,1.0503000020980835,303.75
2020-03-27,21.510000228881836,24.93000030517578,233.00607549947702,1.06850004196167,300.25
2020-03-30,20.09000015258789,22.760000228881836,229.7242997882168,1.0194000005722046,285.25
2020-03-31,20.479999542236328,22.739999771118164,241.8486378325949,1.0120999813079834,292.75
2020-04-01,20.309999465942383,24.739999771118164,239.02266430345412,0.9322999715805054,271.75
2020-04-02,25.31999969482422,29.940000534057617,263.45366126505814,0.9951000213623047,276.0
2020-04-03,28.34000015258789,34.11000061035156,258.4398372617439,1.0706000328063965,297.0
2020-04-06,26.079999923706055,33.04999923706055,,1.045699954032898,293.75
2020-04-07,23.6299991607666,31.8700008392334,271.38461923393703,1.027500033378601,298.0
2020-04-08,25.09000015258789,32.84000015258789,266.9177578491662,1.010699987411499,298.0
2020-04-09,22.760000228881836,31.479999542236328,274.939876254469,0.972599983215332,302.5
2020-04-10,,,264.3652656292971,,
2020-04-13,22.40999984741211,31.739999771118164,259.89840424452626,0.9945999979972839,298.5
2020-04-14,20.110000610351562,29.600000381469727,255.97850547829873,0.9441999793052673,279.5
2020-04-15,19.8700008392334,27.690000534057617,250.2353979835933,0.9138000011444092,260.75
2020-04-16,19.8700008392334,27.81999969482422,235.74088859219393,0.9463000297546387,271.0
2020-04-17,18.270000457763672,28.079999923706055,231.27402720742302,0.9563000202178955,275.5
2020-04-20,-37.630001068115234,25.56999969482422,221.3375396372184,0.8877999782562256,261.75
2020-04-21,10.010000228881836,19.329999923706055,208.9397202835686,0.7268999814987183,216.0
2020-04-22,13.779999732971191,20.3700008392334,191.98387910872404,0.7311000227928162,212.0
2020-04-23,16.5,21.329999923706055,208.9820023376762,0.734499990940094,227.75
2020-04-24,16.940000534057617,21.440000534057617,211.48426413280114,0.6467000246047974,205.0
2020-04-27,12.779999732971191,19.989999771118164,199.23180982563764,0.6104000210762024,190.75
2020-04-28,12.34000015258789,20.459999084472656,200.52608316794365,0.6308000087738037,191.5
2020-04-29,15.0600004196167,22.540000915527344,210.2762756799822,0.6945000290870667,208.5
2020-04-30,18.84000015258789,25.270000457763672,214.59052015433556,0.7318999767303467,236.75
2020-05-01,19.780000686645508,26.440000534057617,,0.7961000204086304,220.0
2020-05-04,20.389999389648438,27.200000762939453,,0.8030999898910522,210.75
2020-05-05,24.559999465942383,30.969999313354492,,0.8960000276565552,241.75
2020-05-06,23.989999771118164,29.719999313354492,227.44696868790857,0.8240000009536743,228.0
2020-05-07,23.549999237060547,29.459999084472656,225.54870111919305,0.8371000289916992,237.75
2020-05-08,24.739999771118164,30.969999313354492,226.32526512457667,0.8992999792098999,242.25
2020-05-11,24.139999389648438,29.6299991607666,223.30529399252933,0.8687000274658203,240.0
2020-05-12,25.780000686645508,29.979999542236328,218.47334018125358,0.8384000062942505,240.0
2020-05-13,25.290000915527344,29.190000534057617,216.83392728099932,0.8313999772071838,245.25
2020-05-14,27.559999465942383,31.1299991607666,211.6568339117753,0.8948000073432922,255.25
2020-05-15,29.43000030517578,32.5,223.9092882189388,0.9204000234603882,269.75
2020-05-18,31.81999969482422,34.810001373291016,230.89836426739123,1.0063999891281128,302.75
2020-05-19,32.5,34.650001525878906,230.72579448841708,0.9735999703407288,290.25
2020-05-20,33.4900016784668,35.75,231.76121316226192,0.9905999898910522,299.5
2020-05-21,33.91999816894531,36.060001373291016,240.0445625530203,0.9890000224113464,296.5
2020-05-22,33.25,35.130001068115234,229.25895136713694,0.9819999933242798,287.75
2020-05-25,,,234.43604473636097,,299.75
2020-05-26,34.349998474121094,36.16999816894531,237.11087631046004,0.9908000230789185,297.0
2020-05-27,32.810001373291016,34.7400016784668,235.3851785207187,0.972100019454956,286.75
2020-05-28,33.709999084472656,35.290000915527344,235.64403318917994,0.925599992275238,281.0
2020-05-29,35.4900016784668,35.33000183105469,237.45601586840831,0.9646999835968018,283.75
2020-06-01,35.439998626708984,38.31999969482422,239.95827766353327,1.0290000438690186,293.75
2020-06-02,36.810001373291016,39.56999969482422,240.3897021109686,1.0921000242233276,314.0
2020-06-03,37.290000915527344,39.790000915527344,250.74388884941663,1.0645999908447266,307.25
2020-06-04,37.40999984741211,39.9900016784668,241.94283012173577,1.0741000175476074,302.5
2020-06-05,39.54999923706055,42.29999923706055,245.82565014865378,1.1505999565124512,330.5
2020-06-08,38.189998626708984,40.79999923706055,255.14441821325704,1.1212999820709229,330.0
2020-06-09,38.939998626708984,41.18000030517578,250.86293947381765,1.1547000408172607,329.0
2020-06-10,39.599998474121094,41.72999954223633,248.16719360083732,1.1729999780654907,336.0
2020-06-11,36.34000015258789,38.54999923706055,244.36143472133566,1.0880000591278076,336.0
2020-06-12,36.2599983215332,38.72999954223633,232.46843822289298,1.1014000177383423,328.5
2020-06-15,37.119998931884766,39.720001220703125,228.90348000478158,1.1369999647140503,330.5
2020-06-16,38.380001068115234,40.959999084472656,240.5932267199841,1.1821999549865723,346.0
2020-06-17,37.959999084472656,40.709999084472656,244.2410909431679,1.1820000410079956,349.5
2020-06-18,38.84000015258789,41.5099983215332,244.8214329786744,1.1986000537872314,353.75
2020-06-19,39.75,42.189998626708984,248.13767318156874,1.211400032043457,364.5
2020-06-22,40.459999084472656,43.08000183105469,246.47955308012158,1.2186000347137451,364.5
2020-06-23,40.369998931884766,42.630001068115234,247.55733114606224,1.2029999494552612,367.75
2020-06-24,38.0099983215332,40.310001373291016,247.88895516635165,1.1507999897003174,345.75
2020-06-25,38.720001220703125,41.04999923706055,,1.1555999517440796,344.5
2020-06-26,38.4900016784668,41.02000045776367,,1.136299967765808,339.0
2020-06-29,39.70000076293945,41.709999084472656,236.86245649172798,1.1654000282287598,348.0
2020-06-30,39.27000045776367,41.150001525878906,242.417158831576,1.1780999898910522,352.25
2020-07-01,39.81999969482422,42.029998779296875,243.16331287722724,1.1995999813079834,357.5
2020-07-02,40.650001525878906,43.13999938964844,247.22570712577277,1.2310999631881714,363.0
2020-07-03,,,246.89408310548336,,364.0
2020-07-06,40.630001068115234,43.099998474121094,248.09066186043722,1.2417000532150269,372.5
2020-07-07,40.619998931884766,43.08000183105469,246.25590776950793,1.243299961090088,370.5
2020-07-08,40.900001525878906,43.290000915527344,248.17043377743417,1.2344000339508057,367.75
2020-07-09,39.619998931884766,42.349998474121094,248.72883719641263,1.2238999605178833,364.5
2020-07-10,40.54999923706055,43.2400016784668,243.14480300662788,1.2411999702453613,364.5
2020-07-13,40.099998474121094,42.720001220703125,245.93682010152025,1.2235000133514404,368.5
2020-07-14,40.290000915527344,42.900001525878906,243.5436625916125,1.2208000421524048,366.5
2020-07-15,41.20000076293945,43.790000915527344,245.61773243353252,1.2447999715805054,371.0
2020-07-16,40.75,43.369998931884766,240.51232974572935,1.2279000282287598,369.0
2020-07-17,40.59000015258789,43.13999938964844,239.8741544097539,1.219099998474121,367.5
2020-07-20,40.810001373291016,43.279998779296875,233.97103255198147,1.2354999780654907,370.5
2020-07-21,41.959999084472656,44.31999969482422,238.8371194887939,1.2799999713897705,386.75
2020-07-22,41.900001525878906,44.290000915527344,240.35278591173548,1.2706999778747559,379.25
2020-07-23,41.06999969482422,43.310001373291016,240.19324207774164,1.25409996509552,377.75
2020-07-24,41.290000915527344,43.34000015258789,235.9653304769046,1.2562999725341797,374.75
2020-07-27,41.599998474121094,43.40999984741211,235.16761130693536,1.25409996509552,370.0
2020-07-28,41.040000915527344,43.220001220703125,232.8542257140245,1.2421000003814697,371.0
2020-07-29,41.27000045776367,43.75,232.21605037804915,1.2532999515533447,377.25
2020-07-30,39.91999816894531,42.939998626708984,232.05650654405525,1.211899995803833,360.25
2020-07-31,40.27000045776367,43.29999923706055,228.22745452820288,1.2171000242233276,365.0
2020-08-03,41.0099983215332,44.150001525878906,223.12205184039965,1.2409000396728516,370.0
2020-08-04,41.70000076293945,44.43000030517578,224.39840251235046,1.2583999633789062,370.75
2020-08-05,42.189998626708984,45.16999816894531,223.36136759139043,1.263100028038025,388.0
2020-08-06,41.95000076293945,45.09000015258789,225.67475318430124,1.249899983406067,374.5
2020-08-07,41.220001220703125,44.400001525878906,224.79726209733508,1.2199000120162964,369.0
2020-08-10,41.939998626708984,44.9900016784668,226.7915600222582,1.236899971961975,367.75
2020-08-11,41.61000061035156,44.5,227.5632223564612,1.2383999824523926,376.0
2020-08-12,42.66999816894531,45.43000030517578,226.48289508857704,1.257200002670288,376.0
2020-08-13,42.2400016784668,44.959999084472656,226.01989768805524,1.2381000518798828,376.5
2020-08-14,42.0099983215332,44.79999923706055,225.24823535385224,1.2367000579833984,374.5
2020-08-17,42.88999938964844,45.369998931884766,223.24191328492452,1.2390999794006348,375.0
2020-08-18,42.88999938964844,45.459999084472656,219.22926914706898,1.2604000568389893,380.0
2020-08-19,42.93000030517578,45.369998931884766,222.856082117823,1.2510000467300415,376.75
2020-08-20,42.58000183105469,44.900001525878906,222.856082117823,1.2467000484466553,371.0
2020-08-21,42.34000015258789,44.349998474121094,220.92692628231555,1.2079999446868896,360.0
2020-08-24,42.619998931884766,45.130001068115234,222.7789158844027,1.2475999593734741,370.75
2020-08-25,43.349998474121094,45.86000061035156,226.32856262173647,1.26010000705719,378.5
2020-08-26,43.38999938964844,45.63999938964844,227.17739118935972,1.2446999549865723,371.0
2020-08-27,43.040000915527344,45.09000015258789,227.5632223564612,1.2107000350952148,362.5
2020-08-28,42.970001220703125,45.04999923706055,226.56006132199735,1.2161999940872192,365.5
2020-08-31,42.61000061035156,45.279998779296875,229.9553755924905,1.1960999965667725,362.0
2020-09-01,42.7599983215332,45.58000183105469,227.48605612304095,1.2308000326156616,365.75
2020-09-02,41.5099983215332,44.43000030517578,225.86556522121464,1.1885000467300415,355.25
2020-09-03,41.369998931884766,44.06999969482422,220.54109511521406,1.1677000522613525,334.5
2020-09-04,39.77000045776367,42.65999984741211,219.46076784732983,1.1514999866485596,335.5
2020-09-07,,,210.27798607031428,,328.0
2020-09-08,36.7599983215332,39.779998779296875,207.65433413402414,1.076799988746643,309.5
2020-09-09,38.04999923706055,40.790000915527344,193.60088607137607,1.1060999631881714,317.25
2020-09-10,37.29999923706055,40.060001373291016,193.2349108614113,1.0823999643325806,317.25
2020-09-11,37.33000183105469,39.83000183105469,190.16071909770702,1.0895999670028687,324.0
2020-09-14,37.2599983215332,39.61000061035156,191.77101002155212,1.093400001525879,319.75
2020-09-15,38.279998779296875,40.529998779296875,190.81947447564363,1.0993000268936157,320.0
2020-09-16,40.15999984741211,42.220001220703125,198.0657836329466,1.1162999868392944,325.25
2020-09-17,40.970001220703125,43.29999923706055,197.62661338098883,1.1598000526428223,340.0
2020-09-18,41.11000061035156,43.150001525878906,203.33582665643962,1.159000039100647,339.75
2020-09-21,39.310001373291016,41.439998626708984,202.53068119451706,1.107300043106079,321.75
2020-09-22,39.599998474121094,41.720001220703125,193.82047119735498,1.0960999727249146,322.25
2020-09-23,39.93000030517578,41.77000045776367,193.96686128134087,1.1074999570846558,325.75
2020-09-24,40.310001373291016,41.939998626708984,191.55142489557323,1.1167000532150269,320.75
2020-09-25,40.25,41.91999816894531,194.8383606276258,1.1261999607086182,325.25
2020-09-28,40.599998474121094,42.43000030517578,192.2507729236695,1.1395000219345093,330.25
2020-09-29,39.290000915527344,41.029998779296875,194.2089474023391,1.1089999675750732,325.5
2020-09-30,40.220001220703125,40.95000076293945,186.44618429047034,1.145400047302246,329.5
2020-10-01,38.720001220703125,40.93000030517578,,1.125,317.0
2020-10-02,37.04999923706055,39.27000045776367,,1.0850000381469727,314.75
2020-10-05,39.220001220703125,41.290000915527344,,1.1332999467849731,329.0
2020-10-06,40.66999816894531,42.650001525878906,,1.188599944114685,341.75
2020-10-07,39.95000076293945,41.9900016784668,,1.1607999801635742,332.25
2020-10-08,41.189998626708984,43.34000015258789,,1.1922999620437622,343.5
2020-10-09,40.599998474121094,42.849998474121094,193.71940378267172,1.1933000087738037,347.0
2020-10-12,39.43000030517578,41.720001220703125,192.4605773320984,1.157099962234497,347.0
2020-10-13,40.20000076293945,42.45000076293945,190.15272883938064,1.1690000295639038,339.25
2020-10-14,41.040000915527344,43.31999969482422,188.5442283747592,1.1924999952316284,343.0
2020-10-15,40.959999084472656,43.15999984741211,190.85207686747694,1.1886999607086182,341.5
2020-10-16,40.880001068115234,42.93000030517578,189.8030548253325,1.1791000366210938,344.75
2020-10-19,40.83000183105469,42.619998931884766,189.9429244309518,1.1581000089645386,341.0
2020-10-20,41.459999084472656,43.15999984741211,189.3135112056651,1.1734999418258667,337.25
2020-10-21,40.029998779296875,41.72999954223633,188.68409798037845,1.1398999691009521,328.0
2020-10-22,40.63999938964844,42.459999084472656,186.51611909327994,1.1606999635696411,336.25
2020-10-23,39.849998474121094,41.77000045776367,185.53703185394517,1.1512999534606934,335.0
2020-10-26,38.560001373291016,40.459999084472656,178.89322558703043,1.1217999458312988,320.25
2020-10-27,39.56999969482422,41.20000076293945,179.3128344038882,1.1576999425888062,329.5
2020-10-28,37.38999938964844,39.119998931884766,176.23570308026453,1.1141999959945679,314.75
2020-10-29,36.16999816894531,37.650001525878906,166.2350262784876,1.0884000062942505,304.0
2020-10-30,35.790000915527344,37.459999084472656,156.69750153846934,1.0813000202178955,305.0
2020-11-02,36.810001373291016,38.970001220703125,154.01087485114024,1.1123000383377075,307.25
2020-11-03,37.65999984741211,39.709999084472656,160.3244475663636,1.1270999908447266,316.75
2020-11-04,39.150001525878906,41.22999954223633,166.4365232800373,1.1734999418258667,327.5
2020-11-05,38.790000915527344,40.93000030517578,163.34690258960882,1.169600009918213,327.0
2020-11-06,37.13999938964844,39.45000076293945,161.46626390847848,1.1426000595092773,322.75
2020-11-09,40.290000915527344,42.400001525878906,164.89171293482306,1.2166999578475952,343.75
2020-11-10,41.36000061035156,43.61000061035156,172.21277065779483,1.252500057220459,351.0
2020-11-11,41.45000076293945,43.79999923706055,178.5935090402014,1.2458000183105469,358.5
2020-11-12,41.119998931884766,43.529998779296875,175.3023913482233,1.233299970626831,358.5
2020-11-13,40.130001068115234,42.779998779296875,172.75009599526066,1.204200029373169,344.75
2020-11-16,41.34000015258789,43.81999969482422,175.16806001385686,1.2288999557495117,352.75
2020-11-17,41.43000030517578,43.75,174.4964033420246,1.2390999794006348,350.25
2020-11-18,41.81999969482422,44.34000015258789,174.42923767484135,1.2640000581741333,360.75
2020-11-19,41.7400016784668,44.20000076293945,175.23522568104005,1.2706999778747559,357.75
2020-11-20,42.150001525878906,44.959999084472656,175.0337286794904,1.2862999439239502,359.5
2020-11-23,43.060001373291016,46.060001373291016,179.93682238386597,1.3105000257492065,370.25
2020-11-24,44.90999984741211,47.86000061035156,189.00418745360165,1.3595000505447388,388.75
2020-11-25,45.709999084472656,48.61000061035156,194.64610349699277,1.3866000175476074,389.25
2020-11-26,,,193.77294982361082,,389.0
2020-11-27,45.529998779296875,48.18000030517578,194.17594382671018,1.3804999589920044,391.5
2020-11-30,45.34000015258789,47.59000015258789,189.13851878796814,1.3559000492095947,387.0
2020-12-01,44.54999923706055,47.41999816894531,192.56396781431272,1.3473000526428223,386.25
2020-12-02,45.279998779296875,48.25,190.81766046754882,1.3661999702453613,390.5
2020-12-03,45.63999938964844,48.709999084472656,192.63113348149597,1.3933000564575195,396.5
2020-12-04,46.2599983215332,49.25,198.67900473976601,1.402999997138977,397.5
2020-12-07,45.7599983215332,48.790000915527344,197.3278845650461,1.3991999626159668,401.5
2020-12-08,45.599998474121094,48.84000015258789,190.44360557956847,1.4067000150680542,402.0
2020-12-09,45.52000045776367,48.86000061035156,191.40869141865412,1.398900032043457,398.5
2020-12-10,46.779998779296875,50.25,189.92889313205612,1.4357000589370728,398.5
2020-12-11,46.56999969482422,49.970001220703125,193.98225365621585,1.436900019645691,412.0
2020-12-14,46.9900016784668,50.290000915527344,196.1697815581433,1.4543999433517456,410.5
2020-12-15,47.619998931884766,50.7599983215332,193.3388630968254,1.464400053024292,419.75
2020-12-16,47.81999969482422,51.08000183105469,194.175270824033,1.4779000282287598,418.75
2020-12-17,48.36000061035156,51.5,202.47500904016957,1.4952000379562378,426.75
2020-12-18,49.099998474121094,52.2599983215332,202.92538243174286,1.5130000114440918,433.5
2020-12-21,47.7400016784668,50.90999984741211,198.67900473976601,1.4773999452590942,414.25
2020-12-22,47.02000045776367,50.08000183105469,189.92889313205612,1.4615999460220337,418.0
2020-12-23,48.119998931884766,51.20000076293945,187.48400900637245,1.497499942779541,427.0
2020-12-24,48.22999954223633,51.290000915527344,197.6495798447413,1.4900000095367432,423.5
2020-12-25,,,199.19371718727837,,
2020-12-28,47.619998931884766,50.86000061035156,197.26354550910708,1.4789999723434448,426.75
2020-12-29,48.0,51.09000015258789,196.23412061408237,1.486799955368042,424.75
2020-12-30,48.400001525878906,51.34000015258789,196.29845967002143,1.489799976348877,425.25
2020-12-31,48.52000045776367,51.79999923706055,194.11093176809393,1.4763000011444092,420.75
2021-01-04,47.619998931884766,51.09000015258789,205.94931806087794,1.4620000123977661,419.75
2021-01-05,49.93000030517578,53.599998474121094,200.38482927077743,1.5189000368118286,431.75
2021-01-06,50.630001068115234,54.29999923706055,208.16246701148606,1.5286999940872192,434.75
2021-01-07,50.83000183105469,54.380001068115234,215.94010475219469,1.538100004196167,436.25
2021-01-08,52.2400016784668,55.9900016784668,217.90032239416192,1.5794999599456787,443.75
2021-01-11,52.25,55.65999984741211,210.1859174806135,1.5735000371932983,445.75
2021-01-12,53.209999084472656,56.58000183105469,217.71062391268123,1.5966999530792236,445.75
2021-01-13,52.90999984741211,56.060001373291016,221.50459354229517,1.5988999605178833,460.25
2021-01-14,53.56999969482422,56.41999816894531,216.50920019663678,1.6194000244140625,459.5
2021-01-15,52.36000061035156,55.099998474121094,214.6122153818298,1.592900037765503,452.0
2021-01-18,,,210.56531444357492,,453.5
2021-01-19,52.97999954223633,55.900001525878906,211.38734119665796,1.5987000465393066,459.25
2021-01-20,53.2400016784668,56.08000183105469,216.69889867811747,1.6003999710083008,459.5
2021-01-21,53.130001068115234,56.099998474121094,214.9916123447912,1.600600004196167,455.0
2021-01-22,52.27000045776367,55.40999984741211,210.1226846534533,1.5759999752044678,449.25
2021-01-25,52.77000045776367,55.880001068115234,209.99621899913282,1.5938999652862549,448.5
2021-01-26,52.61000061035156,55.90999984741211,207.40367308556327,1.5983999967575073,451.0
2021-01-27,52.849998474121094,55.810001373291016,211.82997098677956,1.6088999509811401,456.0
2021-01-28,52.34000015258789,55.529998779296875,210.7550129250556,1.601699948310852,451.25
2021-01-29,52.20000076293945,55.880001068115234,211.82997098677956,1.6003999710083008,450.25
2021-02-01,53.54999923706055,56.349998474121094,212.6519977398626,1.6469000577926636,454.25
2021-02-02,54.7599983215332,57.459999084472656,219.29144459168702,1.6746000051498413,471.75
2021-02-03,55.689998626708984,58.459999084472656,218.67110104262994,1.690500020980835,477.25
2021-02-04,56.22999954223633,58.84000015258789,225.12267395282382,1.7005000114440918,475.5
2021-02-05,56.849998474121094,59.34000015258789,225.9911549215038,1.7137000560760498,487.5
2021-02-08,57.970001220703125,60.560001373291016,229.09287266678933,1.7477999925613403,493.5
2021-02-09,58.36000061035156,61.09000015258789,234.61393025339757,1.756700038909912,496.25
2021-02-10,58.68000030517578,61.470001220703125,230.27152540999782,1.7610000371932983,501.0
2021-02-11,58.2400016784668,61.13999938964844,,1.7446000576019287,501.0
2021-02-12,59.470001220703125,62.43000030517578,,1.771399974822998,502.75
2021-02-15,,,,,518.25
2021-02-16,60.04999923706055,63.349998474121094,,1.8143999576568604,515.25
2021-02-17,61.13999938964844,64.33999633789062,,1.8377000093460083,519.25
2021-02-18,60.52000045776367,63.93000030517578,247.51707607378538,1.836400032043457,526.75
2021-02-19,59.2400016784668,62.90999984741211,240.94143445378003,1.8229000568389893,523.0
2021-02-22,61.4900016784668,65.23999786376953,243.29873994019704,1.8586000204086304,526.0
2021-02-23,61.66999816894531,65.37000274658203,256.1398514056791,1.8680000305175781,532.0
2021-02-24,63.220001220703125,67.04000091552734,251.7354122073737,1.9083000421524048,541.5
2021-02-25,63.529998779296875,66.87999725341797,259.179534796059,1.906599998474121,542.25
2021-02-26,61.5,66.12999725341797,251.7974465622794,1.8565000295639038,532.0
2021-03-01,60.63999938964844,63.689998626708984,253.72051156435643,1.819200038909912,526.75
2021-03-02,59.75,62.70000076293945,240.33785452375093,1.8080999851226807,517.75
2021-03-03,61.279998779296875,64.06999969482422,243.51547172060702,1.8357000350952148,520.0
2021-03-04,63.83000183105469,66.73999786376953,247.7930333317595,1.8960000276565552,535.25
2021-03-05,66.08999633789062,69.36000061035156,261.7867706025296,1.944000005722046,547.5
2021-03-08,65.05000305175781,68.23999786376953,271.6251623081802,1.9084999561309814,546.0
2021-03-09,64.01000213623047,67.5199966430664,261.6645545564967,1.9072999954223633,537.75
2021-03-10,64.44000244140625,67.9000015258789,255.00378004770218,1.9172999858856201,530.5
2021-03-11,66.0199966430664,69.62999725341797,257.69253306042657,1.9594000577926636,530.5
2021-03-12,65.61000061035156,69.22000122070312,258.7313694517064,1.9674999713897705,553.25
2021-03-15,65.38999938964844,68.87999725341797,261.6034465334802,1.9488999843597412,544.0
2021-03-16,64.80000305175781,68.38999938964844,254.20937574848816,1.9327000379562378,538.5
2021-03-17,64.5999984741211,68.0,257.20366887629484,1.9061000347137451,532.25
2021-03-18,60.0,63.279998779296875,251.45951471274728,1.7841999530792236,515.5
2021-03-19,61.41999816894531,64.52999877929688,231.90494734747898,1.8222999572753906,510.5
2021-03-22,61.54999923706055,64.62000274658203,238.3823977872241,1.829300045967102,513.5
2021-03-23,57.7599983215332,60.790000915527344,238.81015394833935,1.748900055885315,497.25
2021-03-24,61.18000030517578,64.41000366210938,231.0494350252485,1.825600028038025,508.0
2021-03-25,58.560001373291016,61.95000076293945,234.1659441990881,1.7477999925613403,488.0
2021-03-26,60.970001220703125,64.56999969482422,234.83813245226924,1.809999942779541,510.75
2021-03-29,61.560001373291016,64.9800033569336,237.09912930387836,1.8098000288009644,505.25
2021-03-30,60.54999923706055,64.13999938964844,243.5765797436235,1.789199948310852,506.5
2021-03-31,59.15999984741211,63.540000915527344,244.2487679968046,1.771299958229065,505.25
2021-04-01,61.45000076293945,64.86000061035156,240.0323144086686,1.8315999507904053,496.25
2021-04-02,,,249.80959809130277,,
2021-04-05,58.650001525878906,62.150001525878906,,1.7724000215530396,498.5
2021-04-06,59.33000183105469,62.7400016784668,237.16023732689484,1.794100046157837,503.5
2021-04-07,59.77000045776367,63.15999984741211,235.8769688435491,1.8078999519348145,493.5
2021-04-08,59.599998474121094,63.20000076293945,234.3492682681375,1.8098000288009644,500.5
2021-04-09,59.31999969482422,62.95000076293945,236.2436169816479,1.8076000213623047,503.75
2021-04-12,59.70000076293945,63.279998779296875,233.93880120621716,1.8079999685287476,503.75
2021-04-13,60.18000030517578,63.66999816894531,238.97300408413162,1.8144999742507935,509.5
2021-04-14,63.150001525878906,66.58000183105469,242.61218688744327,1.8899999856948853,528.25
2021-04-15,63.459999084472656,66.94000244140625,251.46753170883494,1.898900032043457,530.0
2021-04-16,63.130001068115234,66.7699966430664,252.86255178343774,1.8956999778747559,531.5
2021-04-19,63.380001068115234,67.05000305175781,250.07251163423214,1.8925000429153442,529.0
2021-04-20,62.439998626708984,66.56999969482422,251.28557256866935,1.8801000118255615,519.0
2021-04-21,61.349998474121094,65.31999969482422,244.12851305548978,1.853700041770935,520.25
2021-04-22,61.43000030517578,65.4000015258789,239.70084064479394,1.86080002784729,521.25
2021-04-23,62.13999938964844,66.11000061035156,242.00565642022465,1.8734999895095825,525.0
2021-04-26,61.90999984741211,65.6500015258789,240.48933025217812,1.878499984741211,522.75
2021-04-27,62.939998626708984,66.41999816894531,244.0678600087679,1.9056999683380127,525.5
2021-04-28,63.86000061035156,67.2699966430664,247.525083671914,1.938599944114685,539.25
2021-04-29,65.01000213623047,68.55999755859375,251.6494908490005,1.961400032043457,543.75
2021-04-30,63.58000183105469,67.25,254.8034492785373,1.9211000204086304,533.75
2021-05-03,64.48999786376953,67.55999755859375,,1.9519000053405762,543.5
2021-05-04,65.69000244140625,68.87999725341797,,1.9988000392913818,551.25
2021-05-05,65.62999725341797,68.95999908447266,,2.002500057220459,559.25
2021-05-06,64.70999908447266,68.08999633789062,259.7769991097299,1.9895000457763672,551.0
2021-05-07,64.9000015258789,68.27999877929688,258.2000198949615,2.0106000900268555,550.5
2021-05-10,64.91999816894531,68.31999969482422,259.5927498334193,2.0165998935699463,552.5
2021-05-11,65.27999877929688,68.55000305175781,254.80902526219467,2.0416998863220215,556.25
2021-05-12,66.08000183105469,69.31999969482422,259.71385678458955,2.069499969482422,556.25
2021-05-13,63.81999969482422,67.05000305175781,257.29171776118466,2.0009000301361084,
2021-05-14,65.37000274658203,68.70999908447266,250.99415630033195,2.0362000465393066,557.25
2021-05-17,66.2699966430664,69.45999908447266,258.3816803217169,2.0604000091552734,563.5
2021-05-18,65.48999786376953,68.70999908447266,264.376474404644,2.0564000606536865,566.0
2021-05-19,63.36000061035156,66.66000366210938,255.05123916453516,2.0071001052856445,543.5
2021-05-20,62.04999923706055,65.11000061035156,248.87478465485268,1.964400053024292,546.5
2021-05-21,63.58000183105469,66.44000244140625,242.33500929165947,1.9881999492645264,546.5
2021-05-24,66.05000305175781,68.45999908447266,250.69138892240636,2.0420000553131104,556.75
2021-05-25,66.06999969482422,68.6500015258789,257.3522712367698,2.035399913787842,558.5
2021-05-26,66.20999908447266,68.87000274658203,258.1394664193764,2.0452001094818115,561.0
2021-05-27,66.8499984741211,69.45999908447266,255.475113493631,2.0564000606536865,561.75
2021-05-28,66.31999969482422,69.62999725341797,260.3193915404408,2.0445001125335693,565.5
2021-05-31,,,259.65330330900446,,567.25
2021-06-01,67.72000122070312,70.25,266.43529257453815,2.071500062942505,573.0
2021-06-02,68.83000183105469,71.3499984741211,265.7692043431018,2.107100009918213,577.75
2021-06-03,68.80999755859375,71.30999755859375,271.3401240969331,2.1017000675201416,576.25
2021-06-04,69.62000274658203,71.88999938964844,269.5840733049645,2.1198999881744385,581.25
2021-06-07,69.2300033569336,71.48999786376953,268.13078989092156,2.115600109100342,580.5
2021-06-08,70.05000305175781,72.22000122070312,268.2518968420918,2.134999990463257,580.5
2021-06-09,69.95999908447266,72.22000122070312,274.42835135177427,2.129499912261963,584.75
2021-06-10,70.29000091552734,72.5199966430664,270.31071501198596,2.143399953842163,584.75
2021-06-11,70.91000366210938,72.69000244140625,274.61001177852967,2.120699882507324,589.5
2021-06-14,70.87999725341797,72.86000061035156,,2.111599922180176,594.25
2021-06-15,72.12000274658203,73.98999786376953,275.52415962066857,2.112299919128418,596.5
2021-06-16,72.1500015258789,74.38999938964844,281.1309330524539,2.1033999919891357,605.75
2021-06-17,71.04000091552734,73.08000183105469,279.05886461027234,2.066800117492676,591.5
2021-06-18,71.63999938964844,73.51000213623047,269.61267024150357,2.0931999683380127,593.5
2021-06-21,73.66000366210938,74.9000015258789,275.3413300522408,2.126800060272217,596.0
2021-06-22,73.05999755859375,74.80999755859375,281.4356489998335,2.1510000228881836,600.25
2021-06-23,73.08000183105469,75.19000244140625,283.9952629578225,2.15939998626709,607.0
2021-06-24,73.30000305175781,75.55999755859375,283.69054701044286,2.1623001098632812,603.25
2021-06-25,74.05000305175781,76.18000030517578,284.1780925262503,2.1493000984191895,606.0
2021-06-28,72.91000366210938,74.68000030517578,282.715455978828,2.1182000637054443,599.5
2021-06-29,72.9800033569336,74.76000213623047,278.08377357865754,2.1219000816345215,600.25
2021-06-30,73.47000122070312,75.12999725341797,279.72923969450756,2.128700017929077,596.75
2021-07-01,75.2300033569336,75.83999633789062,280.0339556418872,2.1561999320983887,606.0
2021-07-02,75.16000366210938,76.16999816894531,285.275069936817,2.1791000366210938,611.25
2021-07-05,,,287.4080815684745,,615.5
2021-07-06,73.37000274658203,74.52999877929688,288.93166130537264,2.1048998832702637,598.75
2021-07-07,72.19999694824219,73.43000030517578,274.7928413469574,2.089099884033203,585.5
2021-07-08,72.94000244140625,74.12000274658203,267.4796586098461,2.1203999519348145,592.25
2021-07-09,74.55999755859375,75.55000305175781,270.953420409974,2.1552000045776367,610.0
2021-07-12,74.0999984741211,75.16000366210938,273.39114798901113,2.1498000621795654,610.0
2021-07-13,75.25,76.48999786376953,277.1086825470427,2.1844000816345215,613.0
2021-07-14,73.12999725341797,74.76000213623047,281.87913055776755,2.1435000896453857,612.5
2021-07-15,71.6500015258789,73.47000122070312,268.65472404702393,2.112600088119507,601.25
2021-07-16,71.80999755859375,73.58999633789062,264.48813021487183,2.113300085067749,597.0
2021-07-19,66.41999816894531,68.62000274658203,262.7369530970108,1.985200047492981,562.5
2021-07-20,67.41999816894531,69.3499984741211,250.29755701841185,2.012700080871582,562.25
2021-07-21,70.30000305175781,72.2300033569336,249.45216116841,2.0869998931884766,585.25
2021-07-22,71.91000366210938,73.79000091552734,257.48342174342775,2.1326000690460205,592.5
2021-07-23,72.06999969482422,74.0999984741211,263.64273436487,2.1338999271392822,599.0
2021-07-26,71.91000366210938,74.5,265.21275522915914,2.1510000228881836,600.0
2021-07-27,71.6500015258789,74.4800033569336,269.31896364345397,2.143899917602539,600.5
2021-07-28,72.38999938964844,74.73999786376953,272.03630744703145,2.1559998989105225,601.0
2021-07-29,73.62000274658203,76.05000305175781,273.4855574756061,2.1893999576568604,609.25
2021-07-30,73.94999694824219,76.33000183105469,273.06285955060514,2.199399948120117,613.25
2021-08-02,71.26000213623047,72.88999938964844,271.31168243274413,2.1357998847961426,596.25
2021-08-03,70.55999755859375,72.41000366210938,262.7973385148681,2.1263999938964844,591.75
2021-08-04,68.1500015258789,70.37999725341797,263.5219635291554,2.0741000175476074,581.5
2021-08-05,69.08999633789062,71.29000091552734,254.46415085056393,2.1059999465942383,585.0
2021-08-06,68.27999877929688,70.69999694824219,261.5896301577226,2.0845000743865967,580.25
2021-08-09,66.4800033569336,69.04000091552734,252.7733591505602,2.042099952697754,562.0
2021-08-10,68.29000091552734,70.62999725341797,256.7464579131077,2.080199956893921,579.5
2021-08-11,69.25,71.44000244140625,261.6225336671433,2.105799913406372,575.5
2021-08-12,69.08999633789062,71.30999755859375,260.05737354856393,2.1038999557495117,575.5
2021-08-13,68.44000244140625,70.58999633789062,258.85340422657987,2.077899932861328,582.5
2021-08-16,67.29000091552734,69.51000213623047,255.4220916589252,2.04830002784729,571.25
2021-08-17,66.58999633789062,69.02999877929688,252.77335915056017,2.036099910736084,574.25
2021-08-18,65.45999908447266,68.2300033569336,254.3385192691395,2.021199941635132,570.75
2021-08-19,63.689998626708984,66.44999694824219,244.34557389667154,1.968999981880188,543.25
2021-08-20,62.31999969482422,65.18000030517578,243.98438310007631,1.9082000255584717,546.25
2021-08-23,65.63999938964844,68.75,244.10478003227473,2.0051000118255615,569.25
2021-08-24,67.54000091552734,71.05000305175781,254.39871773523873,2.066800117492676,584.5
2021-08-25,68.36000061035156,72.25,258.5524118960838,2.1182000637054443,589.0
2021-08-26,67.41999816894531,71.06999969482422,260.4787628112584,2.083199977874756,588.75
2021-08-27,68.73999786376953,72.69999694824219,263.7896784467146,2.1092000007629395,598.5
2021-08-30,69.20999908447266,73.41000366210938,263.84987691281384,2.1403000354766846,603.25
2021-08-31,68.5,72.98999786376953,265.35483856529396,2.13100004196167,601.5
2021-09-01,68.58999633789062,71.58999633789062,268.7861511329486,2.1289000511169434,595.0
2021-09-02,69.98999786376953,73.02999877929688,267.76277720926214,2.1677000522613525,617.25
2021-09-03,69.29000091552734,72.61000061035156,274.50500541237307,2.15939998626709,613.25
2021-09-06,,,269.38813579394065,,607.0
2021-09-07,68.3499984741211,71.69000244140625,274.0610095168813,2.1215999126434326,602.0
2021-09-08,69.30000305175781,72.5999984741211,272.17972269335974,2.136399984359741,605.0
2021-09-09,68.13999938964844,71.44999694824219,273.9396361734283,2.1136999130249023,605.5
2021-09-10,69.72000122070312,72.91999816894531,271.4514826326417,2.1459999084472656,605.5
2021-09-13,70.44999694824219,73.51000213623047,279.1586899419074,2.1582999229431152,615.0
2021-09-14,70.45999908447266,73.5999984741211,281.646843482694,2.16129994392395,615.0
2021-09-15,72.61000061035156,75.45999908447266,283.5888169779421,2.2053000926971436,633.25
2021-09-16,72.61000061035156,75.66999816894531,287.47276396843813,2.2109999656677246,628.75
2021-09-17,71.97000122070312,75.33999633789062,288.0189440139767,2.2091000080108643,631.5
2021-09-20,70.29000091552734,73.91999816894531,,2.1589999198913574,627.5
2021-09-21,70.55999755859375,74.36000061035156,,2.173799991607666,620.0
2021-09-22,72.2300033569336,76.19000244140625,287.59413731189113,2.2116000652313232,636.25
2021-09-23,73.30000305175781,77.25,290.9319042568487,2.2490999698638916,648.0
2021-09-24,73.9800033569336,78.08999633789062,296.5150780556869,2.2671000957489014,655.25
2021-09-27,75.44999694824219,79.52999877929688,300.0955916875505,2.2960000038146973,669.25
2021-09-28,75.29000091552734,79.08999633789062,308.04554568372225,2.2890000343322754,664.25
2021-09-29,74.83000183105469,78.63999938964844,296.8791980860459,2.307499885559082,666.75
2021-09-30,75.02999877929688,78.5199966430664,300.156278359277,2.3417000770568848,676.25
2021-10-01,75.87999725341797,79.27999877929688,,2.382699966430664,673.25
2021-10-04,77.62000274658203,81.26000213623047,,2.4365999698638916,697.5
2021-10-05,78.93000030517578,82.55999755859375,,2.4935998916625977,720.25
2021-10-06,77.43000030517578,81.08000183105469,,2.441999912261963,703.5
2021-10-07,78.30000305175781,81.94999694824219,,2.4595999717712402,704.5
2021-10-08,79.3499984741211,82.38999938964844,320.48631338765506,2.4737000465393066,716.75
2021-10-11,80.5199966430664,83.6500015258789,321.6393601504586,2.515000104904175,727.5
2021-10-12,80.63999938964844,83.41999816894531,321.8221444051378,2.509999990463257,727.5
2021-10-13,80.44000244140625,83.18000030517578,320.29894228281137,2.5211000442504883,723.25
2021-10-14,81.30999755859375,84.0,322.6142095087476,2.5613999366760254,727.5
2021-10-15,82.27999877929688,84.86000061035156,325.6606137534005,2.573699951171875,746.75
2021-10-18,82.44000244140625,84.33000183105469,330.83950096931056,2.5492000579833984,738.5
2021-10-19,82.95999908447266,85.08000183105469,323.16256227278507,2.560699939727783,735.0
2021-10-20,83.87000274658203,85.81999969482422,319.5068771792015,2.5922999382019043,738.25
2021-10-21,82.5,84.61000061035156,322.7969937634267,2.549099922180176,722.5
2021-10-22,83.76000213623047,85.52999877929688,316.9478976136931,2.5388998985290527,732.25
2021-10-25,83.76000213623047,85.98999786376953,324.8685486497908,2.56469988822937,744.25
2021-10-26,84.6500015258789,86.4000015258789,323.89369929150183,2.5773000717163086,743.0
2021-10-27,82.66000366210938,84.58000183105469,321.8830724900308,2.5148000717163086,726.75
2021-10-28,82.80999755859375,84.31999969482422,315.3028393215805,2.5164999961853027,714.25
2021-10-29,83.56999969482422,84.37999725341797,320.1770861130252,2.4964001178741455,718.5
2021-11-01,84.05000305175781,84.70999908447266,317.0088256985861,2.5030999183654785,724.25
2021-11-02,83.91000366210938,84.72000122070312,325.84339800807965,2.50819993019104,722.0
2021-11-03,80.86000061035156,81.98999786376953,319.44594909430845,2.434499979019165,704.5
2021-11-04,78.80999755859375,80.54000091552734,310.8550891243872,2.406599998474121,709.5
2021-11-05,81.2699966430664,82.73999786376953,309.8193116812052,2.4556000232696533,720.75
2021-11-08,81.93000030517578,83.43000030517578,324.13741163107403,2.467099905014038,727.5
2021-11-09,84.1500015258789,84.77999877929688,319.81151760366686,2.5081000328063965,737.5
2021-11-10,81.33999633789062,82.63999938964844,327.7930967246576,2.4521000385284424,735.5
2021-11-11,81.58999633789062,82.87000274658203,316.3995448496555,2.4470999240875244,735.5
2021-11-12,80.79000091552734,82.16999816894531,313.59685294457483,2.403700113296509,698.5
2021-11-15,80.87999725341797,82.05000305175781,309.2447465022245,2.398099899291992,687.0
2021-11-16,80.76000213623047,82.43000030517578,316.35523026719136,2.4309000968933105,701.75
2021-11-17,78.36000061035156,80.27999877929688,312.8612856585438,2.3643999099731445,690.25
2021-11-18,79.01000213623047,81.23999786376953,300.2953445221799,2.384000062942505,687.0
2021-11-19,76.0999984741211,78.88999938964844,310.34809743127107,2.2934000492095947,657.5
2021-11-22,76.75,79.69999694824219,298.8242099501178,2.3254001140594482,674.0
2021-11-23,78.5,82.30999755859375,301.09220908204685,2.3842999935150146,686.0
2021-11-24,78.38999938964844,82.25,314.70020387362143,2.382999897003174,694.25
2021-11-25,,,312.06442109867686,,688.5
2021-11-26,68.1500015258789,72.72000122070312,304.2183700476789,2.0945000648498535,604.25
2021-11-29,69.94999694824219,73.44000244140625,290.3038888869247,2.152100086212158,625.0
2021-11-30,66.18000030517578,70.56999969482422,274.48919223725693,2.063800096511841,599.75
2021-12-01,65.56999969482422,68.87000274658203,276.69589409535007,2.0771000385284424,616.0
2021-12-02,66.5,69.66999816894531,270.3822748902502,2.1033999919891357,609.75
2021-12-03,66.26000213623047,69.87999725341797,273.81492222506176,2.098400115966797,619.0
2021-12-06,69.48999786376953,73.08000183105469,276.57329954767823,2.1712000370025635,622.25
2021-12-07,72.05000305175781,75.44000244140625,284.29675605100437,2.224600076675415,648.5
2021-12-08,72.36000061035156,75.81999969482422,289.85063233591654,2.2613000869750977,651.5
2021-12-09,70.94000244140625,74.41999816894531,292.9978288973668,2.2502999305725098,653.25
2021-12-10,71.66999816894531,75.1500015258789,286.51830656496924,2.2516000270843506,653.25
2021-12-13,71.29000091552734,74.38999938964844,296.7621228238072,2.232800006866455,648.75
2021-12-14,70.7300033569336,73.69999694824219,289.4186641804234,2.218400001525879,642.25
2021-12-15,70.87000274658203,73.87999725341797,283.8647878955112,2.220400094985962,635.5
2021-12-16,72.37999725341797,75.0199966430664,290.34431022790875,2.2662999629974365,653.0
2021-12-17,70.86000061035156,73.5199966430664,289.5420836534214,2.219899892807007,641.5
2021-12-20,68.2300033569336,71.5199966430664,278.0023629281039,2.1730000972747803,606.25
2021-12-21,71.12000274658203,73.9800033569336,280.4090426515658,2.2578001022338867,639.25
2021-12-22,72.76000213623047,75.29000091552734,287.32053313945653,2.307800054550171,649.0
2021-12-23,73.79000091552734,76.8499984741211,291.64021469438825,2.331399917602539,661.5
2021-12-24,,,295.3427988843297,,653.0
2021-12-27,75.56999969482422,78.5999984741211,291.8253439038853,2.3534998893737793,676.75
2021-12-28,75.9800033569336,78.94000244140625,304.47583988618527,2.3714001178741455,678.0
2021-12-29,76.55999755859375,79.2300033569336,304.47583988618527,2.3777999877929688,672.25
2021-12-30,76.98999786376953,79.31999969482422,306.57397092715206,2.395900011062622,677.75
2021-12-31,75.20999908447266,77.77999877929688,307.9315851301306,2.3301000595092773,667.0
2022-01-03,76.08000183105469,78.9800033569336,,2.3573999404907227,676.0
2022-01-04,76.98999786376953,80.0,304.90780804167844,2.4094998836517334,685.75
2022-01-05,77.8499984741211,80.80000305175781,310.27655511709355,2.4460999965667725,702.0
2022-01-06,79.45999908447266,81.98999786376953,309.1657798601111,2.4776999950408936,712.5
2022-01-07,78.9000015258789,81.75,320.0527701072859,2.481800079345703,712.5
2022-01-10,78.2300033569336,80.87000274658203,315.0422802776202,2.487600088119507,711.0
2022-01-11,81.22000122070312,83.72000122070312,312.93911170714324,2.5636000633239746,726.0
2022-01-12,82.63999938964844,84.66999816894531,320.6713490986026,2.5941998958587646,726.0
2022-01-13,82.12000274658203,84.47000122070312,324.1972493491081,2.6085000038146973,737.5
2022-01-14,83.81999969482422,86.05999755859375,325.9911284239267,2.6342999935150146,749.25
2022-01-17,,,330.81604455619726,,762.25
2022-01-18,85.43000030517578,87.51000213623047,336.13582388152133,2.6740000247955322,765.25
2022-01-19,86.95999908447266,88.44000244140625,336.87811867110145,2.6923000812530518,776.0
2022-01-20,86.9000015258789,88.37999725341797,337.37298186415484,2.671799898147583,773.25
2022-01-21,85.13999938964844,87.88999938964844,331.8057709423041,2.691200017929077,769.25
2022-01-24,83.30999755859375,86.2699966430664,336.383255478048,2.6273999214172363,753.25
2022-01-25,85.5999984741211,88.19999694824219,330.19746556488053,2.669100046157837,761.5
2022-01-26,87.3499984741211,89.95999908447266,333.4759342188593,2.74399995803833,787.5
2022-01-27,86.61000061035156,89.33999633789062,335.64096068846794,2.7945001125335693,789.75
2022-01-28,86.81999969482422,90.02999877929688,330.63047085880225,2.7855000495910645,802.0
2022-01-31,88.1500015258789,91.20999908447266,,2.759200096130371,796.25
2022-02-01,88.19999694824219,89.16000366210938,,2.7411999702453613,802.0
2022-02-02,88.26000213623047,89.47000122070312,,2.768899917602539,800.5
2022-02-03,90.2699966430664,91.11000061035156,,2.8394999504089355,818.75
2022-02-04,92.30999755859375,93.2699966430664,,2.8750998973846436,851.5
2022-02-07,91.31999969482422,92.69000244140625,350.67243017746495,2.8554000854492188,852.5
2022-02-08,89.36000061035156,90.77999877929688,347.3968505512038,2.79259991645813,812.5
2022-02-09,89.66000366210938,91.55000305175781,339.1769997909636,2.824899911880493,829.75
2022-02-10,89.87999725341797,91.41000366210938,342.39077602804997,2.827199935913086,829.75
2022-02-11,93.0999984741211,94.44000244140625,339.9186404610605,2.910900115966797,827.25
2022-02-14,95.45999908447266,96.4800033569336,356.4819487598903,2.9618000984191895,839.75
2022-02-15,92.06999969482422,93.27999877929688,357.03817926246296,2.859499931335449,818.25
2022-02-16,93.66000366210938,94.80999755859375,347.3968505512038,2.8575000762939453,837.5
2022-02-17,91.76000213623047,92.97000122070312,349.74537933984385,2.7862000465393066,809.5
2022-02-18,91.06999969482422,93.54000091552734,350.6106267882902,2.7815001010894775,811.5
2022-02-21,,,351.97030135013443,,823.0
2022-02-22,92.3499984741211,96.83999633789062,368.9044299840127,2.8187999725341797,834.25
2022-02-23,92.0999984741211,96.83999633789062,364.63999613095575,2.829200029373169,831.0
2022-02-24,92.80999755859375,99.08000183105469,383.67543999677514,2.896899938583374,891.25
2022-02-25,91.58999633789062,97.93000030517578,378.42215191692236,2.8494999408721924,836.5
2022-02-28,95.72000122070312,100.98999786376953,383.92265355347416,3.013400077819824,881.25
2022-03-01,103.41000366210938,104.97000122070312,384.9115077802699,3.151099920272827,962.0
2022-03-02,110.5999984741211,112.93000030517578,410.3127007310873,3.4946999549865723,1044.0
2022-03-03,107.66999816894531,110.45999908447266,444.92259866894074,3.5034000873565674,1095.5
2022-03-04,115.68000030517578,118.11000061035156,428.42109375928567,3.7762999534606934,1184.25
2022-03-07,119.4000015258789,123.20999908447266,470.57100517645716,3.9214999675750732,1297.75
2022-03-08,123.69999694824219,127.9800033569336,485.1566050216954,4.437300205230713,1492.75
2022-03-09,108.69999694824219,111.13999938964844,498.5061370834389,3.4642999172210693,1522.5
2022-03-10,106.0199966430664,109.33000183105469,432.80913439069207,3.2962000370025635,1522.5
2022-03-11,109.33000183105469,112.66999816894531,422.11714806346237,3.41759991645813,1012.0
2022-03-14,103.01000213623047,106.9000015258789,422.42616500933605,3.2762999534606934,964.0
2022-03-15,96.44000244140625,99.91000366210938,388.1870874065311,3.0297000408172607,904.0
2022-03-16,95.04000091552734,98.0199966430664,391.15365008691845,3.100100040435791,919.5
2022-03-17,102.9800033569336,106.63999938964844,382.8101925483288,3.4874000549316406,1056.5
2022-03-18,104.69999694824219,107.93000030517578,414.8803180215044,3.598099946975708,1064.75
2022-03-21,112.12000274658203,115.62000274658203,416.1729718313637,3.8008999824523926,1157.75
2022-03-22,111.76000213623047,115.4800033569336,438.88674591889117,3.8642001152038574,1171.25
2022-03-23,114.93000030517578,121.5999984741211,430.33060879648923,4.114799976348877,1235.75
2022-03-24,112.33999633789062,119.02999877929688,445.04224025155446,4.15339994430542,1233.75
2022-03-25,113.9000015258789,120.6500015258789,444.79602047824795,4.11460018157959,1195.75
2022-03-28,105.95999908447266,112.4800033569336,433.9007955094339,3.783400058746338,1130.75
2022-03-29,104.23999786376953,110.2300033569336,417.21940586791646,3.716099977493286,1063.0
2022-03-30,107.81999969482422,113.44999694824219,425.15999355705213,3.808500051498413,1087.5
2022-03-31,100.27999877929688,107.91000366210938,415.5574223980974,3.691200017929077,1060.75
2022-04-01,99.2699966430664,104.38999938964844,399.30691735986636,3.4240000247955322,1091.0
2022-04-04,103.27999877929688,107.52999877929688,,3.546099901199341,1138.25
2022-04-05,101.95999908447266,106.63999938964844,,3.4681999683380127,1080.25
2022-04-06,96.2300033569336,101.06999969482422,416.78852126463005,3.3452000617980957,1054.25
2022-04-07,96.02999877929688,100.58000183105469,386.9959286945398,3.2678000926971436,982.5
2022-04-08,98.26000213623047,102.77999877929688,385.0877254514142,3.3176000118255615,1015.5
2022-04-11,94.29000091552734,98.4800033569336,384.4721760181479,3.267699956893921,1040.25
2022-04-12,100.5999984741211,104.63999938964844,391.1201098974242,3.464400053024292,1040.25
2022-04-13,104.25,108.77999877929688,400.41490633974576,3.718400001525879,1056.25
2022-04-14,106.94999694824219,111.69999694824219,409.4316023005213,3.85479998588562,1119.75
2022-04-15,,,425.5021760537403,,
2022-04-18,108.20999908447266,113.16000366210938,427.83302262863464,3.8907999992370605,1171.75
2022-04-19,102.55999755859375,107.25,426.8516135444686,3.8619000911712646,1103.5
2022-04-20,102.75,106.80000305175781,415.0133664667157,3.973099946975708,1128.5
2022-04-21,103.79000091552734,108.33000183105469,418.5709743968176,3.9007999897003174,1112.25
2022-04-22,102.06999969482422,106.6500015258789,413.41857670494585,3.9386000633239746,1118.75
2022-04-25,98.54000091552734,102.31999969482422,389.6194064139193,4.09089994430542,1065.5
2022-04-26,101.69999694824219,104.98999786376953,393.8517330893854,4.467899799346924,1129.25
2022-04-27,102.0199966430664,105.31999969482422,407.7141364032308,4.674300193786621,1169.25
2022-04-28,105.36000061035156,107.58999633789062,400.41490633974576,5.13539981842041,1190.75
2022-04-29,104.69000244140625,109.33999633789062,413.0505482983836,4.781700134277344,1227.25
2022-05-02,105.16999816894531,107.58000183105469,,4.204899787902832,1247.75
2022-05-03,102.41000366210938,104.97000122070312,,4.082699775695801,1196.5
2022-05-04,107.80999755859375,110.13999938964844,,4.197000026702881,1193.0
2022-05-05,108.26000213623047,110.9000015258789,425.134147647178,4.041299819946289,1189.5
2022-05-06,109.7699966430664,112.38999938964844,427.9556987641554,3.9542999267578125,1139.0
2022-05-09,103.08999633789062,105.94000244140625,431.0226021521743,3.83489990234375,1083.25
2022-05-10,99.76000213623047,102.45999908447266,403.23645745672314,3.9321999549865723,1126.0
2022-05-11,105.70999908447266,107.51000213623047,405.56730403161754,3.951200008392334,1138.75
2022-05-12,106.12999725341797,107.44999694824219,414.67636768864355,3.916100025177002,1138.75
2022-05-13,110.48999786376953,111.55000305175781,426.1696829069047,3.9212000370025635,1107.0
2022-05-16,114.19999694824219,114.23999786376953,428.0648572248095,3.9075000286102295,1094.0
2022-05-17,112.4000015258789,111.93000030517578,442.0035586597218,3.799299955368042,1090.5
2022-05-18,109.58999633789062,109.11000061035156,430.3879741306282,3.668100118637085,1047.75
2022-05-19,112.20999908447266,112.04000091552734,424.51904721066506,3.7920000553131104,1045.0
2022-05-20,113.2300033569336,112.55000305175781,426.65876015023497,3.7390999794006348,1068.0
2022-05-23,110.29000091552734,113.41999816894531,431.61066723895385,3.7688000202178955,1071.0
2022-05-24,109.7699966430664,113.55999755859375,419.26146684486474,3.7818000316619873,1093.25
2022-05-25,110.33000183105469,114.02999877929688,433.68924552310745,3.8664000034332275,1110.0
2022-05-26,114.08999633789062,117.4000015258789,437.05165157100294,3.9679999351501465,1159.5
2022-05-27,115.06999969482422,119.43000030517578,446.46638850511044,4.002900123596191,1168.75
2022-05-30,,,449.21744799884317,,1196.0
2022-05-31,114.66999816894531,122.83999633789062,462.9116108120905,4.09089994430542,1244.25
2022-06-01,115.26000213623047,116.29000091552734,449.2785826542594,4.1433000564575195,1270.0
2022-06-02,116.87000274658203,117.61000061035156,436.80711294933786,4.208399772644043,1258.5
2022-06-03,118.87000274658203,119.72000122070312,,4.280300140380859,1318.5
2022-06-06,118.5,119.51000213623047,458.6321849329507,4.360099792480469,1353.0
2022-06-07,119.41000366210938,120.56999969482422,460.8941671833531,4.3206000328063965,1336.5
2022-06-08,122.11000061035156,123.58000183105469,463.4006880554207,4.314300060272217,1339.75
2022-06-09,121.51000213623047,123.06999969482422,470.79798136079086,4.40369987487793,1389.5
2022-06-10,120.66999816894531,122.01000213623047,469.45301894163265,4.366700172424316,1389.5
2022-06-13,120.93000030517578,122.2699966430664,460.64962856168796,4.283400058746338,1267.75
2022-06-14,118.93000030517578,121.16999816894531,473.6713101653561,4.394000053405762,1297.75
2022-06-15,115.30999755859375,118.51000213623047,463.4006880554207,4.546999931335449,1332.25
2022-06-16,117.58999633789062,119.80999755859375,457.474690179662,4.571300029754639,1300.25
2022-06-17,109.55999755859375,113.12000274658203,455.9314615661832,4.339799880981445,1294.0
2022-06-20,,,427.7212425117903,,1317.0
2022-06-21,110.6500015258789,114.6500015258789,437.1658016262807,4.358399868011475,1320.25
2022-06-22,106.19000244140625,111.73999786376953,422.16561950326656,4.404600143432617,1284.25
2022-06-23,104.2699966430664,110.05000305175781,428.6471796798776,4.337900161743164,1290.5
2022-06-24,107.62000274658203,113.12000274658203,416.7334547838211,4.3628997802734375,1302.0
2022-06-27,109.56999969482422,115.08999633789062,432.4126574967659,4.230199813842773,1262.5
2022-06-28,111.76000213623047,117.9800033569336,449.14125566687636,4.199399948120117,1218.75
2022-06-29,109.77999877929688,116.26000213623047,449.20298481141555,4.0366997718811035,1219.75
2022-06-30,105.76000213623047,114.80999755859375,444.8202155491357,3.898200035095215,1160.0
2022-07-01,108.43000030517578,111.62999725341797,430.005220859739,3.9388999938964844,1226.5
2022-07-04,,,442.53623720118696,,1238.75
2022-07-05,99.5,102.7699966430664,446.3017150180753,3.601599931716919,1153.75
2022-07-06,98.52999877929688,100.69000244140625,417.28901708467345,3.410599946975708,1082.75
2022-07-07,102.7300033569336,104.6500015258789,396.4862953749789,3.6738998889923096,1129.25
2022-07-08,104.79000091552734,107.0199966430664,417.3871289831868,3.6728999614715576,1133.5
2022-07-11,104.08999633789062,107.0999984741211,421.47915965949255,3.7681000232696533,1192.5
2022-07-12,95.83999633789062,99.48999786376953,418.45735239083604,3.662600040435791,1192.5
2022-07-13,96.30000305175781,99.56999969482422,403.85195059232933,3.6658999919891357,1095.5
2022-07-14,95.77999877929688,99.0999984741211,395.54198060352377,3.649399995803833,1067.25
2022-07-15,97.58999633789062,101.16000366210938,386.6654217518452,3.6989998817443848,1112.5
2022-07-18,102.5999984741211,106.2699966430664,414.2394130783362,3.6554999351501465,1115.25
2022-07-19,104.22000122070312,107.3499984741211,417.4500833012838,3.626800060272217,1068.25
2022-07-20,102.26000213623047,106.91999816894531,416.88349443841076,3.604300022125244,1071.75
2022-07-21,96.3499984741211,103.86000061035156,415.30963648598544,3.5903000831604004,1026.5
2022-07-22,94.69999694824219,103.19999694824219,415.43554512217946,3.4556000232696533,1067.5
2022-07-25,96.69999694824219,105.1500015258789,402.65581854848614,3.5165998935699463,1055.75
2022-07-26,94.9800033569336,104.4000015258789,427.1450482882236,3.583899974822998,1069.5
2022-07-27,97.26000213623047,106.62000274658203,415.43554512217946,3.7172999382019043,1101.5
2022-07-28,96.41999816894531,107.13999938964844,434.82547509605905,3.686300039291382,1103.75
2022-07-29,98.62000274658203,110.01000213623047,432.24434805408157,3.6247000694274902,1106.5
2022-08-01,93.88999938964844,100.02999877929688,435.7068355494172,3.440000057220459,1028.5
2022-08-02,94.41999816894531,100.54000091552734,428.7189062406489,3.3803999423980713,1014.5
2022-08-03,90.66000366210938,96.77999877929688,426.70436806154447,3.414799928665161,1035.0
2022-08-04,88.54000091552734,94.12000274658203,414.05055012404523,3.3371999263763428,1009.0
2022-08-05,89.01000213623047,94.91999816894531,411.09169717348567,3.21589994430542,990.0
2022-08-08,90.76000213623047,96.6500015258789,418.7721239813211,3.1791000366210938,953.75
2022-08-09,90.5,96.30999755859375,423.7233812032533,3.3338000774383545,997.75
2022-08-10,91.93000030517578,97.4000015258789,423.39764059654726,3.4103000164031982,992.0
2022-08-11,94.33999633789062,99.5999984741211,433.62589564711783,3.4839999675750732,992.0
2022-08-12,92.08999633789062,98.1500015258789,441.50881832940473,3.5178000926971436,1045.25
2022-08-15,89.41000366210938,95.0999984741211,435.51519116601304,3.4402999877929688,1022.0
2022-08-16,86.52999877929688,92.33999633789062,431.08511891481055,3.4802000522613525,1018.0
2022-08-17,88.11000061035156,93.6500015258789,432.19263697761113,3.6173999309539795,1041.5
2022-08-18,90.5,96.58999633789062,442.4208920281817,3.6496999263763428,1074.25
2022-08-19,90.7699966430664,96.72000122070312,451.28103653058673,3.700500011444092,1087.25
2022-08-22,90.2300033569336,96.4800033569336,455.5808125391068,3.77620005607605,1096.75
2022-08-23,93.73999786376953,100.22000122070312,464.37580892017064,3.841900110244751,1119.0
2022-08-24,94.88999938964844,101.22000122070312,478.2523587658492,4.013199806213379,1167.75
2022-08-25,92.5199966430664,99.33999633789062,485.4838002347239,3.9491000175476074,1174.0
2022-08-26,93.05999755859375,100.98999786376953,482.09609792498077,4.007599830627441,1194.0
2022-08-29,97.01000213623047,105.08999633789062,475.25554518415333,3.909899950027466,1186.25
2022-08-30,91.63999938964844,99.30999755859375,479.9462099207207,3.8171000480651855,1122.0
2022-08-31,89.55000305175781,96.48999786376953,466.7862894097956,3.715399980545044,1098.5
2022-09-01,86.61000061035156,92.36000061035156,455.32022005374193,3.561199903488159,1050.5
2022-09-02,86.87000274658203,93.0199966430664,453.0400358067995,3.578000068664551,1091.25
2022-09-05,,,458.5776261208026,,1142.0
2022-09-06,86.87999725341797,92.83000183105469,458.3170336354378,3.5738000869750977,1079.25
2022-09-07,81.94000244140625,88.0,445.6782980952424,3.5859999656677246,1099.5
2022-09-08,83.54000091552734,89.1500015258789,428.57660879807077,3.54010009765625,1075.0
2022-09-09,86.79000091552734,92.83999633789062,432.3003637256807,3.578700065612793,1085.0
2022-09-12,87.77999877929688,94.0,,3.603100061416626,1085.0
2022-09-13,87.30999755859375,93.16999816894531,447.74705083280344,3.541300058364868,1057.5
2022-09-14,88.4800033569336,94.0999984741211,445.8162149444131,3.3789000511169434,991.5
2022-09-15,85.0999984741211,90.83999633789062,466.0899917725117,3.205199956893921,923.25
2022-09-16,85.11000061035156,91.3499984741211,457.53914712392594,3.172499895095825,953.0
2022-09-19,85.7300033569336,92.0,437.67912084333955,3.310800075531006,963.0
2022-09-20,84.44999694824219,90.62000274658203,442.7820442626569,3.3722000122070312,976.25
2022-09-21,82.94000244140625,89.83000183105469,455.125602263438,3.3338000774383545,967.25
2022-09-22,83.48999786376953,90.45999908447266,449.67788672119383,3.4114999771118164,1006.25
2022-09-23,78.73999786376953,86.1500015258789,448.98830247534016,3.2370998859405518,963.0
2022-09-26,76.70999908447266,84.05999755859375,420.8532652445094,3.1291000843048096,934.25
2022-09-27,78.5,86.2699966430664,419.8188888757288,3.2599000930786133,967.25
2022-09-28,82.1500015258789,89.31999969482422,419.61201360197276,3.449399948120117,1008.75
2022-09-29,81.2300033569336,88.48999786376953,435.0587007090955,3.414599895477295,1011.75
2022-09-30,79.48999786376953,87.95999908447266,437.47224556958344,3.36899995803833,993.25
2022-10-03,83.62999725341797,88.86000061035156,,3.3691000938415527,1031.25
2022-10-04,86.5199966430664,91.80000305175781,,3.535799980163574,1103.25
2022-10-05,87.76000213623047,93.37000274658203,,3.6868999004364014,1182.25
2022-10-06,88.44999694824219,94.41999816894531,,3.8649001121520996,1185.75
2022-10-07,92.63999938964844,97.91999816894531,,4.018700122833252,1257.75
2022-10-10,91.12999725341797,96.19000244140625,484.01918216470773,3.9147000312805176,1281.5
2022-10-11,89.3499984741211,94.29000091552734,482.8308046232867,3.930799961090088,1192.0
2022-10-12,87.2699966430664,92.44999694824219,475.4908256909796,3.932800054550171,1192.0
2022-10-13,89.11000061035156,94.56999969482422,469.4091288613537,4.094799995422363,1115.75
2022-10-14,85.61000061035156,91.62999725341797,478.0772944576021,3.9802000522613525,1085.75
2022-10-17,85.45999908447266,91.62000274658203,469.0596060550534,4.08519983291626,1112.25
2022-10-18,82.81999969482422,90.02999877929688,472.34512043427657,3.993499994277954,1105.0
2022-10-19,85.55000305175781,92.41000366210938,463.18762290920773,3.9042999744415283,1075.25
2022-10-20,85.9800033569336,92.37999725341797,470.0382699126943,3.7567999362945557,1073.25
2022-10-21,85.05000305175781,93.5,464.16628676684866,3.8322999477386475,1050.5
2022-10-24,84.58000183105469,93.26000213623047,465.7041871145702,3.920099973678589,1082.25
2022-10-25,85.31999969482422,93.5199966430664,470.5276018415148,3.9672000408172607,1072.25
2022-10-26,87.91000366210938,95.69000244140625,466.0537099208705,4.120100021362305,1105.25
2022-10-27,89.08000183105469,96.95999908447266,474.5820663945987,4.333899974822998,1110.5
2022-10-28,87.9000015258789,95.7699966430664,478.56662638642257,4.549799919128418,1133.5
2022-10-31,86.52999877929688,94.83000183105469,475.2112074459393,4.190899848937988,1100.25
2022-11-01,88.37000274658203,94.6500015258789,484.0191821647078,3.6210999488830566,1047.5
2022-11-02,90.0,96.16000366210938,488.28336040157194,3.6774001121520996,1054.25
2022-11-03,88.16999816894531,94.66999816894531,490.59021092315413,3.865299940109253,1107.25
2022-11-04,92.61000061035156,98.56999969482422,496.67190775278004,3.914799928665161,1115.0
2022-11-07,91.79000091552734,97.91999816894531,499.747708448223,3.781100034713745,1096.5
2022-11-08,88.91000366210938,95.36000061035156,499.60789932570293,3.770699977874756,1067.25
2022-11-09,85.83000183105469,92.6500015258789,482.27156813320613,3.6563000679016113,1028.5
2022-11-10,86.47000122070312,93.66999816894531,468.8498923712732,3.5694000720977783,1028.5
2022-11-11,88.95999908447266,95.98999786376953,475.28023754170067,3.555299997329712,
2022-11-14,85.87000274658203,93.13999938964844,465.740714486671,3.5439999103546143,
2022-11-15,86.91999816894531,93.86000061035156,456.6251702340871,3.6412999629974365,
2022-11-16,85.58999633789062,92.86000061035156,452.3853822096295,3.613600015640259,
2022-11-17,81.63999938964844,89.77999877929688,444.4004480969009,3.5248000621795654,956.0
2022-11-18,80.08000183105469,87.62000274658203,436.7688296528772,3.5181000232696533,946.0
2022-11-21,79.7300033569336,87.44999694824219,424.12012871324526,3.497299909591675,916.75
2022-11-22,80.94999694824219,88.36000061035156,419.38569875260083,3.471299886703491,943.25
2022-11-23,77.94000244140625,85.41000366210938,421.85890843353445,3.359299898147583,926.25
2022-11-24,,,402.8505254572161,,921.25
2022-11-25,76.27999877929688,83.62999725341797,404.6171038007401,3.2390999794006348,916.25
2022-11-28,77.23999786376953,83.19000244140625,387.37529916794574,3.215399980545044,887.0
2022-11-29,78.19999694824219,83.02999877929688,405.32373513814974,3.2959001064300537,892.25
2022-11-30,80.55000305175781,85.43000030517578,403.2038411259209,3.3629000186920166,927.25
2022-12-01,81.22000122070312,86.87999725341797,404.19312499829437,3.262399911880493,952.75
2022-12-02,79.9800033569336,85.56999969482422,404.54644066699916,3.1684999465942383,912.25
2022-12-05,76.93000030517578,82.68000030517578,394.72426507700567,2.999799966812134,893.5
2022-12-06,74.25,79.3499984741211,384.5487738183073,2.9154999256134033,822.25
2022-12-07,72.01000213623047,77.16999816894531,363.91513876594684,2.7804999351501465,808.75
2022-12-08,71.45999908447266,76.1500015258789,361.88989619749304,2.8798000812530518,805.75
2022-12-09,71.0199966430664,76.0999984741211,354.4872854300414,2.7936999797821045,820.75
2022-12-12,73.16999816894531,77.98999786376953,354.20794162749604,2.9684998989105225,820.75
2022-12-13,75.38999938964844,80.68000030517578,368.3148036560359,3.0922000408172607,883.5
2022-12-14,77.27999877929688,82.69999694824219,369.71152266876265,3.2767999172210693,922.75
2022-12-15,76.11000061035156,81.20999908447266,374.9492189664878,3.283400058746338,922.25
2022-12-16,74.29000091552734,79.04000091552734,374.46036731203355,3.1198999881744385,886.0
2022-12-19,75.19000244140625,79.80000305175781,372.5747966448524,3.053499937057495,879.75
2022-12-20,76.08999633789062,79.98999786376953,374.11118755885184,3.0589001178741455,867.75
2022-12-21,78.29000091552734,82.19999694824219,378.72036030084996,3.1394999027252197,891.25
2022-12-22,77.48999786376953,80.9800033569336,381.58363427693973,3.1314001083374023,895.0
2022-12-23,79.55999755859375,83.91999816894531,380.18691526421304,3.2660999298095703,907.5
2022-12-26,,,390.66230785966343,,
2022-12-27,79.52999877929688,84.33000183105469,395.55082440420694,3.3536999225616455,969.75
2022-12-28,78.95999908447266,83.26000213623047,390.8718157115725,3.3777999877929688,920.5
2022-12-29,78.4000015258789,82.26000213623047,385.63411941384726,3.312999963760376,918.75
2022-12-30,80.26000213623047,85.91000366210938,393.0367301812988,3.3622000217437744,921.0
2023-01-02,,,,,921.0
2023-01-03,76.93000030517578,82.0999984741211,395.0392012240356,3.0864999294281006,900.0
2023-01-04,72.83999633789062,77.83999633789062,374.3239835405518,2.97189998626709,842.75
2023-01-05,73.66999816894531,78.69000244140625,361.8948529304616,2.9723000526428223,860.25
2023-01-06,73.7699966430664,78.56999969482422,365.1402370342073,3.004499912261963,880.25
2023-01-09,74.62999725341797,79.6500015258789,363.413968893917,3.0360000133514404,880.5
2023-01-10,75.12000274658203,80.0999984741211,360.51383841822934,3.135699987411499,883.5
2023-01-11,77.41000366210938,82.66999816894531,358.92567172916216,3.217900037765503,905.5
2023-01-12,78.38999938964844,84.02999877929688,366.52125154643954,3.2190001010894775,905.5
2023-01-13,79.86000061035156,85.27999877929688,371.4929037904757,3.2558999061584473,932.75
2023-01-16,,,374.462084991775,,934.0
2023-01-17,80.18000030517578,85.91999816894531,377.91462127235565,3.250999927520752,927.25
2023-01-18,79.4800033569336,84.9800033569336,389.1008388214369,3.263000011444092,953.5
2023-01-19,80.33000183105469,86.16000366210938,379.2956357845879,3.3759000301361084,943.0
2023-01-20,81.30999755859375,87.62999725341797,389.37704172388334,3.4667999744415283,983.5
2023-01-23,81.62000274658203,88.19000244140625,,3.5508999824523926,1012.25
2023-01-24,80.12999725341797,86.12999725341797,,3.4272000789642334,985.75
2023-01-25,80.1500015258789,86.12000274658203,,3.361299991607666,957.5
2023-01-26,81.01000213623047,87.47000122070312,,3.3965001106262207,965.25
2023-01-27,79.68000030517578,86.66000366210938,,3.265500068664551,938.0
2023-01-30,77.9000015258789,84.9000015258789,381.4362082785479,3.11080002784729,909.5
2023-01-31,78.87000274658203,84.48999786376953,373.21917193076604,3.182300090789795,915.25
2023-02-01,76.41000366210938,82.83999633789062,380.7457010224318,2.9511001110076904,881.75
2023-02-02,75.87999725341797,82.16999816894531,368.86897621723443,2.896699905395508,845.5
2023-02-03,73.38999938964844,79.94000244140625,366.39149801876044,2.7753000259399414,819.0
2023-02-06,74.11000061035156,80.98999786376953,357.4450489687156,2.768699884414673,781.75
2023-02-07,77.13999938964844,83.69000244140625,366.66677337414643,2.904400110244751,831.75
2023-02-08,78.47000122070312,85.08999633789062,375.13149055226586,2.8933000564575195,836.0
2023-02-09,78.05999755859375,84.5,380.9122730153718,2.8153998851776123,814.0
2023-02-10,79.72000122070312,86.38999938964844,378.1595194615118,2.8645999431610107,
2023-02-13,80.13999938964844,86.61000061035156,382.7703816642273,2.9056999683380127,841.25
2023-02-14,79.05999755859375,85.58000183105469,390.1339974208026,2.9400999546051025,850.25
2023-02-15,78.58999633789062,85.37999725341797,386.96833083386366,2.844399929046631,829.75
2023-02-16,78.48999786376953,85.13999938964844,395.1577726565971,2.810800075531006,820.0
2023-02-17,76.33999633789062,83.0,388.34470761079365,2.712100028991699,791.25
2023-02-20,,,383.04565701961326,,799.25
2023-02-21,76.16000366210938,83.05000305175781,377.1272368788143,2.7918999195098877,800.75
2023-02-22,73.94999694824219,80.5999984741211,375.75086010188437,2.7147998809814453,797.25
2023-02-23,75.38999938964844,82.20999908447266,368.11196898992296,2.7081000804901123,783.5
2023-02-24,76.31999969482422,83.16000366210938,379.8111715938278,2.7962000370025635,808.25
2023-02-27,75.68000030517578,82.44999694824219,377.0584180399678,2.8197999000549316,826.25
2023-02-28,77.05000305175781,83.88999938964844,377.2648745565074,2.8208999633789062,833.25
2023-03-01,77.69000244140625,84.30999755859375,383.73384540807825,2.873800039291382,839.25
2023-03-02,78.16000366210938,84.75,384.69730915192923,2.8661999702453613,849.25
2023-03-03,79.68000030517578,85.83000183105469,391.09746116465357,2.913100004196167,856.0
2023-03-06,80.45999908447266,86.18000030517578,392.6802944581231,2.8866000175476074,842.75
2023-03-07,77.58000183105469,83.29000091552734,401.07619279739595,2.797499895095825,823.25
2023-03-08,76.66000366210938,82.66000366210938,388.6199829661797,2.7418999671936035,809.0
2023-03-09,75.72000122070312,81.58999633789062,385.8672294123197,2.6689000129699707,803.5
2023-03-10,76.68000030517578,82.77999877929688,375.75086010188437,2.772900104522705,803.5
2023-03-13,74.80000305175781,80.7699966430664,380.9000131272162,2.7614998817443848,804.25
2023-03-14,71.33000183105469,77.44999694824219,365.1092771828651,2.714400053024292,802.75
2023-03-15,67.61000061035156,73.69000244140625,361.1272655099418,2.6048998832702637,733.75
2023-03-16,68.3499984741211,74.69999694824219,342.4530038714049,2.6435000896453857,750.25
2023-03-17,66.73999786376953,72.97000122070312,345.26787419191965,2.6786999702453613,775.5
2023-03-20,67.63999938964844,73.79000091552734,330.57562422630605,2.6870999336242676,771.5
2023-03-21,69.33000183105469,75.31999969482422,338.3336814511394,2.690200090408325,770.5
2023-03-22,70.9000015258789,76.69000244140625,345.6798064339462,2.740299940109253,784.5
2023-03-23,69.95999908447266,75.91000366210938,348.08274451243443,2.6847000122070312,781.25
2023-03-24,69.26000213623047,74.98999786376953,348.7692982491453,2.695199966430664,765.25
2023-03-27,72.80999755859375,78.12000274658203,348.56333212813206,2.770400047302246,768.5
2023-03-28,73.19999694824219,78.6500015258789,356.8019769686631,2.7695999145507812,782.75
2023-03-29,72.97000122070312,78.27999877929688,361.26457625728403,2.658099889755249,762.75
2023-03-30,74.37000274658203,79.2699966430664,359.2735704208223,2.623699903488159,756.25
2023-03-31,75.66999816894531,79.7699966430664,362.0884407413371,2.676300048828125,762.75
2023-04-03,80.41999816894531,84.93000030517578,391.12966380420886,2.662600040435791,789.5
2023-04-04,80.70999908447266,84.94000244140625,400.53544999714836,2.6666998863220215,770.5
2023-04-05,80.61000061035156,84.98999786376953,,2.7309999465942383,789.0
2023-04-06,80.69999694824219,85.12000274658203,401.08469298651715,2.6605000495910645,780.25
2023-04-07,,,406.4398121328623,,
2023-04-10,79.73999786376953,84.18000030517578,403.6249418123475,2.6814000606536865,780.5
2023-04-11,81.52999877929688,85.61000061035156,404.1055294280452,2.6682000160217285,771.0
2023-04-12,83.26000213623047,87.33000183105469,407.5724608747512,2.7030999660491943,771.0
2023-04-13,82.16000366210938,86.08999633789062,412.84219667374424,2.672800064086914,782.25
2023-04-14,82.5199966430664,86.30999755859375,409.3059265981041,2.63919997215271,772.0
2023-04-17,80.83000183105469,84.76000213623047,411.31674683719365,2.6147000789642334,757.25
2023-04-18,80.86000061035156,84.7699966430664,407.08709047221237,2.599900007247925,759.0
2023-04-19,79.16000366210938,83.12000274658203,402.7187568493628,2.5576999187469482,744.5
2023-04-20,77.29000091552734,81.0999984741211,393.15002605645446,2.4948999881744385,718.75
2023-04-21,77.87000274658203,81.66000366210938,384.2746815528873,2.488600015640259,724.0
2023-04-24,78.76000213623047,82.7300033569336,384.0666656660849,2.5309998989105225,733.5
2023-04-25,77.06999969482422,80.7699966430664,393.7740737168615,2.4511001110076904,716.25
2023-04-26,74.30000305175781,77.69000244140625,386.1468245341084,2.372999906539917,704.75
2023-04-27,74.76000213623047,78.37000274658203,364.79052682239984,2.3541998863220215,687.5
2023-04-28,76.77999877929688,79.54000091552734,368.6734900427105,2.378700017929077,695.0
2023-05-01,75.66000366210938,79.30999755859375,,2.3822999000549316,691.0
2023-05-02,71.66000366210938,75.31999969482422,,2.2892000675201416,661.0
2023-05-03,68.5999984741211,72.33000183105469,,2.232300043106079,636.75
2023-05-04,68.55999755859375,72.5,344.54364717363705,2.2386999130249023,648.5
2023-05-05,71.33999633789062,75.30000305175781,343.29555185282294,2.31469988822937,670.75
2023-05-08,73.16000366210938,77.01000213623047,356.3312140924373,2.377700090408325,690.5
2023-05-09,73.70999908447266,77.44000244140625,357.5099707843173,2.390199899673462,675.25
2023-05-10,72.55999755859375,76.41000366210938,360.1448386838138,2.393399953842163,694.75
2023-05-11,70.87000274658203,74.9800033569336,355.7071664320302,2.3494999408721924,694.75
2023-05-12,70.04000091552734,74.16999816894531,343.96993462041434,2.305500030517578,669.0
2023-05-15,71.11000061035156,75.2300033569336,343.7628070002093,2.378000020980835,679.5
2023-05-16,70.86000061035156,74.91000366210938,349.21716766560735,2.3638999462127686,680.0
2023-05-17,72.83000183105469,76.95999908447266,346.3173809827375,2.422600030899048,694.0
2023-05-18,71.86000061035156,75.86000061035156,357.64035755394343,2.402600049972534,693.0
2023-05-19,71.55000305175781,75.58000183105469,361.7138674179748,2.3622000217437744,689.25
2023-05-22,71.98999786376953,75.98999786376953,350.0456781464273,2.3664000034332275,683.0
2023-05-23,72.91000366210938,76.83999633789062,355.9142940522352,2.3617000579833984,689.0
2023-05-24,74.33999633789062,78.36000061035156,363.85418616009304,2.4137001037597656,698.0
2023-05-25,71.83000183105469,76.26000213623047,366.96110046316784,2.3461999893188477,679.25
2023-05-26,72.66999816894531,76.94999694824219,360.33301661660823,2.36929988861084,692.5
2023-05-29,,,367.37535570357784,,689.25
2023-05-30,69.45999908447266,73.54000091552734,365.71833474193795,2.2808001041412354,672.25
2023-05-31,68.08999633789062,72.66000366210938,347.9053594043091,2.2595999240875244,662.75
2023-06-01,70.0999984741211,74.27999877929688,349.2862102056756,2.31469988822937,681.5
2023-06-02,71.73999786376953,76.12999725341797,357.8474851741484,2.3568999767303467,695.25
2023-06-05,72.1500015258789,76.70999908447266,364.4065264806396,2.377500057220459,707.0
2023-06-06,71.73999786376953,76.29000091552734,362.47333535872644,2.367799997329712,700.75
2023-06-07,72.52999877929688,76.94999694824219,361.57578233783823,2.4017999172210693,710.5
2023-06-08,71.29000091552734,75.95999908447266,369.79184460596935,2.3898000717163086,704.0
2023-06-09,70.16999816894531,74.79000091552734,362.8185480590681,2.3610000610351562,708.0
2023-06-12,67.12000274658203,71.83999633789062,355.2238686515519,2.3090999126434326,708.0
2023-06-13,69.41999816894531,74.29000091552734,350.6670610070422,2.3954999446868896,698.25
2023-06-14,68.2699966430664,73.19999694824219,362.1519402359452,2.3577001094818115,694.0
2023-06-15,70.62000274658203,75.66999816894531,355.9624843640813,2.479599952697754,712.25
2023-06-16,71.77999877929688,76.61000061035156,365.2466681718771,2.5513999462127686,736.0
2023-06-19,,,364.4214073889619,,731.5
2023-06-20,70.5,75.9000015258789,367.7912222525322,2.475399971008301,711.5
2023-06-21,72.52999877929688,77.12000274658203,379.0697862857064,2.564199924468994,736.5
2023-06-22,69.51000213623047,74.13999938964844,,2.4655001163482666,712.0
2023-06-23,69.16000366210938,73.8499984741211,,2.407099962234497,701.25
2023-06-26,69.37000274658203,74.18000030517578,373.6368194648481,2.438800096511841,707.0
2023-06-27,67.69999694824219,72.26000213623047,373.5680477329385,2.3989999294281006,710.25
2023-06-28,69.55999755859375,74.02999877929688,367.24104839725544,2.4066998958587646,704.0
2023-06-29,69.86000061035156,74.33999633789062,373.1554173414809,2.415600061416626,696.0
2023-06-30,70.63999938964844,74.9000015258789,375.56242795831685,2.448199987411499,709.25
2023-07-03,69.79000091552734,74.6500015258789,378.6571558942488,2.3773000240325928,706.5
2023-07-04,,,377.55680818369524,,717.75
2023-07-05,71.79000091552734,76.6500015258789,380.30767746007916,2.493299961090088,739.0
2023-07-06,71.80000305175781,76.5199966430664,383.67749232364946,2.4793999195098877,720.5
2023-07-07,73.86000061035156,78.47000122070312,385.6718725490278,2.5590999126434326,732.75
2023-07-10,72.98999786376953,77.69000244140625,390.07326339124216,2.5532000064849854,742.75
2023-07-11,74.83000183105469,79.4000015258789,389.86698456343083,2.583699941635132,749.0
2023-07-12,75.75,80.11000061035156,395.3677533050665,2.599600076675415,754.25
2023-07-13,76.88999938964844,81.36000061035156,399.01201259640015,2.6103999614715576,756.25
2023-07-14,75.41999816894531,79.87000274658203,401.8999161857589,2.597899913787842,756.0
2023-07-17,74.1500015258789,78.5,393.7862822918463,2.564199924468994,748.25
2023-07-18,75.75,79.62999725341797,394.4051187752803,2.599400043487549,756.0
2023-07-19,75.3499984741211,79.45999908447266,401.5561181394067,2.6417999267578125,776.25
2023-07-20,75.62999725341797,79.63999938964844,401.3498393115954,2.664400100708008,768.75
2023-07-21,77.06999969482422,81.06999969482422,404.8565793843881,2.745699882507324,795.0
2023-07-24,78.73999786376953,82.73999786376953,405.4066562585517,2.7704999446868896,823.75
2023-07-25,79.62999725341797,83.63999938964844,413.5890497617348,2.777600049972534,806.25
2023-07-26,78.77999877929688,82.91999816894531,414.4141650729802,2.842900037765503,832.25
2023-07-27,80.08999633789062,84.23999786376953,414.75796311933243,2.9168999195098877,854.25
2023-07-28,80.58000183105469,84.98999786376953,417.64586670869113,2.9586000442504883,874.0
2023-07-31,81.80000305175781,85.55999755859375,419.9836934238863,2.9909000396728516,877.25
2023-08-01,81.37000274658203,84.91000366210938,425.9657794304152,3.023400068283081,911.5
2023-08-02,79.48999786376953,83.19999694824219,429.7475579402897,3.004300117492676,884.5
2023-08-03,81.55000305175781,85.13999938964844,416.3394341325527,3.074899911880493,899.5
2023-08-04,82.81999969482422,86.23999786376953,427.7535292714468,3.0622000694274902,903.5
2023-08-07,81.94000244140625,85.33999633789062,432.29166348329625,3.015500068664551,889.0
2023-08-08,82.91999816894531,86.16999816894531,427.2722120065536,3.085599899291992,888.75
2023-08-09,84.4000015258789,87.55000305175781,434.0794133243278,3.2070000171661377,941.75
2023-08-10,82.81999969482422,86.4000015258789,440.1990185493976,3.1533000469207764,917.5
2023-08-11,83.19000244140625,86.80999755859375,441.5742107348065,3.121500015258789,917.0
2023-08-14,82.51000213623047,86.20999908447266,451.5443540790212,3.0882999897003174,899.75
2023-08-15,80.98999786376953,84.88999938964844,463.0767812208787,3.0280001163482666,883.0
2023-08-16,79.37999725341797,83.44999694824219,454.53424259728064,3.020900011062622,882.25
2023-08-17,80.38999938964844,84.12000274658203,453.7511765567841,3.0938000679016113,901.0
2023-08-18,81.25,84.80000305175781,454.6766182410073,3.1596999168395996,916.5
2023-08-21,80.72000122070312,84.45999908447266,464.78528894559827,3.1161999702453613,915.0
2023-08-22,80.3499984741211,84.02999877929688,455.67324774709374,3.1387999057769775,914.25
2023-08-23,78.88999938964844,83.20999908447266,450.6901002166615,3.1291000843048096,913.0
2023-08-24,79.05000305175781,83.36000061035156,443.5713180303298,3.156399965286255,916.75
2023-08-25,79.83000183105469,84.4800033569336,449.97822199802835,3.307499885559082,942.75
2023-08-28,80.0999984741211,84.41999816894531,453.5376130911942,3.203700065612793,947.25
2023-08-29,81.16000366210938,85.48999786376953,451.1884149697047,3.2095000743865967,930.5
2023-08-30,81.62999725341797,85.86000061035156,458.80551190907966,3.0961999893188477,895.0
2023-08-31,83.62999725341797,86.86000061035156,458.02244586858313,3.1426000595092773,895.5
2023-09-01,85.55000305175781,88.55000305175781,465.63954280795815,3.1050000190734863,916.5
2023-09-04,,,473.256639747333,,922.75
2023-09-05,86.69000244140625,90.04000091552734,477.10078212795224,3.219599962234497,951.75
2023-09-06,87.54000091552734,90.5999984741211,488.77558491353625,3.192699909210205,917.5
2023-09-07,86.87000274658203,89.91999816894531,492.4061638285654,3.2123000621795654,928.5
2023-09-08,87.51000213623047,90.6500015258789,491.62309778806895,3.299099922180176,966.0
2023-09-11,87.29000091552734,90.63999938964844,488.6332092698096,3.3622000217437744,980.0
2023-09-12,88.83999633789062,92.05999755859375,495.7519914561413,3.3282999992370605,976.0
2023-09-13,88.5199966430664,91.87999725341797,503.857717447833,3.4354000091552734,989.75
2023-09-14,90.16000366210938,93.69999694824219,507.1144823552091,3.4814999103546143,1010.5
2023-09-15,90.7699966430664,93.93000030517578,510.4436198160824,3.3833999633789062,987.75
2023-09-18,91.4800033569336,94.43000030517578,510.00938449509897,3.288300037384033,968.0
2023-09-19,91.19999694824219,94.33999633789062,506.3183842667394,3.3738999366760254,976.5
2023-09-20,90.27999877929688,93.52999877929688,499.87722700548443,3.3268001079559326,963.5
2023-09-21,89.62999725341797,93.30000305175781,495.89673656313585,3.368000030517578,1007.0
2023-09-22,90.02999877929688,93.2699966430664,503.4958546803468,3.3062000274658203,982.5
2023-09-25,89.68000030517578,93.29000091552734,500.9628153079431,3.262200117111206,965.0
2023-09-26,90.38999938964844,93.95999908447266,493.7979325117156,3.22379994392395,954.5
2023-09-27,93.68000030517578,96.55000305175781,507.5487176761925,3.31469988822937,971.25
2023-09-28,91.70999908447266,95.37999725341797,518.9112085752603,3.318000078201294,995.75
2023-09-29,90.79000091552734,95.30999755859375,,3.3622000217437744,1001.5
2023-10-02,88.81999969482422,90.70999908447266,,3.2225000858306885,969.75
2023-10-03,89.2300033569336,90.91999816894531,,3.1953999996185303,951.0
2023-10-04,84.22000122070312,85.80999755859375,,3.0178000926971436,919.25
2023-10-05,82.30999755859375,84.06999969482422,,2.8687000274658203,868.5
2023-10-06,82.79000091552734,84.58000183105469,,2.9007999897003174,868.25
2023-10-09,86.37999725341797,88.1500015258789,475.34293136991766,2.966599941253662,868.0
2023-10-10,85.97000122070312,87.6500015258789,475.6324215839067,3.0201001167297363,877.0
2023-10-11,83.48999786376953,85.81999969482422,479.3957943657635,2.998500108718872,868.0
2023-10-12,82.91000366210938,86.0,469.2636368761489,3.0448999404907227,884.25
2023-10-13,87.69000244140625,90.88999938964844,475.56641257056543,3.211699962615967,927.5
2023-10-16,86.66000366210938,89.6500015258789,493.1555540433556,3.149199962615967,926.25
2023-10-17,86.66000366210938,89.9000015258789,490.0041661961474,3.1767001152038574,901.5
2023-10-18,88.31999969482422,91.5,499.75148209565197,3.1393001079559326,912.75
2023-10-19,89.37000274658203,92.37999725341797,500.85080343770136,3.1730000972747803,910.0
2023-10-20,88.75,92.16000366210938,509.93852653197627,3.156599998474121,933.25
2023-10-23,85.48999786376953,89.83000183105469,502.4631414060405,3.0954999923706055,920.75
2023-10-24,83.73999786376953,88.06999969482422,496.3069418905639,3.0448999404907227,881.25
2023-10-25,85.38999938964844,90.12999725341797,484.72742375431034,3.0304999351501465,879.5
2023-10-26,83.20999908447266,87.93000030517578,489.8575900172075,3.0439000129699707,888.5
2023-10-27,85.54000091552734,90.4800033569336,491.0301994487268,3.0518999099731445,878.75
2023-10-30,82.30999755859375,87.44999694824219,488.978132943568,2.9663000106811523,865.75
2023-10-31,81.0199966430664,87.41000366210938,479.1575289545934,2.990999937057495,882.5
2023-11-01,80.44000244140625,84.62999725341797,473.8074984232864,2.9614999294281006,893.0
2023-11-02,82.45999908447266,86.8499984741211,475.6397006600354,3.0255000591278076,910.0
2023-11-03,80.51000213623047,84.88999938964844,481.35617163869216,2.923799991607666,886.5
2023-11-06,80.81999969482422,85.18000030517578,473.29448179699665,2.952399969100952,852.75
2023-11-07,77.37000274658203,81.61000061035156,456.584797397846,2.838399887084961,823.25
2023-11-08,75.33000183105469,79.54000091552734,445.5182958878821,2.7492001056671143,805.75
2023-11-09,75.73999786376953,80.01000213623047,435.7709799883776,2.719099998474121,785.25
2023-11-10,77.16999816894531,81.43000030517578,437.2367417777768,2.7430999279022217,791.5
2023-11-13,78.26000213623047,82.5199966430664,437.30998076299915,2.8392999172210693,813.25
2023-11-14,78.26000213623047,82.47000122070312,444.41416232957266,2.837100028991699,824.5
2023-11-15,76.66000366210938,81.18000030517578,443.60853349212624,2.8687000274658203,818.0
2023-11-16,72.9000015258789,77.41999816894531,433.64803150187873,2.750200033187866,792.0
2023-11-17,75.88999938964844,80.61000061035156,414.6058953440526,2.7725000381469727,805.25
2023-11-20,77.5999984741211,82.31999969482422,429.6931262998687,2.8494999408721924,823.0
2023-11-21,77.7699966430664,82.44999694824219,430.27903818164793,2.9249000549316406,827.25
2023-11-22,77.0999984741211,81.95999908447266,432.9888806348771,2.8891000747680664,821.5
2023-11-23,,81.37000274658203,424.05372443774326,2.8712000846862793,826.0
2023-11-24,75.54000091552734,80.58000183105469,427.42271775797406,2.835700035095215,833.75
2023-11-27,74.86000061035156,79.9800033569336,418.56080054606264,2.837899923324585,817.25
2023-11-28,76.41000366210938,81.68000030517578,418.34108359039544,2.9070000648498535,833.25
2023-11-29,77.86000061035156,83.0999984741211,423.76076849685364,2.8884999752044678,820.5
2023-11-30,75.95999908447266,82.83000183105469,431.6705789008737,2.8304998874664307,801.5
2023-12-01,74.06999969482422,78.87999725341797,417.2424988120593,2.6614999771118164,806.5
2023-12-04,73.04000091552734,78.02999877929688,405.15806625036197,2.6596999168395996,793.0
2023-12-05,72.31999969482422,77.19999694824219,406.5496069695877,2.6410999298095703,792.25
2023-12-06,69.37999725341797,74.30000305175781,405.8172171173636,2.576200008392334,768.75
2023-12-07,69.33999633789062,74.05000305175781,392.1215268807733,2.5492000579833984,768.5
2023-12-08,71.2300033569336,75.83999633789062,401.71583394490875,2.5810000896453857,751.75
2023-12-11,71.31999969482422,76.02999877929688,407.2819968218118,2.6087000370025635,752.0
2023-12-12,68.61000061035156,73.23999786376953,406.18341204347564,2.5074000358581543,723.75
2023-12-13,69.47000122070312,74.26000213623047,381.8780973605508,2.548099994659424,732.25
2023-12-14,71.58000183105469,76.61000061035156,388.44710132890884,2.5913000106811523,752.0
2023-12-15,71.43000030517578,76.55000305175781,398.9575076782818,2.620800018310547,763.75
2023-12-18,72.47000122070312,77.94999694824219,402.9718989922784,2.672800064086914,785.25
2023-12-19,73.44000244140625,79.2300033569336,405.67248951260336,2.7167999744415283,793.0
2023-12-20,74.22000122070312,79.69999694824219,410.9276926872899,2.7084999084472656,798.0
2023-12-21,73.88999938964844,79.38999938964844,412.387471346925,2.6967999935150146,790.75
2023-12-22,73.55999755859375,79.06999969482422,413.5552942746331,2.6612000465393066,790.5
2023-12-25,,,404.1397219199865,,
2023-12-26,75.56999969482422,81.06999969482422,407.93514643503784,2.668800115585327,789.5
2023-12-27,74.11000061035156,79.6500015258789,419.5403867791371,2.6238999366760254,778.5
2023-12-28,71.7699966430664,78.38999938964844,411.87654881605266,2.556299924850464,770.5
2023-12-29,71.6500015258789,77.04000091552734,396.1109392919933,2.553100109100342,750.75
2024-01-02,70.37999725341797,75.88999938964844,405.5995005796217,2.5257999897003174,751.25
2024-01-03,72.69999694824219,78.25,393.11839303974125,2.6043999195098877,773.25
2024-01-04,72.19000244140625,77.58999633789062,408.81101363081893,2.588399887084961,754.5
2024-01-05,73.80999755859375,78.76000213623047,403.40983259016895,2.6085000038146973,765.75
2024-01-08,70.7699966430664,76.12000274658203,401.5851092656251,2.576900005340576,742.0
2024-01-09,72.23999786376953,77.58999633789062,394.14023810148586,2.650399923324585,764.25
2024-01-10,71.37000274658203,76.80000305175781,407.3512349711838,2.600600004196167,766.75
2024-01-11,72.0199966430664,77.41000366210938,406.3293899094392,2.673799991607666,784.5
2024-01-12,72.68000030517578,78.29000091552734,416.03691799601285,2.669300079345703,785.25
2024-01-15,,,407.8678901531739,,779.25
2024-01-16,72.4000015258789,78.29000091552734,408.4513921419481,2.660599946975708,794.25
2024-01-17,72.55999755859375,77.87999725341797,405.7526954438673,2.653599977493286,778.0
2024-01-18,74.08000183105469,79.0999984741211,408.67020538773835,2.6935999393463135,790.0
2024-01-19,73.41000366210938,78.55999755859375,413.04647030354494,2.662100076675415,796.25
2024-01-22,75.19000244140625,80.05999755859375,408.37845439335126,2.69350004196167,799.25
2024-01-23,74.37000274658203,79.55000305175781,416.4016067389967,2.6912999153137207,813.5
2024-01-24,75.08999633789062,80.04000091552734,415.4534160072386,2.68179988861084,810.25
2024-01-25,77.36000061035156,82.43000030517578,417.49567296794834,2.7953999042510986,830.5
2024-01-26,78.01000213623047,83.55000305175781,429.16571274343255,2.843400001525879,835.5
2024-01-29,76.77999877929688,82.4000015258789,435.0736703797715,2.833899974822998,854.75
2024-01-30,77.81999969482422,82.87000274658203,427.48814452570673,2.80679988861084,847.5
2024-01-31,75.8499984741211,81.70999908447266,426.9046425369325,2.808199882507324,855.0
2024-02-01,73.81999969482422,78.69999694824219,419.902618671642,2.712899923324585,854.5
2024-02-02,72.27999877929688,77.33000183105469,410.4207113540611,2.6600000858306885,813.5
2024-02-05,72.77999877929688,77.98999786376953,405.6068199466738,2.7248001098632812,818.0
2024-02-06,73.30999755859375,78.58999633789062,408.0867033989642,2.7427000999450684,823.75
2024-02-07,73.86000061035156,79.20999908447266,409.76427161669,2.815200090408325,840.75
2024-02-08,76.22000122070312,81.62999725341797,417.80028471730003,2.8907999992370605,860.75
2024-02-09,76.83999633789062,82.19000244140625,,2.964200019836426,882.0
2024-02-12,76.91999816894531,82.0,,2.919600009918213,871.5
2024-02-13,77.87000274658203,82.7699966430664,,2.895900011062622,874.75
2024-02-14,76.63999938964844,81.5999984741211,,2.8101000785827637,857.0
2024-02-15,78.02999877929688,82.86000061035156,,2.823699951171875,863.25
2024-02-16,79.19000244140625,83.47000122070312,,2.8066000938415527,847.75
2024-02-19,,,434.3790865194594,,854.25
2024-02-20,78.18000030517578,82.33999633789062,437.1301540674159,2.7314999103546143,837.75
2024-02-21,77.91000366210938,83.02999877929688,431.1936398849834,2.705199956893921,836.5
2024-02-22,78.61000061035156,83.66999816894531,435.1754481780784,2.752000093460083,836.5
2024-02-23,76.48999786376953,81.62000274658203,437.05775755299607,2.68969988822937,833.25
2024-02-26,77.58000183105469,82.52999877929688,429.6009165677453,2.762700080871582,840.75
2024-02-27,78.87000274658203,83.6500015258789,435.8994133222775,2.746000051498413,846.25
2024-02-28,78.54000091552734,83.68000030517578,439.3020495000132,2.6582999229431152,819.25
2024-02-29,78.26000213623047,83.62000274658203,438.722877384654,2.683799982070923,826.75
2024-03-01,79.97000122070312,83.55000305175781,438.7952738990739,2.704200029373169,852.0
2024-03-04,78.73999786376953,82.80000305175781,448.1344242592423,2.647200107574463,828.5
2024-03-05,78.1500015258789,82.04000091552734,441.76353099029023,2.6064999103546143,822.25
2024-03-06,79.12999725341797,82.95999908447266,441.03956584609114,2.663300037384033,837.75
2024-03-07,78.93000030517578,82.95999908447266,444.00782293730737,2.694700002670288,820.25
2024-03-08,78.01000213623047,82.08000183105469,447.2656660862033,2.640899896621704,804.25
2024-03-11,77.93000030517578,82.20999908447266,440.46039373073177,2.6517999172210693,808.75
2024-03-12,77.55999755859375,81.91999816894531,450.01673363415995,2.616499900817871,807.5
2024-03-13,79.72000122070312,84.02999877929688,450.4511127206794,2.6851000785827637,821.25
2024-03-14,81.26000213623047,85.41999816894531,457.4735746194106,2.7088000774383545,830.75
2024-03-15,81.04000091552734,85.33999633789062,465.01800543770975,2.7269999980926514,838.5
2024-03-18,82.72000122070312,86.88999938964844,463.7606003013265,2.7881999015808105,856.5
2024-03-19,83.47000122070312,87.37999725341797,468.64229083081415,2.760699987411499,851.75
2024-03-20,81.68000030517578,85.94999694824219,471.30503111962565,2.69569993019104,827.75
2024-03-21,81.06999969482422,85.77999877929688,468.4203958067465,2.668800115585327,821.0
2024-03-22,80.62999725341797,85.43000030517578,464.0564603334166,2.65339994430542,823.75
2024-03-25,81.94999694824219,86.75,465.2399004617773,2.6786000728607178,830.25
2024-03-26,81.62000274658203,86.25,469.1600458869719,2.621799945831299,817.5
2024-03-27,81.3499984741211,86.08999633789062,463.68663529330394,2.598599910736084,813.5
2024-03-28,83.16999816894531,87.4800033569336,469.52987092708463,2.615600109100342,817.0
2024-03-29,,,477.44412678549645,,
2024-04-01,83.70999908447266,87.41999816894531,477.73998681758655,2.6270999908447266,822.5
2024-04-02,85.1500015258789,88.91999816894531,480.9944471705783,2.711899995803833,845.5
2024-04-03,85.43000030517578,89.3499984741211,488.83473802096756,2.7323999404907227,862.5
2024-04-04,86.58999633789062,90.6500015258789,,2.741300106048584,851.5
2024-04-05,86.91000366210938,91.16999816894531,,2.7730000019073486,870.5
2024-04-08,86.43000030517578,90.37999725341797,488.68680800492257,2.7286999225616455,851.0
2024-04-09,85.2300033569336,89.41999816894531,493.56849853441014,2.677000045776367,830.75
2024-04-10,86.20999908447266,90.4800033569336,490.01817814932826,2.7076001167297363,823.25
2024-04-11,85.0199966430664,89.73999786376953,494.4560786306807,2.6598000526428223,822.25
2024-04-12,85.66000366210938,90.44999694824219,495.79184471432956,2.6851000785827637,839.5
2024-04-15,85.41000366210938,90.0999984741211,490.30036192599545,2.6542000770568848,813.75
2024-04-16,85.36000061035156,90.0199966430664,494.53028785755004,2.6512999534606934,817.5
2024-04-17,82.69000244140625,87.29000091552734,490.9682449678198,2.574700117111206,807.0
2024-04-18,82.7300033569336,87.11000061035156,476.72007340889877,2.533900022506714,780.75
2024-04-19,83.13999938964844,87.29000091552734,483.62153150775123,2.541300058364868,783.5
2024-04-22,82.8499984741211,87.0,469.89282453691584,2.5604000091552734,781.75
2024-04-23,83.36000061035156,88.41999816894531,473.3064489729073,2.579200029373169,787.0
2024-04-24,82.80999755859375,88.0199966430664,483.25048537340433,2.5499000549316406,784.0
2024-04-25,83.56999969482422,89.01000213623047,482.58260233157984,2.5504000186920166,776.25
2024-04-26,83.8499984741211,89.5,484.8088791376612,2.5481998920440674,790.0
2024-04-29,82.62999725341797,88.4000015258789,480.8015808867147,2.5313000679016113,783.5
2024-04-30,81.93000030517578,87.86000061035156,479.2431871224577,2.513400077819824,776.25
2024-05-01,79.0,83.44000244140625,,2.451900005340576,756.25
2024-05-02,78.94999694824219,83.66999816894531,,2.4430999755859375,747.5
2024-05-03,78.11000061035156,82.95999908447266,,2.4433999061584473,750.0
2024-05-06,78.4800033569336,83.33000183105469,459.65195122894136,2.461400032043457,754.0
2024-05-07,78.37999725341797,83.16000366210938,458.46460359903125,2.46560001373291,754.25
2024-05-08,78.98999786376953,83.58000183105469,453.6410038525215,2.476099967956543,759.5
2024-05-09,79.26000213623047,83.87999725341797,457.8709297840762,2.47760009765625,763.25
2024-05-10,78.26000213623047,82.79000091552734,463.15262531854734,2.4344000816345215,753.75
2024-05-13,79.12000274658203,83.36000061035156,456.08556791326913,2.436800003051758,752.75
2024-05-14,78.0199966430664,82.37999725341797,458.83800079743,2.4200000762939453,741.5
2024-05-15,78.62999725341797,82.75,455.41605721171646,2.423099994659424,745.25
2024-05-16,79.2300033569336,83.2699966430664,454.9697167440147,2.443700075149536,749.25
2024-05-17,80.05999755859375,83.9800033569336,458.9867809533307,2.486299991607666,762.5
2024-05-20,79.80000305175781,83.70999908447266,463.3757955523982,2.4870998859405518,765.5
2024-05-21,79.26000213623047,82.87999725341797,455.71361752351766,2.4623000621795654,759.5
2024-05-22,77.56999969482422,81.9000015258789,450.5063120669969,2.43179988861084,746.5
2024-05-23,76.87000274658203,81.36000061035156,448.20021965053763,2.411799907684326,746.0
2024-05-24,77.72000122070312,82.12000274658203,445.59656692227725,2.413599967956543,739.0
2024-05-27,,,451.3989930024004,,749.0
2024-05-28,79.83000183105469,84.22000122070312,454.1514258865614,2.4649999141693115,759.5
2024-05-29,79.2300033569336,83.5999984741211,460.9953130579887,2.437000036239624,751.5
2024-05-30,77.91000366210938,81.86000061035156,454.89532666606436,2.3694000244140625,742.75
2024-05-31,76.98999786376953,81.62000274658203,448.42338988438854,2.363600015640259,731.75
2024-06-03,74.22000122070312,78.36000061035156,443.21608442786777,2.2962000370025635,708.5
2024-06-04,73.25,77.5199966430664,425.43685579774683,2.285900115966797,703.5
2024-06-05,74.06999969482422,78.41000366210938,424.24661455054206,2.301100015640259,701.0
2024-06-06,75.55000305175781,79.87000274658203,429.230749773212,2.357599973678589,718.0
2024-06-07,75.52999877929688,79.62000274658203,434.36366515178247,2.3517000675201416,723.75
2024-06-10,77.73999786376953,81.62999725341797,,2.4147000312805176,738.5
2024-06-11,77.9000015258789,81.91999816894531,444.55510583097316,2.421299934387207,746.5
2024-06-12,78.5,82.5999984741211,450.2831418331459,2.4407999515533447,747.75
2024-06-13,78.62000274658203,82.75,449.6880212095436,2.486799955368042,763.5
2024-06-14,78.44999694824219,82.62000274658203,448.42338988438854,2.470599889755249,762.25
2024-06-17,80.33000183105469,84.25,446.182020058242,2.4825000762939453,767.25
2024-06-18,81.56999969482422,85.33000183105469,454.25095143236956,2.5208001136779785,780.0
2024-06-19,,,459.25667737743026,,791.5
2024-06-20,82.16999816894531,85.70999908447266,461.6474718586532,2.5244998931884766,782.75
2024-06-21,80.7300033569336,85.23999786376953,461.4233348760386,2.491499900817871,783.25
2024-06-24,81.62999725341797,86.01000213623047,461.27391022096214,2.521399974822998,781.25
2024-06-25,80.83000183105469,85.01000213623047,464.78538961525845,2.509399890899658,785.5
2024-06-26,80.9000015258789,85.25,463.4405677195704,2.5374999046325684,781.5
2024-06-27,81.73999786376953,86.38999938964844,461.9463211688061,2.547600030899048,794.0
2024-06-28,81.54000091552734,86.41000366210938,469.4175539226279,2.516900062561035,785.5
2024-07-01,83.37999725341797,86.5999984741211,468.3715813370929,2.6147000789642334,797.75
2024-07-02,82.80999755859375,86.23999786376953,473.6761565923064,2.629699945449829,811.5
2024-07-03,83.87999725341797,87.33999633789062,475.3945401256854,2.6342999935150146,796.0
2024-07-04,,,473.1531702995389,,802.5
2024-07-05,83.16000366210938,86.54000091552734,474.79684150537975,2.602400064468384,807.5
2024-07-08,82.33000183105469,85.75,469.1934169400133,2.5790998935699463,789.5
2024-07-09,81.41000366210938,84.66000366210938,467.8485950443254,2.5236001014709473,775.75
2024-07-10,82.0999984741211,85.08000183105469,459.1072527223538,2.518399953842163,779.5
2024-07-11,82.62000274658203,85.4000015258789,467.1761840964814,2.518199920654297,779.5
2024-07-12,82.20999908447266,85.02999877929688,465.681937545717,2.5095999240875244,779.25
2024-07-15,81.91000366210938,84.8499984741211,462.46930746157364,2.5136001110076904,773.75
2024-07-16,80.76000213623047,83.7300033569336,457.83714315420406,2.4688000679016113,760.5
2024-07-17,82.8499984741211,85.08000183105469,453.5750629386578,2.49399995803833,762.5
2024-07-18,82.81999969482422,85.11000061035156,462.5478633924394,2.486799955368042,762.5
2024-07-19,80.12999725341797,82.62999725341797,457.01463644594077,2.419100046157837,754.75
2024-07-22,79.77999877929688,82.4000015258789,446.69591592409193,2.434799909591675,744.25
2024-07-23,76.95999908447266,81.01000213623047,443.4806624281536,2.409899950027466,737.0
2024-07-24,77.58999633789062,81.70999908447266,440.1906355951004,2.452399969100952,752.5
2024-07-25,78.27999877929688,82.37000274658203,437.79788880742524,2.4711999893188477,751.5
2024-07-26,77.16000366210938,81.12999725341797,443.3311157539239,2.4196999073028564,736.5
2024-07-29,75.80999755859375,79.77999877929688,438.6951688528034,2.375,733.5
2024-07-30,74.7300033569336,78.62999725341797,429.12418170210304,2.3368000984191895,721.0
2024-07-31,77.91000366210938,80.72000122070312,433.98444861456807,2.4154999256134033,740.25
2024-08-01,76.30999755859375,79.5199966430664,443.4806624281536,2.406399965286255,740.75
2024-08-02,73.5199966430664,76.80999755859375,434.95650199706114,2.31850004196167,712.75
2024-08-05,72.94000244140625,76.30000305175781,408.93538068109456,2.2985999584198,704.5
2024-08-06,73.19999694824219,76.4800033569336,409.75788738935785,2.295799970626831,702.5
2024-08-07,75.2300033569336,78.33000183105469,407.5146872759125,2.355600118637085,724.5
2024-08-08,76.19000244140625,79.16000366210938,413.0479142224111,2.357800006866455,721.75
2024-08-09,76.83999633789062,79.66000366210938,419.7775145627473,2.3396999835968018,720.25
2024-08-12,80.05999755859375,82.30000305175781,424.78732814944203,2.4065001010894775,720.25
2024-08-13,78.3499984741211,80.69000244140625,433.46103525476417,2.38919997215271,733.75
2024-08-14,76.9800033569336,79.76000213623047,429.42327505056244,2.3682000637054443,729.5
2024-08-15,78.16000366210938,81.04000091552734,424.91331592172753,2.3778998851776123,737.25
2024-08-16,76.6500015258789,79.68000030517578,429.9494369489266,2.328700065612793,718.5
2024-08-19,74.37000274658203,77.66000366210938,420.55368876385387,2.2634999752044678,709.5
2024-08-20,74.04000091552734,77.19999694824219,411.68410247714525,2.263200044631958,692.0
2024-08-21,71.93000030517578,76.05000305175781,411.4586045207035,2.2497000694274902,699.25
2024-08-22,73.01000213623047,77.22000122070312,404.2426699145676,2.2634999752044678,698.25
2024-08-23,74.83000183105469,79.0199966430664,409.88011882561125,2.2997000217437744,708.25
2024-08-26,77.41999816894531,81.43000030517578,422.9590002992325,2.3480000495910645,726.25
2024-08-27,75.52999877929688,79.55000305175781,428.7467811812372,2.2862000465393066,708.0
2024-08-28,74.5199966430664,78.6500015258789,420.4033567928927,2.229099988937378,692.5
2024-08-29,75.91000366210938,79.94000244140625,413.4880861286792,2.2839999198913574,704.25
2024-08-30,73.55000305175781,78.80000305175781,420.10269285097036,2.251499891281128,696.5
2024-09-02,,,406.34731750802393,,693.75
2024-09-03,70.33999633789062,73.75,413.4880861286792,2.2060000896453857,678.5
2024-09-04,69.19999694824219,72.69999694824219,392.9677720924804,2.1575000286102295,666.0
2024-09-05,69.1500015258789,72.69000244140625,391.5297159157167,2.1689000129699707,666.25
2024-09-06,67.66999816894531,71.05999755859375,392.81639775808424,2.115000009536743,650.5
2024-09-09,68.70999908447266,71.83999633789062,387.1398602182275,2.139400005340576,645.75
2024-09-10,65.75,69.19000244140625,383.9609991959078,2.058000087738037,633.0
2024-09-11,67.30999755859375,70.61000061035156,379.4197691640224,2.0917000770568848,627.25
2024-09-12,68.97000122070312,71.97000122070312,387.0641730510294,2.118799924850464,627.25
2024-09-13,68.6500015258789,71.61000061035156,388.7292907293874,2.0843000411987305,649.5
2024-09-16,70.08999633789062,72.75,,2.0968000888824463,642.25
2024-09-17,71.19000244140625,73.69999694824219,,2.136699914932251,650.0
2024-09-18,70.91000366210938,73.6500015258789,390.39440840774535,2.1475000381469727,658.5
2024-09-19,71.94999694824219,74.87999725341797,395.61682294441357,2.171999931335449,669.25
2024-09-20,71.91999816894531,74.48999786376953,395.9195716132059,2.1614999771118164,665.75
2024-09-23,70.37000274658203,73.9000015258789,397.4333149571677,2.1451001167297363,660.25
2024-09-24,71.55999755859375,75.16999816894531,399.17411980272374,2.180500030517578,668.75
2024-09-25,69.69000244140625,73.45999908447266,404.9263445097785,2.1602001190185547,672.5
2024-09-26,67.66999816894531,71.5999984741211,395.995258780404,2.1361000537872314,658.75
2024-09-27,68.18000030517578,71.9800033569336,396.903504786781,2.132699966430664,657.5
2024-09-30,68.16999816894531,71.7699966430664,411.35975372161613,2.1317999362945557,664.25
2024-10-01,69.83000183105469,73.55999755859375,,2.1742000579833984,678.25
2024-10-02,70.0999984741211,73.9000015258789,,2.1821000576019287,669.5
2024-10-03,73.70999908447266,77.62000274658203,,2.2946999073028564,693.0
2024-10-04,74.37999725341797,78.05000305175781,,2.312700033187866,712.5
2024-10-07,77.13999938964844,80.93000030517578,,2.396199941635132,726.75
2024-10-08,73.56999969482422,77.18000030517578,439.06125691611686,2.2971999645233154,695.75
2024-10-09,73.23999786376953,76.58000183105469,425.3618796532627,2.276900053024292,693.0
2024-10-10,75.8499984741211,79.4000015258789,421.35045979176397,2.3508999347686768,693.0
2024-10-11,75.55999755859375,79.04000091552734,431.7196016979022,2.343899965286255,709.75
2024-10-14,73.83000183105469,77.45999908447266,429.5528784773355,2.274199962615967,692.25
2024-10-15,70.58000183105469,74.25,416.39777320960957,2.187700033187866,658.25
2024-10-16,70.38999938964844,74.22000122070312,413.14768837875954,2.1747000217437744,655.75
2024-10-17,70.66999816894531,74.44999694824219,410.90358218602984,2.194499969482422,660.75
2024-10-18,69.22000122070312,73.05999755859375,415.85609240446786,2.1521999835968018,648.5
2024-10-21,70.55999755859375,74.29000091552734,408.5047100489739,2.183300018310547,655.5
2024-10-22,72.08999633789062,76.04000091552734,412.2964756849655,2.236999988555908,674.5
2024-10-23,70.7699966430664,74.95999908447266,421.5050493723738,2.22160005569458,668.75
2024-10-24,70.19000244140625,74.37999725341797,420.6538366785797,2.2023000717163086,666.75
2024-10-25,71.77999877929688,76.05000305175781,415.85609240446786,2.238100051879883,676.25
2024-10-28,67.37999725341797,71.41999816894531,405.332008190287,2.1285998821258545,644.5
2024-10-29,67.20999908447266,71.12000274658203,396.27820044720505,2.133699893951416,636.25
2024-10-30,68.61000061035156,72.55000305175781,399.6830512223812,2.1875998973846436,658.75
2024-10-31,69.26000213623047,73.16000366210938,405.1772422459609,2.2195000648498535,669.0
2024-11-01,69.48999786376953,73.0999984741211,412.1417097406394,2.2342000007629395,672.0
2024-11-04,71.47000122070312,75.08000183105469,411.6000289354977,2.28410005569458,683.5
2024-11-05,71.98999786376953,75.52999877929688,414.77273079418455,2.3041999340057373,696.5
2024-11-06,71.69000244140625,74.91999816894531,412.2190927128025,2.2699999809265137,690.25
2024-11-07,72.36000061035156,75.62999725341797,419.9573899291119,2.286400079727173,680.25
2024-11-08,70.37999725341797,73.87000274658203,416.39777320960957,2.2388999462127686,668.5
2024-11-11,68.04000091552734,71.83000183105469,412.683390545781,2.1975998878479004,656.5
2024-11-12,68.12000274658203,71.88999938964844,403.5521998305359,2.2107999324798584,656.5
2024-11-13,68.43000030517578,72.27999877929688,405.41582361270497,2.2193000316619873,666.25
2024-11-14,68.69999694824219,72.55999755859375,403.70750181238327,2.2123000621795654,674.0
2024-11-15,67.0199966430664,71.04000091552734,401.14501911190075,2.1709001064300537,671.0
2024-11-18,69.16000366210938,73.30000305175781,399.51434830250275,2.2513999938964844,686.5
2024-11-19,69.38999938964844,73.30999755859375,410.4631380227463,2.2402000427246094,688.25
2024-11-20,68.87000274658203,72.80999755859375,410.4631380227463,2.226300001144409,682.25
2024-11-21,70.0999984741211,74.2300033569336,410.4631380227463,2.274399995803833,691.75
2024-11-22,71.23999786376953,75.16999816894531,417.7623311695753,2.274899959564209,697.75
2024-11-25,68.94000244140625,73.01000213623047,418.6164920697362,2.235300064086914,679.0
2024-11-26,68.7699966430664,72.80999755859375,410.6960909955174,2.2404000759124756,690.0
2024-11-27,68.72000122070312,72.83000183105469,411.5502518956783,2.2035999298095703,675.0
2024-11-28,,,408.98776919519577,,669.25
2024-11-29,68.0,72.94000244140625,411.8608558593731,2.193000078201294,677.0
2024-12-02,68.0999984741211,71.83000183105469,412.24911081399165,2.1777000427246094,667.25
2024-12-03,69.94000244140625,73.62000274658203,412.3267618049154,2.2177000045776367,676.25
2024-12-04,68.54000091552734,72.30999755859375,419.7036059426681,2.1673998832702637,666.25
2024-12-05,68.30000305175781,72.08999633789062,411.1619969410597,2.1556999683380127,658.5
2024-12-06,67.19999694824219,71.12000274658203,408.44421225872975,2.1326000690460205,647.75
2024-12-09,68.37000274658203,72.13999938964844,408.8324672133483,2.183500051498413,662.75
2024-12-10,68.58999633789062,72.19000244140625,409.7712329245155,2.1861000061035156,667.75
2024-12-11,70.29000091552734,73.5199966430664,415.09090528779683,2.223299980163574,680.0
2024-12-12,70.0199966430664,73.41000366210938,421.5840347900371,2.236599922180176,680.0
2024-12-13,71.29000091552734,74.48999786376953,423.7744881160941,2.2699999809265137,689.25
2024-12-16,70.70999908447266,73.91000366210938,427.8424728644856,2.2639999389648438,685.75
2024-12-17,70.08000183105469,73.19000244140625,428.3900861959999,2.2279000282287598,673.25
2024-12-18,70.58000183105469,73.38999938964844,423.0704138327186,2.255000114440918,690.75
2024-12-19,69.91000366210938,72.87999725341797,425.1044062069144,2.2376999855041504,679.25
2024-12-20,69.45999908447266,72.94000244140625,420.56703860293925,2.2316999435424805,675.25
2024-12-23,69.23999786376953,72.62999725341797,424.2438709716777,2.226300001144409,669.5
2024-12-24,70.0999984741211,73.58000183105469,422.9921833567881,2.2214999198913574,674.0
2024-12-25,,,428.3118557200693,,
2024-12-26,69.62000274658203,73.26000213623047,427.764242388555,2.2053000926971436,671.25
2024-12-27,70.5999984741211,74.16999816894531,426.27786334587347,2.244800090789795,680.5
2024-12-30,70.98999786376953,74.38999938964844,430.11115666647316,2.299499988555908,692.25
2024-12-31,71.72000122070312,74.63999938964844,438.0124347354644,2.3206000328063965,695.25
2025-01-02,73.12999725341797,75.93000030517578,438.63827854290935,2.3540000915527344,710.25
2025-01-03,73.95999908447266,76.51000213623047,447.55655279899844,2.3478000164031982,703.0
2025-01-06,73.55999755859375,76.30000305175781,451.38984611959813,2.3552000522613525,705.25
2025-01-07,74.25,77.05000305175781,454.28437372903056,2.366300106048584,702.5
2025-01-08,73.31999969482422,76.16000366210938,460.85573370720147,2.3506999015808105,693.75
2025-01-09,73.91999816894531,76.91999816894531,454.12791277716934,2.378200054168701,709.0
2025-01-10,76.56999969482422,79.76000213623047,460.0215405473395,2.501699924468994,709.0
2025-01-13,78.81999969482422,81.01000213623047,489.72861025373794,2.5332999229431152,751.5
2025-01-14,77.5,79.91999816894531,485.1889239983366,2.5253000259399414,741.5
2025-01-15,80.04000091552734,82.02999877929688,499.126557238604,2.6135001182556152,759.5
2025-01-16,78.68000030517578,81.29000091552734,504.8608977717425,2.6171998977661133,754.5
2025-01-17,77.87999725341797,80.79000091552734,503.1883817829104,2.621000051498413,753.5
2025-01-20,,,495.3833071683607,,746.75
2025-01-21,75.88999938964844,79.29000091552734,494.3479401276552,2.5580999851226807,737.0
2025-01-22,75.44000244140625,79.0,492.4364932832756,2.4842000007629395,727.0
2025-01-23,74.62000274658203,78.29000091552734,485.0296367613049,2.4714999198913574,716.25
2025-01-24,74.66000366210938,78.5,482.24211011325144,2.516200065612793,721.75
2025-01-27,73.16999816894531,77.08000183105469,479.77315793926124,2.4600000381469727,704.25
2025-01-28,73.7699966430664,77.48999786376953,,2.4500999450683594,701.0
2025-01-29,72.62000274658203,76.58000183105469,,2.4539999961853027,707.25
2025-01-30,72.7300033569336,76.87000274658203,,2.475399971008301,709.5
2025-01-31,72.52999877929688,76.76000213623047,,2.484499931335449,711.25
2025-02-03,73.16000366210938,75.95999908447266,,2.463099956512451,716.75
2025-02-04,72.69999694824219,76.19999694824219,,2.429800033569336,712.5
2025-02-05,71.02999877929688,74.61000061035156,482.24211011325144,2.384200096130371,700.0
2025-02-06,70.61000061035156,74.29000091552734,477.14491852823943,2.3980000019073486,698.0
2025-02-07,71.0,74.66000366210938,480.8881685984826,2.430799961090088,706.0
2025-02-10,72.31999969482422,75.87000274658203,483.4367643909887,2.450900077819824,718.0
2025-02-11,73.31999969482422,77.0,493.63114756101277,2.5146000385284424,733.75
2025-02-12,71.37000274658203,75.18000030517578,494.4669605436762,2.4519999027252197,733.75
2025-02-13,71.29000091552734,75.0199966430664,472.40149780136204,2.448699951171875,709.0
2025-02-14,70.73999786376953,74.73999786376953,474.3238676614879,2.4618000984191895,714.5
2025-02-17,,,466.30006302791907,,711.5
2025-02-18,71.8499984741211,75.83999633789062,469.5597336603064,2.4405999183654785,719.5
2025-02-19,72.25,76.04000091552734,472.5686603978947,2.4565000534057617,724.25
2025-02-20,72.56999969482422,76.4800033569336,471.3985222221659,2.5034000873565674,734.75
2025-02-21,70.4000015258789,74.43000030517578,469.7268962568391,2.432300090789795,717.0
2025-02-24,70.69999694824219,74.77999877929688,456.2703072359581,2.435800075531006,712.0
2025-02-25,68.93000030517578,73.0199966430664,461.11802253540594,2.3903000354766846,695.25
2025-02-26,68.62000274658203,72.52999877929688,450.58677895384693,2.3443000316619873,682.25
2025-02-27,70.3499984741211,74.04000091552734,448.99873428678643,2.395900011062622,694.0
2025-02-28,69.76000213623047,73.18000030517578,451.33901063824396,2.3548998832702637,690.75
2025-03-03,68.37000274658203,71.62000274658203,450.1688724625152,2.2604000568389893,683.0
2025-03-04,68.26000213623047,71.04000091552734,435.7093078624381,2.2871999740600586,675.0
2025-03-05,66.30999755859375,69.30000305175781,433.36903151098056,2.240799903869629,654.5
2025-03-06,66.36000061035156,69.45999908447266,425.9302959652762,2.22379994392395,664.0
2025-03-07,67.04000091552734,70.36000061035156,428.3541536150001,2.2160000801086426,671.5
2025-03-10,66.02999877929688,69.27999877929688,435.29140137110636,2.1798999309539795,662.5
2025-03-11,66.25,69.55999755859375,431.69740554565374,2.1967999935150146,669.25
2025-03-12,67.68000030517578,70.94999694824219,431.2756613042062,2.2063000202178955,669.25
2025-03-13,66.55000305175781,69.87999725341797,438.3609645605241,2.1621999740600586,648.5
2025-03-14,67.18000030517578,70.58000183105469,437.9392203190766,2.166599988937378,645.25
2025-03-17,67.58000183105469,71.06999969482422,441.4818719472355,2.2037999629974365,653.5
2025-03-18,66.9000015258789,70.55999755859375,443.8436396993415,2.194499969482422,652.25
2025-03-19,67.16000366210938,70.77999877929688,435.40875487039165,2.2318999767303467,658.0
2025-03-20,68.26000213623047,72.0,444.60277933394696,2.254300117492676,666.25
2025-03-21,68.27999877929688,72.16000366210938,450.84459410736986,2.2495999336242676,668.25
2025-03-24,69.11000061035156,73.0,450.7602452590803,2.2571001052856445,672.0
2025-03-25,69.0,73.0199966430664,454.04985034237075,2.285900115966797,672.75
2025-03-26,69.6500015258789,73.79000091552734,457.0020600325032,2.2887001037597656,680.75
2025-03-27,69.91999816894531,74.02999877929688,456.0742227013188,2.2846999168395996,676.75
2025-03-28,69.36000061035156,73.62999725341797,457.4238042739507,2.2609000205993652,669.25
2025-03-31,71.4800033569336,74.73999786376953,453.3750595560548,2.313999891281128,686.0
2025-04-01,71.19999694824219,74.48999786376953,469.06394533790154,2.2888998985290527,685.75
2025-04-02,71.70999908447266,74.94999694824219,465.7743402546111,2.322000026702881,685.0
2025-04-03,66.94999694824219,70.13999938964844,457.17075772908225,2.1888999938964844,647.25
2025-04-04,61.9900016784668,65.58000183105469,,2.081899881362915,615.75
2025-04-07,60.70000076293945,64.20999908447266,430.2634751247322,2.0699000358581543,606.0
2025-04-08,59.58000183105469,62.81999969482422,403.69358791354017,2.056999921798706,610.5
2025-04-09,62.349998474121094,65.4800033569336,385.899698828569,2.113600015640259,579.0
2025-04-10,60.06999969482422,63.33000183105469,403.44059422986754,2.0464000701904297,579.0
2025-04-11,61.5,64.76000213623047,398.4650517843069,2.0652999877929688,595.5
2025-04-14,61.529998779296875,64.87999725341797,399.7300202026698,2.0917000770568848,610.0
2025-04-15,61.33000183105469,64.66999816894531,402.09129458361383,2.078399896621704,608.0
2025-04-16,62.470001220703125,65.8499984741211,393.9954967060914,2.1154000759124756,620.0
2025-04-17,64.68000030517578,67.95999908447266,407.0668370291745,2.1522998809814453,632.5
2025-04-18,,,413.8133352604432,,
2025-04-21,63.08000183105469,66.26000213623047,412.54836684208027,2.1089000701904297,619.5
2025-04-22,64.30999755859375,67.44000244140625,416.5962657808415,2.1486001014709473,630.25
2025-04-23,62.27000045776367,66.12000274658203,424.8607261141457,2.1268999576568604,617.75
2025-04-24,62.790000915527344,66.55000305175781,416.0902784134963,2.143699884414673,622.0
2025-04-25,63.02000045776367,66.87000274658203,418.3672215665496,2.16729998588562,628.5
2025-04-28,62.04999923706055,65.86000061035156,419.96951489647586,2.17549991607666,622.75
2025-04-29,60.41999816894531,64.25,407.8258180801922,2.1203999519348145,615.0
2025-04-30,58.209999084472656,63.119998931884766,397.2844145938349,2.0367000102996826,604.5
2025-05-01,59.2400016784668,62.130001068115234,,2.01200008392334,590.0
2025-05-02,58.290000915527344,61.290000915527344,,1.9931999444961548,585.75
2025-05-05,57.130001068115234,60.22999954223633,,1.9744999408721924,579.0
2025-05-06,59.09000015258789,62.150001525878906,386.99600479115014,2.0088000297546387,597.0
2025-05-07,58.06999969482422,61.119998931884766,394.838808985,1.9766000509262085,583.25
2025-05-08,59.90999984741211,62.84000015258789,386.2702584427908,2.0399999618530273,595.25
2025-05-09,61.02000045776367,63.90999984741211,396.2097770717534,2.0664000511169434,601.75
2025-05-12,61.95000076293945,64.95999908447266,404.94969862480684,2.1110999584198,601.75
2025-05-13,63.66999816894531,66.62999725341797,403.15030301094293,2.171299934387207,620.5
2025-05-14,63.150001525878906,66.08999633789062,410.69062748808705,2.2060999870300293,623.25
2025-05-15,61.619998931884766,64.52999877929688,394.7531234795779,2.1659998893737793,615.25
2025-05-16,62.4900016784668,65.41000366210938,390.8972757355838,2.1405999660491943,612.25
2025-05-19,62.689998626708984,65.54000091552734,396.55251909344184,2.127700090408325,610.25
2025-05-20,62.560001373291016,65.37999725341797,398.7803422344162,2.1289000511169434,605.5
2025-05-21,61.56999969482422,64.91000366210938,402.80756098925457,2.1391000747680664,606.5
2025-05-22,61.20000076293945,64.44000244140625,388.75513810003144,2.117500066757202,601.5
2025-05-23,61.529998779296875,64.77999877929688,387.98396855123264,2.10479998588562,605.5
2025-05-26,,,393.896268425357,,603.0
2025-05-27,60.88999938964844,64.08999633789062,392.6966713494477,2.079400062561035,598.0
2025-05-28,61.84000015258789,64.9000015258789,388.1553395620768,2.088099956512451,608.5
2025-05-29,60.939998626708984,64.1500015258789,400.2369958265918,2.0481998920440674,599.25
2025-05-30,60.790000915527344,63.900001525878906,383.7853787855501,2.017199993133545,590.75
2025-06-02,62.52000045776367,64.62999725341797,,2.0445001125335693,606.0
2025-06-03,63.40999984741211,65.62999725341797,396.29546257717556,2.099900007247925,618.0
2025-06-04,62.849998474121094,64.86000061035156,401.1795363862348,2.0701000690460205,609.0
2025-06-05,63.369998931884766,65.33999633789062,397.32368864224065,2.0945000648498535,618.25
2025-06-06,64.58000183105469,66.47000122070312,399.3801407723709,2.1252999305725098,622.25
2025-06-09,65.29000091552734,67.04000091552734,406.40635221698244,2.146399974822998,629.25
2025-06-10,64.9800033569336,66.87000274658203,411.1190550151975,2.1415998935699463,636.5
2025-06-11,68.1500015258789,69.7699966430664,409.66240142302195,2.2053000926971436,635.75
2025-06-12,68.04000091552734,69.36000061035156,424.7430503773101,2.188699960708618,645.0
2025-06-13,72.9800033569336,74.2300033569336,451.44663468353826,2.3587000370025635,684.25
2025-06-16,71.7699966430664,73.2300033569336,462.02402846717405,2.3933000564575195,685.25
2025-06-17,74.83999633789062,76.44999694824219,455.0880325434784,2.5051000118255615,731.0
2025-06-18,75.13999938964844,76.69999694824219,479.1906183783207,2.533400058746338,734.25
2025-06-19,,,494.9700091047282,,798.5
2025-06-20,74.93000030517578,77.01000213623047,491.24191129574183,2.541800022125244,758.5
2025-06-23,68.51000213623047,71.4800033569336,498.09120727039124,2.363100051879883,743.25
2025-06-24,64.37000274658203,67.13999938964844,449.62593575356817,2.285099983215332,668.25
2025-06-25,64.91999816894531,67.68000030517578,440.95594084894867,2.2964000701904297,683.25
2025-06-26,65.23999786376953,67.7300033569336,436.0140437533155,2.360100030899048,692.75
2025-06-27,65.5199966430664,67.7699966430664,432.1992459952829,2.3071999549865723,675.0
2025-06-30,65.11000061035156,67.61000061035156,430.6386469124514,2.3457999229431152,677.0
2025-07-01,65.44999694824219,67.11000061035156,432.97954553669865,2.326900005340576,696.25
2025-07-02,67.44999694824219,69.11000061035156,431.93914614814435,2.4117000102996826,711.5
2025-07-03,67.0,68.80000305175781,438.96184202088614,2.369800090789795,724.5
2025-07-04,66.5,68.29000091552734,436.5342434475927,2.4089999198913574,745.0
2025-07-07,67.93000030517578,69.58000183105469,435.49384405903834,2.421099901199341,750.25
2025-07-08,68.33000183105469,70.1500015258789,442.7766397789187,2.4412999153137207,769.5
2025-07-09,68.37999725341797,70.19000244140625,450.57963519307634,2.4091999530792236,774.5
2025-07-10,66.56999969482422,68.63999938964844,453.0072337663698,2.383500099182129,774.5
2025-07-11,68.44999694824219,70.36000061035156,445.8447145520274,2.4474000930786133,712.25
2025-07-14,66.9800033569336,69.20999908447266,453.62621690835005,2.3898000717163086,701.75
2025-07-15,66.5199966430664,68.70999908447266,447.524811651688,2.4052000045776367,703.75
2025-07-16,66.37999725341797,68.5199966430664,449.1164825882085,2.3914999961853027,691.0
2025-07-17,67.54000091552734,69.5199966430664,446.90582850970776,2.464600086212158,712.5
2025-07-18,67.33999633789062,69.27999877929688,456.1021494762708,2.453000068664551,726.25
2025-07-21,67.19999694824219,69.20999908447266,453.0072337663698,2.509200096130371,731.0
2025-07-22,66.20999908447266,68.58999633789062,445.9331407151675,2.4518001079559326,715.5
2025-07-23,65.25,68.51000213623047,445.4025837363273,2.4489998817443848,711.25
2025-07-24,66.02999877929688,69.18000030517578,450.0007442196088,2.412899971008301,706.75
2025-07-25,65.16000366210938,68.44000244140625,453.53779074521,2.4061999320983887,715.25
2025-07-28,66.70999908447266,70.04000091552734,447.34795932540794,2.4265999794006348,708.75
2025-07-29,69.20999908447266,72.51000213623047,455.3947401711506,2.4637999534606934,708.5
2025-07-30,70.0,73.23999786376953,467.4206983581946,2.4184999465942383,709.0
2025-07-31,69.26000213623047,72.52999877929688,469.8082047629753,2.3994998931884766,706.0
2025-08-01,67.33000183105469,69.66999816894531,466.80171521621435,2.2999000549316406,681.75
2025-08-04,66.29000091552734,68.76000213623047,454.7757570291704,2.3176000118255615,686.75
2025-08-05,65.16000366210938,67.63999938964844,449.9123180564688,2.250200033187866,670.25
2025-08-06,64.3499984741211,66.88999938964844,447.34795932540794,2.2627999782562256,682.5
2025-08-07,63.880001068115234,66.43000030517578,443.01507733154654,2.2667999267578125,670.25
2025-08-08,63.880001068115234,66.58999633789062,433.11134705986325,2.2792999744415283,675.5
2025-08-11,63.959999084472656,66.62999725341797,432.7576424073031,2.2909998893737793,670.5
2025-08-12,63.16999816894531,66.12000274658203,439.06554481151545,2.2441000938415527,670.5
2025-08-13,62.650001525878906,65.62999725341797,435.86717176149233,2.242799997329712,648.75
2025-08-14,63.959999084472656,66.83999633789062,431.33614327395946,2.234499931335449,652.5
2025-08-15,62.79999923706055,65.8499984741211,433.6460793656429,2.2249999046325684,656.5
2025-08-18,63.41999816894531,66.5999984741211,432.2245802322992,2.240299940109253,645.5
2025-08-19,62.349998474121094,65.79000091552734,430.18117522811775,2.2511000633239746,659.5
2025-08-20,63.209999084472656,66.83999633789062,428.9373634864421,2.279599905014038,669.0
2025-08-21,63.52000045776367,67.66999816894531,436.13370284899423,2.3250999450683594,679.5
2025-08-22,63.65999984741211,67.7300033569336,438.53248263651165,2.3080999851226807,680.75
2025-08-25,64.80000305175781,68.80000305175781,437.91057676567374,2.3475000858306885,690.0
2025-08-26,63.25,67.22000122070312,440.7535750323611,2.2804999351501465,674.5
2025-08-27,64.1500015258789,68.05000305175781,426.18320891558875,2.295300006866455,674.5
2025-08-28,64.5999984741211,68.62000274658203,427.9600828322683,2.309799909591675,674.25
2025-08-29,64.01000213623047,68.12000274658203,431.0696121864575,2.266700029373169,675.25
2025-09-01,,,429.5592693572799,,685.0
2025-09-02,65.58999633789062,69.13999938964844,435.6894843698243,2.3743999004364014,703.5
2025-09-03,63.970001220703125,67.5999984741211,438.1771078531757,2.3608999252319336,707.25
2025-09-04,63.47999954223633,66.98999786376953,427.33817696143046,2.330699920654297,698.75
2025-09-05,61.869998931884766,65.5,428.2266139197703,2.2869999408721924,683.25
2025-09-08,62.2599983215332,66.0199966430664,435.77832806565834,2.3118999004364014,694.75
2025-09-09,62.630001068115234,66.38999938964844,428.9373634864421,2.3199000358581543,698.75
2025-09-10,63.66999816894531,67.48999786376953,431.9580491447973,2.333699941635132,698.75
2025-09-11,62.369998931884766,66.37000274658203,434.25852216359385,2.281899929046631,698.75
2025-09-12,62.689998626708984,66.98999786376953,421.7828800231972,2.2899999618530273,691.0
2025-09-15,63.29999923706055,67.44000244140625,432.9313261912112,2.3310999870300293,697.25
2025-09-16,64.5199966430664,68.47000122070312,437.08987357134345,2.3935000896453857,712.0
2025-09-17,64.05000305175781,67.94999694824219,441.77929934042874,2.35479998588562,705.25
2025-09-18,63.56999969482422,67.44000244140625,435.1433194785156,2.3399999141693115,702.5
2025-09-19,62.68000030517578,66.68000030517578,430.8962923668912,2.2988998889923096,693.5
2025-09-22,62.63999938964844,66.56999969482422,427.3571031072042,2.29229998588562,689.0
2025-09-23,63.40999984741211,67.62999725341797,418.59760968947893,2.328000068664551,705.75
2025-09-24,64.98999786376953,69.30999755859375,426.73774498675897,2.37719988822937,710.75
2025-09-25,64.9800033569336,69.41999816894531,434.08156270060954,2.426500082015991,723.75
2025-09-26,65.72000122070312,70.12999725341797,434.70092082105475,2.4289000034332275,733.0
2025-09-29,63.45000076293945,67.97000122070312,435.851157330453,2.356600046157837,700.25
2025-09-30,62.369998931884766,67.0199966430664,424.43727196796243,2.3324999809265137,694.5
2025-10-01,61.779998779296875,65.3499984741211,,2.3018999099731445,695.0
2025-10-02,60.47999954223633,64.11000061035156,,2.243499994277954,673.75
2025-10-03,60.880001068115234,64.52999877929688,,2.236299991607666,671.25
2025-10-06,61.689998626708984,65.47000122070312,,2.24429988861084,668.5
2025-10-07,61.72999954223633,65.44999694824219,,2.2653000354766846,669.5
2025-10-08,62.54999923706055,66.25,,2.291300058364868,678.5
2025-10-09,61.5099983215332,65.22000122070312,416.73953532814323,2.2802999019622803,683.0
2025-10-10,58.900001525878906,62.72999954223633,408.6878797623553,2.204400062561035,683.0
2025-10-13,59.4900016784668,63.31999969482422,400.8471336319717,2.2497000694274902,659.75
2025-10-14,58.70000076293945,62.38999938964844,396.0898269910648,2.1975998878479004,641.5
2025-10-15,58.27000045776367,61.90999984741211,392.9182892304602,2.174799919128418,637.75
2025-10-16,57.459999084472656,61.060001373291016,392.83019095933224,2.1535000801086426,643.0
2025-10-17,57.540000915527344,61.290000915527344,383.22747940639056,2.180000066757202,633.0
2025-10-20,57.52000045776367,61.0099983215332,383.9322655754138,2.1921000480651855,640.5
2025-10-21,57.81999969482422,61.31999969482422,385.60613272684395,2.2058000564575195,643.5
2025-10-22,58.5,62.59000015258789,393.97546848399503,2.2495999336242676,658.75
2025-10-23,61.790000915527344,65.98999786376953,404.98775237498324,2.4030001163482666,707.5
2025-10-24,61.5,65.94000244140625,409.56886247363434,2.40310001373291,718.75
2025-10-27,61.310001373291016,65.62000274658203,413.0927933187506,2.4361000061035156,736.25
2025-10-28,60.150001525878906,64.4000015258789,407.63070050882044,2.387200117111206,709.75
2025-10-29,60.47999954223633,64.91999816894531,407.54260223769256,2.424299955368042,718.5
2025-10-30,60.56999969482422,65.0,404.28296620596,2.4600000381469727,723.0
2025-10-31,60.97999954223633,65.06999969482422,404.1067696637042,2.4312000274658203,718.5
2025-11-03,61.04999923706055,64.88999938964844,412.21181060747153,2.4052999019622803,724.25
2025-11-04,60.560001373291016,64.44000244140625,408.33548667784373,2.4446001052856445,723.5
2025-11-05,59.599998474121094,63.52000045776367,408.5116832200995,2.432499885559082,753.75
2025-11-06,59.43000030517578,63.380001068115234,405.6044402728786,2.4960999488830566,774.75
2025-11-07,59.75,63.630001068115234,405.78063681513447,2.482100009918213,760.75
2025-11-10,60.130001068115234,64.05999755859375,407.0076193022644,2.5104000568389893,751.0
2025-11-11,61.040000915527344,65.16000366210938,404.2907295093337,2.575700044631958,784.75
2025-11-12,58.4900016784668,62.709999084472656,411.12677479477225,2.481600046157837,784.75
2025-11-13,58.689998626708984,63.0099983215332,396.9288345865537,2.4646999835968018,719.0
2025-11-14,60.09000015258789,64.38999938964844,402.7131805973094,2.531100034713745,746.0
2025-11-17,59.90999984741211,64.19999694824219,402.4502557786387,2.546999931335449,743.75
2025-11-18,60.7400016784668,64.88999938964844,402.0996893537444,2.7011001110076904,777.5
2025-11-19,59.439998626708984,63.5099983215332,407.09526090848794,2.635699987411499,768.25
2025-11-20,59.13999938964844,63.380001068115234,399.20751634836654,2.5332999229431152,748.5
2025-11-21,58.060001373291016,62.560001373291016,392.1085462442573,2.456399917602539,711.75
2025-11-24,58.84000015258789,63.369998931884766,392.5467542753751,2.406100034713745,699.0
2025-11-25,57.95000076293945,62.47999954223633,393.1602455189402,2.353800058364868,684.0
2025-11-26,58.650001525878906,63.130001068115234,390.0051476948916,2.325500011444092,666.25
2025-11-27,,,392.28382945670444,,678.0
2025-11-28,58.54999923706055,63.20000076293945,397.8052506487894,2.3329999446868896,685.75
2025-12-01,59.31999969482422,63.16999816894531,399.3827995608137,2.3399999141693115,690.5
2025-12-02,58.63999938964844,62.45000076293945,397.71760904256587,2.312700033187866,685.0
2025-12-03,58.95000076293945,62.66999816894531,392.7220374878223,2.300800085067749,664.5
2025-12-04,59.66999816894531,63.2599983215332,396.665909767883,2.3036999702453613,666.0
2025-12-05,60.08000183105469,63.75,397.62996743634227,2.3629000186920166,683.25
2025-12-08,58.880001068115234,62.4900016784668,401.0479900790616,2.2981998920440674,667.0
2025-12-09,58.25,61.939998626708984,390.9692053633509,2.2600998878479004,648.5
2025-12-10,58.459999084472656,62.209999084472656,388.86580681398516,2.2730000019073486,653.0
2025-12-11,57.599998474121094,61.279998779296875,385.36014256504234,2.2288999557495117,653.0
2025-12-12,57.439998626708984,61.119998931884766,383.00186426738674,2.197999954223633,629.25
2025-12-15,56.81999969482422,60.560001373291016,381.95374057953984,2.1805999279022217,622.5
2025-12-16,55.27000045776367,58.91999816894531,376.101716655728,2.1285998821258545,608.25
2025-12-17,55.939998626708984,59.68000030517578,372.69531467022557,2.1494998931884766,614.75
2025-12-18,56.150001525878906,59.81999969482422,375.0535929678811,2.1315999031066895,613.25
2025-12-19,56.65999984741211,60.470001220703125,372.60797102957173,2.1219000816345215,607.5
2025-12-22,58.0099983215332,62.06999969482422,382.4778024234633,2.158099889755249,616.5
2025-12-23,58.380001068115234,62.380001068115234,385.09811164308053,2.1905999183654785,627.25
2025-12-24,58.349998474121094,62.2400016784668,388.417169987929,2.157599925994873,635.5
2025-12-25,,,386.6702971748509,,
2025-12-26,56.7400016784668,60.63999938964844,385.88420440896573,2.1070001125335693,619.75
2025-12-29,58.08000183105469,61.939998626708984,379.77014956319215,2.127500057220459,621.75
2025-12-30,57.95000076293945,61.91999816894531,380.905616891693,2.1505000591278076,628.75
2025-12-31,57.41999816894531,60.849998474121094,377.49921490619056,2.1205999851226807,622.75
2026-01-02,57.31999969482422,60.75,,2.1150999069213867,611.25
2026-01-05,58.31999969482422,61.7599983215332,368.3281326375302,2.1428000926971436,623.25
2026-01-06,57.130001068115234,60.70000076293945,374.0054692800342,2.0829999446868896,614.25
2026-01-07,55.9900016784668,59.959999084472656,363.61157604221916,2.0566999912261963,601.0
2026-01-08,57.7599983215332,61.9900016784668,363.52423240156526,2.119499921798706,609.0
2026-01-09,59.119998931884766,63.34000015258789,377.93593310946005,2.134999990463257,632.25
2026-01-12,59.5,63.869998931884766,382.38223820486553,2.154400110244751,632.25
2026-01-13,61.150001525878906,65.47000122070312,389.44401688580353,2.2383999824523926,655.0
2026-01-14,62.02000045776367,66.5199966430664,390.57738877286766,2.281899929046631,659.25
2026-01-15,59.189998626708984,63.7599983215332,389.3568344329525,2.2083001136779785,641.0
2026-01-16,59.439998626708984,64.12999725341797,382.5566031105677,2.237600088119507,654.75
2026-01-19,,,381.3360487706525,,651.5
2026-01-20,60.34000015258789,64.91999816894531,380.98731895924817,2.3385000228881836,666.5
2026-01-21,60.619998931884766,65.23999786376953,384.30025216758946,2.430500030517578,685.25
2026-01-22,59.36000061035156,64.05999755859375,389.18246952725025,2.36680006980896,671.25
2026-01-23,61.06999969482422,65.87999725341797,385.2592591489514,2.428499937057495,675.5
2026-01-26,60.630001068115234,65.58999633789062,398.6853568880187,2.568000078201294,679.75
2026-01-27,62.38999938964844,67.56999969482422,389.44401688580353,2.646199941635132,682.25
2026-01-28,63.209999084472656,68.4000015258789,401.30083047355134,2.666100025177002,698.25
2026-01-29,65.41999816894531,70.70999908447266,411.93708972138387,2.585400104522705,713.75
2026-01-30,65.20999908447266,70.69000244140625,410.4549880229154,2.735599994659424,742.5
2026-02-02,62.13999938964844,66.30000305175781,391.44921330137856,2.359800100326538,684.0
2026-02-03,63.209999084472656,67.33000183105469,391.7979431127829,2.4093000888824463,687.75
2026-02-04,65.13999938964844,69.45999908447266,403.4766188293264,2.4700000286102295,689.5
2026-02-05,63.290000915527344,67.55000305175781,404.1686885014179,2.393199920654297,689.5
2026-02-06,63.54999923706055,68.05000305175781,406.4179149357152,2.413300037384033,699.25
2026-02-09,64.36000061035156,69.04000091552734,401.5734272310749,2.4168999195098877,693.25
2026-02-10,63.959999084472656,68.80000305175781,411.8679636034355,2.3987998962402344,683.0
2026-02-11,64.62999725341797,69.4000015258789,412.47352456651555,2.4403998851776123,698.25
2026-02-12,62.84000015258789,67.5199966430664,412.47352456651555,2.392699956893921,698.25
2026-02-13,62.88999938964844,67.75,398.5456224156747,2.3879001140594482,672.5
2026-02-16,,,,,679.0
2026-02-17,62.33000183105469,67.41999816894531,,2.3905999660491943,672.25
2026-02-18,65.19000244140625,70.3499984741211,,2.518699884414673,699.0
2026-02-19,66.43000030517578,71.66000366210938,,2.6147000789642334,727.75
2026-02-20,66.38999938964844,71.76000213623047,,2.5857999324798584,732.75
2026-02-23,66.30999755859375,71.48999786376953,,2.6782000064849854,746.5
2026-02-24,65.62999725341797,70.7699966430664,426.7474615534021,2.6868999004364014,731.75
2026-02-25,65.41999816894531,70.8499984741211,422.4220261028304,2.6740000247955322,729.25
2026-02-26,65.20999908447266,70.75,418.356116779293,2.612499952316284,752.0
2026-02-27,67.0199966430664,72.4800033569336,422.5085348118418,2.6709001064300537,752.75
2026-03-02,71.2300033569336,77.73999786376953,456.59296616234667,2.900399923324585,886.5
2026-03-03,74.55999755859375,81.4000015258789,495.0893416724346,3.1868999004364014,1009.0
2026-03-04,74.66000366210938,81.4000015258789,554.607333472301,3.293800115585327,997.0
2026-03-05,81.01000213623047,85.41000366210938,574.5043365449308,3.614300012588501,1109.25
2026-03-06,90.9000015258789,92.69000244140625,575.1098975080107,3.6224000453948975,1158.25
2026-03-09,94.7699966430664,98.95999908447266,667.6742161502447,3.5866000652313232,1166.0
2026-03-10,83.44999694824219,87.80000305175781,576.4075281431822,3.34660005569458,1042.5
2026-03-11,87.25,91.9800033569336,572.6876536556906,3.678800106048584,1097.0
2026-03-12,95.7300033569336,100.45999908447266,628.0697753163365,3.898900032043457,1097.0
2026-03-13,98.70999908447266,103.13999938964844,655.1957124562448,4.014699935913086,1133.25
2026-03-16,93.5,100.20999908447266,669.8889284070284,3.8375000953674316,1160.0
2026-03-17,96.20999908447266,103.41999816894531,661.8033125287865,4.0157999992370605,1165.75
2026-03-18,96.31999969482422,107.37999725341797,639.3722491246316,4.197800159454346,1259.25
2026-03-19,96.13999938964844,108.6500015258789,708.491223567667,4.3420000076293945,1329.5
2026-03-20,98.31999969482422,112.19000244140625,672.5841336997756,4.608399868011475,1348.5
2026-03-23,88.12999725341797,99.94000244140625,725.618818492545,4.056000232696533,1287.75
2026-03-24,92.3499984741211,104.48999786376953,642.5891070546849,4.290900230407715,1295.5
2026-03-25,90.31999969482422,102.22000122070312,629.3739069096014,4.00629997253418,1182.75
2026-03-26,94.4800033569336,108.01000213623047,637.3725806816255,4.273399829864502,1337.0
2026-03-27,99.63999938964844,112.56999969482422,644.0671228603849,4.495500087738037,1373.5
2026-03-30,102.87999725341797,112.77999877929688,663.8029809717925,4.364299774169922,1398.5
2026-03-31,101.37999725341797,118.3499984741211,643.8932386479497,4.163400173187256,1365.0
2026-04-01,100.12000274658203,101.16000366210938,568.4274904510255,4.05679988861084,1365.25
2026-04-02,111.54000091552734,109.02999877929688,627.1134121479423,4.361100196838379,1481.75
2026-04-03,,,627.7220068914659,,
2026-04-06,112.41000366210938,109.7699966430664,,4.328400135040283,1520.25
2026-04-07,112.94999694824219,109.2699966430664,617.2889541453474,4.477399826049805,1527.75
2026-04-08,94.41000366210938,94.75,539.9104796116349,3.8083999156951904,1247.0
2026-04-09,97.87000274658203,95.91999816894531,556.4294797929891,3.937000036239624,1402.25
2026-04-10,96.56999969482422,95.19999694824219,554.0820429251124,3.7616000175476074,1402.25
2026-04-13,99.08000183105469,99.36000061035156,572.0790589121669,3.8341000080108643,1217.75
2026-04-14,91.27999877929688,94.79000091552734,566.1669956893666,3.624300003051758,1135.5
2026-04-15,91.29000091552734,94.93000030517578,550.4693667816224,3.753200054168701,1160.25
2026-04-16,94.69000244140625,99.38999938964844,554.0649130677537,3.832900047302246,1175.25
2026-04-17,83.8499984741211,90.37999725341797,557.9235481065288,3.39739990234375,1028.25
2026-04-20,89.61000061035156,95.4800033569336,542.3136154496658,3.5408999919891357,1085.5
2026-04-21,92.12999725341797,98.4800033569336,539.7704241741095,3.728800058364868,1125.0
2026-04-22,92.95999908447266,101.91000366210938,546.9615167463722,3.9379000663757324,1197.25
2026-04-23,95.8499984741211,105.06999969482422,562.7468419049977,3.9881999492645264,1212.75
2026-04-24,94.4000015258789,105.33000183105469,568.6224907140415,3.887399911880493,1249.0
2026-04-27,96.37000274658203,108.2300033569336,573.0949995089854,3.9746999740600586,1276.75
2026-04-28,99.93000030517578,111.26000213623047,586.9510071482233,3.9711999893188477,1233.5
2026-04-29,106.87999725341797,118.02999877929688,584.5832083744295,4.198699951171875,1311.25
2026-04-30,105.06999969482422,114.01000213623047,604.2271685718301,4.138400077819824,1307.25
2026-05-01,101.94000244140625,108.16999816894531,,3.9463999271392822,1298.5
2026-05-04,106.41999816894531,114.44000244140625,,4.073200225830078,1309.0
2026-05-05,102.2699966430664,109.87000274658203,,4.030200004577637,1294.75
2026-05-06,95.08000183105469,101.2699966430664,583.5308533638545,3.785599946975708,1188.0
2026-05-07,94.80999755859375,100.05999755859375,548.8031380148784,3.8166000843048096,1141.25
2026-05-08,95.41999816894531,101.29000091552734,547.6630867534222,3.8991000652313232,1192.0
2026-05-11,98.06999969482422,104.20999908447266,557.0465855977163,3.968600034713745,1178.5
2026-05-12,102.18000030517578,107.7699966430664,566.1669956893666,4.15880012512207,1178.5
2026-05-13,101.0199966430664,105.62999725341797,557.1342818485974,3.9667000770568848,1191.5
2026-05-14,101.16999816894531,105.72000122070312,545.5400306381666,3.905600070953369,1146.25
2026-05-15,105.41999816894531,109.26000213623047,572.651400009926,4.053400039672852,1204.25
2026-05-18,108.66000366210938,112.0999984741211,593.1374829757248,4.114500045776367,1233.5
2026-05-19,107.7699966430664,111.27999877929688,593.7477067236423,4.162499904632568,1210.0
2026-05-20,98.26000213623047,105.0199966430664,584.50717568375,3.9470999240875244,1171.0
2026-05-21,96.3499984741211,102.58000183105469,571.8668266197465,3.8315999507904053,1172.5
2026-05-22,96.5999984741211,103.54000091552734,558.8777782712187,3.8877999782562256,1135.25
2026-05-25,,,529.935737655707,,1065.25
2026-05-26,93.88999938964844,99.58000183105469,525.0539476723678,3.714600086212158,1083.5
2026-05-27,88.68000030517578,94.29000091552734,522.8745771440913,3.5975000858306885,1047.0
2026-05-28,88.9000015258789,93.70999908447266,521.9156541116497,3.6187000274658203,1032.0
2026-05-29,87.36000061035156,92.05000305175781,506.48571077145226,3.5373001098632812,1009.5
2026-06-01,92.16000366210938,94.9800033569336,519.47475911998,3.639400005340576,1095.25
2026-06-02,93.76000213623047,96.0,519.5619339411111,3.698699951171875,1071.75
2026-06-03,96.0199966430664,97.80999755859375,533.3355556798184,3.848099946975708,1123.75
2026-06-04,93.04000091552734,95.02999877929688,526.1872203470716,3.673799991607666,1079.5
2026-06-05,90.54000091552734,93.08999633789062,518.3414864452762,3.587399959564209,1062.0
2026-06-08,91.30000305175781,94.25,534.3816535333912,3.599900007247925,1070.75
2026-06-09,88.19999694824219,91.44999694824219,505.78831220240386,3.541800022125244,1028.0
2026-06-10,90.02999877929688,93.0999984741211,498.81432651191915,3.612600088119507,1039.5
2026-06-11,87.70999908447266,90.37999725341797,507.44463380389396,3.5130999088287354,1039.5
2026-06-12,84.87999725341797,87.33000183105469,483.40458530659976,3.404400110244751,967.25
2026-06-15,80.75,83.16999816894531,460.6663444896645,3.2664999961853027,933.75
2026-06-16,76.05000305175781,78.95999908447266,457.802367592875,3.1702001094818115,897.25
2026-06-17,76.79000091552734,79.55000305175781,442.7881856794025,3.1946001052856445,906.0
2026-06-18,76.5999984741211,79.8499984741211,441.3128036416624,3.1273000240325928,863.75
2026-06-19,,,,,905.0
2026-06-22,74.81999969482422,77.9000015258789,440.18457031868473,3.093100070953369,878.75
2026-06-23,73.20999908447266,77.08000183105469,426.4721960855711,3.154599905014038,882.25
2026-06-24,70.33999633789062,73.73999786376953,421.87247561496974,3.1761999130249023,881.0
2026-06-25,71.91999816894531,75.26000213623047,402.432147588277,3.2981998920440674,913.5
2026-06-26,69.2300033569336,71.98999786376953,405.46969884244777,3.208199977874756,881.25
2026-06-29,70.75,73.1500015258789,402.9528706604206,3.331700086593628,907.25
2026-06-30,69.5,72.91999816894531,399.48138351279687,3.316800117492676,931.5
2026-07-01,68.58000183105469,71.56999969482422,391.6705374306436,3.217900037765503,932.0
2026-07-02,68.69000244140625,71.80000305175781,376.91671705324285,3.1821999549865723,926.5
2026-07-03,,,382.99181956158435,,943.5
2026-07-06,68.55000305175781,71.98999786376953,380.64856573693834,3.2983999252319336,972.75
2026-07-07,70.44000244140625,74.16000366210938,384.46720159932437,3.3017001152038574,973.25
2026-07-08,73.5199966430664,78.0199966430664,405.12255012768543,3.6575000286102295,1098.75
2026-07-09,72.08000183105469,76.30000305175781,412.1906456831046,3.5715999603271484,1043.0
2026-07-10,71.41000366210938,76.01000213623047,406.15690557482,3.553299903869629,1043.0
2026-07-13,78.13999938964844,83.30000305175781,415.98328232259786,3.8236000537872314,1082.25
2026-07-14,79.33999633789062,84.7300033569336,447.703516034723,4.0142998695373535,1133.75
2026-07-15,79.5999984741211,84.94999694824219,449.1688529181636,3.9482998847961426,1129.5
2026-07-16,78.94999694824219,84.2300033569336,443.6522905334462,4.030700206756592,1164.0
2026-07-17,82.48999786376953,88.0999984741211,440.03204646847536,4.064599990844727,1178.25
2026-07-20,83.2300033569336,89.22000122070312,472.7004393404738,4.11899995803833,1201.5
2026-07-21,84.91000366210938,91.01000213623047,457.70228535702336,4.1265997886657715,1205.75
2026-07-22,86.83000183105469,94.06999969482422,482.18203093920687,4.148799896240234,1227.5
2026-07-23,92.19000244140625,100.69000244140625,493.9047260067314,4.341599941253662,1291.5
2026-07-24,89.30999755859375,96.77999877929688,508.0409171175698,4.180600166320801,1235.0
2026-07-27,82.61000061035156,88.36000061035156,467.27007324301763,4.111599922180176,1233.0
2026-07-28,79.26000213623047,84.08999633789062,459.16762224046397,4.150899887084961,1224.5
2026-07-29,84.45999908447266,90.73999786376953,469.08019527550306,4.370100021362305,1308.5
2026-07-30,83.58999633789062,89.02999877929688,489.7673042181934,4.209400177001953,1298.5
2026-07-31,84.66999816894531,90.12000274658203,470.717924733466,4.121500015258789,1319.25
2026-08-03,80.33999633789062,83.7699966430664,457.01271505893374,3.87719988822937,1206.25
2026-08-04,75.7699966430664,79.36000061035156,463.73602546530805,3.7704999446868896,1136.0
2026-08-05,75.22000122070312,79.44999694824219,435.8946246799373,3.7962000370025635,1170.25
2026-08-06,77.29000091552734,82.48999786376953,444.0832719697523,3.881999969482422,1172.75
2026-08-07,78.18000030517578,83.55000305175781,458.04707050606817,3.902400016784668,1197.0
2026-08-10,82.12999725341797,87.72000122070312,457.78848164428456,4.189799785614014,1304.75
2026-08-11,83.19999694824219,88.91000366210938,485.97466757870006,4.252500057220459,1324.5
2026-08-12,83.2699966430664,88.9800033569336,482.0456593068637,4.303999900817871,1324.5
2026-08-13,81.25,87.06999969482422,483.2680174358794,4.2505998611450195,1250.75
2026-08-14,82.4000015258789,88.5199966430664,485.6254223989813,4.282899856567383,1243.0
2026-08-17,84.5,90.87000274658203,490.340232325185,4.437099933624268,1279.25
2026-08-18,84.94000244140625,91.0199966430664,510.5964527488749,4.450099945068359,1299.0
2026-08-19,85.83000183105469,91.62000274658203,511.4695656981719,4.452300071716309,1296.25
2026-08-20,87.83000183105469,93.77999877929688,509.37409461985914,4.480299949645996,1300.0
2026-08-21,87.05999755859375,94.38999938964844,517.6686676381805,4.494800090789795,1311.75
2026-08-24,85.01000213623047,92.16999816894531,513.2157915967658,4.2677001953125,1254.25
2026-08-25,82.36000061035156,88.58000183105469,509.9852736843671,4.243800163269043,1242.5
2026-08-26,82.2300033569336,87.83999633789062,485.8000449888406,4.260000228881836,1239.5
2026-08-27,83.52999877929688,89.69999694824219,503.34961526971,4.27869987487793,1221.75
2026-08-28,83.4000015258789,89.30999755859375,520.8118742556496,4.3566999435424805,1280.0
2026-08-31,85.76000213623047,90.48999786376953,554.5140340985132,4.495299816131592,1347.75
2026-09-01,90.22000122070312,94.6500015258789,556.871439061615,4.677299976348877,1419.75
2026-09-02,91.01000213623047,95.62999725341797,605.3292077475975,4.682199954986572,1432.25
2026-09-03,91.30000305175781,95.5199966430664,595.2010975357525,4.593599796295166,1424.75
2026-09-04,91.4800033569336,96.27999877929688,598.2569928582919,4.540200233459473,1395.0
2026-09-07,,,610.5678854433793,,1460.25
2026-09-08,93.02999877929688,97.91999816894531,629.1651912634051,4.567800045013428,1439.75
2026-09-09,96.05000305175781,101.20999908447266,647.413251903712,4.801000118255615,1472.75
2026-09-10,102.4800033569336,107.62999725341797,671.423858009379,5.057499885559082,1472.75
2026-09-11,100.05000305175781,104.61000061035156,709.7535164835165,4.9593000411987305,1479.25
2026-09-14,101.38999938964844,105.68000030517578,770.6327472527473,4.96150016784668,1476.5
2026-09-15,105.83000183105469,108.75,792.7534615384616,5.26200008392334,1568.25
2026-09-16,102.43000030517578,105.83000183105469,781.7876373626374,5.246500015258789,1538.0
2026-09-17,101.91000366210938,104.81999969482422,742.2728571428572,5.113900184631348,1490.75
2026-09-18,100.30000305175781,103.87000274658203,688.2,5.057799816131592,1509.25
2026-09-21,,,675.9,,1441.5
2026-09-22,92.69999694824219,96.69000244140625,,4.723700046539307,
