,wti,brent,shanghai_crude,heating_oil,gasoil
2016-09-29,47.83,49.24,,1.5102,444.75
2016-09-30,48.24,49.06,,1.5279,446.75
2016-10-03,48.81,50.89,,1.5532,449.5
2016-10-04,48.69,50.87,,1.5544,457.75
2016-10-05,49.83,51.86,,1.5823,465.75
2016-10-06,50.44,52.51,,1.5958,469.5
2016-10-07,49.81,51.93,,1.5793,468.5
2016-10-10,51.35,53.14,,1.6102,477.5
2016-10-11,50.79,52.41,,1.5873,470.5
2016-10-12,50.18,51.81,,1.5668,463.5
2016-10-13,50.44,52.03,,1.5796,465.75
2016-10-14,50.35,51.95,,1.5673,461.25
2016-10-17,49.94,51.52,,1.5561,458.5
2016-10-18,50.29,51.68,,1.5686,460.0
2016-10-19,51.6,52.67,,1.5879,473.25
2016-10-20,50.43,51.38,,1.5596,461.75
2016-10-21,50.85,51.78,,1.574,464.5
2016-10-24,50.52,51.46,,1.5798,464.25
2016-10-25,49.96,50.79,,1.5631,462.5
2016-10-26,49.18,49.98,,1.5511,461.75
2016-10-27,49.72,50.47,,1.5701,465.0
2016-10-28,48.7,49.71,,1.5422,461.5
2016-10-31,46.86,48.3,,1.4955,440.25
2016-11-01,46.67,48.14,,1.5169,437.5
2016-11-02,45.34,46.86,,1.4665,423.0
2016-11-03,44.66,46.35,,1.4582,423.0
2016-11-04,44.07,45.58,,1.4303,418.0
2016-11-07,44.89,46.15,,1.4406,417.75
2016-11-08,44.98,46.04,,1.4411,420.5
2016-11-09,45.27,46.36,,1.4411,419.5
2016-11-10,44.66,45.84,,1.4366,420.0
2016-11-11,43.41,44.75,,1.4012,406.75
2016-11-14,43.32,44.43,,1.3855,401.75
2016-11-15,45.81,46.95,,1.4439,417.0
2016-11-16,45.57,46.63,,1.435,421.25
2016-11-17,45.42,46.49,,1.447,423.5
2016-11-18,45.69,46.86,,1.4577,424.0
2016-11-21,47.49,48.9,,1.5245,447.0
2016-11-22,48.03,49.12,,1.5263,445.25
2016-11-23,47.96,48.95,,1.5169,445.75
2016-11-24,,49.0,,,444.25
2016-11-25,46.06,47.24,,1.47,432.5
2016-11-28,47.08,48.24,,1.5128,440.25
2016-11-29,45.23,46.38,,1.4627,425.5
2016-11-30,49.44,50.47,,1.5709,448.25
2016-12-01,51.06,53.94,,1.6479,477.0
2016-12-02,51.68,54.46,,1.6581,478.25
2016-12-05,51.79,54.94,,1.6571,481.0
2016-12-06,50.93,53.93,,1.6379,475.25
2016-12-07,49.77,53.0,,1.6184,473.25
2016-12-08,50.84,53.89,,1.6259,471.5
2016-12-09,51.5,54.33,,1.6374,477.5
2016-12-12,52.83,55.69,,,491.0
2016-12-13,52.98,55.72,,1.6747,490.0
2016-12-14,51.04,53.9,,1.6435,488.25
2016-12-15,50.9,54.02,,,474.75
2016-12-16,51.9,55.21,,1.6723,490.25
2016-12-19,52.12,54.92,,1.669,487.0
2016-12-20,,55.35,,,491.5
2016-12-21,52.49,54.46,,,486.25
2016-12-22,52.95,55.05,,1.6608,487.25
2016-12-23,53.02,55.16,,,484.25
2016-12-27,53.9,56.09,,,501.0
2016-12-28,54.06,56.22,,,500.5
2016-12-29,53.77,56.14,,,502.75
2016-12-30,53.72,56.82,,,501.0
2017-01-02,,56.82,,,501.0
2017-01-03,52.33,55.47,,1.6767,493.75
2017-01-04,53.26,56.46,,1.693,490.5
2017-01-05,53.76,56.89,,1.6942,488.25
2017-01-06,53.99,57.1,,1.7032,493.25
2017-01-09,51.96,54.94,,1.6376,483.0
2017-01-10,50.82,53.64,,1.6114,472.75
2017-01-11,52.25,55.1,,1.6524,482.0
2017-01-12,53.01,56.01,,1.6756,482.0
2017-01-13,52.37,55.45,,1.6514,
2017-01-16,,55.86,,,487.0
2017-01-17,52.48,55.47,,1.6486,490.75
2017-01-18,51.08,53.92,,1.6092,485.75
2017-01-19,51.37,54.16,,1.6183,479.5
2017-01-20,52.42,55.49,,1.6459,489.5
2017-01-23,52.75,55.23,,1.6265,485.5
2017-01-24,53.18,55.44,,1.6415,488.5
2017-01-25,52.75,55.08,,1.6114,487.75
2017-01-26,53.78,56.24,,1.6409,494.0
2017-01-27,53.17,55.52,,1.6189,485.25
2017-01-30,52.63,55.23,,1.6067,484.75
2017-01-31,52.81,55.7,,1.6117,493.75
2017-02-01,53.88,56.8,,1.674,501.75
2017-02-02,53.54,56.56,,1.6518,504.25
2017-02-03,53.83,56.81,,1.6651,501.0
2017-02-06,53.01,55.72,,1.6352,498.25
2017-02-07,52.17,55.05,,1.6221,489.5
2017-02-08,52.34,55.12,,1.636,494.25
2017-02-09,53.0,55.63,,1.6415,494.5
2017-02-10,53.86,56.7,,1.6659,503.5
2017-02-13,52.93,55.59,,1.6273,491.0
2017-02-14,53.2,55.97,,1.6382,497.25
2017-02-15,53.11,55.75,,1.6305,494.0
2017-02-16,53.36,55.65,,1.6291,491.0
2017-02-17,53.4,55.81,,1.6364,490.0
2017-02-20,,56.18,,,497.5
2017-02-21,54.06,56.66,,1.6425,501.75
2017-02-22,53.59,55.84,,1.6296,489.5
2017-02-23,54.45,56.58,,1.6567,500.0
2017-02-24,53.99,55.99,,1.6404,494.5
2017-02-27,54.05,55.93,,1.6399,497.25
2017-02-28,54.01,55.59,,1.6208,489.25
2017-03-01,53.83,56.36,,1.6241,499.25
2017-03-02,52.61,55.08,,1.5791,487.0
2017-03-03,53.33,55.9,,1.5936,487.0
2017-03-06,53.2,56.01,,1.6045,490.0
2017-03-07,53.14,55.92,,1.6139,491.0
2017-03-08,50.28,53.11,,1.5567,485.75
2017-03-09,49.28,52.19,,1.5295,462.5
2017-03-10,48.49,51.37,,1.5036,459.75
2017-03-13,48.4,51.35,,1.5006,455.25
2017-03-14,47.72,50.92,,1.4919,448.0
2017-03-15,48.86,51.81,,1.5124,455.0
2017-03-16,48.75,51.74,,1.5043,455.0
2017-03-17,48.78,51.76,,1.5085,456.75
2017-03-20,48.22,51.62,,1.5141,458.5
2017-03-21,47.34,50.96,,1.5033,453.25
2017-03-22,48.04,50.64,,1.4968,447.0
2017-03-23,47.7,50.56,,1.4901,450.25
2017-03-24,47.97,50.8,,1.4976,449.0
2017-03-27,47.73,50.75,,1.5025,451.25
2017-03-28,48.37,51.33,,1.5167,459.75
2017-03-29,49.51,52.42,,1.5425,463.75
2017-03-30,50.35,52.96,,1.5582,470.0
2017-03-31,50.6,52.83,,1.5736,469.5
2017-04-03,50.24,53.12,,1.5634,471.75
2017-04-04,51.03,54.17,,1.5923,479.0
2017-04-05,51.15,54.36,,1.6035,482.25
2017-04-06,51.7,54.89,,1.6129,484.75
2017-04-07,52.24,55.24,,1.6284,489.25
2017-04-10,53.08,55.98,,1.6473,495.25
2017-04-11,53.4,56.23,,1.6506,494.5
2017-04-12,53.11,55.86,,1.652,498.5
2017-04-13,53.18,55.89,,1.6495,498.0
2017-04-17,52.65,55.36,,1.6329,497.75
2017-04-18,52.41,54.89,,1.6219,491.25
2017-04-19,50.44,52.93,,1.5813,487.75
2017-04-20,50.27,52.99,,1.5789,476.75
2017-04-21,49.62,51.96,,1.5533,467.5
2017-04-24,49.23,51.6,,1.5427,465.75
2017-04-25,49.56,52.1,,1.5452,463.75
2017-04-26,49.62,51.82,,1.5367,467.25
2017-04-27,48.97,51.44,,1.5072,451.25
2017-04-28,49.33,51.73,,1.504,454.0
2017-05-01,48.84,51.52,,1.4878,449.75
2017-05-02,47.66,50.46,,1.468,448.5
2017-05-03,47.82,50.79,,1.4736,441.75
2017-05-04,45.52,48.38,,1.4123,427.75
2017-05-05,46.22,49.1,,1.4366,435.0
2017-05-08,46.43,49.34,,1.4556,431.25
2017-05-09,45.88,48.73,,1.4421,434.5
2017-05-10,47.33,50.22,,1.4754,444.0
2017-05-11,47.83,50.77,,1.4899,449.0
2017-05-12,47.84,50.84,,1.4933,448.75
2017-05-15,48.85,51.82,,1.5096,459.0
2017-05-16,48.66,51.65,,1.5164,458.0
2017-05-17,49.07,52.21,,1.5335,463.5
2017-05-18,49.35,52.51,,1.5453,465.0
2017-05-19,50.33,53.61,,1.5827,473.75
2017-05-22,50.73,53.87,,1.6021,479.0
2017-05-23,51.47,54.15,,1.6067,479.0
2017-05-24,51.36,53.96,,1.6063,480.25
2017-05-25,48.9,51.46,,1.5509,474.5
2017-05-26,49.8,52.15,,1.5633,461.25
2017-05-29,,52.29,,,466.25
2017-05-30,49.66,51.84,,1.5494,457.0
2017-05-31,48.32,50.31,,1.5153,445.5
2017-06-01,48.36,50.63,,1.5017,450.25
2017-06-02,47.66,49.95,,1.4848,438.5
2017-06-05,47.4,49.47,,1.4593,430.75
2017-06-06,48.19,50.12,,1.4662,428.25
2017-06-07,45.72,48.06,,1.4162,421.5
2017-06-08,45.64,47.86,,1.4223,421.5
2017-06-09,45.83,48.15,,1.4312,427.0
2017-06-12,46.08,48.29,,1.4254,427.0
2017-06-13,46.46,48.72,,1.4477,
2017-06-14,44.73,47.0,,1.4102,418.75
2017-06-15,44.46,46.92,,1.4146,419.0
2017-06-16,44.74,47.37,,1.427,423.0
2017-06-19,44.2,46.91,,1.4111,424.0
2017-06-20,43.23,46.02,,1.3949,412.75
2017-06-21,42.53,44.82,,1.3648,413.25
2017-06-22,42.74,45.22,,1.3716,412.25
2017-06-23,43.01,45.54,,1.3717,411.25
2017-06-26,43.38,45.83,,1.3802,409.5
2017-06-27,44.24,46.65,,1.4137,423.25
2017-06-28,44.74,47.31,,1.433,427.5
2017-06-29,44.93,47.42,,1.446,435.5
2017-06-30,46.04,47.92,,1.4755,436.5
2017-07-03,47.07,49.68,,1.5128,448.75
2017-07-04,,49.61,,,451.25
2017-07-05,45.13,47.79,,1.4785,442.0
2017-07-06,45.52,48.11,,1.4819,446.5
2017-07-07,44.23,46.71,,1.4482,428.0
2017-07-10,44.4,46.88,,1.4536,433.5
2017-07-11,45.04,47.52,,1.4763,433.75
2017-07-12,45.49,47.74,,1.4737,437.25
2017-07-13,46.08,48.42,,1.4917,443.25
2017-07-14,46.54,48.91,,1.515,447.75
2017-07-17,46.02,48.42,,1.4995,448.5
2017-07-18,46.4,48.84,,1.5104,446.25
2017-07-19,47.12,49.7,,1.5514,456.0
2017-07-20,46.79,49.3,,1.5436,463.5
2017-07-21,45.77,48.06,,1.5152,452.75
2017-07-24,46.34,48.6,,1.5169,451.5
2017-07-25,47.89,50.2,,1.5685,461.75
2017-07-26,48.75,50.97,,1.5953,470.25
2017-07-27,49.04,51.49,,1.6032,475.25
2017-07-28,49.71,52.52,,1.6397,485.0
2017-07-31,50.17,52.65,,1.6519,489.0
2017-08-01,49.16,51.78,,1.6413,481.75
2017-08-02,49.59,52.36,,1.6588,488.25
2017-08-03,49.03,52.01,,1.6389,492.0
2017-08-04,49.58,52.42,,1.6486,488.0
2017-08-07,49.39,52.37,,1.6398,478.5
2017-08-08,49.17,52.14,,1.6292,483.5
2017-08-09,49.56,52.7,,1.6533,482.25
2017-08-10,48.59,51.9,,1.6313,486.5
2017-08-11,48.82,52.1,,1.6346,482.5
2017-08-14,47.59,50.73,,1.6057,483.5
2017-08-15,47.55,50.8,,1.5996,471.5
2017-08-16,46.78,50.27,,1.5744,470.25
2017-08-17,47.09,51.03,,1.582,464.75
2017-08-18,48.51,52.72,,1.6204,472.25
2017-08-21,47.37,51.66,,1.5712,471.0
2017-08-22,47.64,51.87,,1.5912,473.75
2017-08-23,48.41,52.57,,1.6244,479.0
2017-08-24,47.43,52.04,,1.621,482.5
2017-08-25,47.87,52.41,,1.6223,480.0
2017-08-28,46.57,51.89,,1.6352,484.25
2017-08-29,46.44,52.0,,1.6655,484.5
2017-08-30,45.96,50.86,,1.6738,495.5
2017-08-31,47.23,52.38,,1.7575,504.75
2017-09-01,47.29,52.75,,1.7468,509.25
2017-09-04,,52.34,,,503.25
2017-09-05,48.66,53.38,,1.748,515.25
2017-09-06,49.16,54.2,,1.7595,520.0
2017-09-07,49.09,54.49,,1.7861,523.25
2017-09-08,47.48,53.78,,1.7657,524.0
2017-09-11,48.07,53.84,,1.7427,516.75
2017-09-12,48.23,54.27,,1.7406,518.0
2017-09-13,49.3,55.16,,1.7685,526.25
2017-09-14,49.89,55.47,,1.7775,531.0
2017-09-15,49.89,55.62,,1.7988,534.75
2017-09-18,49.91,55.48,,1.7796,525.0
2017-09-19,49.48,55.14,,1.7726,528.5
2017-09-20,50.41,56.29,,1.807,537.0
2017-09-21,50.55,56.43,,1.8153,541.25
2017-09-22,50.66,56.86,,1.8163,541.5
2017-09-25,52.22,59.02,,1.8563,551.5
2017-09-26,51.88,58.44,,1.8453,546.25
2017-09-27,52.14,57.9,,1.8463,548.75
2017-09-28,51.56,57.41,,1.832,550.75
2017-09-29,51.67,57.54,,1.8117,548.25
2017-10-02,50.58,56.12,,1.7665,525.5
2017-10-03,50.42,56.0,,1.7505,522.0
2017-10-04,49.98,55.8,,1.7739,524.25
2017-10-05,50.79,57.0,,1.7863,535.5
2017-10-06,49.29,55.62,,1.7439,515.75
2017-10-09,49.58,55.79,,1.7352,513.25
2017-10-10,50.92,56.61,,1.7649,526.0
2017-10-11,51.3,56.94,,1.7861,524.0
2017-10-12,50.6,56.25,,1.7655,521.5
2017-10-13,51.45,57.17,,1.797,533.75
2017-10-16,51.87,57.82,,1.8129,541.0
2017-10-17,51.88,57.88,,1.8098,537.25
2017-10-18,52.04,58.15,,1.8028,533.0
2017-10-19,51.29,57.23,,1.7767,528.25
2017-10-20,51.47,57.75,,1.8052,527.5
2017-10-23,51.9,57.37,,1.7878,523.25
2017-10-24,52.47,58.33,,1.8221,522.25
2017-10-25,52.18,58.44,,1.8182,529.25
2017-10-26,52.64,59.3,,1.8419,531.75
2017-10-27,53.9,60.44,,1.8669,544.0
2017-10-30,54.15,60.9,,1.8777,544.0
2017-10-31,54.38,61.37,,1.8845,547.75
2017-11-01,54.3,60.49,,1.8625,547.25
2017-11-02,54.54,60.62,,1.8539,541.75
2017-11-03,55.64,62.07,,1.8866,547.25
2017-11-06,57.35,64.27,,1.9422,563.25
2017-11-07,57.2,63.69,,1.9219,563.25
2017-11-08,56.81,63.49,,1.9216,562.75
2017-11-09,57.17,63.93,,1.9469,569.0
2017-11-10,56.74,63.52,,1.9349,569.0
2017-11-13,56.76,63.16,,1.9321,565.25
2017-11-14,55.7,62.21,,1.907,550.5
2017-11-15,55.33,61.87,,1.9087,556.0
2017-11-16,55.14,61.36,,1.9021,555.75
2017-11-17,56.55,62.72,,1.9466,562.75
2017-11-20,56.09,62.22,,1.9321,556.0
2017-11-21,56.83,62.57,,1.9359,558.5
2017-11-22,58.02,63.32,,1.9326,562.25
2017-11-23,,63.55,,,564.5
2017-11-24,58.95,63.86,,1.9529,564.75
2017-11-27,58.11,63.84,,1.9478,564.25
2017-11-28,57.99,63.61,,1.9507,565.75
2017-11-29,57.3,63.11,,1.9221,561.25
2017-11-30,57.4,63.57,,1.8927,557.0
2017-12-01,58.36,63.73,,1.9413,569.0
2017-12-04,57.47,62.45,,1.8945,556.0
2017-12-05,57.62,62.86,,1.9139,556.75
2017-12-06,55.96,61.22,,1.8613,547.0
2017-12-07,56.69,62.2,,1.897,550.0
2017-12-08,57.36,63.4,,1.9288,565.25
2017-12-11,57.99,64.69,,1.9506,572.75
2017-12-12,57.14,63.34,,1.9336,571.75
2017-12-13,56.6,62.44,,1.9044,562.75
2017-12-14,57.04,63.31,,1.9099,561.5
2017-12-15,57.3,63.23,,1.9035,564.0
2017-12-18,57.16,63.41,,1.9252,569.0
2017-12-19,57.46,63.8,,1.9399,569.0
2017-12-20,58.09,64.56,,1.9442,575.5
2017-12-21,58.36,64.9,,1.9502,576.25
2017-12-22,58.47,65.25,,1.9694,575.5
2017-12-26,59.97,67.02,,2.0385,599.0
2017-12-27,59.64,66.44,,2.0402,594.5
2017-12-28,59.84,66.72,,2.0521,597.0
2017-12-29,60.42,66.87,,2.0755,600.25
2018-01-02,60.37,66.57,,2.0584,598.5
2018-01-03,61.63,67.84,,2.088,607.75
2018-01-04,62.01,68.07,,2.077,609.0
2018-01-05,61.44,67.62,,2.0587,605.0
2018-01-08,61.73,67.78,,2.0454,602.25
2018-01-09,62.96,68.82,,2.0662,606.5
2018-01-10,63.57,69.2,,2.0807,613.0
2018-01-11,63.8,69.26,,2.0767,618.0
2018-01-12,64.3,69.87,,2.085,612.75
2018-01-15,,70.26,,,618.75
2018-01-16,63.73,69.15,,2.0634,614.75
2018-01-17,63.97,69.38,,2.0691,611.75
2018-01-18,63.95,69.31,,2.0617,611.75
2018-01-19,63.37,68.61,,2.0584,608.0
2018-01-22,63.49,69.03,,2.0569,614.25
2018-01-23,64.47,69.96,,2.0861,617.75
2018-01-24,65.61,70.53,,2.1061,620.5
2018-01-25,65.51,70.42,,2.1154,627.25
2018-01-26,66.14,70.52,,2.136,628.5
2018-01-29,65.56,69.46,,2.1048,618.25
2018-01-30,64.5,69.02,,2.0717,611.5
2018-01-31,64.73,69.05,,2.0692,611.5
2018-02-01,65.8,69.65,,2.0904,616.75
2018-02-02,65.45,68.58,,2.0535,609.25
2018-02-05,64.15,67.62,,2.0196,607.0
2018-02-06,63.39,66.86,,1.9851,595.25
2018-02-07,61.79,65.51,,1.9313,579.0
2018-02-08,61.15,64.81,,1.9213,568.0
2018-02-09,59.2,62.79,,1.8551,552.25
2018-02-12,59.29,62.59,,1.8389,552.25
2018-02-13,59.19,62.72,,1.8369,545.75
2018-02-14,60.6,64.36,,1.8844,550.0
2018-02-15,61.34,64.33,,1.8916,557.25
2018-02-16,61.68,64.84,,1.9104,570.25
2018-02-19,,65.67,,,578.5
2018-02-20,61.9,65.25,,1.9277,574.25
2018-02-21,61.68,65.42,,1.9323,575.75
2018-02-22,62.77,66.39,,1.9527,585.0
2018-02-23,63.55,67.31,,1.9694,591.0
2018-02-26,63.91,67.5,,1.9859,599.0
2018-02-27,63.01,66.63,,1.963,594.5
2018-02-28,61.64,65.78,,1.9136,577.0
2018-03-01,60.99,63.83,,1.8855,563.25
2018-03-02,61.25,64.37,,1.8796,565.0
2018-03-05,62.57,65.54,,1.8967,574.0
2018-03-06,62.6,65.79,,1.9033,573.75
2018-03-07,61.15,64.34,,1.8746,573.5
2018-03-08,60.12,63.61,,1.8591,568.25
2018-03-09,62.04,65.49,,1.8866,575.75
2018-03-12,61.36,64.95,,1.8647,568.0
2018-03-13,60.71,64.64,,1.8739,568.75
2018-03-14,60.96,64.89,,1.8871,572.25
2018-03-15,61.19,65.12,,1.8929,574.75
2018-03-16,62.34,66.21,,1.9118,580.5
2018-03-19,62.06,66.05,,1.907,584.75
2018-03-20,63.4,67.42,,1.9495,593.75
2018-03-21,65.17,69.47,,2.0037,611.0
2018-03-22,64.3,68.91,,1.9923,606.5
2018-03-23,65.88,70.45,,2.0184,611.0
2018-03-26,65.55,70.12,371.6497154494505,2.015,612.75
2018-03-27,65.25,70.11,,2.0224,618.25
2018-03-28,64.38,69.53,,2.0148,618.0
2018-03-29,64.94,70.27,,2.0284,619.75
2018-04-02,63.01,67.64,,1.9802,611.0
2018-04-03,63.51,68.12,,1.995,610.75
2018-04-04,63.37,68.02,,1.9773,606.75
2018-04-05,63.54,68.33,,1.9765,606.5
2018-04-06,62.06,67.11,,1.9578,601.0
2018-04-09,63.42,68.65,,1.9966,611.5
2018-04-10,65.51,71.04,,2.0648,626.0
2018-04-11,66.82,72.06,,2.0927,644.25
2018-04-12,67.07,72.02,,2.0838,636.5
2018-04-13,67.39,72.58,,2.1002,642.5
2018-04-16,66.22,71.42,,2.0703,633.25
2018-04-17,66.52,71.58,,2.0571,628.0
2018-04-18,68.47,73.48,,2.0911,639.25
2018-04-19,68.29,73.78,,2.1094,651.0
2018-04-20,68.38,74.06,,2.123,641.25
2018-04-23,68.64,74.71,,2.1409,647.5
2018-04-24,67.7,73.86,,2.1276,653.75
2018-04-25,68.05,74.0,,2.136,648.0
2018-04-26,68.19,74.74,,2.16,657.75
2018-04-27,68.1,74.64,,2.1509,655.5
2018-04-30,68.57,75.17,,2.1674,655.5
2018-05-01,67.25,73.13,,2.0997,648.75
2018-05-02,67.93,73.36,,2.1215,642.0
2018-05-03,68.43,73.62,,2.1127,642.0
2018-05-04,69.72,74.87,,2.154,651.5
2018-05-07,70.73,76.17,,2.185,665.5
2018-05-08,69.06,74.85,,2.1577,650.25
2018-05-09,71.14,77.21,417.61475279173567,2.218,677.0
2018-05-10,71.36,77.47,417.61475279173567,2.2228,677.0
2018-05-11,70.7,77.12,428.58056686941796,2.222,677.5
2018-05-14,70.96,78.23,428.58056686941796,2.2496,681.0
2018-05-15,71.31,78.43,428.58056686941796,2.249,687.75
2018-05-16,71.49,79.28,428.58056686941796,2.2692,684.5
2018-05-17,71.49,79.3,428.58056686941796,2.2808,704.25
2018-05-18,71.28,78.51,428.58056686941796,2.2655,697.0
2018-05-21,72.24,79.22,428.58056686941796,2.2738,692.75
2018-05-22,72.13,79.57,428.58056686941796,2.28,702.5
2018-05-23,71.84,79.8,428.58056686941796,2.2896,697.0
2018-05-24,70.71,78.79,428.58056686941796,2.2667,698.75
2018-05-25,67.88,76.44,428.58056686941796,2.2098,679.75
2018-05-28,,75.3,428.58056686941796,,672.0
2018-05-29,66.73,75.39,428.58056686941796,2.1859,671.75
2018-05-30,68.21,77.5,428.58056686941796,2.2317,684.75
2018-05-31,67.04,77.59,428.58056686941796,2.1914,685.5
2018-06-01,65.81,76.79,428.58056686941796,2.1763,671.25
2018-06-04,64.75,75.29,428.58056686941796,2.1525,666.0
2018-06-05,65.52,75.38,428.58056686941796,2.1416,657.5
2018-06-06,64.73,75.36,428.58056686941796,2.1266,654.75
2018-06-07,65.95,77.32,428.58056686941796,2.1799,668.25
2018-06-08,65.74,76.46,389.56054510966504,2.1643,671.5
2018-06-11,66.1,76.46,395.95726998831304,2.1607,671.5
2018-06-12,66.36,75.88,395.59174285239027,2.1618,671.5
2018-06-13,66.64,76.74,408.0196654737636,2.1851,666.0
2018-06-14,66.89,75.94,411.4921732650297,2.1587,660.75
2018-06-15,65.06,73.44,411.4921732650297,2.087,640.75
2018-06-18,65.85,75.34,,2.1316,648.0
2018-06-19,65.07,75.08,411.58355504901033,2.1218,647.75
2018-06-20,66.22,74.74,408.3851926096863,2.1071,647.25
2018-06-21,65.54,73.05,408.3851926096863,2.0701,634.5
2018-06-22,68.58,75.55,408.2938108257057,2.1254,645.5
2018-06-25,68.08,74.73,408.2938108257057,2.1004,642.5
2018-06-26,70.53,76.31,413.4111907286241,2.129,643.75
2018-06-27,72.76,77.62,426.29602226990085,2.1772,666.0
2018-06-28,73.45,77.85,433.51518320437503,2.1782,665.25
2018-06-29,74.15,79.44,437.8101270514673,2.2093,675.75
2018-07-02,73.94,77.3,437.8101270514673,,663.5
2018-07-03,74.14,77.76,459.10208271896715,2.1642,656.25
2018-07-04,,78.24,437.8101270514673,,666.5
2018-07-05,72.94,77.39,437.8101270514673,2.1787,671.0
2018-07-06,73.8,77.11,437.8101270514673,2.1684,664.5
2018-07-09,73.85,78.07,437.7187452674866,2.1957,671.75
2018-07-10,74.11,78.86,437.7187452674866,2.2218,677.75
2018-07-11,70.38,73.4,448.5017957772076,2.1008,664.5
2018-07-12,70.33,74.45,441.9223073305982,2.1231,664.5
2018-07-13,71.01,75.33,441.9223073305982,2.1334,654.25
2018-07-16,68.06,71.84,434.24623747622053,2.0543,633.5
2018-07-17,68.08,72.16,430.59096611699306,2.0701,632.25
2018-07-18,68.76,72.9,423.2804233985382,2.0903,631.0
2018-07-19,69.46,72.58,423.2804233985382,2.0901,641.5
2018-07-20,70.46,73.07,436.71354564369904,2.1044,644.75
2018-07-23,67.89,73.06,434.977291748066,2.118,650.75
2018-07-24,68.52,73.44,441.099871274772,2.1326,655.75
2018-07-25,69.3,73.93,446.7655418815745,2.1512,656.75
2018-07-26,69.61,74.54,446.5827783136131,2.1769,663.75
2018-07-27,68.69,74.29,452.7967396242998,2.1552,665.75
2018-07-30,70.13,74.97,457.45721060731483,2.171,662.75
2018-07-31,68.76,74.25,460.38142769469675,2.1319,654.25
2018-08-01,67.66,72.39,457.2744470393534,2.0974,638.0
2018-08-02,68.96,73.45,455.99510206362385,2.1318,645.75
2018-08-03,68.49,73.21,464.21946262188555,2.1269,650.0
2018-08-06,69.01,73.75,467.9661157650937,2.1393,655.5
2018-08-07,69.17,74.65,485.2372729374434,2.1691,658.75
2018-08-08,66.94,72.28,474.271458859761,2.1157,646.75
2018-08-09,66.81,72.07,462.75735407819457,2.1119,647.25
2018-08-10,67.63,72.81,460.92971839858086,2.1397,647.25
2018-08-13,67.2,72.61,464.3108444058663,2.137,655.0
2018-08-14,67.04,72.46,468.7885518209199,2.1287,654.75
2018-08-15,65.01,70.76,467.0522979252869,2.0904,636.75
2018-08-16,65.46,71.43,454.44161173595216,2.0964,641.75
2018-08-17,65.91,71.83,454.35022995197147,2.0982,646.75
2018-08-20,66.43,72.21,448.68455934516896,2.1138,644.75
2018-08-21,67.35,72.63,456.1778656315852,2.1236,651.5
2018-08-22,67.86,74.78,461.478009102465,2.1683,663.75
2018-08-23,67.83,74.73,465.4074258136345,2.1754,666.75
2018-08-24,68.72,75.82,465.86433473353793,2.2022,679.25
2018-08-27,68.87,76.21,465.86433473353793,2.2149,678.75
2018-08-28,68.53,75.95,469.336842524804,2.2114,684.0
2018-08-29,69.51,77.14,469.336842524804,2.2421,684.25
2018-08-30,70.25,77.77,477.19567594714306,2.2483,688.0
2018-08-31,69.8,77.42,477.19567594714306,2.2413,690.25
2018-09-03,,78.15,476.73876702723965,,697.0
2018-09-04,69.87,78.17,478.47502092287266,2.2547,697.0
2018-09-05,68.72,77.27,478.47502092287266,2.2345,687.75
2018-09-06,67.77,76.5,475.0938949155872,2.2091,678.5
2018-09-07,67.75,76.83,471.7127689083019,2.2182,675.5
2018-09-10,67.54,77.37,476.73876702723965,2.2178,681.75
2018-09-11,69.25,79.06,476.1904763233555,2.252,687.0
2018-09-12,70.37,79.74,486.05970899326957,2.2577,687.0
2018-09-13,68.59,78.18,482.58720120200354,2.2235,683.5
2018-09-14,68.99,78.09,478.3836391388919,2.2092,680.0
2018-09-17,68.91,78.05,479.5716023306408,2.2064,681.5
2018-09-18,69.85,79.03,476.6473852432589,2.2357,685.0
2018-09-19,71.12,79.4,476.6473852432589,2.2466,688.0
2018-09-20,70.8,78.7,486.7907632651151,2.228,688.0
2018-09-21,70.78,78.8,482.8613465539455,2.226,688.0
2018-09-24,72.08,81.2,,2.2859,701.75
2018-09-25,72.28,81.87,500.3152672942566,2.3053,713.75
2018-09-26,71.57,81.34,500.3152672942566,2.2998,710.75
2018-09-27,72.12,81.72,507.8085735806729,2.3231,712.75
2018-09-28,73.25,82.72,505.52402898115577,2.3518,724.25
2018-10-01,75.3,84.98,,2.4079,734.0
2018-10-02,75.23,84.8,,2.4076,740.75
2018-10-03,76.41,86.29,,2.4372,740.75
2018-10-04,74.33,84.58,,2.3997,743.25
2018-10-05,74.34,84.16,,2.3923,741.25
2018-10-08,74.29,83.91,515.7587887869926,2.3942,735.75
2018-10-09,74.96,85.0,535.3144905588593,2.4238,743.75
2018-10-10,73.17,83.09,538.3300894302221,2.3949,738.5
2018-10-11,70.97,80.26,518.5002423064132,2.3322,738.5
2018-10-12,71.34,80.43,517.2208973306836,2.3213,718.0
2018-10-15,71.78,80.78,513.4742441874754,2.3257,715.75
2018-10-16,71.92,81.41,504.1533022214455,2.3402,715.5
2018-10-17,69.75,80.05,514.2966802433016,2.3111,711.25
2018-10-18,68.65,79.29,504.8843564932909,2.2949,713.75
2018-10-19,69.12,79.78,500.77217621416,2.302,714.75
2018-10-22,69.17,79.83,508.17410071659566,2.3181,716.25
2018-10-23,66.43,76.44,501.6859940539669,2.2484,702.5
2018-10-24,66.82,76.17,487.7959628889026,2.2521,700.0
2018-10-25,67.33,76.89,484.78036401753997,2.2781,706.75
2018-10-26,67.59,77.62,487.61319932094125,2.303,713.5
2018-10-29,67.04,77.34,488.3442535927867,2.2843,711.5
2018-10-30,66.18,75.91,492.7305792238597,2.2598,701.75
2018-10-31,65.31,75.47,490.17188927240045,2.2618,709.25
2018-11-01,63.69,72.89,479.2974569786988,2.2008,685.75
2018-11-02,63.14,72.83,471.073096420437,2.1728,678.25
2018-11-05,63.1,73.17,470.6161875005336,2.1963,682.0
2018-11-06,62.21,72.13,468.8799336049006,2.1883,677.5
2018-11-07,61.67,72.07,464.21946262188555,2.2371,692.75
2018-11-08,60.67,70.65,466.0470983014993,2.1683,681.5
2018-11-09,60.19,70.18,459.46760985488993,2.1728,669.5
2018-11-12,59.93,70.12,464.676371541789,2.1556,669.5
2018-11-13,55.69,65.47,453.1622667602225,2.0625,639.0
2018-11-14,56.25,66.12,432.23583822864543,2.0959,644.5
2018-11-15,56.46,66.62,437.7187452674866,2.0741,637.75
2018-11-16,56.46,66.76,443.2016523063278,2.0737,633.25
2018-11-19,56.76,66.79,443.2016523063278,2.0864,630.5
2018-11-20,53.43,62.53,439.0894720271969,1.9902,613.0
2018-11-21,54.63,63.48,420.35620631115626,1.9702,606.0
2018-11-22,,62.6,419.8992973912528,,598.25
2018-11-23,50.42,58.8,411.9490821849331,1.8762,576.75
2018-11-26,51.63,60.48,391.20541722131736,1.893,585.75
2018-11-27,51.56,60.21,395.50036106840963,1.886,578.5
2018-11-28,50.29,58.76,403.35919449074856,1.8384,566.0
2018-11-29,51.45,59.51,388.92087262180024,1.8436,559.75
2018-11-30,50.93,58.71,396.14003355627443,1.8455,550.75
2018-12-03,52.95,61.69,408.476574393667,1.8875,577.75
2018-12-04,53.25,62.08,408.6593379616284,1.9009,587.25
2018-12-05,52.89,61.56,402.8109037868645,1.8886,586.75
2018-12-06,51.49,60.06,402.8109037868645,1.8582,556.5
2018-12-07,52.61,61.67,394.4037796606414,1.8862,587.25
2018-12-10,51.0,59.97,409.2990104494932,1.8441,572.25
2018-12-11,51.65,60.2,398.88148707569496,1.8471,569.25
2018-12-12,51.15,60.15,403.63333984269065,1.8509,569.25
2018-12-13,52.58,61.45,398.05905101986883,1.8765,557.5
2018-12-14,51.2,60.28,400.0694502674439,1.8453,556.25
2018-12-17,49.88,59.61,397.14523318006195,1.8267,550.25
2018-12-18,46.24,56.26,387.91567299801267,1.7539,530.25
2018-12-19,47.2,57.24,373.842878264987,1.8054,538.75
2018-12-20,45.88,54.35,371.2841883135278,1.7497,522.0
2018-12-21,45.59,53.82,362.96844597128535,1.7327,515.25
2018-12-24,42.53,50.47,357.85106606836695,1.6622,514.0
2018-12-25,,,333.36074796154304,,
2018-12-26,46.22,54.47,334.64009293727264,1.7336,504.25
2018-12-27,44.61,52.16,357.6236158038435,1.6783,504.5
2018-12-28,45.33,52.2,354.86559305985503,1.6647,493.25
2018-12-31,45.41,53.8,,1.6808,510.75
2019-01-02,46.54,54.91,347.5108657425523,1.7006,517.0
2019-01-03,47.09,55.95,357.6236158038435,1.742,512.25
2019-01-04,47.96,57.06,369.5750476944604,1.7692,528.5
2019-01-07,48.52,57.33,377.84911592642595,1.7784,543.25
2019-01-08,49.78,58.72,375.0910931824374,1.827,546.5
2019-01-09,52.36,61.44,385.2038432437286,1.8808,561.0
2019-01-10,52.59,61.68,391.6392296463685,1.9061,561.0
2019-01-11,51.59,60.48,396.2359342196827,1.8797,568.5
2019-01-14,50.51,58.99,384.2845023290658,1.8525,567.5
2019-01-15,52.11,60.64,386.1231841583915,1.8722,557.0
2019-01-16,52.31,61.32,392.55857056103133,1.8946,568.25
2019-01-17,52.07,61.18,393.47791147569416,1.8843,563.25
2019-01-18,53.8,62.7,398.07461604900834,1.916,574.25
2019-01-21,,62.74,404.51000245164823,,574.25
2019-01-22,52.57,61.5,400.8326387929969,1.9011,565.25
2019-01-23,52.62,61.14,398.99395696367117,1.8886,568.0
2019-01-24,53.13,61.09,393.47791147569416,1.8856,567.25
2019-01-25,53.69,61.64,398.07461604900834,1.8919,568.0
2019-01-28,51.99,59.93,390.7198887317057,1.8377,555.5
2019-01-29,53.31,61.32,385.2038432437286,1.8975,572.25
2019-01-30,54.23,61.65,391.6392296463685,1.8984,578.75
2019-01-31,53.79,61.89,395.31659330501986,1.8788,584.5
2019-02-01,55.26,62.75,390.7198887317057,1.9127,578.25
2019-02-04,54.56,62.51,,1.9074,580.5
2019-02-05,53.66,61.98,,1.8975,579.75
2019-02-06,54.01,62.69,,1.9122,582.25
2019-02-07,52.64,61.63,,1.9005,574.25
2019-02-08,52.72,62.1,,1.9085,582.5
2019-02-11,52.41,61.51,397.1552751343455,1.8922,582.5
2019-02-12,53.1,62.42,397.1552751343455,1.9072,582.5
2019-02-13,53.9,63.61,405.42934336631106,1.9388,594.5
2019-02-14,54.41,64.57,414.6227525129394,1.9716,597.25
2019-02-15,55.59,66.25,416.4614343422651,2.0203,615.5
2019-02-18,,66.5,426.5741844035563,,617.75
2019-02-19,56.09,66.45,425.65484348889345,1.9946,610.5
2019-02-20,56.92,67.08,421.9774798302421,2.0183,616.5
2019-02-21,56.96,67.07,423.8161616595678,2.0363,621.0
2019-02-22,57.26,67.12,423.8161616595678,2.0311,622.0
2019-02-25,55.48,64.76,416.4614343422651,1.9746,607.0
2019-02-26,55.5,65.21,401.7519797076597,1.9985,615.75
2019-02-27,56.94,66.39,407.2680251956367,2.0216,623.75
2019-02-28,57.22,66.03,408.18736611029954,2.0235,625.0
2019-03-01,55.8,65.07,415.54209342760225,2.001,614.5
2019-03-04,56.59,65.67,403.59066153698535,2.0143,622.75
2019-03-05,56.56,65.86,400.8326387929969,2.0164,619.25
2019-03-06,56.22,65.99,404.51000245164823,2.0162,620.0
2019-03-07,56.66,66.3,406.3486842809739,2.0127,622.25
2019-03-08,56.07,65.74,404.51000245164823,1.9998,610.25
2019-03-11,56.79,66.58,407.2680251956367,1.9942,612.0
2019-03-12,56.87,66.67,413.7034115982766,1.9857,612.0
2019-03-13,58.26,67.55,414.6227525129394,1.9921,609.25
2019-03-14,58.61,67.23,418.3001161715908,1.9849,610.75
2019-03-15,58.52,67.16,417.3807752569279,1.9677,606.75
2019-03-18,59.09,67.54,414.6227525129394,1.969,605.0
2019-03-19,59.03,67.61,420.13879800091644,1.9904,609.25
2019-03-20,59.83,68.5,420.13879800091644,2.0081,618.5
2019-03-21,59.98,67.86,426.5741844035563,1.9871,610.25
2019-03-22,59.04,67.03,423.8161616595678,1.9659,597.25
2019-03-25,58.82,67.21,413.7034115982766,1.9804,606.75
2019-03-26,59.94,67.97,418.1162479886582,1.9899,608.75
2019-03-27,59.41,67.83,421.79361164730955,1.9806,608.25
2019-03-28,59.3,67.82,416.6453025251977,1.972,600.0
2019-03-29,60.14,68.39,420.966204824113,1.9734,605.25
2019-04-01,61.59,69.01,423.90809575103407,1.9881,606.75
2019-04-02,62.58,69.37,432.2740980744659,2.0089,613.75
2019-04-03,62.46,69.31,434.29664808672413,2.0068,611.0
2019-04-04,62.1,69.4,431.17088897687046,2.0134,615.75
2019-04-05,63.08,70.34,,2.0424,618.0
2019-04-08,64.4,71.1,437.6982094709766,2.0571,625.75
2019-04-09,63.98,70.61,439.62882539176854,2.0449,622.25
2019-04-10,64.61,71.73,437.3304731051115,2.0876,627.0
2019-04-11,63.58,70.83,441.375573129628,2.0672,627.0
2019-04-12,63.89,71.55,436.87080264778007,2.0707,633.0
2019-04-15,63.4,71.18,433.74504353792645,2.061,629.75
2019-04-16,64.05,71.72,430.716994788878,2.0822,633.5
2019-04-17,63.76,71.62,437.0483694459792,2.0692,637.0
2019-04-18,64.0,71.97,433.65328448492494,2.0709,635.5
2019-04-19,,,436.68133323397325,,
2019-04-22,65.7,74.04,,2.104,648.75
2019-04-23,66.3,74.51,457.2353611063015,2.118,648.25
2019-04-24,65.89,74.57,456.04249341728246,2.0987,644.25
2019-04-25,65.21,74.35,464.20904913441285,2.0981,646.25
2019-04-26,63.3,72.15,456.9600839472971,2.0512,623.25
2019-04-29,63.5,72.04,443.0127078910744,2.0549,630.5
2019-04-30,63.91,72.8,447.5089014881462,2.0812,638.0
2019-05-01,63.6,72.18,,2.0942,639.0
2019-05-02,61.81,70.75,,2.0778,637.5
2019-05-03,61.94,70.85,,2.0702,649.0
2019-05-06,62.25,71.24,433.10273016691616,2.0676,640.0
2019-05-07,61.4,69.88,445.21492516310957,2.0376,634.25
2019-05-08,62.12,70.37,442.5539126260671,2.0562,639.25
2019-05-09,61.7,70.39,442.0033583080583,2.0436,632.25
2019-05-10,61.66,70.62,447.5089014881462,2.0504,632.25
2019-05-13,61.04,70.23,455.85897531127955,2.0384,639.25
2019-05-14,61.78,71.24,455.4001800462722,2.0589,636.25
2019-05-15,62.02,71.77,459.6210964843396,2.0863,650.5
2019-05-16,62.87,72.62,464.7596034524217,2.1232,665.25
2019-05-17,62.76,72.21,469.80635136750226,2.0955,657.0
2019-05-20,63.1,71.97,477.73323899112495,2.0736,651.5
2019-05-21,62.99,72.18,469.0689664722815,2.0794,645.0
2019-05-22,61.42,70.99,465.1976957723727,2.0491,632.5
2019-05-23,57.91,67.76,454.4134416797697,1.9624,607.5
2019-05-24,58.63,68.69,435.5179537397387,1.9713,604.75
2019-05-27,,70.11,432.93710660646616,,621.25
2019-05-28,59.14,70.11,439.57357066345264,1.9925,618.75
2019-05-29,58.81,69.45,436.71620419447237,1.9675,605.75
2019-05-30,56.59,66.87,438.836185768232,1.915,598.0
2019-05-31,53.5,64.49,412.6590219878963,1.8418,577.5
2019-06-03,53.25,61.28,395.97568873352753,1.8065,562.25
2019-06-04,53.48,61.97,389.4313977884436,1.8215,561.25
2019-06-05,51.68,60.63,391.73572558600836,1.78,543.5
2019-06-06,52.59,61.67,383.6244917385804,1.7883,543.75
2019-06-07,53.99,63.29,,1.8248,560.0
2019-06-10,53.26,62.29,400.7686905524622,1.8063,561.5
2019-06-11,53.27,62.29,397.26611230016374,1.8221,560.5
2019-06-12,51.14,59.97,389.89226334795654,1.7799,552.0
2019-06-13,52.28,61.31,394.22439960737825,1.8066,558.0
2019-06-14,52.51,62.01,392.3809373693265,1.8294,564.0
2019-06-17,51.93,60.94,391.46179720214604,1.7995,558.0
2019-06-18,53.9,62.14,380.06445912910874,1.8278,562.5
2019-06-19,53.76,61.82,390.45074301824764,1.8294,560.25
2019-06-20,56.65,64.45,397.9876923891272,1.8843,579.5
2019-06-21,57.43,65.2,403.96210347579995,1.9158,587.0
2019-06-24,57.9,64.86,411.40713882996147,1.9089,579.75
2019-06-25,57.83,65.05,404.4216735593902,1.9234,589.0
2019-06-26,59.38,66.49,413.7049892479126,1.9713,599.25
2019-06-27,59.43,66.55,411.6828808801156,1.9525,594.0
2019-06-28,58.47,66.55,407.63866414452167,1.9446,595.0
2019-07-01,59.09,65.06,415.08369949868325,1.9538,590.5
2019-07-02,56.25,62.4,408.282062261548,1.8863,577.5
2019-07-03,57.34,63.82,393.11624950307083,1.8987,573.75
2019-07-04,,63.3,395.597927954458,,574.75
2019-07-05,57.51,64.23,397.1604662386648,1.905,576.75
2019-07-08,57.66,64.11,405.9842118435969,1.8953,579.25
2019-07-09,57.83,64.16,405.61655577672474,1.9106,576.25
2019-07-10,60.43,67.01,407.91440619467585,1.991,594.5
2019-07-11,60.2,66.52,424.2751011704875,1.9786,594.5
2019-07-12,60.21,66.72,421.15002460207404,1.9801,605.0
2019-07-15,59.58,66.48,417.4862575328955,1.9516,600.5
2019-07-16,57.62,64.35,416.6619099423303,1.9049,600.0
2019-07-17,56.78,63.66,404.38829026058215,1.8926,583.0
2019-07-18,55.3,61.93,400.2665523077563,1.8625,569.0
2019-07-19,55.63,62.47,395.13727841090633,1.8896,576.0
2019-07-22,56.22,63.26,398.15988624297864,1.8995,584.75
2019-07-23,56.77,63.83,400.0833639542974,1.9217,585.0
2019-07-24,55.88,63.18,403.47234849328754,1.9087,592.5
2019-07-25,56.02,63.39,403.563942670017,1.9143,588.25
2019-07-26,56.2,63.46,406.8613330322777,1.9044,584.0
2019-07-29,56.87,63.71,402.2816241958045,1.9106,586.75
2019-07-30,58.05,64.72,406.7697388555482,1.944,592.25
2019-07-31,58.58,65.17,408.87640492032585,1.955,601.75
2019-08-01,53.95,60.5,405.67060873479465,1.8529,586.25
2019-08-02,55.66,61.89,392.3894531090224,1.8902,578.0
2019-08-05,54.69,59.81,396.6027852385777,1.8356,564.75
2019-08-06,53.63,58.94,394.31293082034114,1.824,559.25
2019-08-07,51.09,56.23,383.87119467318234,1.7532,533.75
2019-08-08,52.54,57.38,378.74192077633234,1.7766,542.75
2019-08-09,54.5,58.53,377.5511964788493,1.808,555.5
2019-08-12,54.93,58.57,382.77206455242873,1.8058,555.5
2019-08-13,57.1,61.3,382.8636587291582,1.8773,576.0
2019-08-14,55.23,59.48,393.97313180019614,1.8437,561.0
2019-08-15,54.47,58.23,385.6180735401593,1.8107,560.0
2019-08-16,54.87,58.64,383.78179699949186,1.8128,559.5
2019-08-19,56.21,59.74,390.02513723776116,1.8331,561.0
2019-08-20,56.34,60.03,392.0450414324953,1.8543,563.5
2019-08-21,55.68,60.3,391.4941584702951,1.8573,572.0
2019-08-22,55.35,59.92,390.85146168106144,1.8413,565.0
2019-08-23,54.17,59.34,392.1368552595287,1.8156,556.0
2019-08-26,53.64,58.7,387.54616390786015,1.7924,558.0
2019-08-27,54.93,59.51,387.27072242676,1.8159,553.5
2019-08-28,55.78,60.49,392.3204829135954,1.851,569.5
2019-08-29,56.71,61.08,395.16671155162993,1.864,571.75
2019-08-30,55.1,60.43,403.52176981166673,1.8282,561.0
2019-09-02,,58.66,396.176663648997,,555.5
2019-09-03,53.94,58.26,394.43220093536297,1.8033,551.0
2019-09-04,56.26,60.7,394.70764241646305,1.8802,574.0
2019-09-05,56.3,60.95,403.06270067649984,1.8885,586.25
2019-09-06,56.52,61.54,406.67802848845554,1.9003,575.5
2019-09-09,57.85,62.59,412.518173415461,1.9277,592.25
2019-09-10,57.4,62.38,414.55758910425646,1.9312,600.75
2019-09-11,55.75,60.81,416.1335012274167,1.9032,590.75
2019-09-12,55.09,60.38,404.63861279966,1.8851,576.25
2019-09-13,54.85,60.22,,1.8778,577.0
2019-09-16,62.9,69.02,435.97145383660967,2.0838,637.25
2019-09-17,59.34,64.55,454.1407936095153,1.9896,620.0
2019-09-18,58.11,63.6,436.24955597599086,1.9733,611.0
2019-09-19,58.13,64.4,424.9400689744883,2.0049,615.75
2019-09-20,58.09,64.28,430.0386081964771,1.9863,617.25
2019-09-23,58.64,64.77,432.44882673778096,1.997,612.0
2019-09-24,57.29,63.1,428.27729464706283,1.9676,606.0
2019-09-25,56.49,62.39,419.5634276131183,1.9539,596.5
2019-09-26,56.41,62.74,417.6167126374498,1.9551,593.25
2019-09-27,55.91,61.91,415.7626983749084,1.9416,602.25
2019-09-30,54.07,60.78,414.3721876780024,1.9056,590.25
2019-10-01,53.62,58.89,,1.8985,587.25
2019-10-02,52.64,57.69,,1.873,570.5
2019-10-03,52.45,57.71,,1.876,566.25
2019-10-04,52.81,58.37,,1.8945,579.75
2019-10-07,52.75,58.35,,1.9033,588.75
2019-10-08,52.63,58.24,407.88313775910746,1.9101,578.75
2019-10-09,52.59,58.32,416.50430407992496,1.9193,591.25
2019-10-10,53.55,59.1,415.75435259834956,1.9208,591.25
2019-10-11,54.7,60.51,431.4095897762356,1.9576,595.75
2019-10-14,53.59,59.35,437.5029455640355,1.9151,579.25
2019-10-15,52.81,58.74,427.3786005627679,1.91,583.5
2019-10-16,53.36,59.42,424.7537703772541,1.9426,587.75
2019-10-17,53.93,59.91,416.3168162095311,1.9481,584.0
2019-10-18,53.78,59.42,419.31662213583263,1.9471,589.25
2019-10-21,53.31,58.96,418.1916949134696,1.9406,582.0
2019-10-22,54.16,59.7,414.6294253759865,1.9437,593.0
2019-10-23,55.97,61.17,415.84809653354654,1.9643,590.75
2019-10-24,56.23,61.67,420.3478054229987,1.9863,599.0
2019-10-25,56.66,62.02,423.44135528449715,1.9796,597.75
2019-10-28,55.81,61.57,427.75357630355563,1.9618,591.75
2019-10-29,55.54,61.59,426.44116121079867,1.9563,591.25
2019-10-30,55.06,60.61,424.2850507012695,1.9136,582.0
2019-10-31,54.18,60.23,421.19150083977104,1.878,567.0
2019-11-01,56.2,61.69,415.84809653354654,1.9331,578.0
2019-11-04,56.54,62.13,422.0351962565433,1.9405,594.0
2019-11-05,57.23,62.96,430.00343074828174,1.9566,589.5
2019-11-06,56.35,61.74,429.34722320190326,1.9278,586.75
2019-11-07,57.15,62.29,425.40997792363254,1.9203,583.25
2019-11-08,57.24,62.51,423.3476113493003,1.9181,576.5
2019-11-11,56.86,62.18,424.0038188956787,1.9142,583.5
2019-11-12,56.8,62.06,428.5972717203279,1.8976,583.5
2019-11-13,57.12,62.37,421.94145232134645,1.9125,575.25
2019-11-14,56.77,62.28,427.28129752168326,1.9179,580.75
2019-11-15,57.72,63.3,422.128815310832,1.948,587.25
2019-11-18,57.05,62.44,427.00025303745497,1.9047,571.75
2019-11-19,55.21,60.91,424.47085267940076,1.8574,567.5
2019-11-20,57.11,62.4,415.2900661946112,1.8921,573.75
2019-11-21,58.58,63.97,423.81508221620146,1.9447,579.0
2019-11-22,57.77,63.39,429.9043793744802,1.9294,581.75
2019-11-25,58.01,63.65,434.02636514316123,1.9443,582.75
2019-11-26,58.41,64.27,431.12223880613595,1.9606,589.5
2019-11-27,58.11,64.06,434.02636514316123,1.9465,587.5
2019-11-28,,63.87,432.62114272202,,586.25
2019-11-29,55.17,62.43,434.21372813264674,1.8789,572.0
2019-12-02,55.96,60.92,422.9719487635167,1.886,575.0
2019-12-03,56.1,60.82,422.0351338160892,1.8799,570.0
2019-12-04,58.43,63.0,420.3488669107197,1.9229,579.0
2019-12-05,58.43,63.39,426.90657154271224,1.933,583.5
2019-12-06,59.2,64.39,429.0612459217955,1.9521,587.25
2019-12-09,59.02,64.25,436.8538243488215,1.9442,586.25
2019-12-10,59.24,64.34,438.1682351678379,1.9655,590.25
2019-12-11,58.76,63.72,436.9477108358941,1.9288,579.0
2019-12-12,59.18,64.2,437.8865757066201,1.9508,579.0
2019-12-13,60.07,65.22,437.6988027324749,1.9864,595.25
2019-12-16,60.21,65.34,442.1114676248872,2.0045,606.75
2019-12-17,60.94,66.1,441.92369465074205,2.0334,613.5
2019-12-18,60.93,66.17,444.64640277584755,2.0203,609.75
2019-12-19,61.22,66.54,449.24684064240506,2.0295,614.5
2019-12-20,60.44,66.14,450.8429109226393,2.0218,613.5
2019-12-23,60.52,66.39,447.6507703621708,2.0222,612.5
2019-12-24,61.11,67.2,451.0306838967845,2.0363,615.25
2019-12-25,,,454.59837040554345,,
2019-12-26,61.68,67.92,455.16168932797905,2.0521,623.0
2019-12-27,61.72,68.16,459.668240707464,2.0496,626.0
2019-12-30,61.68,68.44,459.3865812462462,2.0406,623.0
2019-12-31,61.06,66.0,453.94116499603524,2.0283,614.0
2020-01-02,61.18,66.25,452.90691627711306,2.0241,615.5
2020-01-03,63.05,68.6,469.17282794743494,2.0614,625.5
2020-01-06,63.27,68.91,485.25069439613463,2.0339,620.0
2020-01-07,62.7,68.27,472.18155149339043,2.0324,616.75
2020-01-08,59.61,65.44,477.7288855312459,1.9582,606.25
2020-01-09,59.56,65.37,452.71887105549087,1.9501,593.25
2020-01-10,59.04,64.98,450.46232839602425,1.9284,593.25
2020-01-13,58.08,64.2,448.3938309581798,1.898,577.0
2020-01-14,58.23,64.49,437.58123071490223,1.9103,579.5
2020-01-15,57.81,64.0,435.606755887869,1.8779,575.75
2020-01-16,58.52,64.62,435.8888237203023,1.86,576.0
2020-01-17,58.54,64.85,436.26491416354673,1.8592,568.75
2020-01-20,,65.2,438.1453663797689,,576.75
2020-01-21,58.34,64.59,433.3502132284023,1.8292,569.0
2020-01-22,56.74,63.21,432.3159645094801,1.8002,552.25
2020-01-23,55.59,62.04,420.46911554728035,1.7916,545.5
2020-01-24,54.19,60.69,,1.734,536.0
2020-01-27,53.14,59.32,,1.6795,511.5
2020-01-28,53.48,59.51,,1.7159,525.0
2020-01-29,53.33,59.81,,1.7035,523.25
2020-01-30,52.14,58.29,,1.6396,509.0
2020-01-31,51.56,58.16,,1.6245,501.0
2020-02-03,50.11,54.45,390.66394792015876,1.5779,483.5
2020-02-04,49.61,53.96,378.00704051655595,1.5839,491.75
2020-02-05,50.75,55.28,376.87358612220345,1.6454,506.25
2020-02-06,50.95,54.93,386.4134939413369,1.6654,507.75
2020-02-07,50.32,54.47,382.4464035611032,1.6433,505.25
2020-02-10,49.57,53.27,377.7236769179678,1.6125,492.5
2020-02-11,49.94,54.01,375.74013172785095,1.6267,494.25
2020-02-12,51.17,55.79,380.9351310352999,1.6757,494.25
2020-02-13,51.42,56.34,383.5798579554557,1.6805,512.5
2020-02-14,52.05,57.32,385.5634031455725,1.6982,514.5
2020-02-17,,57.67,387.64140286855206,,510.25
2020-02-18,52.05,57.75,383.485403422593,1.6724,504.0
2020-02-19,53.29,59.12,390.56949338729606,1.7068,517.0
2020-02-20,53.78,59.31,396.33121989192125,1.6976,519.0
2020-02-21,53.38,58.5,392.36412951168745,1.6866,508.5
2020-02-24,51.43,56.3,378.00704051655595,1.6132,485.5
2020-02-25,49.9,54.95,377.1569497207916,1.5685,485.75
2020-02-26,48.73,53.43,361.31001906025415,1.4994,468.75
2020-02-27,47.09,52.18,349.4714296844408,1.4892,445.25
2020-02-28,44.76,50.52,335.5820610466757,1.4906,441.0
2020-03-02,46.75,51.9,342.94622294186655,1.5287,454.5
2020-03-03,47.18,51.86,350.96290551131494,1.533,460.25
2020-03-04,46.78,51.13,349.65786416280014,1.5332,462.25
2020-03-05,45.9,49.99,348.3528228142853,1.4885,456.0
2020-03-06,41.28,45.27,333.0651955888256,1.3852,413.25
2020-03-09,31.13,34.36,315.16748566633623,1.1629,359.25
2020-03-10,34.36,37.22,286.73622771654846,1.2499,369.0
2020-03-11,32.98,35.79,256.34740774398836,1.238,376.0
2020-03-12,31.5,33.22,243.3902114980195,1.1598,376.0
2020-03-13,31.73,33.85,248.98324584879742,1.1374,336.5
2020-03-16,28.7,30.05,231.36518764384692,1.0466,306.25
2020-03-17,26.95,28.73,229.7242997882168,1.0357,300.0
2020-03-18,20.37,24.88,219.6966517815883,0.9542,271.25
2020-03-19,25.22,28.47,215.32095083324128,1.0417,287.75
2020-03-20,22.43,26.98,229.26849760609733,1.0063,301.0
2020-03-23,23.36,27.03,226.89832625907604,1.0161,286.0
2020-03-24,24.01,27.15,237.01713470212843,1.0803,303.25
2020-03-25,24.49,27.39,241.0281939047798,1.0978,306.0
2020-03-26,22.6,26.34,235.83204902861777,1.0503,303.75
2020-03-27,21.51,24.93,233.00607549947702,1.0685,300.25
2020-03-30,20.09,22.76,229.7242997882168,1.0194,285.25
2020-03-31,20.48,22.74,241.8486378325949,1.0121,292.75
2020-04-01,20.31,24.74,239.02266430345412,0.9323,271.75
2020-04-02,25.32,29.94,263.45366126505814,0.9951,276.0
2020-04-03,28.34,34.11,258.4398372617439,1.0706,297.0
2020-04-06,26.08,33.05,,1.0457,293.75
2020-04-07,23.63,31.87,271.38461923393703,1.0275,298.0
2020-04-08,25.09,32.84,266.9177578491662,1.0107,298.0
2020-04-09,22.76,31.48,274.939876254469,0.9726,302.5
2020-04-10,,,264.3652656292971,,
2020-04-13,22.41,31.74,259.89840424452626,0.9946,298.5
2020-04-14,20.11,29.6,255.97850547829873,0.9442,279.5
2020-04-15,19.87,27.69,250.2353979835933,0.9138,260.75
2020-04-16,19.87,27.82,235.74088859219393,0.9463,271.0
2020-04-17,18.27,28.08,231.27402720742302,0.9563,275.5
2020-04-20,,25.57,221.3375396372184,0.8878,261.75
2020-04-21,10.01,19.33,208.9397202835686,0.7269,216.0
2020-04-22,13.78,20.37,191.98387910872404,0.7311,212.0
2020-04-23,16.5,21.33,208.9820023376762,0.7345,227.75
2020-04-24,16.94,21.44,211.48426413280114,0.6467,205.0
2020-04-27,12.78,19.99,199.23180982563764,0.6104,190.75
2020-04-28,12.34,20.46,200.52608316794365,0.6308,191.5
2020-04-29,15.06,22.54,210.2762756799822,0.6945,208.5
2020-04-30,18.84,25.27,214.59052015433556,0.7319,236.75
2020-05-01,19.78,26.44,,0.7961,220.0
2020-05-04,20.39,27.2,,0.8031,210.75
2020-05-05,24.56,30.97,,0.896,241.75
2020-05-06,23.99,29.72,227.44696868790857,0.824,228.0
2020-05-07,23.55,29.46,225.54870111919305,0.8371,237.75
2020-05-08,24.74,30.97,226.32526512457667,0.8993,242.25
2020-05-11,24.14,29.63,223.30529399252933,0.8687,240.0
2020-05-12,25.78,29.98,218.47334018125358,0.8384,240.0
2020-05-13,25.29,29.19,216.83392728099932,0.8314,245.25
2020-05-14,27.56,31.13,211.6568339117753,0.8948,255.25
2020-05-15,29.43,32.5,223.9092882189388,0.9204,269.75
2020-05-18,31.82,34.81,230.89836426739123,1.0064,302.75
2020-05-19,32.5,34.65,230.72579448841708,0.9736,290.25
2020-05-20,33.49,35.75,231.76121316226192,0.9906,299.5
2020-05-21,33.92,36.06,240.0445625530203,0.989,296.5
2020-05-22,33.25,35.13,229.25895136713694,0.982,287.75
2020-05-25,,35.53,234.43604473636097,,299.75
2020-05-26,34.35,36.17,237.11087631046004,0.9908,297.0
2020-05-27,32.81,34.74,235.3851785207187,0.9721,286.75
2020-05-28,33.71,35.29,235.64403318917994,0.9256,281.0
2020-05-29,35.49,35.33,237.45601586840831,0.9647,283.75
2020-06-01,35.44,38.32,239.95827766353327,1.029,293.75
2020-06-02,36.81,39.57,240.3897021109686,1.0921,314.0
2020-06-03,37.29,39.79,250.74388884941663,1.0646,307.25
2020-06-04,37.41,39.99,241.94283012173577,1.0741,302.5
2020-06-05,39.55,42.3,245.82565014865378,1.1506,330.5
2020-06-08,38.19,40.8,255.14441821325704,1.1213,330.0
2020-06-09,38.94,41.18,250.86293947381765,1.1547,329.0
2020-06-10,39.6,41.73,248.16719360083732,1.173,336.0
2020-06-11,36.34,38.55,244.36143472133566,1.088,336.0
2020-06-12,36.26,38.73,232.46843822289298,1.1014,328.5
2020-06-15,37.12,39.72,228.90348000478158,1.137,330.5
2020-06-16,38.38,40.96,240.5932267199841,1.1822,346.0
2020-06-17,37.96,40.71,244.2410909431679,1.182,349.5
2020-06-18,38.84,41.51,244.8214329786744,1.1986,353.75
2020-06-19,39.75,42.19,248.13767318156874,1.2114,364.5
2020-06-22,40.46,43.08,246.47955308012158,1.2186,364.5
2020-06-23,40.37,42.63,247.55733114606224,1.203,367.75
2020-06-24,38.01,40.31,247.88895516635165,1.1508,345.75
2020-06-25,38.72,41.05,,1.1556,344.5
2020-06-26,38.49,41.02,,1.1363,339.0
2020-06-29,39.7,41.71,236.86245649172798,1.1654,348.0
2020-06-30,39.27,41.15,242.417158831576,1.1781,352.25
2020-07-01,39.82,42.03,243.16331287722724,1.1996,357.5
2020-07-02,40.65,43.14,247.22570712577277,1.2311,363.0
2020-07-03,,42.8,246.89408310548336,,364.0
2020-07-06,40.63,43.1,248.09066186043722,1.2417,372.5
2020-07-07,40.62,43.08,246.25590776950793,1.2433,370.5
2020-07-08,40.9,43.29,248.17043377743417,1.2344,367.75
2020-07-09,39.62,42.35,248.72883719641263,1.2239,364.5
2020-07-10,40.55,43.24,243.14480300662788,1.2412,364.5
2020-07-13,40.1,42.72,245.93682010152025,1.2235,368.5
2020-07-14,40.29,42.9,243.5436625916125,1.2208,366.5
2020-07-15,41.2,43.79,245.61773243353252,1.2448,371.0
2020-07-16,40.75,43.37,240.51232974572935,1.2279,369.0
2020-07-17,40.59,43.14,239.8741544097539,1.2191,367.5
2020-07-20,40.81,43.28,233.97103255198147,1.2355,370.5
2020-07-21,41.96,44.32,238.8371194887939,1.28,386.75
2020-07-22,41.9,44.29,240.35278591173548,1.2707,379.25
2020-07-23,41.07,43.31,240.19324207774164,1.2541,377.75
2020-07-24,41.29,43.34,235.9653304769046,1.2563,374.75
2020-07-27,41.6,43.41,235.16761130693536,1.2541,370.0
2020-07-28,41.04,43.22,232.8542257140245,1.2421,371.0
2020-07-29,41.27,43.75,232.21605037804915,1.2533,377.25
2020-07-30,39.92,42.94,232.05650654405525,1.2119,360.25
2020-07-31,40.27,43.3,228.22745452820288,1.2171,365.0
2020-08-03,41.01,44.15,223.12205184039965,1.2409,370.0
2020-08-04,41.7,44.43,224.39840251235046,1.2584,370.75
2020-08-05,42.19,45.17,223.36136759139043,1.2631,388.0
2020-08-06,41.95,45.09,225.67475318430124,1.2499,374.5
2020-08-07,41.22,44.4,224.79726209733508,1.2199,369.0
2020-08-10,41.94,44.99,226.7915600222582,1.2369,367.75
2020-08-11,41.61,44.5,227.5632223564612,1.2384,376.0
2020-08-12,42.67,45.43,226.48289508857704,1.2572,376.0
2020-08-13,42.24,44.96,226.01989768805524,1.2381,376.5
2020-08-14,42.01,44.8,225.24823535385224,1.2367,374.5
2020-08-17,42.89,45.37,223.24191328492452,1.2391,375.0
2020-08-18,42.89,45.46,219.22926914706898,1.2604,380.0
2020-08-19,42.93,45.37,222.856082117823,1.251,376.75
2020-08-20,42.58,44.9,222.856082117823,1.2467,371.0
2020-08-21,42.34,44.35,220.92692628231555,1.208,360.0
2020-08-24,42.62,45.13,222.7789158844027,1.2476,370.75
2020-08-25,43.35,45.86,226.32856262173647,1.2601,378.5
2020-08-26,43.39,45.64,227.17739118935972,1.2447,371.0
2020-08-27,43.04,45.09,227.5632223564612,1.2107,362.5
2020-08-28,42.97,45.05,226.56006132199735,1.2162,365.5
2020-08-31,42.61,45.28,229.9553755924905,1.1961,362.0
2020-09-01,42.76,45.58,227.48605612304095,1.2308,365.75
2020-09-02,41.51,44.43,225.86556522121464,1.1885,355.25
2020-09-03,41.37,44.07,220.54109511521406,1.1677,334.5
2020-09-04,39.77,42.66,219.46076784732983,1.1515,335.5
2020-09-07,,42.01,210.27798607031428,,328.0
2020-09-08,36.76,39.78,207.65433413402414,1.0768,309.5
2020-09-09,38.05,40.79,193.60088607137607,1.1061,317.25
2020-09-10,37.3,40.06,193.2349108614113,1.0824,317.25
2020-09-11,37.33,39.83,190.16071909770702,1.0896,324.0
2020-09-14,37.26,39.61,191.77101002155212,1.0934,319.75
2020-09-15,38.28,40.53,190.81947447564363,1.0993,320.0
2020-09-16,40.16,42.22,198.0657836329466,1.1163,325.25
2020-09-17,40.97,43.3,197.62661338098883,1.1598,340.0
2020-09-18,41.11,43.15,203.33582665643962,1.159,339.75
2020-09-21,39.31,41.44,202.53068119451706,1.1073,321.75
2020-09-22,39.6,41.72,193.82047119735498,1.0961,322.25
2020-09-23,39.93,41.77,193.96686128134087,1.1075,325.75
2020-09-24,40.31,41.94,191.55142489557323,1.1167,320.75
2020-09-25,40.25,41.92,194.8383606276258,1.1262,325.25
2020-09-28,40.6,42.43,192.2507729236695,1.1395,330.25
2020-09-29,39.29,41.03,194.2089474023391,1.109,325.5
2020-09-30,40.22,40.95,186.44618429047034,1.1454,329.5
2020-10-01,38.72,40.93,,1.125,317.0
2020-10-02,37.05,39.27,,1.085,314.75
2020-10-05,39.22,41.29,,1.1333,329.0
2020-10-06,40.67,42.65,,1.1886,341.75
2020-10-07,39.95,41.99,,1.1608,332.25
2020-10-08,41.19,43.34,,1.1923,343.5
2020-10-09,40.6,42.85,193.71940378267172,1.1933,347.0
2020-10-12,39.43,41.72,192.4605773320984,1.1571,347.0
2020-10-13,40.2,42.45,190.15272883938064,1.169,339.25
2020-10-14,41.04,43.32,188.5442283747592,1.1925,343.0
2020-10-15,40.96,43.16,190.85207686747694,1.1887,341.5
2020-10-16,40.88,42.93,189.8030548253325,1.1791,344.75
2020-10-19,40.83,42.62,189.9429244309518,1.1581,341.0
2020-10-20,41.46,43.16,189.3135112056651,1.1735,337.25
2020-10-21,40.03,41.73,188.68409798037845,1.1399,328.0
2020-10-22,40.64,42.46,186.51611909327994,1.1607,336.25
2020-10-23,39.85,41.77,185.53703185394517,1.1513,335.0
2020-10-26,38.56,40.46,178.89322558703043,1.1218,320.25
2020-10-27,39.57,41.2,179.3128344038882,1.1577,329.5
2020-10-28,37.39,39.12,176.23570308026453,1.1142,314.75
2020-10-29,36.17,37.65,166.2350262784876,1.0884,304.0
2020-10-30,35.79,37.46,156.69750153846934,1.0813,305.0
2020-11-02,36.81,38.97,154.01087485114024,1.1123,307.25
2020-11-03,37.66,39.71,160.3244475663636,1.1271,316.75
2020-11-04,39.15,41.23,166.4365232800373,1.1735,327.5
2020-11-05,38.79,40.93,163.34690258960882,1.1696,327.0
2020-11-06,37.14,39.45,161.46626390847848,1.1426,322.75
2020-11-09,40.29,42.4,164.89171293482306,1.2167,343.75
2020-11-10,41.36,43.61,172.21277065779483,1.2525,351.0
2020-11-11,41.45,43.8,178.5935090402014,1.2458,358.5
2020-11-12,41.12,43.53,175.3023913482233,1.2333,358.5
2020-11-13,40.13,42.78,172.75009599526066,1.2042,344.75
2020-11-16,41.34,43.82,175.16806001385686,1.2289,352.75
2020-11-17,41.43,43.75,174.4964033420246,1.2391,350.25
2020-11-18,41.82,44.34,174.42923767484135,1.264,360.75
2020-11-19,41.74,44.2,175.23522568104005,1.2707,357.75
2020-11-20,42.15,44.96,175.0337286794904,1.2863,359.5
2020-11-23,43.06,46.06,179.93682238386597,1.3105,370.25
2020-11-24,44.91,47.86,189.00418745360165,1.3595,388.75
2020-11-25,45.71,48.61,194.64610349699277,1.3866,389.25
2020-11-26,,47.8,193.77294982361082,,389.0
2020-11-27,45.53,48.18,194.17594382671018,1.3805,391.5
2020-11-30,45.34,47.59,189.13851878796814,1.3559,387.0
2020-12-01,44.55,47.42,192.56396781431272,1.3473,386.25
2020-12-02,45.28,48.25,190.81766046754882,1.3662,390.5
2020-12-03,45.64,48.71,192.63113348149597,1.3933,396.5
2020-12-04,46.26,49.25,198.67900473976601,1.403,397.5
2020-12-07,45.76,48.79,197.3278845650461,1.3992,401.5
2020-12-08,45.6,48.84,190.44360557956847,1.4067,402.0
2020-12-09,45.52,48.86,191.40869141865412,1.3989,398.5
2020-12-10,46.78,50.25,189.92889313205612,1.4357,398.5
2020-12-11,46.57,49.97,193.98225365621585,1.4369,412.0
2020-12-14,46.99,50.29,196.1697815581433,1.4544,410.5
2020-12-15,47.62,50.76,193.3388630968254,1.4644,419.75
2020-12-16,47.82,51.08,194.175270824033,1.4779,418.75
2020-12-17,48.36,51.5,202.47500904016957,1.4952,426.75
2020-12-18,49.1,52.26,202.92538243174286,1.513,433.5
2020-12-21,47.74,50.91,198.67900473976601,1.4774,414.25
2020-12-22,47.02,50.08,189.92889313205612,1.4616,418.0
2020-12-23,48.12,51.2,187.48400900637245,1.4975,427.0
2020-12-24,48.23,51.29,197.6495798447413,1.49,423.5
2020-12-25,,,199.19371718727837,,
2020-12-28,47.62,50.86,197.26354550910708,1.479,426.75
2020-12-29,48.0,51.09,196.23412061408237,1.4868,424.75
2020-12-30,48.4,51.34,196.29845967002143,1.4898,425.25
2020-12-31,48.52,51.8,194.11093176809393,1.4763,420.75
2021-01-04,47.62,51.09,205.94931806087794,1.462,419.75
2021-01-05,49.93,53.6,200.38482927077743,1.5189,431.75
2021-01-06,50.63,54.3,208.16246701148606,1.5287,434.75
2021-01-07,50.83,54.38,215.94010475219469,1.5381,436.25
2021-01-08,52.24,55.99,217.90032239416192,1.5795,443.75
2021-01-11,52.25,55.66,210.1859174806135,1.5735,445.75
2021-01-12,53.21,56.58,217.71062391268123,1.5967,445.75
2021-01-13,52.91,56.06,221.50459354229517,1.5989,460.25
2021-01-14,53.57,56.42,216.50920019663678,1.6194,459.5
2021-01-15,52.36,55.1,214.6122153818298,1.5929,452.0
2021-01-18,,54.75,210.56531444357492,,453.5
2021-01-19,52.98,55.9,211.38734119665796,1.5987,459.25
2021-01-20,53.24,56.08,216.69889867811747,1.6004,459.5
2021-01-21,53.13,56.1,214.9916123447912,1.6006,455.0
2021-01-22,52.27,55.41,210.1226846534533,1.576,449.25
2021-01-25,52.77,55.88,209.99621899913282,1.5939,448.5
2021-01-26,52.61,55.91,207.40367308556327,1.5984,451.0
2021-01-27,52.85,55.81,211.82997098677956,1.6089,456.0
2021-01-28,52.34,55.53,210.7550129250556,1.6017,451.25
2021-01-29,52.2,55.88,211.82997098677956,1.6004,450.25
2021-02-01,53.55,56.35,212.6519977398626,1.6469,454.25
2021-02-02,54.76,57.46,219.29144459168702,1.6746,471.75
2021-02-03,55.69,58.46,218.67110104262994,1.6905,477.25
2021-02-04,56.23,58.84,225.12267395282382,1.7005,475.5
2021-02-05,56.85,59.34,225.9911549215038,1.7137,487.5
2021-02-08,57.97,60.56,229.09287266678933,1.7478,493.5
2021-02-09,58.36,61.09,234.61393025339757,1.7567,496.25
2021-02-10,58.68,61.47,230.27152540999782,1.761,501.0
2021-02-11,58.24,61.14,,1.7446,501.0
2021-02-12,59.47,62.43,,1.7714,502.75
2021-02-15,,63.3,,,518.25
2021-02-16,60.05,63.35,,1.8144,515.25
2021-02-17,61.14,64.34,,1.8377,519.25
2021-02-18,60.52,63.93,247.51707607378538,1.8364,526.75
2021-02-19,59.24,62.91,240.94143445378003,1.8229,523.0
2021-02-22,61.49,65.24,243.29873994019704,1.8586,526.0
2021-02-23,61.67,65.37,256.1398514056791,1.868,532.0
2021-02-24,63.22,67.04,251.7354122073737,1.9083,541.5
2021-02-25,63.53,66.88,259.179534796059,1.9066,542.25
2021-02-26,61.5,66.13,251.7974465622794,1.8565,532.0
2021-03-01,60.64,63.69,253.72051156435643,1.8192,526.75
2021-03-02,59.75,62.7,240.33785452375093,1.8081,517.75
2021-03-03,61.28,64.07,243.51547172060702,1.8357,520.0
2021-03-04,63.83,66.74,247.7930333317595,1.896,535.25
2021-03-05,66.09,69.36,261.7867706025296,1.944,547.5
2021-03-08,65.05,68.24,271.6251623081802,1.9085,546.0
2021-03-09,64.01,67.52,261.6645545564967,1.9073,537.75
2021-03-10,64.44,67.9,255.00378004770218,1.9173,530.5
2021-03-11,66.02,69.63,257.69253306042657,1.9594,530.5
2021-03-12,65.61,69.22,258.7313694517064,1.9675,553.25
2021-03-15,65.39,68.88,261.6034465334802,1.9489,544.0
2021-03-16,64.8,68.39,254.20937574848816,1.9327,538.5
2021-03-17,64.6,68.0,257.20366887629484,1.9061,532.25
2021-03-18,60.0,63.28,251.45951471274728,1.7842,515.5
2021-03-19,61.42,64.53,231.90494734747898,1.8223,510.5
2021-03-22,61.55,64.62,238.3823977872241,1.8293,513.5
2021-03-23,57.76,60.79,238.81015394833935,1.7489,497.25
2021-03-24,61.18,64.41,231.0494350252485,1.8256,508.0
2021-03-25,58.56,61.95,234.1659441990881,1.7478,488.0
2021-03-26,60.97,64.57,234.83813245226924,1.81,510.75
2021-03-29,61.56,64.98,237.09912930387836,1.8098,505.25
2021-03-30,60.55,64.14,243.5765797436235,1.7892,506.5
2021-03-31,59.16,63.54,244.2487679968046,1.7713,505.25
2021-04-01,61.45,64.86,240.0323144086686,1.8316,496.25
2021-04-02,61.45,,249.80959809130277,1.8316,
2021-04-05,58.65,62.15,,1.7724,498.5
2021-04-06,59.33,62.74,237.16023732689484,1.7941,503.5
2021-04-07,59.77,63.16,235.8769688435491,1.8079,493.5
2021-04-08,59.6,63.2,234.3492682681375,1.8098,500.5
2021-04-09,59.32,62.95,236.2436169816479,1.8076,503.75
2021-04-12,59.7,63.28,233.93880120621716,1.808,503.75
2021-04-13,60.18,63.67,238.97300408413162,1.8145,509.5
2021-04-14,63.15,66.58,242.61218688744327,1.89,528.25
2021-04-15,63.46,66.94,251.46753170883494,1.8989,530.0
2021-04-16,63.13,66.77,252.86255178343774,1.8957,531.5
2021-04-19,63.38,67.05,250.07251163423214,1.8925,529.0
2021-04-20,62.44,66.57,251.28557256866935,1.8801,519.0
2021-04-21,61.35,65.32,244.12851305548978,1.8537,520.25
2021-04-22,61.43,65.4,239.70084064479394,1.8608,521.25
2021-04-23,62.14,66.11,242.00565642022465,1.8735,525.0
2021-04-26,61.91,65.65,240.48933025217812,1.8785,522.75
2021-04-27,62.94,66.42,244.0678600087679,1.9057,525.5
2021-04-28,63.86,67.27,247.525083671914,1.9386,539.25
2021-04-29,65.01,68.56,251.6494908490005,1.9614,543.75
2021-04-30,63.58,67.25,254.8034492785373,1.9211,533.75
2021-05-03,64.49,67.56,,1.9519,543.5
2021-05-04,65.69,68.88,,1.9988,551.25
2021-05-05,65.63,68.96,,2.0025,559.25
2021-05-06,64.71,68.09,259.7769991097299,1.9895,551.0
2021-05-07,64.9,68.28,258.2000198949615,2.0106,550.5
2021-05-10,64.92,68.32,259.5927498334193,2.0166,552.5
2021-05-11,65.28,68.55,254.80902526219467,2.0417,556.25
2021-05-12,66.08,69.32,259.71385678458955,2.0695,556.25
2021-05-13,63.82,67.05,257.29171776118466,2.0009,
2021-05-14,65.37,68.71,250.99415630033195,2.0362,557.25
2021-05-17,66.27,69.46,258.3816803217169,2.0604,563.5
2021-05-18,65.49,68.71,264.376474404644,2.0564,566.0
2021-05-19,63.36,66.66,255.05123916453516,2.0071,543.5
2021-05-20,62.05,65.11,248.87478465485268,1.9644,546.5
2021-05-21,63.58,66.44,242.33500929165947,1.9882,546.5
2021-05-24,66.05,68.46,250.69138892240636,2.042,556.75
2021-05-25,66.07,68.65,257.3522712367698,2.0354,558.5
2021-05-26,66.21,68.87,258.1394664193764,2.0452,561.0
2021-05-27,66.85,69.46,255.475113493631,2.0564,561.75
2021-05-28,66.32,69.63,260.3193915404408,2.0445,565.5
2021-05-31,,69.32,259.65330330900446,,567.25
2021-06-01,67.72,70.25,266.43529257453815,2.0715,573.0
2021-06-02,68.83,71.35,265.7692043431018,2.1071,577.75
2021-06-03,68.81,71.31,271.3401240969331,2.1017,576.25
2021-06-04,69.62,71.89,269.5840733049645,2.1199,581.25
2021-06-07,69.23,71.49,268.13078989092156,2.1156,580.5
2021-06-08,70.05,72.22,268.2518968420918,2.135,580.5
2021-06-09,69.96,72.22,274.42835135177427,2.1295,584.75
2021-06-10,70.29,72.52,270.31071501198596,2.1434,584.75
2021-06-11,70.91,72.69,274.61001177852967,2.1207,589.5
2021-06-14,70.88,72.86,,2.1116,594.25
2021-06-15,72.12,73.99,275.52415962066857,2.1123,596.5
2021-06-16,72.15,74.39,281.1309330524539,2.1034,605.75
2021-06-17,71.04,73.08,279.05886461027234,2.0668,591.5
2021-06-18,71.64,73.51,269.61267024150357,2.0932,593.5
2021-06-21,73.66,74.9,275.3413300522408,2.1268,596.0
2021-06-22,73.06,74.81,281.4356489998335,2.151,600.25
2021-06-23,73.08,75.19,283.9952629578225,2.1594,607.0
2021-06-24,73.3,75.56,283.69054701044286,2.1623,603.25
2021-06-25,74.05,76.18,284.1780925262503,2.1493,606.0
2021-06-28,72.91,74.68,282.715455978828,2.1182,599.5
2021-06-29,72.98,74.76,278.08377357865754,2.1219,600.25
2021-06-30,73.47,75.13,279.72923969450756,2.1287,596.75
2021-07-01,75.23,75.84,280.0339556418872,2.1562,606.0
2021-07-02,75.16,76.17,285.275069936817,2.1791,611.25
2021-07-05,,77.16,287.4080815684745,,615.5
2021-07-06,73.37,74.53,288.93166130537264,2.1049,598.75
2021-07-07,72.2,73.43,274.7928413469574,2.0891,585.5
2021-07-08,72.94,74.12,267.4796586098461,2.1204,592.25
2021-07-09,74.56,75.55,270.953420409974,2.1552,610.0
2021-07-12,74.1,75.16,273.39114798901113,2.1498,610.0
2021-07-13,75.25,76.49,277.1086825470427,2.1844,613.0
2021-07-14,73.13,74.76,281.87913055776755,2.1435,612.5
2021-07-15,71.65,73.47,268.65472404702393,2.1126,601.25
2021-07-16,71.81,73.59,264.48813021487183,2.1133,597.0
2021-07-19,66.42,68.62,262.7369530970108,1.9852,562.5
2021-07-20,67.42,69.35,250.29755701841185,2.0127,562.25
2021-07-21,70.3,72.23,249.45216116841,2.087,585.25
2021-07-22,71.91,73.79,257.48342174342775,2.1326,592.5
2021-07-23,72.07,74.1,263.64273436487,2.1339,599.0
2021-07-26,71.91,74.5,265.21275522915914,2.151,600.0
2021-07-27,71.65,74.48,269.31896364345397,2.1439,600.5
2021-07-28,72.39,74.74,272.03630744703145,2.156,601.0
2021-07-29,73.62,76.05,273.4855574756061,2.1894,609.25
2021-07-30,73.95,76.33,273.06285955060514,2.1994,613.25
2021-08-02,71.26,72.89,271.31168243274413,2.1358,596.25
2021-08-03,70.56,72.41,262.7973385148681,2.1264,591.75
2021-08-04,68.15,70.38,263.5219635291554,2.0741,581.5
2021-08-05,69.09,71.29,254.46415085056393,2.106,585.0
2021-08-06,68.28,70.7,261.5896301577226,2.0845,580.25
2021-08-09,66.48,69.04,252.7733591505602,2.0421,562.0
2021-08-10,68.29,70.63,256.7464579131077,2.0802,579.5
2021-08-11,69.25,71.44,261.6225336671433,2.1058,575.5
2021-08-12,69.09,71.31,260.05737354856393,2.1039,575.5
2021-08-13,68.44,70.59,258.85340422657987,2.0779,582.5
2021-08-16,67.29,69.51,255.4220916589252,2.0483,571.25
2021-08-17,66.59,69.03,252.77335915056017,2.0361,574.25
2021-08-18,65.46,68.23,254.3385192691395,2.0212,570.75
2021-08-19,63.69,66.45,244.34557389667154,1.969,543.25
2021-08-20,62.32,65.18,243.98438310007631,1.9082,546.25
2021-08-23,65.64,68.75,244.10478003227473,2.0051,569.25
2021-08-24,67.54,71.05,254.39871773523873,2.0668,584.5
2021-08-25,68.36,72.25,258.5524118960838,2.1182,589.0
2021-08-26,67.42,71.07,260.4787628112584,2.0832,588.75
2021-08-27,68.74,72.7,263.7896784467146,2.1092,598.5
2021-08-30,69.21,73.41,263.84987691281384,2.1403,603.25
2021-08-31,68.5,72.99,265.35483856529396,2.131,601.5
2021-09-01,68.59,71.59,268.7861511329486,2.1289,595.0
2021-09-02,69.99,73.03,267.76277720926214,2.1677,617.25
2021-09-03,69.29,72.61,274.50500541237307,2.1594,613.25
2021-09-06,,72.22,269.38813579394065,,607.0
2021-09-07,68.35,71.69,274.0610095168813,2.1216,602.0
2021-09-08,69.3,72.6,272.17972269335974,2.1364,605.0
2021-09-09,68.14,71.45,273.9396361734283,2.1137,605.5
2021-09-10,69.72,72.92,271.4514826326417,2.146,605.5
2021-09-13,70.45,73.51,279.1586899419074,2.1583,615.0
2021-09-14,70.46,73.6,281.646843482694,2.1613,615.0
2021-09-15,72.61,75.46,283.5888169779421,2.2053,633.25
2021-09-16,72.61,75.67,287.47276396843813,2.211,628.75
2021-09-17,71.97,75.34,288.0189440139767,2.2091,631.5
2021-09-20,70.29,73.92,,2.159,627.5
2021-09-21,70.56,74.36,,2.1738,620.0
2021-09-22,72.23,76.19,287.59413731189113,2.2116,636.25
2021-09-23,73.3,77.25,290.9319042568487,2.2491,648.0
2021-09-24,73.98,78.09,296.5150780556869,2.2671,655.25
2021-09-27,75.45,79.53,300.0955916875505,2.296,669.25
2021-09-28,75.29,79.09,308.04554568372225,2.289,664.25
2021-09-29,74.83,78.64,296.8791980860459,2.3075,666.75
2021-09-30,75.03,78.52,300.156278359277,2.3417,676.25
2021-10-01,75.88,79.28,,2.3827,673.25
2021-10-04,77.62,81.26,,2.4366,697.5
2021-10-05,78.93,82.56,,2.4936,720.25
2021-10-06,77.43,81.08,,2.442,703.5
2021-10-07,78.3,81.95,,2.4596,704.5
2021-10-08,79.35,82.39,320.48631338765506,2.4737,716.75
2021-10-11,80.52,83.65,321.6393601504586,2.515,727.5
2021-10-12,80.64,83.42,321.8221444051378,2.51,727.5
2021-10-13,80.44,83.18,320.29894228281137,2.5211,723.25
2021-10-14,81.31,84.0,322.6142095087476,2.5614,727.5
2021-10-15,82.28,84.86,325.6606137534005,2.5737,746.75
2021-10-18,82.44,84.33,330.83950096931056,2.5492,738.5
2021-10-19,82.96,85.08,323.16256227278507,2.5607,735.0
2021-10-20,83.87,85.82,319.5068771792015,2.5923,738.25
2021-10-21,82.5,84.61,322.7969937634267,2.5491,722.5
2021-10-22,83.76,85.53,316.9478976136931,2.5389,732.25
2021-10-25,83.76,85.99,324.8685486497908,2.5647,744.25
2021-10-26,84.65,86.4,323.89369929150183,2.5773,743.0
2021-10-27,82.66,84.58,321.8830724900308,2.5148,726.75
2021-10-28,82.81,84.32,315.3028393215805,2.5165,714.25
2021-10-29,83.57,84.38,320.1770861130252,2.4964,718.5
2021-11-01,84.05,84.71,317.0088256985861,2.5031,724.25
2021-11-02,83.91,84.72,325.84339800807965,2.5082,722.0
2021-11-03,80.86,81.99,319.44594909430845,2.4345,704.5
2021-11-04,78.81,80.54,310.8550891243872,2.4066,709.5
2021-11-05,81.27,82.74,309.8193116812052,2.4556,720.75
2021-11-08,81.93,83.43,324.13741163107403,2.4671,727.5
2021-11-09,84.15,84.78,319.81151760366686,2.5081,737.5
2021-11-10,81.34,82.64,327.7930967246576,2.4521,735.5
2021-11-11,81.59,82.87,316.3995448496555,2.4471,735.5
2021-11-12,80.79,82.17,313.59685294457483,2.4037,698.5
2021-11-15,80.88,82.05,309.2447465022245,2.3981,687.0
2021-11-16,80.76,82.43,316.35523026719136,2.4309,701.75
2021-11-17,78.36,80.28,312.8612856585438,2.3644,690.25
2021-11-18,79.01,81.24,300.2953445221799,2.384,687.0
2021-11-19,76.1,78.89,310.34809743127107,2.2934,657.5
2021-11-22,76.75,79.7,298.8242099501178,2.3254,674.0
2021-11-23,78.5,82.31,301.09220908204685,2.3843,686.0
2021-11-24,78.39,82.25,314.70020387362143,2.383,694.25
2021-11-25,,82.22,312.06442109867686,,688.5
2021-11-26,68.15,72.72,304.2183700476789,2.0945,604.25
2021-11-29,69.95,73.44,290.3038888869247,2.1521,625.0
2021-11-30,66.18,70.57,274.48919223725693,2.0638,599.75
2021-12-01,65.57,,276.69589409535007,,616.0
2021-12-02,66.5,69.67,270.3822748902502,2.1034,609.75
2021-12-03,66.26,69.88,273.81492222506176,2.0984,619.0
2021-12-06,69.49,73.08,276.57329954767823,2.1712,622.25
2021-12-07,72.05,75.44,284.29675605100437,2.2246,648.5
2021-12-08,72.36,75.82,289.85063233591654,2.2613,651.5
2021-12-09,70.94,74.42,292.9978288973668,2.2503,653.25
2021-12-10,71.67,75.15,286.51830656496924,2.2516,653.25
2021-12-13,71.29,74.39,296.7621228238072,2.2328,648.75
2021-12-14,70.73,73.7,289.4186641804234,2.2184,642.25
2021-12-15,70.87,73.88,283.8647878955112,2.2204,635.5
2021-12-16,72.38,75.02,290.34431022790875,2.2663,653.0
2021-12-17,70.86,73.52,289.5420836534214,2.2199,641.5
2021-12-20,68.23,71.52,278.0023629281039,2.173,606.25
2021-12-21,71.12,73.98,280.4090426515658,2.2578,639.25
2021-12-22,72.76,75.29,287.32053313945653,2.3078,649.0
2021-12-23,73.79,76.85,291.64021469438825,2.3314,661.5
2021-12-24,,76.14,295.3427988843297,,653.0
2021-12-27,75.57,78.6,291.8253439038853,2.3535,676.75
2021-12-28,75.98,78.94,304.47583988618527,2.3714,678.0
2021-12-29,76.56,79.23,304.47583988618527,2.3778,672.25
2021-12-30,76.99,79.32,306.57397092715206,2.3959,677.75
2021-12-31,75.21,77.78,307.9315851301306,2.3301,667.0
2022-01-03,76.08,78.98,,2.3574,676.0
2022-01-04,76.99,80.0,304.90780804167844,2.4095,685.75
2022-01-05,77.85,80.8,310.27655511709355,2.4461,702.0
2022-01-06,79.46,81.99,309.1657798601111,2.4777,712.5
2022-01-07,78.9,81.75,320.0527701072859,2.4818,712.5
2022-01-10,78.23,80.87,315.0422802776202,2.4876,711.0
2022-01-11,81.22,83.72,312.93911170714324,2.5636,726.0
2022-01-12,82.64,84.67,320.6713490986026,2.5942,726.0
2022-01-13,82.12,84.47,324.1972493491081,2.6085,737.5
2022-01-14,83.82,86.06,325.9911284239267,2.6343,749.25
2022-01-17,,86.48,330.81604455619726,,762.25
2022-01-18,85.43,87.51,336.13582388152133,2.674,765.25
2022-01-19,86.96,88.44,336.87811867110145,2.6923,776.0
2022-01-20,86.9,88.38,337.37298186415484,2.6718,773.25
2022-01-21,85.14,87.89,331.8057709423041,2.6912,769.25
2022-01-24,83.31,86.27,336.383255478048,2.6274,753.25
2022-01-25,85.6,88.2,330.19746556488053,2.6691,761.5
2022-01-26,87.35,89.96,333.4759342188593,2.744,787.5
2022-01-27,86.61,89.34,335.64096068846794,2.7945,789.75
2022-01-28,86.82,90.03,330.63047085880225,2.7855,802.0
2022-01-31,88.15,91.21,,2.7592,796.25
2022-02-01,88.2,89.16,,2.7412,802.0
2022-02-02,88.26,89.47,,2.7689,800.5
2022-02-03,90.27,91.11,,2.8395,818.75
2022-02-04,92.31,93.27,,2.8751,851.5
2022-02-07,91.32,92.69,350.67243017746495,2.8554,852.5
2022-02-08,89.36,90.78,347.3968505512038,2.7926,812.5
2022-02-09,89.66,91.55,339.1769997909636,2.8249,829.75
2022-02-10,89.88,91.41,342.39077602804997,2.8272,829.75
2022-02-11,93.1,94.44,339.9186404610605,2.9109,827.25
2022-02-14,95.46,96.48,356.4819487598903,2.9618,839.75
2022-02-15,92.07,93.28,357.03817926246296,2.8595,818.25
2022-02-16,93.66,94.81,347.3968505512038,2.8575,837.5
2022-02-17,91.76,92.97,349.74537933984385,2.7862,809.5
2022-02-18,91.07,93.54,350.6106267882902,2.7815,811.5
2022-02-21,,95.39,351.97030135013443,,823.0
2022-02-22,92.35,96.84,368.9044299840127,2.8188,834.25
2022-02-23,92.1,96.84,364.63999613095575,2.8292,831.0
2022-02-24,92.81,99.08,383.67543999677514,2.8969,891.25
2022-02-25,91.59,97.93,378.42215191692236,2.8495,836.5
2022-02-28,95.72,100.99,383.92265355347416,3.0134,881.25
2022-03-01,103.41,104.97,384.9115077802699,3.1511,962.0
2022-03-02,110.6,112.93,410.3127007310873,3.4947,1044.0
2022-03-03,107.67,110.46,444.92259866894074,3.5034,1095.5
2022-03-04,115.68,118.11,428.42109375928567,3.7763,1184.25
2022-03-07,119.4,123.21,470.57100517645716,3.9215,1297.75
2022-03-08,123.7,127.98,485.1566050216954,4.4373,1492.75
2022-03-09,108.7,111.14,498.5061370834389,3.4643,1522.5
2022-03-10,106.02,109.33,432.80913439069207,3.2962,1522.5
2022-03-11,109.33,112.67,422.11714806346237,3.4176,1012.0
2022-03-14,103.01,106.9,422.42616500933605,3.2763,964.0
2022-03-15,96.44,99.91,388.1870874065311,3.0297,904.0
2022-03-16,95.04,98.02,391.15365008691845,3.1001,919.5
2022-03-17,102.98,106.64,382.8101925483288,3.4874,1056.5
2022-03-18,104.7,107.93,414.8803180215044,3.5981,1064.75
2022-03-21,112.12,115.62,416.1729718313637,3.8009,1157.75
2022-03-22,111.76,115.48,438.88674591889117,3.8642,1171.25
2022-03-23,114.93,121.6,430.33060879648923,4.1148,1235.75
2022-03-24,112.34,119.03,445.04224025155446,4.1534,1233.75
2022-03-25,113.9,120.65,444.79602047824795,4.1146,1195.75
2022-03-28,105.96,112.48,433.9007955094339,3.7834,1130.75
2022-03-29,104.24,110.23,417.21940586791646,3.7161,1063.0
2022-03-30,107.82,113.45,425.15999355705213,3.8085,1087.5
2022-03-31,100.28,107.91,415.5574223980974,3.6912,1060.75
2022-04-01,99.27,104.39,399.30691735986636,3.424,1091.0
2022-04-04,103.28,107.53,,3.5461,1138.25
2022-04-05,101.96,106.64,,3.4682,1080.25
2022-04-06,96.23,101.07,416.78852126463005,3.3452,1054.25
2022-04-07,96.03,100.58,386.9959286945398,3.2678,982.5
2022-04-08,98.26,102.78,385.0877254514142,3.3176,1015.5
2022-04-11,94.29,98.48,384.4721760181479,3.2677,1040.25
2022-04-12,100.6,104.64,391.1201098974242,3.4644,1040.25
2022-04-13,104.25,108.78,400.41490633974576,3.7184,1056.25
2022-04-14,106.95,111.7,409.4316023005213,3.8548,1119.75
2022-04-15,,,425.5021760537403,,
2022-04-18,108.21,113.16,427.83302262863464,3.8908,1171.75
2022-04-19,102.56,107.25,426.8516135444686,3.8619,1103.5
2022-04-20,102.75,106.8,415.0133664667157,3.9731,1128.5
2022-04-21,103.79,108.33,418.5709743968176,3.9008,1112.25
2022-04-22,102.07,106.65,413.41857670494585,3.9386,1118.75
2022-04-25,98.54,102.32,389.6194064139193,4.0909,1065.5
2022-04-26,101.7,104.99,393.8517330893854,4.4679,1129.25
2022-04-27,102.02,105.32,407.7141364032308,4.6743,1169.25
2022-04-28,105.36,107.59,400.41490633974576,5.1354,1190.75
2022-04-29,104.69,109.34,413.0505482983836,4.7817,1227.25
2022-05-02,105.17,107.58,,4.2049,1247.75
2022-05-03,102.41,104.97,,4.0827,1196.5
2022-05-04,107.81,110.14,,4.197,1193.0
2022-05-05,108.26,110.9,425.134147647178,4.0413,1189.5
2022-05-06,109.77,112.39,427.9556987641554,3.9543,1139.0
2022-05-09,103.09,105.94,431.0226021521743,3.8349,1083.25
2022-05-10,99.76,102.46,403.23645745672314,3.9322,1126.0
2022-05-11,105.71,107.51,405.56730403161754,3.9512,1138.75
2022-05-12,106.13,107.45,414.67636768864355,3.9161,1138.75
2022-05-13,110.49,111.55,426.1696829069047,3.9212,1107.0
2022-05-16,114.2,114.24,428.0648572248095,3.9075,1094.0
2022-05-17,112.4,111.93,442.0035586597218,3.7993,1090.5
2022-05-18,109.59,109.11,430.3879741306282,3.6681,1047.75
2022-05-19,112.21,112.04,424.51904721066506,3.792,1045.0
2022-05-20,113.23,112.55,426.65876015023497,3.7391,1068.0
2022-05-23,110.29,113.42,431.61066723895385,3.7688,1071.0
2022-05-24,109.77,113.56,419.26146684486474,3.7818,1093.25
2022-05-25,110.33,114.03,433.68924552310745,3.8664,1110.0
2022-05-26,114.09,117.4,437.05165157100294,3.968,1159.5
2022-05-27,115.07,119.43,446.46638850511044,4.0029,1168.75
2022-05-30,,121.67,449.21744799884317,,1196.0
2022-05-31,114.67,122.84,462.9116108120905,4.0909,1244.25
2022-06-01,115.26,116.29,449.2785826542594,4.1433,1270.0
2022-06-02,116.87,117.61,436.80711294933786,4.2084,1258.5
2022-06-03,118.87,119.72,,4.2803,1318.5
2022-06-06,118.5,119.51,458.6321849329507,4.3601,1353.0
2022-06-07,119.41,120.57,460.8941671833531,4.3206,1336.5
2022-06-08,122.11,123.58,463.4006880554207,4.3143,1339.75
2022-06-09,121.51,123.07,470.79798136079086,4.4037,1389.5
2022-06-10,120.67,122.01,469.45301894163265,4.3667,1389.5
2022-06-13,120.93,122.27,460.64962856168796,4.2834,1267.75
2022-06-14,118.93,121.17,473.6713101653561,4.394,1297.75
2022-06-15,115.31,118.51,463.4006880554207,4.547,1332.25
2022-06-16,117.59,119.81,457.474690179662,4.5713,1300.25
2022-06-17,109.56,113.12,455.9314615661832,4.3398,1294.0
2022-06-20,,114.13,427.7212425117903,,1317.0
2022-06-21,110.65,114.65,437.1658016262807,4.3584,1320.25
2022-06-22,106.19,111.74,422.16561950326656,4.4046,1284.25
2022-06-23,104.27,110.05,428.6471796798776,4.3379,1290.5
2022-06-24,107.62,113.12,416.7334547838211,4.3629,1302.0
2022-06-27,109.57,115.09,432.4126574967659,4.2302,1262.5
2022-06-28,111.76,117.98,449.14125566687636,4.1994,1218.75
2022-06-29,109.78,116.26,449.20298481141555,4.0367,1219.75
2022-06-30,105.76,114.81,444.8202155491357,3.8982,1160.0
2022-07-01,108.43,111.63,430.005220859739,3.9389,1226.5
2022-07-04,,113.5,442.53623720118696,,1238.75
2022-07-05,99.5,102.77,446.3017150180753,3.6016,1153.75
2022-07-06,98.53,100.69,417.28901708467345,3.4106,1082.75
2022-07-07,102.73,104.65,396.4862953749789,3.6739,1129.25
2022-07-08,104.79,107.02,417.3871289831868,3.6729,1133.5
2022-07-11,104.09,107.1,421.47915965949255,3.7681,1192.5
2022-07-12,95.84,99.49,418.45735239083604,3.6626,1192.5
2022-07-13,96.3,99.57,403.85195059232933,3.6659,1095.5
2022-07-14,95.78,99.1,395.54198060352377,3.6494,1067.25
2022-07-15,97.59,101.16,386.6654217518452,3.699,1112.5
2022-07-18,102.6,106.27,414.2394130783362,3.6555,1115.25
2022-07-19,104.22,107.35,417.4500833012838,3.6268,1068.25
2022-07-20,102.26,106.92,416.88349443841076,3.6043,1071.75
2022-07-21,96.35,103.86,415.30963648598544,3.5903,1026.5
2022-07-22,94.7,103.2,415.43554512217946,3.4556,1067.5
2022-07-25,96.7,105.15,402.65581854848614,3.5166,1055.75
2022-07-26,94.98,104.4,427.1450482882236,3.5839,1069.5
2022-07-27,97.26,106.62,415.43554512217946,3.7173,1101.5
2022-07-28,96.42,107.14,434.82547509605905,3.6863,1103.75
2022-07-29,98.62,110.01,432.24434805408157,3.6247,1106.5
2022-08-01,93.89,100.03,435.7068355494172,3.44,1028.5
2022-08-02,94.42,100.54,428.7189062406489,3.3804,1014.5
2022-08-03,90.66,96.78,426.70436806154447,3.4148,1035.0
2022-08-04,88.54,94.12,414.05055012404523,3.3372,1009.0
2022-08-05,89.01,94.92,411.09169717348567,3.2159,990.0
2022-08-08,90.76,96.65,418.7721239813211,3.1791,953.75
2022-08-09,90.5,96.31,423.7233812032533,3.3338,997.75
2022-08-10,91.93,97.4,423.39764059654726,3.4103,992.0
2022-08-11,94.34,99.6,433.62589564711783,3.484,992.0
2022-08-12,92.09,98.15,441.50881832940473,3.5178,1045.25
2022-08-15,89.41,95.1,435.51519116601304,3.4403,1022.0
2022-08-16,86.53,92.34,431.08511891481055,3.4802,1018.0
2022-08-17,88.11,93.65,432.19263697761113,3.6174,1041.5
2022-08-18,90.5,96.59,442.4208920281817,3.6497,1074.25
2022-08-19,90.77,96.72,451.28103653058673,3.7005,1087.25
2022-08-22,90.23,96.48,455.5808125391068,3.7762,1096.75
2022-08-23,93.74,100.22,464.37580892017064,3.8419,1119.0
2022-08-24,94.89,101.22,478.2523587658492,4.0132,1167.75
2022-08-25,92.52,99.34,485.4838002347239,3.9491,1174.0
2022-08-26,93.06,100.99,482.09609792498077,4.0076,1194.0
2022-08-29,97.01,105.09,475.25554518415333,3.9099,1186.25
2022-08-30,91.64,99.31,479.9462099207207,3.8171,1122.0
2022-08-31,89.55,96.49,466.7862894097956,3.7154,1098.5
2022-09-01,86.61,92.36,455.32022005374193,3.5612,1050.5
2022-09-02,86.87,93.02,453.0400358067995,3.578,1091.25
2022-09-05,,95.74,458.5776261208026,,1142.0
2022-09-06,86.88,92.83,458.3170336354378,3.5738,1079.25
2022-09-07,81.94,88.0,445.6782980952424,3.586,1099.5
2022-09-08,83.54,89.15,428.57660879807077,3.5401,1075.0
2022-09-09,86.79,92.84,432.3003637256807,3.5787,1085.0
2022-09-12,87.78,94.0,,3.6031,1085.0
2022-09-13,87.31,93.17,447.74705083280344,3.5413,1057.5
2022-09-14,88.48,94.1,445.8162149444131,3.3789,991.5
2022-09-15,85.1,90.84,466.0899917725117,3.2052,923.25
2022-09-16,85.11,91.35,457.53914712392594,3.1725,953.0
2022-09-19,85.73,92.0,437.67912084333955,3.3108,963.0
2022-09-20,84.45,90.62,442.7820442626569,3.3722,976.25
2022-09-21,82.94,89.83,455.125602263438,3.3338,967.25
2022-09-22,83.49,90.46,449.67788672119383,3.4115,1006.25
2022-09-23,78.74,86.15,448.98830247534016,3.2371,963.0
2022-09-26,76.71,84.06,420.8532652445094,3.1291,934.25
2022-09-27,78.5,86.27,419.8188888757288,3.2599,967.25
2022-09-28,82.15,89.32,419.61201360197276,3.4494,1008.75
2022-09-29,81.23,88.49,435.0587007090955,3.4146,1011.75
2022-09-30,79.49,87.96,437.47224556958344,3.369,993.25
2022-10-03,83.63,88.86,,3.3691,1031.25
2022-10-04,86.52,91.8,,3.5358,1103.25
2022-10-05,87.76,93.37,,3.6869,1182.25
2022-10-06,88.45,94.42,,3.8649,1185.75
2022-10-07,92.64,97.92,,4.0187,1257.75
2022-10-10,91.13,96.19,484.01918216470773,3.9147,1281.5
2022-10-11,89.35,94.29,482.8308046232867,3.9308,1192.0
2022-10-12,87.27,92.45,475.4908256909796,3.9328,1192.0
2022-10-13,89.11,94.57,469.4091288613537,4.0948,1115.75
2022-10-14,85.61,91.63,478.0772944576021,3.9802,1085.75
2022-10-17,85.46,91.62,469.0596060550534,4.0852,1112.25
2022-10-18,82.82,90.03,472.34512043427657,3.9935,1105.0
2022-10-19,85.55,92.41,463.18762290920773,3.9043,1075.25
2022-10-20,85.98,92.38,470.0382699126943,3.7568,1073.25
2022-10-21,85.05,93.5,464.16628676684866,3.8323,1050.5
2022-10-24,84.58,93.26,465.7041871145702,3.9201,1082.25
2022-10-25,85.32,93.52,470.5276018415148,3.9672,1072.25
2022-10-26,87.91,95.69,466.0537099208705,4.1201,1105.25
2022-10-27,89.08,96.96,474.5820663945987,4.3339,1110.5
2022-10-28,87.9,95.77,478.56662638642257,4.5498,1133.5
2022-10-31,86.53,94.83,475.2112074459393,4.1909,1100.25
2022-11-01,88.37,94.65,484.0191821647078,3.6211,1047.5
2022-11-02,90.0,96.16,488.28336040157194,3.6774,1054.25
2022-11-03,88.17,94.67,490.59021092315413,3.8653,1107.25
2022-11-04,92.61,98.57,496.67190775278004,3.9148,1115.0
2022-11-07,91.79,97.92,499.747708448223,3.7811,1096.5
2022-11-08,88.91,95.36,499.60789932570293,3.7707,1067.25
2022-11-09,85.83,92.65,482.27156813320613,3.6563,1028.5
2022-11-10,86.47,93.67,468.8498923712732,3.5694,1028.5
2022-11-11,88.96,95.99,475.28023754170067,3.5553,
2022-11-14,85.87,93.14,465.740714486671,3.544,
2022-11-15,86.92,93.86,456.6251702340871,3.6413,
2022-11-16,85.59,92.86,452.3853822096295,3.6136,
2022-11-17,81.64,89.78,444.4004480969009,3.5248,956.0
2022-11-18,80.08,87.62,436.7688296528772,3.5181,946.0
2022-11-21,79.73,87.45,424.12012871324526,3.4973,916.75
2022-11-22,80.95,88.36,419.38569875260083,3.4713,943.25
2022-11-23,77.94,85.41,421.85890843353445,3.3593,926.25
2022-11-24,,85.34,402.8505254572161,,921.25
2022-11-25,76.28,83.63,404.6171038007401,3.2391,916.25
2022-11-28,77.24,83.19,387.37529916794574,3.2154,887.0
2022-11-29,78.2,83.03,405.32373513814974,3.2959,892.25
2022-11-30,80.55,85.43,403.2038411259209,3.3629,927.25
2022-12-01,81.22,86.88,404.19312499829437,3.2624,952.75
2022-12-02,79.98,85.57,404.54644066699916,3.1685,912.25
2022-12-05,76.93,82.68,394.72426507700567,2.9998,893.5
2022-12-06,74.25,79.35,384.5487738183073,2.9155,822.25
2022-12-07,72.01,77.17,363.91513876594684,2.7805,808.75
2022-12-08,71.46,76.15,361.88989619749304,2.8798,805.75
2022-12-09,71.02,76.1,354.4872854300414,2.7937,820.75
2022-12-12,73.17,77.99,354.20794162749604,2.9685,820.75
2022-12-13,75.39,80.68,368.3148036560359,3.0922,883.5
2022-12-14,77.28,82.7,369.71152266876265,3.2768,922.75
2022-12-15,76.11,81.21,374.9492189664878,3.2834,922.25
2022-12-16,74.29,79.04,374.46036731203355,3.1199,886.0
2022-12-19,75.19,79.8,372.5747966448524,3.0535,879.75
2022-12-20,76.09,79.99,374.11118755885184,3.0589,867.75
2022-12-21,78.29,82.2,378.72036030084996,3.1395,891.25
2022-12-22,77.49,80.98,381.58363427693973,3.1314,895.0
2022-12-23,79.56,83.92,380.18691526421304,3.2661,907.5
2022-12-26,,,390.66230785966343,,
2022-12-27,79.53,84.33,395.55082440420694,3.3537,969.75
2022-12-28,78.96,83.26,390.8718157115725,3.3778,920.5
2022-12-29,78.4,82.26,385.63411941384726,3.313,918.75
2022-12-30,80.26,85.91,393.0367301812988,3.3622,921.0
2023-01-02,,85.91,,,921.0
2023-01-03,76.93,82.1,395.0392012240356,3.0865,900.0
2023-01-04,72.84,77.84,374.3239835405518,2.9719,842.75
2023-01-05,73.67,78.69,361.8948529304616,2.9723,860.25
2023-01-06,73.77,78.57,365.1402370342073,3.0045,880.25
2023-01-09,74.63,79.65,363.413968893917,3.036,880.5
2023-01-10,75.12,80.1,360.51383841822934,3.1357,883.5
2023-01-11,77.41,82.67,358.92567172916216,3.2179,905.5
2023-01-12,78.39,84.03,366.52125154643954,3.219,905.5
2023-01-13,79.86,85.28,371.4929037904757,3.2559,932.75
2023-01-16,,84.46,374.462084991775,,934.0
2023-01-17,80.18,85.92,377.91462127235565,3.251,927.25
2023-01-18,79.48,84.98,389.1008388214369,3.263,953.5
2023-01-19,80.33,86.16,379.2956357845879,3.3759,943.0
2023-01-20,81.31,87.63,389.37704172388334,3.4668,983.5
2023-01-23,81.62,88.19,,3.5509,1012.25
2023-01-24,80.13,86.13,,3.4272,985.75
2023-01-25,80.15,86.12,,3.3613,957.5
2023-01-26,81.01,87.47,,3.3965,965.25
2023-01-27,79.68,86.66,,3.2655,938.0
2023-01-30,77.9,84.9,381.4362082785479,3.1108,909.5
2023-01-31,78.87,84.49,373.21917193076604,3.1823,915.25
2023-02-01,76.41,82.84,380.7457010224318,2.9511,881.75
2023-02-02,75.88,82.17,368.86897621723443,2.8967,845.5
2023-02-03,73.39,79.94,366.39149801876044,2.7753,819.0
2023-02-06,74.11,80.99,357.4450489687156,2.7687,781.75
2023-02-07,77.14,83.69,366.66677337414643,2.9044,831.75
2023-02-08,78.47,85.09,375.13149055226586,2.8933,836.0
2023-02-09,78.06,84.5,380.9122730153718,2.8154,814.0
2023-02-10,79.72,86.39,378.1595194615118,2.8646,
2023-02-13,80.14,86.61,382.7703816642273,2.9057,841.25
2023-02-14,79.06,85.58,390.1339974208026,2.9401,850.25
2023-02-15,78.59,85.38,386.96833083386366,2.8444,829.75
2023-02-16,78.49,85.14,395.1577726565971,2.8108,820.0
2023-02-17,76.34,83.0,388.34470761079365,2.7121,791.25
2023-02-20,,84.07,383.04565701961326,,799.25
2023-02-21,76.16,83.05,377.1272368788143,2.7919,800.75
2023-02-22,73.95,80.6,375.75086010188437,2.7148,797.25
2023-02-23,75.39,82.21,368.11196898992296,2.7081,783.5
2023-02-24,76.32,83.16,379.8111715938278,2.7962,808.25
2023-02-27,75.68,82.45,377.0584180399678,2.8198,826.25
2023-02-28,77.05,83.89,377.2648745565074,2.8209,833.25
2023-03-01,77.69,84.31,383.73384540807825,2.8738,839.25
2023-03-02,78.16,84.75,384.69730915192923,2.8662,849.25
2023-03-03,79.68,85.83,391.09746116465357,2.9131,856.0
2023-03-06,80.46,86.18,392.6802944581231,2.8866,842.75
2023-03-07,77.58,83.29,401.07619279739595,2.7975,823.25
2023-03-08,76.66,82.66,388.6199829661797,2.7419,809.0
2023-03-09,75.72,81.59,385.8672294123197,2.6689,803.5
2023-03-10,76.68,82.78,375.75086010188437,2.7729,803.5
2023-03-13,74.8,80.77,380.9000131272162,2.7615,804.25
2023-03-14,71.33,77.45,365.1092771828651,2.7144,802.75
2023-03-15,67.61,73.69,361.1272655099418,2.6049,733.75
2023-03-16,68.35,74.7,342.4530038714049,2.6435,750.25
2023-03-17,66.74,72.97,345.26787419191965,2.6787,775.5
2023-03-20,67.64,73.79,330.57562422630605,2.6871,771.5
2023-03-21,69.33,75.32,338.3336814511394,2.6902,770.5
2023-03-22,70.9,76.69,345.6798064339462,2.7403,784.5
2023-03-23,69.96,75.91,348.08274451243443,2.6847,781.25
2023-03-24,69.26,74.99,348.7692982491453,2.6952,765.25
2023-03-27,72.81,78.12,348.56333212813206,2.7704,768.5
2023-03-28,73.2,78.65,356.8019769686631,2.7696,782.75
2023-03-29,72.97,78.28,361.26457625728403,2.6581,762.75
2023-03-30,74.37,79.27,359.2735704208223,2.6237,756.25
2023-03-31,75.67,79.77,362.0884407413371,2.6763,762.75
2023-04-03,80.42,84.93,391.12966380420886,2.6626,789.5
2023-04-04,80.71,84.94,400.53544999714836,2.6667,770.5
2023-04-05,80.61,84.99,,2.731,789.0
2023-04-06,80.7,85.12,401.08469298651715,2.6605,780.25
2023-04-07,,,406.4398121328623,,
2023-04-10,79.74,84.18,403.6249418123475,2.6814,780.5
2023-04-11,81.53,85.61,404.1055294280452,2.6682,771.0
2023-04-12,83.26,87.33,407.5724608747512,2.7031,771.0
2023-04-13,82.16,86.09,412.84219667374424,2.6728,782.25
2023-04-14,82.52,86.31,409.3059265981041,2.6392,772.0
2023-04-17,80.83,84.76,411.31674683719365,2.6147,757.25
2023-04-18,80.86,84.77,407.08709047221237,2.5999,759.0
2023-04-19,79.16,83.12,402.7187568493628,2.5577,744.5
2023-04-20,77.29,81.1,393.15002605645446,2.4949,718.75
2023-04-21,77.87,81.66,384.2746815528873,2.4886,724.0
2023-04-24,78.76,82.73,384.0666656660849,2.531,733.5
2023-04-25,77.07,80.77,393.7740737168615,2.4511,716.25
2023-04-26,74.3,77.69,386.1468245341084,2.373,704.75
2023-04-27,74.76,78.37,364.79052682239984,2.3542,687.5
2023-04-28,76.78,79.54,368.6734900427105,2.3787,695.0
2023-05-01,75.66,79.31,,2.3823,691.0
2023-05-02,71.66,75.32,,2.2892,661.0
2023-05-03,68.6,72.33,,2.2323,636.75
2023-05-04,68.56,72.5,344.54364717363705,2.2387,648.5
2023-05-05,71.34,75.3,343.29555185282294,2.3147,670.75
2023-05-08,73.16,77.01,356.3312140924373,2.3777,690.5
2023-05-09,73.71,77.44,357.5099707843173,2.3902,675.25
2023-05-10,72.56,76.41,360.1448386838138,2.3934,694.75
2023-05-11,70.87,74.98,355.7071664320302,2.3495,694.75
2023-05-12,70.04,74.17,343.96993462041434,2.3055,669.0
2023-05-15,71.11,75.23,343.7628070002093,2.378,679.5
2023-05-16,70.86,74.91,349.21716766560735,2.3639,680.0
2023-05-17,72.83,76.96,346.3173809827375,2.4226,694.0
2023-05-18,71.86,75.86,357.64035755394343,2.4026,693.0
2023-05-19,71.55,75.58,361.7138674179748,2.3622,689.25
2023-05-22,71.99,75.99,350.0456781464273,2.3664,683.0
2023-05-23,72.91,76.84,355.9142940522352,2.3617,689.0
2023-05-24,74.34,78.36,363.85418616009304,2.4137,698.0
2023-05-25,71.83,76.26,366.96110046316784,2.3462,679.25
2023-05-26,72.67,76.95,360.33301661660823,2.3693,692.5
2023-05-29,,77.07,367.37535570357784,,689.25
2023-05-30,69.46,73.54,365.71833474193795,2.2808,672.25
2023-05-31,68.09,72.66,347.9053594043091,2.2596,662.75
2023-06-01,70.1,74.28,349.2862102056756,2.3147,681.5
2023-06-02,71.74,76.13,357.8474851741484,2.3569,695.25
2023-06-05,72.15,76.71,364.4065264806396,2.3775,707.0
2023-06-06,71.74,76.29,362.47333535872644,2.3678,700.75
2023-06-07,72.53,76.95,361.57578233783823,2.4018,710.5
2023-06-08,71.29,75.96,369.79184460596935,2.3898,704.0
2023-06-09,70.17,74.79,362.8185480590681,2.361,708.0
2023-06-12,67.12,71.84,355.2238686515519,2.3091,708.0
2023-06-13,69.42,74.29,350.6670610070422,2.3955,698.25
2023-06-14,68.27,73.2,362.1519402359452,2.3577,694.0
2023-06-15,70.62,75.67,355.9624843640813,2.4796,712.25
2023-06-16,71.78,76.61,365.2466681718771,2.5514,736.0
2023-06-19,,76.09,364.4214073889619,,731.5
2023-06-20,70.5,75.9,367.7912222525322,2.4754,711.5
2023-06-21,72.53,77.12,379.0697862857064,2.5642,736.5
2023-06-22,69.51,74.14,,2.4655,712.0
2023-06-23,69.16,73.85,,2.4071,701.25
2023-06-26,69.37,74.18,373.6368194648481,2.4388,707.0
2023-06-27,67.7,72.26,373.5680477329385,2.399,710.25
2023-06-28,69.56,74.03,367.24104839725544,2.4067,704.0
2023-06-29,69.86,74.34,373.1554173414809,2.4156,696.0
2023-06-30,70.64,74.9,375.56242795831685,2.4482,709.25
2023-07-03,69.79,74.65,378.6571558942488,2.3773,706.5
2023-07-04,,76.25,377.55680818369524,,717.75
2023-07-05,71.79,76.65,380.30767746007916,2.4933,739.0
2023-07-06,71.8,76.52,383.67749232364946,2.4794,720.5
2023-07-07,73.86,78.47,385.6718725490278,2.5591,732.75
2023-07-10,72.99,77.69,390.07326339124216,2.5532,742.75
2023-07-11,74.83,79.4,389.86698456343083,2.5837,749.0
2023-07-12,75.75,80.11,395.3677533050665,2.5996,754.25
2023-07-13,76.89,81.36,399.01201259640015,2.6104,756.25
2023-07-14,75.42,79.87,401.8999161857589,2.5979,756.0
2023-07-17,74.15,78.5,393.7862822918463,2.5642,748.25
2023-07-18,75.75,79.63,394.4051187752803,2.5994,756.0
2023-07-19,75.35,79.46,401.5561181394067,2.6418,776.25
2023-07-20,75.63,79.64,401.3498393115954,2.6644,768.75
2023-07-21,77.07,81.07,404.8565793843881,2.7457,795.0
2023-07-24,78.74,82.74,405.4066562585517,2.7705,823.75
2023-07-25,79.63,83.64,413.5890497617348,2.7776,806.25
2023-07-26,78.78,82.92,414.4141650729802,2.8429,832.25
2023-07-27,80.09,84.24,414.75796311933243,2.9169,854.25
2023-07-28,80.58,84.99,417.64586670869113,2.9586,874.0
2023-07-31,81.8,85.56,419.9836934238863,2.9909,877.25
2023-08-01,81.37,84.91,425.9657794304152,3.0234,911.5
2023-08-02,79.49,83.2,429.7475579402897,3.0043,884.5
2023-08-03,81.55,85.14,416.3394341325527,3.0749,899.5
2023-08-04,82.82,86.24,427.7535292714468,3.0622,903.5
2023-08-07,81.94,85.34,432.29166348329625,3.0155,889.0
2023-08-08,82.92,86.17,427.2722120065536,3.0856,888.75
2023-08-09,84.4,87.55,434.0794133243278,3.207,941.75
2023-08-10,82.82,86.4,440.1990185493976,3.1533,917.5
2023-08-11,83.19,86.81,441.5742107348065,3.1215,917.0
2023-08-14,82.51,86.21,451.5443540790212,3.0883,899.75
2023-08-15,80.99,84.89,463.0767812208787,3.028,883.0
2023-08-16,79.38,83.45,454.53424259728064,3.0209,882.25
2023-08-17,80.39,84.12,453.7511765567841,3.0938,901.0
2023-08-18,81.25,84.8,454.6766182410073,3.1597,916.5
2023-08-21,80.72,84.46,464.78528894559827,3.1162,915.0
2023-08-22,80.35,84.03,455.67324774709374,3.1388,914.25
2023-08-23,78.89,83.21,450.6901002166615,3.1291,913.0
2023-08-24,79.05,83.36,443.5713180303298,3.1564,916.75
2023-08-25,79.83,84.48,449.97822199802835,3.3075,942.75
2023-08-28,80.1,84.42,453.5376130911942,3.2037,947.25
2023-08-29,81.16,85.49,451.1884149697047,3.2095,930.5
2023-08-30,81.63,85.86,458.80551190907966,3.0962,895.0
2023-08-31,83.63,,458.02244586858313,,895.5
2023-09-01,85.55,88.55,465.63954280795815,3.105,916.5
2023-09-04,,89.0,473.256639747333,,922.75
2023-09-05,86.69,90.04,477.10078212795224,3.2196,951.75
2023-09-06,87.54,90.6,488.77558491353625,3.1927,917.5
2023-09-07,86.87,89.92,492.4061638285654,3.2123,928.5
2023-09-08,87.51,90.65,491.62309778806895,3.2991,966.0
2023-09-11,87.29,90.64,488.6332092698096,3.3622,980.0
2023-09-12,88.84,92.06,495.7519914561413,3.3283,976.0
2023-09-13,88.52,91.88,503.857717447833,3.4354,989.75
2023-09-14,90.16,93.7,507.1144823552091,3.4815,1010.5
2023-09-15,90.77,93.93,510.4436198160824,3.3834,987.75
2023-09-18,91.48,94.43,510.00938449509897,3.2883,968.0
2023-09-19,91.2,94.34,506.3183842667394,3.3739,976.5
2023-09-20,90.28,93.53,499.87722700548443,3.3268,963.5
2023-09-21,89.63,93.3,495.89673656313585,3.368,1007.0
2023-09-22,90.03,93.27,503.4958546803468,3.3062,982.5
2023-09-25,89.68,93.29,500.9628153079431,3.2622,965.0
2023-09-26,90.39,93.96,493.7979325117156,3.2238,954.5
2023-09-27,93.68,96.55,507.5487176761925,3.3147,971.25
2023-09-28,91.71,95.38,518.9112085752603,3.318,995.75
2023-09-29,90.79,95.31,,3.3622,1001.5
2023-10-02,88.82,90.71,,3.2225,969.75
2023-10-03,89.23,90.92,,3.1954,951.0
2023-10-04,84.22,85.81,,3.0178,919.25
2023-10-05,82.31,84.07,,2.8687,868.5
2023-10-06,82.79,84.58,,2.9008,868.25
2023-10-09,86.38,88.15,475.34293136991766,2.9666,868.0
2023-10-10,85.97,87.65,475.6324215839067,3.0201,877.0
2023-10-11,83.49,85.82,479.3957943657635,2.9985,868.0
2023-10-12,82.91,86.0,469.2636368761489,3.0449,884.25
2023-10-13,87.69,90.89,475.56641257056543,3.2117,927.5
2023-10-16,86.66,89.65,493.1555540433556,3.1492,926.25
2023-10-17,86.66,89.9,490.0041661961474,3.1767,901.5
2023-10-18,88.32,91.5,499.75148209565197,3.1393,912.75
2023-10-19,89.37,92.38,500.85080343770136,3.173,910.0
2023-10-20,88.75,92.16,509.93852653197627,3.1566,933.25
2023-10-23,,89.83,502.4631414060405,3.0955,920.75
2023-10-24,83.74,88.07,496.3069418905639,3.0449,881.25
2023-10-25,85.39,90.13,484.72742375431034,3.0305,879.5
2023-10-26,83.21,87.93,489.8575900172075,3.0439,888.5
2023-10-27,85.54,90.48,491.0301994487268,3.0519,878.75
2023-10-30,82.31,87.45,488.978132943568,2.9663,865.75
2023-10-31,81.02,87.41,479.1575289545934,2.991,882.5
2023-11-01,80.44,84.63,473.8074984232864,2.9615,893.0
2023-11-02,82.46,86.85,475.6397006600354,3.0255,910.0
2023-11-03,80.51,84.89,481.35617163869216,2.9238,886.5
2023-11-06,80.82,85.18,473.29448179699665,2.9524,852.75
2023-11-07,77.37,81.61,456.584797397846,2.8384,823.25
2023-11-08,75.33,79.54,445.5182958878821,2.7492,805.75
2023-11-09,75.74,80.01,435.7709799883776,2.7191,785.25
2023-11-10,77.17,81.43,437.2367417777768,2.7431,791.5
2023-11-13,78.26,82.52,437.30998076299915,2.8393,813.25
2023-11-14,78.26,82.47,444.41416232957266,2.8371,824.5
2023-11-15,76.66,81.18,443.60853349212624,2.8687,818.0
2023-11-16,72.9,77.42,433.64803150187873,2.7502,792.0
2023-11-17,75.89,80.61,414.6058953440526,2.7725,805.25
2023-11-20,77.6,82.32,429.6931262998687,2.8495,823.0
2023-11-21,77.77,82.45,430.27903818164793,2.9249,827.25
2023-11-22,77.1,81.96,432.9888806348771,2.8891,821.5
2023-11-23,,81.42,424.05372443774326,,826.0
2023-11-24,75.54,80.58,427.42271775797406,2.8357,833.75
2023-11-27,74.86,79.98,418.56080054606264,2.8379,817.25
2023-11-28,76.41,81.68,418.34108359039544,2.907,833.25
2023-11-29,77.86,83.1,423.76076849685364,2.8885,820.5
2023-11-30,75.96,82.83,431.6705789008737,2.7542,801.5
2023-12-01,74.07,78.88,417.2424988120593,2.6615,806.5
2023-12-04,73.04,78.03,405.15806625036197,2.6597,793.0
2023-12-05,72.32,77.2,406.5496069695877,2.6411,792.25
2023-12-06,69.38,74.3,405.8172171173636,2.5762,768.75
2023-12-07,69.34,74.05,392.1215268807733,2.5492,768.5
2023-12-08,71.23,75.84,401.71583394490875,2.581,751.75
2023-12-11,71.32,76.03,407.2819968218118,2.6087,752.0
2023-12-12,68.61,73.24,406.18341204347564,2.5074,723.75
2023-12-13,69.47,74.26,381.8780973605508,2.5481,732.25
2023-12-14,71.58,76.61,388.44710132890884,2.5913,752.0
2023-12-15,71.43,76.55,398.9575076782818,2.6208,763.75
2023-12-18,72.47,77.95,402.9718989922784,2.6728,785.25
2023-12-19,73.44,79.23,405.67248951260336,2.7168,793.0
2023-12-20,74.22,79.7,410.9276926872899,2.7085,798.0
2023-12-21,73.89,79.39,412.387471346925,2.6968,790.75
2023-12-22,73.56,79.07,413.5552942746331,2.6612,790.5
2023-12-25,,,404.1397219199865,,
2023-12-26,75.57,81.07,407.93514643503784,2.6688,789.5
2023-12-27,74.11,79.65,419.5403867791371,2.6239,778.5
2023-12-28,71.77,78.39,411.87654881605266,2.5563,770.5
2023-12-29,71.65,77.04,396.1109392919933,2.5531,750.75
2024-01-02,70.38,75.89,405.5995005796217,2.5258,751.25
2024-01-03,72.7,78.25,393.11839303974125,2.6044,773.25
2024-01-04,72.19,77.59,408.81101363081893,2.5884,754.5
2024-01-05,73.81,78.76,403.40983259016895,2.6085,765.75
2024-01-08,70.77,76.12,401.5851092656251,2.5769,742.0
2024-01-09,72.24,77.59,394.14023810148586,2.6504,764.25
2024-01-10,71.37,76.8,407.3512349711838,2.6006,766.75
2024-01-11,72.02,77.41,406.3293899094392,2.6738,784.5
2024-01-12,72.68,78.29,416.03691799601285,2.6693,785.25
2024-01-15,,78.15,407.8678901531739,,779.25
2024-01-16,72.4,78.29,408.4513921419481,2.6606,794.25
2024-01-17,72.56,77.88,405.7526954438673,2.6536,778.0
2024-01-18,74.08,79.1,408.67020538773835,2.6936,790.0
2024-01-19,73.41,78.56,413.04647030354494,2.6621,796.25
2024-01-22,75.19,80.06,408.37845439335126,2.6935,799.25
2024-01-23,74.37,79.55,416.4016067389967,2.6913,813.5
2024-01-24,75.09,80.04,415.4534160072386,2.6818,810.25
2024-01-25,77.36,82.43,417.49567296794834,2.7954,830.5
2024-01-26,78.01,83.55,429.16571274343255,2.8434,835.5
2024-01-29,76.78,82.4,435.0736703797715,2.8339,854.75
2024-01-30,77.82,82.87,427.48814452570673,2.8068,847.5
2024-01-31,75.85,81.71,426.9046425369325,2.8082,855.0
2024-02-01,73.82,78.7,419.902618671642,2.7129,854.5
2024-02-02,72.28,77.33,410.4207113540611,2.66,813.5
2024-02-05,72.78,77.99,405.6068199466738,2.7248,818.0
2024-02-06,73.31,78.59,408.0867033989642,2.7427,823.75
2024-02-07,73.86,79.21,409.76427161669,2.8152,840.75
2024-02-08,76.22,81.63,417.80028471730003,2.8908,860.75
2024-02-09,76.84,82.19,,2.9642,882.0
2024-02-12,76.92,82.0,,2.9196,871.5
2024-02-13,77.87,82.77,,2.8959,874.75
2024-02-14,76.64,81.6,,2.8101,857.0
2024-02-15,78.03,82.86,,2.8237,863.25
2024-02-16,79.19,83.47,,2.8066,847.75
2024-02-19,,83.56,434.3790865194594,,854.25
2024-02-20,78.18,82.34,437.1301540674159,2.7315,837.75
2024-02-21,77.91,83.03,431.1936398849834,2.7052,836.5
2024-02-22,78.61,83.67,435.1754481780784,2.752,836.5
2024-02-23,76.49,81.62,437.05775755299607,2.6897,833.25
2024-02-26,77.58,82.53,429.6009165677453,2.7627,840.75
2024-02-27,78.87,83.65,435.8994133222775,2.746,846.25
2024-02-28,78.54,83.68,439.3020495000132,2.6583,819.25
2024-02-29,78.26,83.62,438.722877384654,2.6838,826.75
2024-03-01,79.97,83.55,438.7952738990739,2.7042,852.0
2024-03-04,78.74,82.8,448.1344242592423,2.6472,828.5
2024-03-05,78.15,82.04,441.76353099029023,2.6065,822.25
2024-03-06,79.13,82.96,441.03956584609114,2.6633,837.75
2024-03-07,78.93,82.96,444.00782293730737,2.6947,820.25
2024-03-08,78.01,82.08,447.2656660862033,2.6409,804.25
2024-03-11,77.93,82.21,440.46039373073177,2.6518,808.75
2024-03-12,77.56,81.92,450.01673363415995,2.6165,807.5
2024-03-13,79.72,84.03,450.4511127206794,2.6851,821.25
2024-03-14,81.26,85.42,457.4735746194106,2.7088,830.75
2024-03-15,81.04,85.34,465.01800543770975,2.727,838.5
2024-03-18,82.72,86.89,463.7606003013265,2.7882,856.5
2024-03-19,83.47,87.38,468.64229083081415,2.7607,851.75
2024-03-20,81.68,85.95,471.30503111962565,2.6957,827.75
2024-03-21,81.07,85.78,468.4203958067465,2.6688,821.0
2024-03-22,80.63,85.43,464.0564603334166,2.6534,823.75
2024-03-25,81.95,86.75,465.2399004617773,2.6786,830.25
2024-03-26,81.62,86.25,469.1600458869719,2.6218,817.5
2024-03-27,81.35,86.09,463.68663529330394,2.5986,813.5
2024-03-28,83.17,87.48,469.52987092708463,2.6156,817.0
2024-03-29,,,477.44412678549645,,
2024-04-01,83.71,87.42,477.73998681758655,2.6271,822.5
2024-04-02,85.15,88.92,480.9944471705783,2.7119,845.5
2024-04-03,85.43,89.35,488.83473802096756,2.7324,862.5
2024-04-04,86.59,90.65,,2.7413,851.5
2024-04-05,86.91,91.17,,2.773,870.5
2024-04-08,86.43,90.38,488.68680800492257,2.7287,851.0
2024-04-09,85.23,89.42,493.56849853441014,2.677,830.75
2024-04-10,86.21,90.48,490.01817814932826,2.7076,823.25
2024-04-11,85.02,89.74,494.4560786306807,2.6598,822.25
2024-04-12,85.66,90.45,495.79184471432956,2.6851,839.5
2024-04-15,85.41,90.1,490.30036192599545,2.6542,813.75
2024-04-16,85.36,90.02,494.53028785755004,2.6513,817.5
2024-04-17,82.69,87.29,490.9682449678198,2.5747,807.0
2024-04-18,82.73,87.11,476.72007340889877,2.5339,780.75
2024-04-19,83.14,87.29,483.62153150775123,2.5413,783.5
2024-04-22,82.85,87.0,469.89282453691584,2.5604,781.75
2024-04-23,83.36,88.42,473.3064489729073,2.5792,787.0
2024-04-24,82.81,88.02,483.25048537340433,2.5499,784.0
2024-04-25,83.57,89.01,482.58260233157984,2.5504,776.25
2024-04-26,83.85,89.5,484.8088791376612,2.5482,790.0
2024-04-29,82.63,88.4,480.8015808867147,2.5313,783.5
2024-04-30,81.93,87.86,479.2431871224577,2.5134,776.25
2024-05-01,79.0,83.44,,2.4519,756.25
2024-05-02,78.95,83.67,,2.4431,747.5
2024-05-03,78.11,82.96,,2.4434,750.0
2024-05-06,78.48,83.33,459.65195122894136,2.4614,754.0
2024-05-07,78.38,83.16,458.46460359903125,2.4656,754.25
2024-05-08,78.99,83.58,453.6410038525215,2.4761,759.5
2024-05-09,79.26,83.88,457.8709297840762,2.4776,763.25
2024-05-10,78.26,82.79,463.15262531854734,2.4344,753.75
2024-05-13,79.12,83.36,456.08556791326913,2.4368,752.75
2024-05-14,78.02,82.38,458.83800079743,2.42,741.5
2024-05-15,78.63,82.75,455.41605721171646,2.4231,745.25
2024-05-16,79.23,83.27,454.9697167440147,2.4437,749.25
2024-05-17,80.06,83.98,458.9867809533307,2.4863,762.5
2024-05-20,79.8,83.71,463.3757955523982,2.4871,765.5
2024-05-21,79.26,82.88,455.71361752351766,2.4623,759.5
2024-05-22,77.57,81.9,450.5063120669969,2.4318,746.5
2024-05-23,76.87,81.36,448.20021965053763,2.4118,746.0
2024-05-24,77.72,82.12,445.59656692227725,2.4136,739.0
2024-05-27,,83.1,451.3989930024004,,749.0
2024-05-28,79.83,84.22,454.1514258865614,2.465,759.5
2024-05-29,79.23,83.6,460.9953130579887,2.437,751.5
2024-05-30,77.91,81.86,454.89532666606436,2.3694,742.75
2024-05-31,76.99,81.62,448.42338988438854,2.3636,731.75
2024-06-03,74.22,78.36,443.21608442786777,2.2962,708.5
2024-06-04,73.25,77.52,425.43685579774683,2.2859,703.5
2024-06-05,74.07,78.41,424.24661455054206,2.3011,701.0
2024-06-06,75.55,79.87,429.230749773212,2.3576,718.0
2024-06-07,75.53,79.62,434.36366515178247,2.3517,723.75
2024-06-10,77.74,81.63,,2.4147,738.5
2024-06-11,77.9,81.92,444.55510583097316,2.4213,746.5
2024-06-12,78.5,82.6,450.2831418331459,2.4408,747.75
2024-06-13,78.62,82.75,449.6880212095436,2.4868,763.5
2024-06-14,78.45,82.62,448.42338988438854,2.4706,762.25
2024-06-17,80.33,84.25,446.182020058242,2.4825,767.25
2024-06-18,81.57,85.33,454.25095143236956,2.5208,780.0
2024-06-19,,85.07,459.25667737743026,,791.5
2024-06-20,82.17,85.71,461.6474718586532,2.5245,782.75
2024-06-21,80.73,85.24,461.4233348760386,2.4915,783.25
2024-06-24,81.63,86.01,461.27391022096214,2.5214,781.25
2024-06-25,80.83,85.01,464.78538961525845,2.5094,785.5
2024-06-26,80.9,85.25,463.4405677195704,2.5375,781.5
2024-06-27,81.74,86.39,461.9463211688061,2.5476,794.0
2024-06-28,81.54,86.41,469.4175539226279,2.5169,785.5
2024-07-01,83.38,86.6,468.3715813370929,2.6147,797.75
2024-07-02,82.81,86.24,473.6761565923064,2.6297,811.5
2024-07-03,83.88,87.34,475.3945401256854,2.6343,796.0
2024-07-04,,87.43,473.1531702995389,,802.5
2024-07-05,83.16,86.54,474.79684150537975,2.6024,807.5
2024-07-08,82.33,85.75,469.1934169400133,2.5791,789.5
2024-07-09,81.41,84.66,467.8485950443254,2.5236,775.75
2024-07-10,82.1,85.08,459.1072527223538,2.5184,779.5
2024-07-11,82.62,85.4,467.1761840964814,2.5182,779.5
2024-07-12,82.21,85.03,465.681937545717,2.5096,779.25
2024-07-15,81.91,84.85,462.46930746157364,2.5136,773.75
2024-07-16,80.76,83.73,457.83714315420406,2.4688,760.5
2024-07-17,82.85,85.08,453.5750629386578,2.494,762.5
2024-07-18,82.82,85.11,462.5478633924394,2.4868,762.5
2024-07-19,80.13,82.63,457.01463644594077,2.4191,754.75
2024-07-22,79.78,82.4,446.69591592409193,2.4348,744.25
2024-07-23,76.96,81.01,443.4806624281536,2.4099,737.0
2024-07-24,77.59,81.71,440.1906355951004,2.4524,752.5
2024-07-25,78.28,82.37,437.79788880742524,2.4712,751.5
2024-07-26,77.16,81.13,443.3311157539239,2.4197,736.5
2024-07-29,75.81,79.78,438.6951688528034,2.375,733.5
2024-07-30,74.73,78.63,429.12418170210304,2.3368,721.0
2024-07-31,77.91,80.72,433.98444861456807,2.4155,740.25
2024-08-01,76.31,79.52,443.4806624281536,2.4064,740.75
2024-08-02,73.52,76.81,434.95650199706114,2.3185,712.75
2024-08-05,72.94,76.3,408.93538068109456,2.2986,704.5
2024-08-06,73.2,76.48,409.75788738935785,2.2958,702.5
2024-08-07,75.23,78.33,407.5146872759125,2.3556,724.5
2024-08-08,76.19,79.16,413.0479142224111,2.3578,721.75
2024-08-09,76.84,79.66,419.7775145627473,2.3397,720.25
2024-08-12,80.06,82.3,424.78732814944203,2.4065,720.25
2024-08-13,78.35,80.69,433.46103525476417,2.3892,733.75
2024-08-14,76.98,79.76,429.42327505056244,2.3682,729.5
2024-08-15,78.16,81.04,424.91331592172753,2.3779,737.25
2024-08-16,76.65,79.68,429.9494369489266,2.3287,718.5
2024-08-19,74.37,77.66,420.55368876385387,2.2635,709.5
2024-08-20,74.04,77.2,411.68410247714525,2.2632,692.0
2024-08-21,71.93,76.05,411.4586045207035,2.2497,699.25
2024-08-22,73.01,77.22,404.2426699145676,2.2635,698.25
2024-08-23,74.83,79.02,409.88011882561125,2.2997,708.25
2024-08-26,77.42,81.43,422.9590002992325,2.348,726.25
2024-08-27,75.53,79.55,428.7467811812372,2.2862,708.0
2024-08-28,74.52,78.65,420.4033567928927,2.2291,692.5
2024-08-29,75.91,79.94,413.4880861286792,2.284,704.25
2024-08-30,73.55,78.8,420.10269285097036,2.2515,696.5
2024-09-02,,77.52,406.34731750802393,,693.75
2024-09-03,70.34,73.75,413.4880861286792,2.206,678.5
2024-09-04,69.2,72.7,392.9677720924804,2.1575,666.0
2024-09-05,69.15,72.69,391.5297159157167,2.1689,666.25
2024-09-06,67.67,71.06,392.81639775808424,2.115,650.5
2024-09-09,68.71,71.84,387.1398602182275,2.1394,645.75
2024-09-10,65.75,69.19,383.9609991959078,2.058,633.0
2024-09-11,67.31,70.61,379.4197691640224,2.0917,627.25
2024-09-12,68.97,71.97,387.0641730510294,2.1188,627.25
2024-09-13,68.65,71.61,388.7292907293874,2.0843,649.5
2024-09-16,70.09,72.75,,2.0968,642.25
2024-09-17,71.19,73.7,,2.1367,650.0
2024-09-18,70.91,73.65,390.39440840774535,2.1475,658.5
2024-09-19,71.95,74.88,395.61682294441357,2.172,669.25
2024-09-20,71.92,74.49,395.9195716132059,2.1615,665.75
2024-09-23,70.37,73.9,397.4333149571677,2.1451,660.25
2024-09-24,71.56,75.17,399.17411980272374,2.1805,668.75
2024-09-25,69.69,73.46,404.9263445097785,2.1602,672.5
2024-09-26,67.67,71.6,395.995258780404,2.1361,658.75
2024-09-27,68.18,71.98,396.903504786781,2.1327,657.5
2024-09-30,68.17,71.77,411.35975372161613,2.1318,664.25
2024-10-01,69.83,73.56,,2.1742,678.25
2024-10-02,70.1,73.9,,2.1821,669.5
2024-10-03,73.71,77.62,,2.2947,693.0
2024-10-04,74.38,78.05,,2.3127,712.5
2024-10-07,77.14,80.93,,2.3962,726.75
2024-10-08,73.57,77.18,439.06125691611686,2.2972,695.75
2024-10-09,73.24,76.58,425.3618796532627,2.2769,693.0
2024-10-10,75.85,79.4,421.35045979176397,2.3509,693.0
2024-10-11,75.56,79.04,431.7196016979022,2.3439,709.75
2024-10-14,73.83,77.46,429.5528784773355,2.2742,692.25
2024-10-15,70.58,74.25,416.39777320960957,2.1877,658.25
2024-10-16,70.39,74.22,413.14768837875954,2.1747,655.75
2024-10-17,70.67,74.45,410.90358218602984,2.1945,660.75
2024-10-18,69.22,73.06,415.85609240446786,2.1522,648.5
2024-10-21,70.56,74.29,408.5047100489739,2.1833,655.5
2024-10-22,72.09,76.04,412.2964756849655,2.237,674.5
2024-10-23,70.77,74.96,421.5050493723738,2.2216,668.75
2024-10-24,70.19,74.38,420.6538366785797,2.2023,666.75
2024-10-25,71.78,76.05,415.85609240446786,2.2381,676.25
2024-10-28,67.38,71.42,405.332008190287,2.1286,644.5
2024-10-29,67.21,71.12,396.27820044720505,2.1337,636.25
2024-10-30,68.61,72.55,399.6830512223812,2.1876,658.75
2024-10-31,69.26,73.16,405.1772422459609,2.2195,669.0
2024-11-01,69.49,,412.1417097406394,2.2342,672.0
2024-11-04,71.47,75.08,411.6000289354977,2.2841,683.5
2024-11-05,71.99,75.53,414.77273079418455,2.3042,696.5
2024-11-06,71.69,74.92,412.2190927128025,2.27,690.25
2024-11-07,72.36,75.63,419.9573899291119,2.2864,680.25
2024-11-08,70.38,73.87,416.39777320960957,2.2389,668.5
2024-11-11,68.04,71.83,412.683390545781,2.1976,656.5
2024-11-12,68.12,71.89,403.5521998305359,2.2108,656.5
2024-11-13,68.43,72.28,405.41582361270497,2.2193,666.25
2024-11-14,68.7,72.56,403.70750181238327,2.2123,674.0
2024-11-15,67.02,71.04,401.14501911190075,2.1709,671.0
2024-11-18,69.16,73.3,399.51434830250275,2.2514,686.5
2024-11-19,69.39,73.31,410.4631380227463,2.2402,688.25
2024-11-20,68.87,72.81,410.4631380227463,2.2263,682.25
2024-11-21,70.1,74.23,410.4631380227463,2.2744,691.75
2024-11-22,71.24,75.17,417.7623311695753,2.2749,697.75
2024-11-25,68.94,73.01,418.6164920697362,2.2353,679.0
2024-11-26,68.77,72.81,410.6960909955174,2.2404,690.0
2024-11-27,68.72,72.83,411.5502518956783,2.2036,675.0
2024-11-28,,73.28,408.98776919519577,,669.25
2024-11-29,68.0,72.94,411.8608558593731,2.193,677.0
2024-12-02,68.1,71.83,412.24911081399165,2.1777,667.25
2024-12-03,69.94,73.62,412.3267618049154,2.2177,676.25
2024-12-04,68.54,72.31,419.7036059426681,2.1674,666.25
2024-12-05,68.3,72.09,411.1619969410597,2.1557,658.5
2024-12-06,67.2,71.12,408.44421225872975,2.1326,647.75
2024-12-09,68.37,72.14,408.8324672133483,2.1835,662.75
2024-12-10,68.59,72.19,409.7712329245155,2.1861,667.75
2024-12-11,70.29,73.52,415.09090528779683,2.2233,680.0
2024-12-12,70.02,73.41,421.5840347900371,2.2366,680.0
2024-12-13,71.29,74.49,423.7744881160941,2.27,689.25
2024-12-16,70.71,73.91,427.8424728644856,2.264,685.75
2024-12-17,70.08,73.19,428.3900861959999,2.2279,673.25
2024-12-18,70.58,73.39,423.0704138327186,2.255,690.75
2024-12-19,69.91,72.88,425.1044062069144,2.2377,679.25
2024-12-20,69.46,72.94,420.56703860293925,2.2317,675.25
2024-12-23,69.24,72.63,424.2438709716777,2.2263,669.5
2024-12-24,70.1,73.58,422.9921833567881,2.2215,674.0
2024-12-25,,,428.3118557200693,,
2024-12-26,69.62,73.26,427.764242388555,2.2053,671.25
2024-12-27,70.6,74.17,426.27786334587347,2.2448,680.5
2024-12-30,70.99,74.39,430.11115666647316,2.2995,692.25
2024-12-31,71.72,74.64,438.0124347354644,2.3206,695.25
2025-01-02,73.13,75.93,438.63827854290935,2.354,710.25
2025-01-03,73.96,76.51,447.55655279899844,2.3478,703.0
2025-01-06,73.56,76.3,451.38984611959813,2.3552,705.25
2025-01-07,74.25,77.05,454.28437372903056,2.3663,702.5
2025-01-08,73.32,76.16,460.85573370720147,2.3507,693.75
2025-01-09,73.92,76.92,454.12791277716934,2.3782,709.0
2025-01-10,76.57,79.76,460.0215405473395,2.5017,709.0
2025-01-13,78.82,81.01,489.72861025373794,2.5333,751.5
2025-01-14,77.5,79.92,485.1889239983366,2.5253,741.5
2025-01-15,80.04,82.03,499.126557238604,2.6135,759.5
2025-01-16,78.68,81.29,504.8608977717425,2.6172,754.5
2025-01-17,77.88,80.79,503.1883817829104,2.621,753.5
2025-01-20,,80.15,495.3833071683607,,746.75
2025-01-21,75.89,79.29,494.3479401276552,2.5581,737.0
2025-01-22,75.44,79.0,492.4364932832756,2.4842,727.0
2025-01-23,74.62,78.29,485.0296367613049,2.4715,716.25
2025-01-24,74.66,78.5,482.24211011325144,2.5162,721.75
2025-01-27,73.17,77.08,479.77315793926124,2.46,704.25
2025-01-28,73.77,77.49,,2.4501,701.0
2025-01-29,72.62,76.58,,2.454,707.25
2025-01-30,72.73,76.87,,2.4754,709.5
2025-01-31,72.53,76.76,,2.4845,711.25
2025-02-03,73.16,75.96,,2.4631,716.75
2025-02-04,72.7,76.2,,2.4298,712.5
2025-02-05,71.03,74.61,482.24211011325144,2.3842,700.0
2025-02-06,70.61,74.29,477.14491852823943,2.398,698.0
2025-02-07,71.0,74.66,480.8881685984826,2.4308,706.0
2025-02-10,72.32,75.87,483.4367643909887,2.4509,718.0
2025-02-11,73.32,77.0,493.63114756101277,2.5146,733.75
2025-02-12,71.37,75.18,494.4669605436762,2.452,733.75
2025-02-13,71.29,75.02,472.40149780136204,2.4487,709.0
2025-02-14,70.74,74.74,474.3238676614879,2.4618,714.5
2025-02-17,,75.22,466.30006302791907,,711.5
2025-02-18,71.85,75.84,469.5597336603064,2.4406,719.5
2025-02-19,72.25,76.04,472.5686603978947,2.4565,724.25
2025-02-20,72.57,76.48,471.3985222221659,2.5034,734.75
2025-02-21,70.4,74.43,469.7268962568391,2.4323,717.0
2025-02-24,70.7,74.78,456.2703072359581,2.4358,712.0
2025-02-25,68.93,73.02,461.11802253540594,2.3903,695.25
2025-02-26,68.62,72.53,450.58677895384693,2.3443,682.25
2025-02-27,70.35,74.04,448.99873428678643,2.3959,694.0
2025-02-28,69.76,73.18,451.33901063824396,2.3549,690.75
2025-03-03,68.37,71.62,450.1688724625152,2.2604,683.0
2025-03-04,68.26,71.04,435.7093078624381,2.2872,675.0
2025-03-05,66.31,69.3,433.36903151098056,2.2408,654.5
2025-03-06,66.36,69.46,425.9302959652762,2.2238,664.0
2025-03-07,67.04,70.36,428.3541536150001,2.216,671.5
2025-03-10,66.03,69.28,435.29140137110636,2.1799,662.5
2025-03-11,66.25,69.56,431.69740554565374,2.1968,669.25
2025-03-12,67.68,70.95,431.2756613042062,2.2063,669.25
2025-03-13,66.55,69.88,438.3609645605241,2.1622,648.5
2025-03-14,67.18,70.58,437.9392203190766,2.1666,645.25
2025-03-17,67.58,71.07,441.4818719472355,2.2038,653.5
2025-03-18,66.9,70.56,443.8436396993415,2.1945,652.25
2025-03-19,67.16,70.78,435.40875487039165,2.2319,658.0
2025-03-20,68.26,72.0,444.60277933394696,2.2543,666.25
2025-03-21,68.28,72.16,450.84459410736986,2.2496,668.25
2025-03-24,69.11,73.0,450.7602452590803,2.2571,672.0
2025-03-25,69.0,73.02,454.04985034237075,2.2859,672.75
2025-03-26,69.65,73.79,457.0020600325032,2.2887,680.75
2025-03-27,69.92,74.03,456.0742227013188,2.2847,676.75
2025-03-28,69.36,73.63,457.4238042739507,2.2609,669.25
2025-03-31,71.48,74.74,453.3750595560548,2.314,686.0
2025-04-01,71.2,74.49,469.06394533790154,2.2889,685.75
2025-04-02,71.71,74.95,465.7743402546111,2.322,685.0
2025-04-03,66.95,70.14,457.17075772908225,2.1889,647.25
2025-04-04,61.99,65.58,,2.0819,615.75
2025-04-07,60.7,64.21,430.2634751247322,2.0699,606.0
2025-04-08,59.58,62.82,403.69358791354017,2.057,610.5
2025-04-09,62.35,65.48,385.899698828569,2.1136,579.0
2025-04-10,60.07,63.33,403.44059422986754,2.0464,579.0
2025-04-11,61.5,64.76,398.4650517843069,2.0653,595.5
2025-04-14,61.53,64.88,399.7300202026698,2.0917,610.0
2025-04-15,61.33,64.67,402.09129458361383,2.0784,608.0
2025-04-16,62.47,65.85,393.9954967060914,2.1154,620.0
2025-04-17,64.68,67.96,407.0668370291745,2.1523,632.5
2025-04-18,,,413.8133352604432,,
2025-04-21,63.08,66.26,412.54836684208027,2.1089,619.5
2025-04-22,64.31,67.44,416.5962657808415,2.1486,630.25
2025-04-23,62.27,66.12,424.8607261141457,2.1269,617.75
2025-04-24,62.79,66.55,416.0902784134963,2.1437,622.0
2025-04-25,63.02,66.87,418.3672215665496,2.1673,628.5
2025-04-28,62.05,65.86,419.96951489647586,2.1755,622.75
2025-04-29,60.42,64.25,407.8258180801922,2.1204,615.0
2025-04-30,58.21,63.12,397.2844145938349,2.0367,604.5
2025-05-01,59.24,62.13,,2.012,590.0
2025-05-02,58.29,61.29,,1.9932,585.75
2025-05-05,57.13,60.23,,1.9745,579.0
2025-05-06,59.09,62.15,386.99600479115014,2.0088,597.0
2025-05-07,58.07,61.12,394.838808985,1.9766,583.25
2025-05-08,59.91,62.84,386.2702584427908,2.04,595.25
2025-05-09,61.02,63.91,396.2097770717534,2.0664,601.75
2025-05-12,61.95,64.96,404.94969862480684,2.1111,601.75
2025-05-13,63.67,66.63,403.15030301094293,2.1713,620.5
2025-05-14,63.15,66.09,410.69062748808705,2.2061,623.25
2025-05-15,61.62,64.53,394.7531234795779,2.166,615.25
2025-05-16,62.49,65.41,390.8972757355838,2.1406,612.25
2025-05-19,62.69,65.54,396.55251909344184,2.1277,610.25
2025-05-20,62.56,65.38,398.7803422344162,2.1289,605.5
2025-05-21,61.57,64.91,402.80756098925457,2.1391,606.5
2025-05-22,61.2,64.44,388.75513810003144,2.1175,601.5
2025-05-23,61.53,64.78,387.98396855123264,2.1048,605.5
2025-05-26,,64.74,393.896268425357,,603.0
2025-05-27,60.89,64.09,392.6966713494477,2.0794,598.0
2025-05-28,61.84,64.9,388.1553395620768,2.0881,608.5
2025-05-29,60.94,64.15,400.2369958265918,2.0482,599.25
2025-05-30,60.79,63.9,383.7853787855501,2.0172,590.75
2025-06-02,62.52,64.63,,2.0445,606.0
2025-06-03,63.41,65.63,396.29546257717556,2.0999,618.0
2025-06-04,62.85,64.86,401.1795363862348,2.0701,609.0
2025-06-05,63.37,65.34,397.32368864224065,2.0945,618.25
2025-06-06,64.58,66.47,399.3801407723709,2.1253,622.25
2025-06-09,65.29,67.04,406.40635221698244,2.1464,629.25
2025-06-10,64.98,66.87,411.1190550151975,2.1416,636.5
2025-06-11,68.15,69.77,409.66240142302195,2.2053,635.75
2025-06-12,68.04,69.36,424.7430503773101,2.1887,645.0
2025-06-13,72.98,74.23,451.44663468353826,2.3587,684.25
2025-06-16,71.77,73.23,462.02402846717405,2.3933,685.25
2025-06-17,74.84,76.45,455.0880325434784,2.5051,731.0
2025-06-18,75.14,76.7,479.1906183783207,2.5334,734.25
2025-06-19,,78.85,494.9700091047282,,798.5
2025-06-20,74.93,77.01,491.24191129574183,2.5418,758.5
2025-06-23,68.51,71.48,498.09120727039124,2.3631,743.25
2025-06-24,64.37,67.14,449.62593575356817,2.2851,668.25
2025-06-25,64.92,67.68,440.95594084894867,2.2964,683.25
2025-06-26,65.24,67.73,436.0140437533155,2.3601,692.75
2025-06-27,65.52,67.77,432.1992459952829,2.3072,675.0
2025-06-30,65.11,67.61,430.6386469124514,2.3458,677.0
2025-07-01,65.45,67.11,432.97954553669865,2.3269,696.25
2025-07-02,67.45,69.11,431.93914614814435,2.4117,711.5
2025-07-03,67.0,68.8,438.96184202088614,2.3698,724.5
2025-07-04,,68.3,436.5342434475927,,745.0
2025-07-07,67.93,69.58,435.49384405903834,2.4211,750.25
2025-07-08,68.33,70.15,442.7766397789187,2.4413,769.5
2025-07-09,68.38,70.19,450.57963519307634,2.4092,774.5
2025-07-10,66.57,68.64,453.0072337663698,2.3835,774.5
2025-07-11,68.45,70.36,445.8447145520274,2.4474,712.25
2025-07-14,66.98,69.21,453.62621690835005,2.3898,701.75
2025-07-15,66.52,68.71,447.524811651688,2.4052,703.75
2025-07-16,66.38,68.52,449.1164825882085,2.3915,691.0
2025-07-17,67.54,69.52,446.90582850970776,2.4646,712.5
2025-07-18,67.34,69.28,456.1021494762708,2.453,726.25
2025-07-21,67.2,69.21,453.0072337663698,2.5092,731.0
2025-07-22,66.21,68.59,445.9331407151675,2.4518,715.5
2025-07-23,65.25,68.51,445.4025837363273,2.449,711.25
2025-07-24,66.03,69.18,450.0007442196088,2.4129,706.75
2025-07-25,65.16,68.44,453.53779074521,2.4062,715.25
2025-07-28,66.71,70.04,447.34795932540794,2.4266,708.75
2025-07-29,69.21,72.51,455.3947401711506,2.4638,708.5
2025-07-30,70.0,73.24,467.4206983581946,2.4185,709.0
2025-07-31,69.26,72.53,469.8082047629753,2.3995,706.0
2025-08-01,67.33,69.67,466.80171521621435,2.2999,681.75
2025-08-04,66.29,68.76,454.7757570291704,2.3176,686.75
2025-08-05,65.16,67.64,449.9123180564688,2.2502,670.25
2025-08-06,64.35,66.89,447.34795932540794,2.2628,682.5
2025-08-07,63.88,66.43,443.01507733154654,2.2668,670.25
2025-08-08,63.88,66.59,433.11134705986325,2.2793,675.5
2025-08-11,63.96,66.63,432.7576424073031,2.291,670.5
2025-08-12,63.17,66.12,439.06554481151545,2.2441,670.5
2025-08-13,62.65,65.63,435.86717176149233,2.2428,648.75
2025-08-14,63.96,66.84,431.33614327395946,2.2345,652.5
2025-08-15,62.8,65.85,433.6460793656429,2.225,656.5
2025-08-18,63.42,66.6,432.2245802322992,2.2403,645.5
2025-08-19,62.35,65.79,430.18117522811775,2.2511,659.5
2025-08-20,63.21,66.84,428.9373634864421,2.2796,669.0
2025-08-21,63.52,67.67,436.13370284899423,2.3251,679.5
2025-08-22,63.66,67.73,438.53248263651165,2.3081,680.75
2025-08-25,64.8,68.8,437.91057676567374,2.3475,690.0
2025-08-26,63.25,67.22,440.7535750323611,2.2805,674.5
2025-08-27,64.15,68.05,426.18320891558875,2.2953,674.5
2025-08-28,64.6,68.62,427.9600828322683,2.3098,674.25
2025-08-29,64.01,68.12,431.0696121864575,2.2667,675.25
2025-09-01,,68.15,429.5592693572799,,685.0
2025-09-02,65.59,69.14,435.6894843698243,2.3744,703.5
2025-09-03,63.97,67.6,438.1771078531757,2.3609,707.25
2025-09-04,63.48,66.99,427.33817696143046,2.3307,698.75
2025-09-05,61.87,65.5,428.2266139197703,2.287,683.25
2025-09-08,62.26,66.02,435.77832806565834,2.3119,694.75
2025-09-09,62.63,66.39,428.9373634864421,2.3199,698.75
2025-09-10,63.67,67.49,431.9580491447973,2.3337,698.75
2025-09-11,62.37,66.37,434.25852216359385,2.2819,698.75
2025-09-12,62.69,66.99,421.7828800231972,2.29,691.0
2025-09-15,63.3,67.44,432.9313261912112,2.3311,697.25
2025-09-16,64.52,68.47,437.08987357134345,2.3935,712.0
2025-09-17,64.05,67.95,441.77929934042874,2.3548,705.25
2025-09-18,63.57,67.44,435.1433194785156,2.34,702.5
2025-09-19,62.68,66.68,430.8962923668912,2.2989,693.5
2025-09-22,62.64,66.57,427.3571031072042,2.2923,689.0
2025-09-23,63.41,67.63,418.59760968947893,2.328,705.75
2025-09-24,64.99,69.31,426.73774498675897,2.3772,710.75
2025-09-25,64.98,69.42,434.08156270060954,2.4265,723.75
2025-09-26,65.72,70.13,434.70092082105475,2.4289,733.0
2025-09-29,63.45,67.97,435.851157330453,2.3566,700.25
2025-09-30,62.37,67.02,424.43727196796243,2.3325,694.5
2025-10-01,61.78,65.35,,2.3019,695.0
2025-10-02,60.48,64.11,,2.2435,673.75
2025-10-03,60.88,64.53,,2.2363,671.25
2025-10-06,61.69,65.47,,2.2443,668.5
2025-10-07,61.73,65.45,,2.2653,669.5
2025-10-08,62.55,66.25,,2.2913,678.5
2025-10-09,61.51,65.22,416.73953532814323,2.2803,683.0
2025-10-10,58.9,62.73,408.6878797623553,2.2044,683.0
2025-10-13,59.49,63.32,400.8471336319717,2.2497,659.75
2025-10-14,58.7,62.39,396.0898269910648,2.1976,641.5
2025-10-15,58.27,61.91,392.9182892304602,2.1748,637.75
2025-10-16,57.46,61.06,392.83019095933224,2.1535,643.0
2025-10-17,57.54,61.29,383.22747940639056,2.18,633.0
2025-10-20,57.52,61.01,383.9322655754138,2.1921,640.5
2025-10-21,57.82,61.32,385.60613272684395,2.2058,643.5
2025-10-22,58.5,62.59,393.97546848399503,2.2496,658.75
2025-10-23,61.79,65.99,404.98775237498324,2.403,707.5
2025-10-24,61.5,65.94,409.56886247363434,2.4031,718.75
2025-10-27,61.31,65.62,413.0927933187506,2.4361,736.25
2025-10-28,60.15,64.4,407.63070050882044,2.3872,709.75
2025-10-29,60.48,64.92,407.54260223769256,2.4243,718.5
2025-10-30,60.57,65.0,404.28296620596,2.46,723.0
2025-10-31,60.98,65.07,404.1067696637042,2.4312,718.5
2025-11-03,61.05,64.89,412.21181060747153,2.4053,724.25
2025-11-04,60.56,64.44,408.33548667784373,2.4446,723.5
2025-11-05,59.6,63.52,408.5116832200995,2.4325,753.75
2025-11-06,59.43,63.38,405.6044402728786,2.4961,774.75
2025-11-07,59.75,63.63,405.78063681513447,2.4821,760.75
2025-11-10,60.13,64.06,407.0076193022644,2.5104,751.0
2025-11-11,61.04,65.16,404.2907295093337,2.5757,784.75
2025-11-12,58.49,62.71,411.12677479477225,2.4816,784.75
2025-11-13,58.69,63.01,396.9288345865537,2.4647,719.0
2025-11-14,60.09,64.39,402.7131805973094,2.5311,746.0
2025-11-17,59.91,64.2,402.4502557786387,2.547,743.75
2025-11-18,60.74,64.89,402.0996893537444,2.7011,777.5
2025-11-19,59.44,63.51,407.09526090848794,2.6357,768.25
2025-11-20,59.14,63.38,399.20751634836654,2.5333,748.5
2025-11-21,58.06,62.56,392.1085462442573,2.4564,711.75
2025-11-24,58.84,63.37,392.5467542753751,2.4061,699.0
2025-11-25,57.95,62.48,393.1602455189402,2.3538,684.0
2025-11-26,58.65,63.13,390.0051476948916,2.3255,666.25
2025-11-27,,63.34,392.28382945670444,,678.0
2025-11-28,58.55,63.2,397.8052506487894,2.333,685.75
2025-12-01,59.32,,399.3827995608137,,690.5
2025-12-02,58.64,62.45,397.71760904256587,2.3127,685.0
2025-12-03,58.95,62.67,392.7220374878223,2.3008,664.5
2025-12-04,59.67,63.26,396.665909767883,2.3037,666.0
2025-12-05,60.08,63.75,397.62996743634227,2.3629,683.25
2025-12-08,58.88,62.49,401.0479900790616,2.2982,667.0
2025-12-09,58.25,61.94,390.9692053633509,2.2601,648.5
2025-12-10,58.46,62.21,388.86580681398516,2.273,653.0
2025-12-11,57.6,61.28,385.36014256504234,2.2289,653.0
2025-12-12,57.44,61.12,383.00186426738674,2.198,629.25
2025-12-15,56.82,60.56,381.95374057953984,2.1806,622.5
2025-12-16,55.27,58.92,376.101716655728,2.1286,608.25
2025-12-17,55.94,59.68,372.69531467022557,2.1495,614.75
2025-12-18,56.15,59.82,375.0535929678811,2.1316,613.25
2025-12-19,56.66,60.47,372.60797102957173,2.1219,607.5
2025-12-22,58.01,62.07,382.4778024234633,2.1581,616.5
2025-12-23,58.38,62.38,385.09811164308053,2.1906,627.25
2025-12-24,58.35,62.24,388.417169987929,2.1576,635.5
2025-12-25,,,386.6702971748509,,
2025-12-26,56.74,60.64,385.88420440896573,2.107,619.75
2025-12-29,58.08,61.94,379.77014956319215,2.1275,621.75
2025-12-30,57.95,61.92,380.905616891693,2.1505,628.75
2025-12-31,57.42,60.85,377.49921490619056,2.1206,622.75
2026-01-02,57.32,60.75,,2.1151,611.25
2026-01-05,58.32,61.76,368.3281326375302,2.1428,623.25
2026-01-06,57.13,60.7,374.0054692800342,2.083,614.25
2026-01-07,55.99,59.96,363.61157604221916,2.0567,601.0
2026-01-08,57.76,61.99,363.52423240156526,2.1195,609.0
2026-01-09,59.12,63.34,377.93593310946005,2.135,632.25
2026-01-12,59.5,63.87,382.38223820486553,2.1544,632.25
2026-01-13,61.15,65.47,389.44401688580353,2.2384,655.0
2026-01-14,62.02,66.52,390.57738877286766,2.2819,659.25
2026-01-15,59.19,63.76,389.3568344329525,2.2083,641.0
2026-01-16,59.44,64.13,382.5566031105677,2.2376,654.75
2026-01-19,,63.94,381.3360487706525,,651.5
2026-01-20,60.34,64.92,380.98731895924817,2.3385,666.5
2026-01-21,60.62,65.24,384.30025216758946,2.4305,685.25
2026-01-22,59.36,64.06,389.18246952725025,2.3668,671.25
2026-01-23,61.07,65.88,385.2592591489514,2.4285,675.5
2026-01-26,60.63,65.59,398.6853568880187,2.568,679.75
2026-01-27,62.39,67.57,389.44401688580353,2.6462,682.25
2026-01-28,63.21,68.4,401.30083047355134,2.6661,698.25
2026-01-29,65.42,70.71,411.93708972138387,2.5854,713.75
2026-01-30,65.21,70.69,410.4549880229154,2.7356,742.5
2026-02-02,62.14,66.3,391.44921330137856,2.3598,684.0
2026-02-03,63.21,67.33,391.7979431127829,2.4093,687.75
2026-02-04,65.14,69.46,403.4766188293264,2.47,689.5
2026-02-05,63.29,67.55,404.1686885014179,2.3932,689.5
2026-02-06,63.55,68.05,406.4179149357152,2.4133,699.25
2026-02-09,64.36,69.04,401.5734272310749,2.4169,693.25
2026-02-10,63.96,68.8,411.8679636034355,2.3988,683.0
2026-02-11,64.63,69.4,412.47352456651555,2.4404,698.25
2026-02-12,62.84,67.52,412.47352456651555,2.3927,698.25
2026-02-13,62.89,67.75,398.5456224156747,2.3879,672.5
2026-02-16,,68.65,,,679.0
2026-02-17,62.33,67.42,,2.3906,672.25
2026-02-18,65.19,70.35,,2.5187,699.0
2026-02-19,66.43,71.66,,2.6147,727.75
2026-02-20,66.39,71.76,,2.5858,732.75
2026-02-23,66.31,71.49,,2.6782,746.5
2026-02-24,65.63,70.77,426.7474615534021,2.6869,731.75
2026-02-25,65.42,70.85,422.4220261028304,2.674,729.25
2026-02-26,65.21,70.75,418.356116779293,2.6125,752.0
2026-02-27,67.02,72.48,422.5085348118418,2.6709,752.75
2026-03-02,71.23,77.74,456.59296616234667,2.9004,886.5
2026-03-03,74.56,81.4,495.0893416724346,3.1869,1009.0
2026-03-04,74.66,81.4,554.607333472301,3.2938,997.0
2026-03-05,81.01,85.41,574.5043365449308,3.6143,1109.25
2026-03-06,90.9,92.69,575.1098975080107,3.6224,1158.25
2026-03-09,94.77,98.96,667.6742161502447,3.5866,1166.0
2026-03-10,83.45,87.8,576.4075281431822,3.3466,1042.5
2026-03-11,87.25,91.98,572.6876536556906,3.6788,1097.0
2026-03-12,95.73,100.46,628.0697753163365,3.8989,1097.0
2026-03-13,98.71,103.14,655.1957124562448,4.0147,1133.25
2026-03-16,93.5,100.21,669.8889284070284,3.8375,1160.0
2026-03-17,96.21,103.42,661.8033125287865,4.0158,1165.75
2026-03-18,96.32,107.38,639.3722491246316,4.1978,1259.25
2026-03-19,96.14,108.65,708.491223567667,4.342,1329.5
2026-03-20,98.32,112.19,672.5841336997756,4.6084,1348.5
2026-03-23,88.13,99.94,725.618818492545,4.056,1287.75
2026-03-24,92.35,104.49,642.5891070546849,4.2909,1295.5
2026-03-25,90.32,102.22,629.3739069096014,4.0063,1182.75
2026-03-26,94.48,108.01,637.3725806816255,4.2734,1337.0
2026-03-27,99.64,112.57,644.0671228603849,4.4955,1373.5
2026-03-30,102.88,112.78,663.8029809717925,4.3643,1398.5
2026-03-31,101.38,118.35,643.8932386479497,4.1634,1365.0
2026-04-01,100.12,101.16,568.4274904510255,4.0568,1365.25
2026-04-02,111.54,109.03,627.1134121479423,4.3611,1481.75
2026-04-03,,,627.7220068914659,,
2026-04-06,112.41,109.77,,4.33,1520.25
2026-04-07,112.95,109.27,617.2889541453474,4.48,1527.75
2026-04-08,94.41,94.75,539.9104796116349,3.81,1247.0
2026-04-09,97.87,95.92,556.4294797929891,3.94,1402.25
2026-04-10,96.57,95.2,554.0820429251124,3.76,1402.25
2026-04-13,99.08,99.36,572.0790589121669,3.83,1217.75
2026-04-14,91.28,94.79,566.1669956893666,3.62,1135.5
2026-04-15,91.29,94.93,550.4693667816224,3.75,1160.25
2026-04-16,94.69,99.39,554.0649130677537,3.83,1175.25
2026-04-17,83.85,90.38,557.9235481065288,3.4,1028.25
2026-04-20,89.61,95.48,542.3136154496658,3.54,1085.5
2026-04-21,,98.48,539.7704241741095,3.73,1125.0
2026-04-22,92.96,101.91,546.9615167463722,3.94,1197.25
2026-04-23,95.85,105.07,562.7468419049977,3.99,1212.75
2026-04-24,94.4,105.33,568.6224907140415,3.89,1249.0
2026-04-27,96.37,108.23,573.0949995089854,3.97,1276.75
2026-04-28,99.93,111.26,586.9510071482233,3.97,1233.5
2026-04-29,106.88,118.03,584.5832083744295,4.2,1311.25
2026-04-30,105.07,114.01,604.2271685718301,4.14,1307.25
2026-05-01,101.94,108.17,,3.9464,1298.5
2026-05-04,106.42,114.44,,4.0732,1309.0
2026-05-05,102.27,109.87,,4.0302,1294.75
2026-05-06,95.08,101.27,583.5308533638545,3.7856,1188.0
2026-05-07,94.81,100.06,548.8031380148784,3.8166,1141.25
2026-05-08,95.42,101.29,547.6630867534222,3.8991,1192.0
2026-05-11,98.07,104.21,557.0465855977163,3.9686,1178.5
2026-05-12,102.18,107.77,566.1669956893666,4.1588,1178.5
2026-05-13,101.02,105.63,557.1342818485974,3.9667,1191.5
2026-05-14,101.17,105.72,545.5400306381666,3.9056,1146.25
2026-05-15,105.42,109.26,572.651400009926,4.0534,1204.25
2026-05-18,108.66,112.1,593.1374829757248,4.1145,1233.5
2026-05-19,,111.28,593.7477067236423,4.1625,1210.0
2026-05-20,98.26,105.02,584.50717568375,3.9471,1171.0
2026-05-21,96.35,102.58,571.8668266197465,3.8316,1172.5
2026-05-22,96.6,103.54,558.8777782712187,3.8878,1135.25
2026-05-25,,96.14,529.935737655707,,1065.25
2026-05-26,93.89,99.58,525.0539476723678,3.7146,1083.5
2026-05-27,88.68,94.29,522.8745771440913,3.5975,1047.0
2026-05-28,88.9,93.71,521.9156541116497,3.6187,1032.0
2026-05-29,87.36,92.05,506.48571077145226,3.5373,1009.5
2026-06-01,92.16,94.98,519.47475911998,3.6394,1095.25
2026-06-02,93.76,96.0,519.5619339411111,3.6987,1071.75
2026-06-03,96.02,97.81,533.3355556798184,3.8481,1123.75
2026-06-04,93.04,95.03,526.1872203470716,3.6738,1079.5
2026-06-05,90.54,93.09,518.3414864452762,3.5874,1062.0
2026-06-08,91.3,94.25,534.3816535333912,3.5999,1070.75
2026-06-09,88.2,91.45,505.78831220240386,3.5418,1028.0
2026-06-10,90.03,93.1,498.81432651191915,3.6126,1039.5
2026-06-11,87.71,90.38,507.44463380389396,3.5131,1039.5
2026-06-12,84.88,87.33,483.40458530659976,3.4044,967.25
2026-06-15,80.75,83.17,460.6663444896645,3.2665,933.75
2026-06-16,76.05,78.96,457.802367592875,3.1702,897.25
2026-06-17,76.79,79.55,442.7881856794025,3.1946,906.0
2026-06-18,76.6,79.85,441.3128036416624,3.1273,863.75
2026-06-19,,80.57,,,905.0
2026-06-22,74.82,77.9,440.18457031868473,3.0931,878.75
2026-06-23,73.21,77.08,426.4721960855711,3.1546,882.25
2026-06-24,70.34,73.74,421.87247561496974,3.1762,881.0
2026-06-25,71.92,75.26,402.432147588277,3.2982,913.5
2026-06-26,69.23,71.99,405.46969884244777,3.2082,881.25
2026-06-29,70.75,73.15,402.9528706604206,3.3317,907.25
2026-06-30,69.5,72.92,399.48138351279687,3.3168,931.5
2026-07-01,68.58,71.57,391.6705374306436,3.2179,932.0
2026-07-02,68.69,71.8,376.91671705324285,3.1822,926.5
2026-07-03,,72.12,382.99181956158435,,943.5
2026-07-06,68.55,71.99,380.64856573693834,3.2984,972.75
2026-07-07,70.44,74.16,384.46720159932437,3.3017,973.25
2026-07-08,73.52,78.02,405.12255012768543,3.6575,1098.75
2026-07-09,72.08,76.3,412.1906456831046,3.5716,1043.0
2026-07-10,71.41,76.01,406.15690557482,3.5533,1043.0
2026-07-13,78.14,83.3,415.98328232259786,3.8236,1082.25
2026-07-14,79.34,84.73,447.703516034723,4.0143,1133.75
2026-07-15,79.6,84.95,449.1688529181636,3.9483,1129.5
2026-07-16,78.95,84.23,443.6522905334462,4.0307,1164.0
2026-07-17,82.49,88.1,440.03204646847536,4.0646,1178.25
2026-07-20,83.23,89.22,472.7004393404738,4.119,1201.5
2026-07-21,84.91,91.01,457.70228535702336,4.1266,1205.75
2026-07-22,,94.07,482.18203093920687,4.1488,1227.5
2026-07-23,92.19,100.69,493.9047260067314,4.3416,1291.5
2026-07-24,89.31,96.78,508.0409171175698,4.1806,1235.0
2026-07-27,82.61,88.36,467.27007324301763,4.1116,1233.0
2026-07-28,79.26,84.09,459.16762224046397,4.1509,1224.5
2026-07-29,84.46,90.74,469.08019527550306,4.3701,1308.5
2026-07-30,83.59,89.03,489.7673042181934,4.2094,1298.5
2026-07-31,84.67,90.12,470.717924733466,4.1215,1319.25
2026-08-03,80.34,83.77,457.01271505893374,3.8772,1206.25
2026-08-04,75.77,79.36,463.73602546530805,3.7705,1136.0
2026-08-05,75.22,79.45,435.8946246799373,3.7962,1170.25
2026-08-06,77.29,82.49,444.0832719697523,3.882,1172.75
2026-08-07,78.18,83.55,458.04707050606817,3.9024,1197.0
2026-08-10,82.13,87.72,457.78848164428456,4.1898,1304.75
2026-08-11,83.2,88.91,485.97466757870006,4.2525,1324.5
2026-08-12,83.27,88.98,482.0456593068637,4.304,1324.5
2026-08-13,81.25,87.07,483.2680174358794,4.2506,1250.75
2026-08-14,82.4,88.52,485.6254223989813,4.2829,1243.0
2026-08-17,84.5,90.87,490.340232325185,4.4371,1279.25
2026-08-18,84.94,91.02,510.5964527488749,4.4501,1299.0
2026-08-19,85.83,91.62,511.4695656981719,4.4523,1296.25
2026-08-20,87.83,93.78,509.37409461985914,4.4803,1300.0
2026-08-21,87.06,94.39,517.6686676381805,4.4948,1311.75
2026-08-24,85.01,92.17,513.2157915967658,4.2677,1254.25
2026-08-25,82.36,88.58,509.9852736843671,4.2438,1242.5
2026-08-26,82.23,87.84,485.8000449888406,4.26,1239.5
2026-08-27,83.53,89.7,503.34961526971,4.2787,1221.75
2026-08-28,83.4,89.31,520.8118742556496,4.3567,1280.0
2026-08-31,85.76,90.49,554.5140340985132,4.4953,1347.75
2026-09-01,90.22,94.65,556.871439061615,4.6773,1419.75
2026-09-02,91.01,95.63,605.3292077475975,4.6822,1432.25
2026-09-03,91.3,95.52,595.2010975357525,4.5936,1424.75
2026-09-04,91.48,96.28,598.2569928582919,4.5402,1395.0
2026-09-07,,97.0,610.5678854433793,,1460.25
2026-09-08,93.03,97.92,629.1651912634051,4.5678,1439.75
2026-09-09,96.05,101.21,647.413251903712,4.801,1472.75
2026-09-10,102.48,107.63,671.423858009379,5.0575,1472.75
2026-09-11,100.05,104.61,709.7535164835165,4.9593,1479.25
2026-09-14,101.39,105.68,770.6327472527473,4.9615,1476.5
2026-09-15,105.83,108.75,792.7534615384616,5.262,1568.25
2026-09-16,102.43,105.83,781.7876373626374,5.2465,1538.0
2026-09-17,101.91,104.82,742.2728571428572,5.1139,1490.75
2026-09-18,100.3,103.87,688.2,5.0578,1509.25
2026-09-21,95.78,100.34,675.9,4.8895,1441.5
2026-09-22,94.59,99.25,674.6,4.9421,1429.0
2026-09-23,92.16,103.08,645.0,4.7764,1485.25
2026-09-24,94.61,106.6,695.1,4.7303,1520.25
2026-09-25,92.41,104.32,,4.6847,1460.75
